# unix_time, cycles_done, cur_path, paths_total, pending_total, pending_favs, map_size, unique_crashes, unique_hangs, max_depth, execs_per_sec
1747774284, 0, 0, 1, 1, 1, 4.80%, 0, 0, 1, 43.48
1747774289, 0, 0, 18, 18, 1, 5.78%, 0, 0, 2, 32.97
1747774294, 0, 0, 35, 35, 1, 5.78%, 0, 0, 2, 30.34
1747774300, 0, 0, 53, 53, 1, 5.78%, 0, 0, 2, 29.97
1747774305, 0, 0, 70, 70, 1, 5.78%, 0, 0, 2, 30.35
1747774310, 0, 0, 86, 86, 1, 5.80%, 0, 0, 2, 29.05
1747774315, 0, 0, 94, 94, 1, 6.81%, 0, 0, 2, 20.59
1747774320, 0, 0, 104, 104, 1, 6.86%, 0, 0, 2, 19.24
1747774325, 0, 0, 112, 112, 1, 6.95%, 0, 0, 2, 19.38
1747774331, 0, 0, 117, 117, 1, 6.96%, 0, 0, 2, 13.07
1747774336, 0, 0, 125, 125, 1, 6.96%, 0, 0, 2, 19.42
1747774341, 0, 0, 130, 130, 1, 6.96%, 0, 0, 2, 24.44
1747774346, 0, 0, 136, 136, 1, 6.96%, 0, 0, 2, 34.64
1747774351, 0, 0, 140, 140, 1, 7.03%, 0, 0, 2, 4.78
1747774356, 0, 0, 149, 149, 1, 7.03%, 0, 0, 2, 27.09
1747774361, 0, 0, 159, 159, 1, 7.03%, 0, 0, 2, 23.68
1747774366, 0, 0, 169, 169, 1, 7.03%, 0, 0, 2, 25.17
1747774372, 0, 0, 178, 178, 1, 7.03%, 0, 0, 2, 23.90
1747774377, 0, 0, 184, 184, 1, 7.04%, 0, 0, 2, 17.21
1747774382, 0, 0, 189, 189, 1, 7.04%, 0, 0, 2, 14.19
1747774387, 0, 0, 199, 199, 1, 7.04%, 0, 0, 2, 23.10
1747774392, 0, 0, 206, 206, 1, 7.04%, 0, 0, 2, 19.15
1747774397, 0, 0, 211, 211, 1, 7.04%, 0, 0, 2, 15.32
1747774402, 0, 0, 215, 215, 1, 7.04%, 0, 0, 2, 16.31
1747774407, 0, 0, 222, 222, 1, 7.04%, 0, 0, 2, 19.60
1747774412, 0, 0, 227, 227, 1, 7.04%, 0, 0, 2, 20.47
1747774417, 0, 0, 232, 232, 1, 7.04%, 0, 0, 2, 13.62
1747774423, 0, 0, 237, 237, 1, 7.04%, 0, 0, 2, 15.94
1747774428, 0, 0, 243, 243, 1, 7.04%, 0, 0, 2, 3.89
1747774433, 0, 0, 247, 247, 1, 7.04%, 0, 0, 2, 14.69
1747774438, 0, 0, 251, 251, 1, 7.04%, 0, 0, 2, 17.30
1747774443, 0, 0, 259, 259, 1, 7.08%, 0, 0, 2, 18.58
1747774448, 0, 0, 263, 263, 1, 7.08%, 0, 0, 2, 14.55
1747774453, 0, 0, 265, 265, 1, 7.24%, 0, 0, 2, 11.47
1747774458, 0, 0, 270, 270, 1, 7.24%, 0, 0, 2, 10.26
1747774463, 0, 0, 272, 272, 1, 7.24%, 0, 0, 2, 12.08
1747774469, 0, 0, 277, 277, 1, 7.24%, 0, 0, 2, 15.77
1747774474, 0, 0, 281, 281, 1, 7.24%, 0, 0, 2, 13.10
1747774479, 0, 0, 288, 288, 1, 7.24%, 0, 0, 2, 20.10
1747774484, 0, 0, 292, 292, 1, 7.24%, 0, 0, 2, 10.17
1747774489, 0, 0, 294, 294, 1, 7.24%, 0, 0, 2, 15.96
1747774494, 0, 0, 297, 297, 1, 7.24%, 0, 0, 2, 17.05
1747774499, 0, 0, 301, 301, 1, 7.24%, 0, 0, 2, 18.11
1747774504, 0, 0, 306, 306, 1, 7.24%, 0, 0, 2, 13.95
1747774509, 0, 0, 310, 310, 1, 7.24%, 0, 0, 2, 12.75
1747774514, 0, 0, 315, 315, 1, 7.24%, 0, 0, 2, 16.30
1747774519, 0, 0, 318, 318, 1, 7.24%, 0, 0, 2, 13.77
1747774525, 0, 0, 321, 321, 1, 7.24%, 0, 0, 2, 13.26
1747774530, 0, 0, 327, 327, 1, 7.24%, 0, 0, 2, 15.09
1747774535, 0, 0, 331, 331, 1, 7.24%, 0, 0, 2, 14.83
1747774540, 0, 0, 332, 332, 1, 7.24%, 0, 0, 2, 11.33
1747774545, 0, 0, 338, 338, 1, 7.24%, 0, 0, 2, 16.92
1747774550, 0, 0, 341, 341, 1, 7.24%, 0, 0, 2, 18.94
1747774555, 0, 0, 344, 344, 1, 7.24%, 0, 0, 2, 19.89
1747774560, 0, 0, 348, 348, 1, 7.24%, 0, 0, 2, 14.69
1747774565, 0, 0, 351, 351, 1, 7.24%, 0, 0, 2, 10.34
1747774570, 0, 0, 354, 354, 1, 7.24%, 0, 0, 2, 14.74
1747774576, 0, 0, 358, 358, 1, 7.24%, 0, 0, 2, 12.06
1747774581, 0, 0, 361, 361, 1, 7.24%, 0, 0, 2, 10.48
1747774586, 0, 0, 364, 364, 1, 7.66%, 0, 0, 2, 10.15
1747774591, 0, 0, 367, 367, 1, 7.66%, 0, 0, 2, 8.85
1747774596, 0, 0, 371, 371, 1, 7.66%, 0, 0, 2, 9.06
1747774601, 0, 0, 373, 373, 1, 7.66%, 0, 0, 2, 13.89
1747774606, 0, 0, 376, 376, 1, 7.66%, 0, 0, 2, 3.26
1747774611, 0, 0, 380, 380, 1, 7.66%, 0, 0, 2, 19.02
1747774616, 0, 0, 383, 383, 1, 7.66%, 0, 0, 2, 13.01
1747774621, 0, 0, 386, 386, 1, 7.68%, 0, 0, 2, 12.39
1747774626, 0, 0, 388, 388, 1, 7.68%, 0, 0, 2, 10.14
1747774632, 0, 0, 393, 393, 1, 7.68%, 0, 0, 2, 14.21
1747774637, 0, 0, 396, 396, 1, 7.68%, 0, 0, 2, 17.82
1747774642, 0, 0, 398, 398, 1, 7.68%, 0, 0, 2, 16.70
1747774647, 0, 0, 403, 403, 1, 7.68%, 0, 0, 2, 19.61
1747774652, 0, 0, 405, 405, 1, 7.68%, 0, 0, 2, 15.96
1747774657, 0, 0, 407, 407, 1, 7.68%, 0, 0, 2, 15.91
1747774662, 0, 0, 410, 410, 1, 7.68%, 0, 0, 2, 14.50
1747774667, 0, 0, 414, 414, 1, 7.68%, 0, 0, 2, 20.54
1747774672, 0, 0, 417, 417, 1, 7.68%, 0, 0, 2, 12.89
1747774677, 0, 0, 418, 418, 1, 7.68%, 0, 0, 2, 17.11
1747774683, 0, 0, 419, 419, 1, 7.68%, 0, 0, 2, 14.64
1747774688, 0, 0, 422, 422, 1, 7.68%, 0, 0, 2, 19.62
1747774693, 0, 0, 425, 425, 1, 7.68%, 0, 0, 2, 24.53
1747774698, 0, 0, 427, 427, 1, 7.68%, 0, 0, 2, 4.39
1747774703, 0, 0, 428, 428, 1, 7.68%, 0, 0, 2, 19.86
1747774709, 0, 0, 430, 430, 1, 7.68%, 0, 0, 2, 17.55
1747774714, 0, 0, 433, 433, 1, 7.68%, 0, 0, 2, 13.81
1747774719, 0, 0, 436, 436, 1, 7.68%, 0, 0, 2, 17.94
1747774724, 0, 0, 440, 440, 1, 7.68%, 0, 0, 2, 21.85
1747774729, 0, 0, 442, 442, 1, 7.68%, 0, 0, 2, 17.95
1747774734, 0, 0, 444, 444, 1, 7.68%, 0, 0, 2, 11.99
1747774739, 0, 0, 446, 446, 1, 7.68%, 0, 0, 2, 8.44
1747774744, 0, 0, 450, 450, 1, 7.68%, 0, 0, 2, 15.65
1747774749, 0, 0, 452, 452, 1, 7.68%, 0, 0, 2, 15.75
1747774755, 0, 0, 453, 453, 1, 7.68%, 0, 0, 2, 21.49
1747774760, 0, 0, 456, 456, 1, 7.69%, 0, 0, 2, 20.03
1747774765, 0, 0, 459, 459, 1, 7.69%, 0, 0, 2, 23.83
1747774770, 0, 0, 461, 461, 1, 7.69%, 0, 0, 2, 18.48
1747774775, 0, 0, 463, 463, 1, 7.69%, 0, 0, 2, 10.38
1747774780, 0, 0, 466, 466, 1, 7.69%, 0, 0, 2, 19.38
1747774785, 0, 0, 468, 468, 1, 7.69%, 0, 0, 2, 17.92
1747774790, 0, 0, 470, 470, 1, 7.69%, 0, 0, 2, 3.30
1747774796, 0, 0, 471, 471, 1, 7.69%, 0, 0, 2, 20.95
1747774801, 0, 0, 474, 474, 1, 7.69%, 0, 0, 2, 15.34
1747774806, 0, 0, 476, 476, 1, 7.69%, 0, 0, 2, 21.75
1747774811, 0, 0, 479, 479, 1, 7.69%, 0, 0, 2, 20.74
1747774816, 0, 0, 481, 481, 1, 7.69%, 0, 0, 2, 17.19
1747774821, 0, 0, 483, 483, 1, 7.69%, 0, 0, 2, 18.42
1747774826, 0, 0, 485, 485, 1, 7.69%, 0, 0, 2, 19.99
1747774832, 0, 0, 488, 488, 1, 7.69%, 0, 0, 2, 13.31
1747774837, 0, 0, 491, 491, 1, 7.69%, 0, 0, 2, 16.25
1747774842, 0, 0, 493, 493, 1, 7.69%, 0, 0, 2, 11.52
1747774847, 0, 0, 494, 494, 1, 7.69%, 0, 0, 2, 19.27
1747774852, 0, 0, 497, 497, 1, 7.69%, 0, 0, 2, 10.33
1747774857, 0, 0, 499, 499, 1, 7.69%, 0, 0, 2, 15.75
1747774863, 0, 0, 500, 500, 1, 7.69%, 0, 0, 2, 17.08
1747774868, 0, 0, 501, 501, 1, 7.69%, 0, 0, 2, 17.19
1747774873, 0, 0, 505, 505, 1, 7.69%, 0, 0, 2, 16.98
1747774878, 0, 0, 507, 507, 1, 7.69%, 0, 0, 2, 11.88
1747774883, 0, 0, 509, 509, 1, 7.69%, 0, 0, 2, 18.02
1747774888, 0, 0, 511, 511, 1, 7.69%, 0, 0, 2, 20.01
1747774893, 0, 0, 513, 513, 1, 7.69%, 0, 0, 2, 11.95
1747774903, 0, 0, 515, 515, 1, 7.69%, 0, 0, 2, 11.16
1747774909, 0, 0, 516, 516, 1, 7.69%, 0, 0, 2, 18.28
1747774914, 0, 0, 517, 517, 1, 7.69%, 0, 0, 2, 16.45
1747774919, 0, 0, 518, 518, 1, 7.78%, 0, 0, 2, 15.19
1747774924, 0, 0, 520, 520, 1, 7.78%, 0, 0, 2, 14.83
1747774929, 0, 0, 521, 521, 1, 7.78%, 0, 0, 2, 19.43
1747774940, 0, 0, 522, 522, 1, 7.78%, 0, 0, 2, 2.79
1747774945, 0, 0, 524, 524, 1, 7.78%, 0, 0, 2, 21.01
1747774950, 0, 0, 526, 526, 1, 7.78%, 0, 0, 2, 3.81
1747774955, 0, 0, 527, 527, 1, 7.78%, 0, 0, 2, 20.71
1747774960, 0, 0, 528, 528, 1, 7.78%, 0, 0, 2, 15.32
1747774965, 0, 0, 530, 530, 1, 7.78%, 0, 0, 2, 13.44
1747774970, 0, 0, 532, 532, 1, 7.78%, 0, 0, 2, 9.22
1747774975, 0, 0, 533, 533, 1, 7.78%, 0, 0, 2, 16.55
1747774980, 0, 0, 534, 534, 1, 7.78%, 0, 0, 2, 23.31
1747774986, 0, 1, 537, 536, 20, 7.78%, 0, 0, 2, 2.67
1747774991, 0, 1, 539, 538, 20, 7.78%, 0, 0, 2, 2.37
1747774996, 0, 1, 540, 539, 20, 7.78%, 0, 0, 2, 2.87
1747775001, 0, 1, 542, 541, 20, 7.78%, 0, 0, 2, 5.52
1747775006, 0, 1, 543, 542, 20, 7.78%, 0, 0, 2, 5.05
1747775011, 0, 1, 545, 544, 20, 7.78%, 0, 0, 2, 4.32
1747775016, 0, 1, 546, 545, 20, 7.78%, 0, 0, 2, 4.05
1747775021, 0, 1, 548, 547, 20, 7.78%, 0, 0, 2, 3.67
1747775027, 0, 1, 550, 549, 20, 7.78%, 0, 0, 2, 4.83
1747775032, 0, 1, 551, 550, 20, 7.78%, 0, 0, 2, 4.26
1747775037, 0, 1, 553, 552, 20, 7.78%, 0, 0, 2, 4.98
1747775042, 0, 1, 554, 553, 20, 7.78%, 0, 0, 2, 5.94
1747775047, 0, 1, 556, 555, 20, 7.78%, 0, 0, 2, 5.02
1747775052, 0, 1, 557, 556, 20, 7.78%, 0, 0, 2, 6.19
1747775058, 0, 1, 558, 557, 20, 7.78%, 0, 0, 2, 6.45
1747775063, 0, 1, 560, 559, 20, 7.78%, 0, 0, 2, 4.97
1747775068, 0, 1, 562, 561, 20, 7.78%, 0, 0, 2, 20.35
1747775073, 0, 1, 563, 562, 20, 7.78%, 0, 0, 2, 9.90
1747775078, 0, 1, 565, 564, 20, 7.78%, 0, 0, 2, 5.75
1747775083, 0, 1, 567, 566, 20, 7.78%, 0, 0, 2, 5.42
1747775088, 0, 1, 569, 568, 20, 7.78%, 0, 0, 2, 5.06
1747775094, 0, 1, 571, 570, 20, 7.78%, 0, 0, 2, 5.99
1747775099, 0, 1, 573, 572, 20, 7.78%, 0, 0, 2, 4.90
1747775104, 0, 1, 574, 573, 20, 7.78%, 0, 0, 2, 4.09
1747775109, 0, 1, 575, 574, 20, 7.78%, 0, 0, 2, 2.66
1747775114, 0, 1, 576, 575, 20, 7.78%, 0, 0, 2, 3.32
1747775119, 0, 1, 577, 576, 20, 7.78%, 0, 0, 2, 4.99
1747775125, 0, 1, 580, 579, 20, 7.78%, 0, 0, 2, 5.65
1747775130, 0, 1, 581, 580, 20, 7.78%, 0, 0, 2, 5.84
1747775135, 0, 1, 582, 581, 20, 7.78%, 0, 0, 2, 5.34
1747775140, 0, 1, 584, 583, 20, 7.78%, 0, 0, 2, 5.01
1747775145, 0, 1, 586, 585, 20, 7.78%, 0, 0, 2, 4.50
1747775150, 0, 1, 587, 586, 20, 7.78%, 0, 0, 2, 6.01
1747775155, 0, 1, 589, 588, 20, 7.78%, 0, 0, 2, 5.48
1747775160, 0, 1, 591, 590, 20, 7.78%, 0, 0, 2, 5.70
1747775166, 0, 1, 593, 592, 20, 7.78%, 0, 0, 2, 5.10
1747775171, 0, 1, 594, 593, 20, 7.78%, 0, 0, 2, 5.21
1747775176, 0, 1, 595, 594, 20, 7.78%, 0, 0, 2, 5.86
1747775181, 0, 1, 597, 596, 20, 7.78%, 0, 0, 2, 4.51
1747775186, 0, 1, 598, 597, 20, 7.80%, 0, 0, 2, 5.39
1747775191, 0, 1, 599, 598, 20, 7.80%, 0, 0, 2, 4.73
1747775196, 0, 1, 600, 599, 20, 7.80%, 0, 0, 2, 4.94
1747775202, 0, 1, 601, 600, 20, 7.80%, 0, 0, 2, 6.28
1747775207, 0, 1, 603, 602, 20, 7.80%, 0, 0, 2, 4.47
1747775212, 0, 1, 604, 603, 20, 7.80%, 0, 0, 2, 3.70
1747775217, 0, 1, 605, 604, 20, 7.80%, 0, 0, 2, 4.55
1747775222, 0, 1, 606, 605, 20, 7.80%, 0, 0, 2, 7.82
1747775233, 0, 1, 607, 606, 20, 7.80%, 0, 0, 2, 6.74
1747775238, 0, 1, 608, 607, 20, 7.80%, 0, 0, 2, 5.70
1747775243, 0, 1, 609, 608, 20, 7.80%, 0, 0, 2, 5.60
1747775248, 0, 1, 610, 609, 20, 7.80%, 0, 0, 2, 5.87
1747775254, 0, 1, 611, 610, 20, 7.80%, 0, 0, 2, 5.15
1747775259, 0, 1, 613, 612, 20, 7.80%, 0, 0, 2, 4.53
1747775264, 0, 1, 615, 614, 20, 7.80%, 0, 0, 2, 4.75
1747775269, 0, 1, 616, 615, 20, 7.80%, 0, 0, 2, 4.27
1747775274, 0, 1, 618, 617, 20, 7.80%, 0, 0, 2, 3.79
1747775279, 0, 1, 620, 619, 20, 7.80%, 0, 0, 2, 4.96
1747775285, 0, 1, 621, 620, 20, 7.80%, 0, 0, 2, 4.65
1747775290, 0, 1, 622, 621, 20, 7.80%, 0, 0, 2, 5.87
1747775295, 0, 1, 623, 622, 20, 7.80%, 0, 0, 2, 5.48
1747775300, 0, 1, 624, 623, 20, 7.80%, 0, 0, 2, 5.44
1747775305, 0, 1, 626, 625, 20, 7.80%, 0, 0, 2, 5.50
1747775310, 0, 1, 627, 626, 20, 7.80%, 0, 0, 2, 4.95
1747775326, 0, 1, 628, 627, 20, 7.80%, 0, 0, 2, 6.96
1747775336, 0, 1, 629, 628, 20, 7.80%, 0, 0, 2, 6.30
1747775341, 0, 1, 631, 630, 20, 7.80%, 0, 0, 2, 5.12
1747775352, 0, 1, 632, 631, 20, 7.80%, 0, 0, 2, 5.68
1747775357, 0, 1, 633, 632, 20, 7.80%, 0, 0, 2, 5.51
1747775367, 0, 1, 634, 633, 20, 7.80%, 0, 0, 2, 6.58
1747775372, 0, 1, 635, 634, 20, 7.80%, 0, 0, 2, 5.57
1747775377, 0, 1, 636, 635, 20, 7.80%, 0, 0, 2, 5.92
1747775408, 0, 1, 638, 637, 20, 7.80%, 0, 0, 2, 6.60
1747775414, 0, 1, 639, 638, 20, 7.80%, 0, 0, 2, 6.14
1747775419, 0, 1, 640, 639, 20, 7.97%, 0, 0, 2, 5.83
1747775429, 0, 1, 641, 640, 20, 7.97%, 0, 0, 2, 5.41
1747775434, 0, 2, 642, 641, 18, 7.97%, 0, 0, 2, 5.62
1747775445, 0, 3, 643, 642, 18, 7.97%, 0, 0, 2, 6.16
1747775460, 0, 3, 644, 643, 18, 7.97%, 0, 0, 2, 6.64
1747775470, 0, 3, 645, 644, 18, 7.97%, 0, 0, 2, 5.80
1747775496, 0, 3, 646, 645, 18, 7.97%, 0, 0, 2, 5.76
1747775502, 0, 3, 647, 646, 18, 7.97%, 0, 0, 2, 5.46
1747775507, 0, 3, 648, 647, 18, 7.97%, 0, 0, 2, 5.02
1747775517, 0, 3, 649, 648, 18, 7.97%, 0, 0, 2, 5.72
1747775522, 0, 3, 650, 649, 18, 7.97%, 0, 0, 2, 7.45
1747775528, 0, 3, 651, 650, 18, 7.98%, 0, 0, 2, 5.72
1747775533, 0, 3, 652, 651, 18, 7.98%, 0, 0, 2, 6.13
1747775538, 0, 3, 653, 652, 18, 7.98%, 0, 0, 2, 6.47
1747775543, 0, 3, 654, 653, 18, 7.98%, 0, 0, 2, 5.37
1747775580, 0, 3, 655, 654, 18, 7.98%, 0, 0, 2, 7.72
1747775611, 0, 3, 657, 656, 18, 7.98%, 0, 0, 2, 5.58
1747775616, 0, 3, 658, 657, 18, 7.98%, 0, 0, 2, 4.63
1747775632, 0, 3, 659, 658, 18, 7.98%, 0, 0, 2, 5.96
1747775647, 0, 3, 660, 659, 18, 7.98%, 0, 0, 2, 6.78
1747775678, 0, 3, 661, 660, 18, 7.98%, 0, 0, 2, 6.21
1747775688, 0, 3, 662, 661, 18, 7.98%, 0, 0, 2, 6.40
1747775698, 0, 3, 663, 662, 18, 7.98%, 0, 0, 2, 7.02
1747775704, 0, 3, 664, 663, 18, 7.98%, 0, 0, 2, 6.05
1747775709, 0, 3, 665, 664, 18, 7.98%, 0, 0, 2, 5.91
1747775714, 0, 4, 666, 665, 21, 7.98%, 0, 0, 2, 6.57
1747775729, 0, 5, 666, 665, 21, 7.98%, 0, 0, 2, 6.24
1747775735, 0, 5, 667, 666, 21, 7.98%, 0, 0, 2, 5.79
1747775745, 0, 6, 667, 666, 21, 7.98%, 0, 0, 2, 6.31
1747775755, 0, 8, 667, 666, 21, 7.98%, 0, 0, 2, 6.78
1747775760, 0, 8, 668, 667, 21, 8.04%, 0, 0, 2, 4.97
1747775765, 0, 8, 669, 668, 21, 8.04%, 0, 0, 2, 4.28
1747775771, 0, 8, 670, 669, 21, 8.04%, 0, 0, 2, 4.12
1747775796, 0, 8, 672, 671, 21, 8.08%, 0, 0, 2, 5.22
1747775801, 0, 8, 673, 672, 21, 8.08%, 0, 0, 2, 4.32
1747775806, 0, 8, 674, 673, 21, 8.10%, 0, 0, 2, 5.60
1747775822, 0, 8, 675, 674, 21, 8.10%, 0, 0, 2, 5.05
1747775827, 0, 8, 676, 675, 21, 8.10%, 0, 0, 2, 5.44
1747775838, 0, 8, 678, 677, 21, 8.10%, 0, 0, 2, 5.27
1747775843, 0, 8, 679, 678, 21, 8.10%, 0, 0, 2, 4.63
1747775879, 0, 8, 680, 679, 21, 8.10%, 0, 0, 2, 7.55
1747775884, 0, 8, 681, 680, 21, 8.10%, 0, 0, 2, 6.79
1747775894, 0, 8, 682, 681, 21, 8.10%, 0, 0, 2, 6.02
1747775920, 0, 8, 683, 682, 21, 8.10%, 0, 0, 2, 5.35
1747775925, 0, 8, 684, 683, 21, 8.10%, 0, 0, 2, 6.02
1747775931, 0, 8, 685, 684, 21, 8.10%, 0, 0, 2, 4.93
1747775957, 0, 8, 686, 685, 21, 8.10%, 0, 0, 2, 7.46
1747775973, 0, 8, 687, 686, 21, 8.10%, 0, 0, 2, 6.61
1747776003, 0, 8, 688, 687, 21, 8.10%, 0, 0, 2, 6.16
1747776019, 0, 8, 689, 688, 21, 8.10%, 0, 0, 2, 6.41
1747776034, 0, 9, 689, 688, 23, 8.10%, 0, 0, 2, 9.58
1747776040, 0, 9, 690, 689, 23, 8.10%, 0, 0, 2, 7.74
1747776050, 0, 10, 690, 689, 23, 8.10%, 0, 0, 2, 6.42
1747776055, 0, 11, 690, 689, 23, 8.10%, 0, 0, 2, 7.13
1747776060, 0, 11, 691, 690, 23, 8.10%, 0, 0, 2, 6.57
1747776065, 0, 11, 692, 691, 23, 8.10%, 0, 0, 2, 6.82
1747776086, 0, 15, 692, 691, 23, 8.10%, 0, 0, 2, 6.73
1747776096, 0, 16, 692, 691, 23, 8.10%, 0, 0, 2, 6.70
1747776101, 0, 17, 692, 691, 23, 8.10%, 0, 0, 2, 8.12
1747776112, 0, 18, 692, 691, 23, 8.10%, 0, 0, 2, 7.55
1747776117, 0, 19, 692, 691, 23, 8.10%, 0, 0, 2, 6.24
1747776122, 0, 19, 694, 693, 23, 8.11%, 0, 0, 2, 6.11
1747776132, 0, 19, 695, 694, 23, 8.11%, 0, 0, 2, 4.64
1747776184, 0, 20, 695, 694, 23, 8.11%, 0, 0, 2, 8.30
1747776190, 0, 21, 695, 694, 23, 8.11%, 0, 0, 2, 7.76
1747776195, 0, 21, 696, 695, 23, 8.11%, 0, 0, 2, 6.07
1747776200, 0, 21, 697, 696, 23, 8.11%, 0, 0, 2, 6.05
1747776226, 0, 21, 698, 697, 23, 8.12%, 0, 0, 2, 4.96
1747776252, 0, 21, 699, 698, 23, 8.12%, 0, 0, 2, 6.94
1747776257, 0, 21, 700, 699, 23, 8.12%, 0, 0, 2, 6.37
1747776263, 0, 21, 701, 700, 23, 8.12%, 0, 0, 2, 6.62
1747776278, 0, 21, 702, 701, 23, 8.15%, 0, 0, 2, 5.72
1747776288, 0, 21, 703, 702, 23, 8.15%, 0, 0, 2, 5.60
1747776294, 0, 21, 704, 703, 23, 8.15%, 0, 0, 2, 5.84
1747776299, 0, 21, 705, 704, 23, 8.15%, 0, 0, 2, 5.52
1747776320, 0, 21, 706, 705, 23, 8.15%, 0, 0, 2, 5.64
1747776336, 0, 21, 708, 707, 23, 8.15%, 0, 0, 2, 4.90
1747776346, 0, 21, 709, 708, 23, 8.15%, 0, 0, 2, 4.76
1747776367, 0, 21, 710, 709, 23, 8.15%, 0, 0, 2, 5.46
1747776372, 0, 21, 711, 710, 23, 8.15%, 0, 0, 2, 5.50
1747776377, 0, 21, 713, 712, 23, 8.16%, 0, 0, 2, 4.90
1747776398, 0, 21, 714, 713, 23, 8.16%, 0, 0, 2, 6.24
1747776419, 0, 21, 715, 714, 23, 8.16%, 0, 0, 2, 5.42
1747776444, 0, 21, 716, 715, 23, 8.16%, 0, 0, 2, 5.34
1747776455, 0, 21, 718, 717, 23, 8.17%, 0, 0, 2, 5.81
1747776460, 0, 21, 719, 718, 23, 8.17%, 0, 0, 2, 4.16
1747776465, 0, 21, 721, 720, 23, 8.17%, 0, 0, 2, 3.59
1747776471, 0, 21, 722, 721, 23, 8.17%, 0, 0, 2, 5.22
1747776481, 0, 21, 723, 722, 23, 8.17%, 0, 0, 2, 4.83
1747776492, 0, 21, 724, 723, 23, 8.17%, 0, 0, 2, 4.11
1747776497, 0, 21, 725, 724, 23, 8.17%, 0, 0, 2, 4.68
1747776508, 0, 21, 726, 725, 23, 8.17%, 0, 0, 2, 4.89
1747776513, 0, 21, 727, 726, 23, 8.17%, 0, 0, 2, 4.36
1747776523, 0, 21, 728, 727, 23, 8.17%, 0, 0, 2, 5.30
1747776528, 0, 22, 728, 727, 27, 8.17%, 0, 0, 2, 6.21
1747776534, 0, 22, 729, 728, 27, 8.17%, 0, 0, 2, 4.82
1747776539, 0, 22, 730, 729, 27, 8.17%, 0, 0, 2, 5.95
1747776544, 0, 22, 731, 730, 27, 8.17%, 0, 0, 2, 5.15
1747776560, 0, 22, 732, 731, 27, 8.17%, 0, 0, 2, 7.63
1747776565, 0, 22, 733, 732, 27, 8.17%, 0, 0, 2, 4.76
1747776570, 0, 22, 734, 733, 27, 8.17%, 0, 0, 2, 3.82
1747776581, 0, 22, 735, 734, 27, 8.17%, 0, 0, 2, 5.03
1747776601, 0, 22, 736, 735, 27, 8.17%, 0, 0, 2, 6.49
1747776606, 0, 22, 737, 736, 27, 8.17%, 0, 0, 2, 5.25
1747776617, 0, 22, 738, 737, 27, 8.17%, 0, 0, 2, 4.06
1747776627, 0, 22, 739, 738, 27, 8.17%, 0, 0, 2, 4.35
1747776633, 0, 22, 740, 739, 27, 8.17%, 0, 0, 2, 2.73
1747776648, 0, 22, 741, 740, 27, 8.17%, 0, 0, 2, 4.65
1747776653, 0, 22, 742, 741, 27, 8.17%, 0, 0, 2, 4.64
1747776659, 0, 22, 743, 742, 27, 8.17%, 0, 0, 2, 4.50
1747776700, 0, 22, 744, 743, 27, 8.17%, 0, 0, 2, 5.02
1747776710, 0, 22, 745, 744, 27, 8.17%, 0, 0, 2, 5.19
1747776726, 0, 22, 746, 745, 27, 8.17%, 0, 0, 2, 5.21
1747776741, 0, 22, 747, 746, 27, 8.17%, 0, 0, 2, 5.75
1747776746, 0, 22, 748, 747, 27, 8.17%, 0, 0, 2, 4.85
1747776757, 0, 22, 749, 748, 27, 8.17%, 0, 0, 2, 4.82
1747776762, 0, 22, 750, 749, 27, 8.17%, 0, 0, 2, 4.37
1747776767, 0, 22, 752, 751, 27, 8.17%, 0, 0, 2, 3.65
1747776773, 0, 22, 753, 752, 27, 8.17%, 0, 0, 2, 3.14
1747776829, 0, 22, 754, 753, 27, 8.17%, 0, 0, 2, 4.73
1747776850, 0, 22, 755, 754, 27, 8.17%, 0, 0, 2, 6.74
1747776865, 0, 23, 755, 754, 27, 8.17%, 0, 0, 2, 6.00
1747776871, 0, 25, 755, 754, 27, 8.17%, 0, 0, 2, 6.66
1747776876, 0, 26, 755, 754, 27, 8.17%, 0, 0, 2, 8.10
1747776881, 0, 26, 756, 755, 27, 8.17%, 0, 0, 2, 5.51
1747776897, 0, 27, 756, 755, 27, 8.17%, 0, 0, 2, 5.96
1747776907, 0, 28, 756, 755, 27, 8.17%, 0, 0, 2, 6.51
1747776912, 0, 29, 756, 755, 27, 8.17%, 0, 0, 2, 7.36
1747776917, 0, 29, 757, 756, 27, 8.17%, 0, 0, 2, 5.52
1747776922, 0, 29, 758, 757, 27, 8.17%, 0, 0, 2, 5.46
1747776933, 0, 29, 759, 758, 27, 8.17%, 0, 0, 2, 3.95
1747776954, 0, 29, 760, 759, 27, 8.17%, 0, 0, 2, 5.74
1747776959, 0, 29, 761, 760, 27, 8.17%, 0, 0, 2, 5.25
1747776970, 0, 29, 762, 761, 27, 8.17%, 0, 0, 2, 4.47
1747776975, 0, 29, 763, 762, 27, 8.17%, 0, 0, 2, 4.23
1747777068, 0, 29, 764, 763, 27, 8.17%, 0, 0, 2, 5.47
1747777073, 0, 29, 765, 764, 27, 8.17%, 0, 0, 2, 4.59
1747777088, 0, 29, 766, 765, 27, 8.35%, 0, 0, 2, 6.26
1747777099, 0, 29, 767, 766, 27, 8.35%, 0, 0, 2, 5.33
1747777114, 0, 29, 768, 767, 27, 8.35%, 0, 0, 2, 5.49
1747777130, 0, 29, 769, 768, 27, 8.35%, 0, 0, 2, 5.59
1747777141, 0, 29, 770, 769, 27, 8.35%, 0, 0, 2, 4.92
1747777167, 0, 29, 771, 770, 27, 8.35%, 0, 0, 2, 5.29
1747777182, 0, 29, 772, 771, 27, 8.35%, 0, 0, 2, 5.12
1747777192, 0, 29, 773, 772, 27, 8.35%, 0, 0, 2, 6.31
1747777203, 0, 29, 774, 773, 27, 8.36%, 0, 0, 2, 4.63
1747777208, 0, 29, 775, 774, 27, 8.36%, 0, 0, 2, 5.15
1747777213, 0, 29, 776, 775, 27, 8.36%, 0, 0, 2, 4.61
1747777223, 0, 29, 777, 776, 27, 8.36%, 0, 0, 2, 4.15
1747777249, 0, 30, 777, 776, 23, 8.36%, 0, 0, 2, 6.22
1747777259, 0, 31, 778, 777, 23, 8.36%, 0, 0, 2, 6.25
1747777275, 0, 33, 778, 777, 23, 8.36%, 0, 0, 2, 6.78
1747777285, 0, 35, 778, 777, 23, 8.36%, 0, 0, 2, 5.59
1747777290, 0, 36, 779, 778, 23, 8.36%, 0, 0, 2, 5.94
1747777295, 0, 36, 780, 779, 23, 8.36%, 0, 0, 2, 4.02
1747777306, 0, 36, 781, 780, 23, 8.36%, 0, 0, 2, 5.54
1747777321, 0, 36, 782, 781, 23, 8.36%, 0, 0, 2, 4.26
1747777331, 0, 36, 783, 782, 23, 8.36%, 0, 0, 2, 4.02
1747777342, 0, 36, 784, 783, 23, 8.36%, 0, 0, 2, 4.64
1747777409, 0, 36, 785, 784, 23, 8.36%, 0, 0, 2, 5.75
1747777440, 0, 36, 786, 785, 23, 8.36%, 0, 0, 2, 4.34
1747777528, 0, 36, 787, 786, 23, 8.36%, 0, 0, 2, 4.78
1747777570, 0, 36, 788, 787, 23, 8.36%, 0, 0, 2, 4.51
1747777616, 0, 38, 788, 787, 23, 8.36%, 0, 0, 2, 5.40
1747777622, 0, 38, 789, 788, 23, 8.36%, 0, 0, 2, 4.83
1747777627, 0, 38, 790, 789, 23, 8.36%, 0, 0, 2, 4.84
1747777632, 0, 38, 791, 790, 23, 8.36%, 0, 0, 2, 4.23
1747777642, 0, 38, 792, 791, 23, 8.36%, 0, 0, 2, 4.46
1747777648, 0, 38, 793, 792, 23, 8.36%, 0, 0, 2, 3.43
1747777674, 0, 38, 794, 793, 23, 8.36%, 0, 0, 2, 4.47
1747777710, 0, 38, 795, 794, 23, 8.42%, 0, 0, 2, 4.71
1747777715, 0, 38, 796, 795, 23, 8.43%, 0, 0, 2, 4.41
1747777752, 0, 38, 797, 796, 23, 8.43%, 0, 0, 2, 5.93
1747777778, 0, 38, 798, 797, 23, 8.43%, 0, 0, 2, 4.80
1747777783, 0, 38, 799, 798, 23, 8.43%, 0, 0, 2, 4.56
1747777804, 0, 38, 800, 799, 23, 8.43%, 0, 0, 2, 5.87
1747777871, 0, 38, 801, 800, 23, 8.43%, 0, 0, 2, 5.70
1747777922, 0, 38, 802, 801, 23, 8.43%, 0, 0, 2, 5.25
1747777927, 0, 38, 803, 802, 23, 8.43%, 0, 0, 2, 4.03
1747777948, 0, 39, 803, 802, 22, 8.43%, 0, 0, 2, 5.06
1747777958, 0, 42, 803, 802, 22, 8.43%, 0, 0, 2, 5.04
1747777963, 0, 42, 804, 803, 22, 8.43%, 0, 0, 2, 4.16
1747777974, 0, 43, 804, 803, 22, 8.43%, 0, 0, 2, 7.99
1747777984, 0, 44, 804, 803, 22, 8.43%, 0, 0, 2, 6.32
1747777994, 0, 45, 804, 803, 22, 8.43%, 0, 0, 2, 5.82
1747777999, 0, 46, 804, 803, 22, 8.43%, 0, 0, 2, 5.46
1747778010, 0, 47, 805, 804, 22, 8.43%, 0, 0, 2, 6.96
1747778030, 0, 48, 805, 804, 21, 8.43%, 0, 0, 2, 5.74
1747778041, 0, 48, 806, 805, 21, 8.43%, 0, 0, 2, 4.53
1747778051, 0, 49, 806, 805, 21, 8.43%, 0, 0, 2, 5.38
1747778061, 0, 52, 806, 805, 21, 8.43%, 0, 0, 2, 7.17
1747778071, 0, 53, 806, 805, 21, 8.43%, 0, 0, 2, 6.50
1747778077, 0, 53, 807, 806, 21, 8.43%, 0, 0, 2, 5.12
1747778082, 0, 53, 808, 807, 21, 8.43%, 0, 0, 2, 4.93
1747778087, 0, 53, 809, 808, 21, 8.43%, 0, 0, 2, 4.13
1747778092, 0, 53, 810, 809, 21, 8.43%, 0, 0, 2, 3.76
1747778107, 0, 53, 811, 810, 21, 8.43%, 0, 0, 2, 5.27
1747778138, 0, 53, 811, 810, 21, 8.43%, 1, 0, 2, 6.60
1747778148, 0, 53, 812, 811, 21, 8.43%, 1, 0, 2, 5.12
1747778262, 0, 53, 813, 812, 21, 8.43%, 1, 0, 2, 5.84
1747778288, 0, 53, 814, 813, 21, 8.43%, 1, 0, 2, 5.22
1747778366, 0, 53, 815, 814, 21, 8.43%, 1, 0, 2, 4.73
1747778377, 0, 54, 815, 814, 21, 8.43%, 1, 0, 2, 6.31
1747778387, 0, 57, 815, 814, 21, 8.43%, 1, 0, 2, 5.67
1747778392, 0, 59, 815, 814, 21, 8.43%, 1, 0, 2, 5.91
1747778402, 0, 60, 815, 814, 21, 8.43%, 1, 0, 2, 6.03
1747778413, 0, 61, 815, 814, 21, 8.43%, 1, 0, 2, 5.11
1747778423, 0, 62, 815, 814, 21, 8.43%, 1, 0, 2, 5.60
1747778434, 0, 63, 815, 814, 21, 8.43%, 1, 0, 2, 5.90
1747778439, 0, 64, 815, 814, 21, 8.43%, 1, 0, 2, 5.24
1747778450, 0, 65, 815, 814, 21, 8.43%, 1, 0, 2, 6.50
1747778460, 0, 66, 816, 815, 21, 8.48%, 1, 0, 2, 5.16
1747778481, 0, 67, 816, 815, 22, 8.48%, 1, 0, 2, 5.52
1747778491, 0, 68, 816, 815, 22, 8.48%, 1, 0, 2, 5.41
1747778496, 0, 68, 817, 816, 22, 8.48%, 1, 0, 2, 6.14
1747778512, 0, 69, 817, 816, 22, 8.48%, 2, 0, 2, 5.90
1747778523, 0, 70, 817, 816, 22, 8.48%, 2, 0, 2, 6.52
1747778533, 0, 71, 817, 816, 22, 8.48%, 2, 0, 2, 6.61
1747778539, 0, 72, 817, 816, 22, 8.48%, 2, 0, 2, 5.78
1747778544, 0, 72, 818, 817, 22, 8.48%, 2, 0, 2, 5.65
1747778564, 0, 73, 818, 817, 22, 8.48%, 2, 0, 2, 5.95
1747778575, 0, 74, 818, 817, 22, 8.48%, 2, 0, 2, 5.67
1747778585, 0, 75, 818, 817, 22, 8.48%, 2, 0, 2, 5.71
1747778595, 0, 76, 818, 817, 22, 8.48%, 2, 0, 2, 4.67
1747778606, 0, 77, 818, 817, 22, 8.48%, 2, 0, 2, 5.91
1747778616, 0, 78, 818, 817, 22, 8.48%, 2, 0, 2, 31.98
1747778642, 0, 80, 818, 816, 21, 8.48%, 2, 0, 2, 9.34
1747778647, 0, 81, 818, 816, 21, 8.48%, 3, 0, 2, 7.41
1747778662, 0, 83, 818, 816, 21, 8.48%, 3, 0, 2, 6.08
1747778667, 0, 83, 819, 817, 21, 8.48%, 3, 0, 3, 4.46
1747778673, 0, 83, 820, 818, 21, 8.48%, 3, 0, 3, 3.54
1747778683, 0, 83, 820, 818, 21, 8.48%, 4, 0, 3, 5.07
1747778704, 0, 84, 820, 818, 21, 8.48%, 4, 0, 3, 5.57
1747778714, 0, 86, 820, 818, 21, 8.48%, 4, 0, 3, 6.74
1747778719, 0, 89, 820, 818, 21, 8.48%, 4, 0, 3, 6.33
1747778730, 0, 90, 820, 818, 21, 8.48%, 4, 0, 3, 6.33
1747778735, 0, 90, 820, 818, 21, 8.48%, 5, 0, 3, 5.89
1747778740, 0, 91, 820, 818, 21, 8.48%, 5, 0, 3, 6.61
1747778751, 0, 92, 820, 818, 21, 8.48%, 5, 0, 3, 5.72
1747778756, 0, 93, 820, 818, 21, 8.48%, 5, 0, 3, 7.18
1747778766, 0, 94, 820, 818, 21, 8.48%, 5, 0, 3, 5.71
1747778777, 0, 95, 820, 818, 21, 8.48%, 5, 0, 3, 6.15
1747778787, 0, 97, 822, 820, 21, 8.48%, 5, 0, 3, 17.01
1747778792, 0, 97, 823, 821, 21, 8.48%, 5, 0, 3, 20.19
1747778797, 0, 97, 829, 827, 21, 8.48%, 5, 0, 3, 21.04
1747778807, 0, 97, 830, 828, 21, 8.48%, 5, 0, 3, 18.40
1747778833, 0, 97, 831, 829, 21, 8.48%, 5, 0, 3, 19.16
1747778853, 0, 97, 832, 830, 21, 8.48%, 5, 0, 3, 18.56
1747778889, 0, 97, 834, 832, 21, 8.48%, 5, 0, 3, 15.38
1747778930, 0, 97, 835, 833, 21, 8.48%, 5, 0, 3, 16.40
1747778935, 0, 97, 836, 834, 21, 8.48%, 5, 0, 3, 2.44
1747778946, 0, 97, 838, 836, 21, 8.48%, 5, 0, 3, 18.11
1747778977, 0, 97, 839, 837, 21, 8.48%, 5, 0, 3, 17.72
1747779003, 0, 97, 840, 838, 21, 8.48%, 5, 0, 3, 19.29
1747779008, 0, 97, 841, 839, 21, 8.48%, 5, 0, 3, 20.34
1747779044, 0, 97, 842, 840, 21, 8.48%, 5, 0, 3, 21.01
1747779074, 0, 97, 843, 841, 21, 8.48%, 5, 0, 3, 3.12
1747779095, 0, 97, 844, 842, 21, 8.48%, 5, 0, 3, 18.37
1747779100, 0, 97, 845, 843, 21, 8.48%, 5, 0, 3, 18.07
1747779106, 0, 97, 847, 845, 21, 8.48%, 5, 0, 3, 16.52
1747779136, 0, 97, 848, 846, 21, 8.48%, 5, 0, 3, 18.60
1747779157, 0, 97, 849, 847, 21, 8.48%, 5, 0, 3, 19.80
1747779182, 0, 97, 850, 848, 21, 8.48%, 5, 0, 3, 13.12
1747779188, 0, 99, 850, 847, 21, 8.48%, 5, 0, 3, 10.44
1747779193, 0, 100, 850, 847, 21, 8.48%, 5, 0, 3, 8.33
1747779199, 0, 100, 851, 848, 21, 8.48%, 5, 0, 3, 5.54
1747779219, 0, 101, 851, 848, 21, 8.48%, 5, 0, 3, 6.18
1747779229, 0, 102, 851, 848, 21, 8.48%, 5, 0, 3, 5.05
1747779240, 0, 104, 851, 848, 21, 8.48%, 5, 0, 3, 5.78
1747779245, 0, 105, 851, 848, 21, 8.48%, 5, 0, 3, 6.25
1747779256, 0, 106, 851, 848, 21, 8.48%, 5, 0, 3, 6.35
1747779261, 0, 106, 851, 848, 21, 8.48%, 6, 0, 3, 5.81
1747779266, 0, 107, 851, 848, 21, 8.48%, 6, 0, 3, 6.55
1747779271, 0, 108, 851, 848, 21, 8.48%, 6, 0, 3, 7.52
1747779281, 0, 109, 852, 849, 21, 8.48%, 6, 0, 3, 5.91
1747779302, 0, 110, 852, 849, 21, 8.48%, 6, 0, 3, 5.52
1747779307, 0, 111, 852, 849, 21, 8.48%, 6, 0, 3, 7.57
1747779318, 0, 113, 852, 849, 21, 8.48%, 6, 0, 3, 6.18
1747779323, 0, 114, 852, 849, 21, 8.48%, 6, 0, 3, 6.94
1747779333, 0, 115, 852, 849, 21, 8.48%, 6, 0, 3, 6.65
1747779343, 0, 116, 852, 849, 21, 8.48%, 6, 0, 3, 7.14
1747779349, 0, 116, 853, 850, 21, 8.48%, 6, 0, 3, 5.57
1747779364, 0, 117, 853, 850, 21, 8.48%, 6, 0, 3, 5.83
1747779375, 0, 118, 853, 850, 21, 8.48%, 6, 0, 3, 5.48
1747779385, 0, 120, 853, 850, 21, 8.48%, 6, 0, 3, 5.31
1747779390, 0, 120, 854, 851, 21, 8.48%, 6, 0, 3, 4.86
1747779401, 0, 121, 854, 851, 21, 8.48%, 6, 0, 3, 5.38
1747779411, 0, 122, 854, 851, 21, 8.48%, 6, 0, 3, 6.45
1747779421, 0, 123, 854, 851, 21, 8.48%, 6, 0, 3, 4.94
1747779426, 0, 123, 855, 852, 21, 8.52%, 6, 0, 3, 4.40
1747779437, 0, 123, 856, 853, 21, 8.53%, 6, 0, 3, 3.63
1747779448, 0, 123, 857, 854, 21, 8.53%, 6, 0, 3, 3.66
1747779500, 0, 123, 858, 855, 21, 8.53%, 6, 0, 3, 4.71
1747779515, 0, 123, 859, 856, 21, 8.53%, 6, 0, 3, 4.29
1747779541, 0, 123, 859, 856, 21, 8.53%, 7, 0, 3, 6.21
1747779551, 0, 123, 860, 857, 21, 8.53%, 7, 0, 3, 4.61
1747779556, 0, 123, 860, 857, 21, 8.53%, 8, 0, 3, 4.70
1747779572, 0, 123, 860, 857, 21, 8.53%, 9, 0, 3, 5.16
1747779598, 0, 123, 861, 858, 21, 8.53%, 9, 0, 3, 5.93
1747779613, 0, 123, 862, 859, 21, 8.53%, 9, 0, 3, 6.01
1747779623, 0, 123, 863, 860, 21, 8.53%, 9, 0, 3, 4.73
1747779655, 0, 123, 864, 861, 21, 8.53%, 9, 0, 3, 4.62
1747779738, 0, 123, 865, 862, 21, 8.53%, 9, 0, 3, 4.09
1747779743, 0, 123, 866, 863, 21, 8.54%, 9, 0, 3, 4.40
1747779753, 0, 124, 866, 863, 23, 8.54%, 9, 0, 3, 5.23
1747779758, 0, 125, 866, 863, 23, 8.54%, 9, 0, 3, 6.60
1747779769, 0, 126, 866, 863, 23, 8.54%, 9, 0, 3, 5.26
1747779779, 0, 127, 866, 863, 23, 8.54%, 9, 0, 3, 6.14
1747779784, 0, 129, 866, 863, 23, 8.54%, 9, 0, 3, 7.08
1747779795, 0, 130, 866, 863, 23, 8.54%, 9, 0, 3, 6.02
1747779805, 0, 131, 866, 863, 23, 8.54%, 9, 0, 3, 6.11
1747779810, 0, 132, 866, 863, 23, 8.54%, 9, 0, 3, 5.50
1747779821, 0, 133, 866, 863, 23, 8.54%, 9, 0, 3, 5.23
1747779831, 0, 133, 867, 864, 23, 8.54%, 9, 0, 3, 4.12
1747779847, 0, 134, 867, 864, 23, 8.54%, 9, 0, 3, 5.52
1747779857, 0, 135, 867, 864, 23, 8.54%, 9, 0, 3, 5.90
1747779863, 0, 135, 868, 865, 23, 8.54%, 9, 0, 3, 4.92
1747779878, 0, 137, 868, 865, 24, 8.54%, 9, 0, 3, 5.90
1747779888, 0, 138, 868, 865, 24, 8.54%, 9, 0, 3, 5.95
1747779894, 0, 139, 868, 865, 24, 8.54%, 9, 0, 3, 6.63
1747779904, 0, 140, 869, 866, 24, 8.54%, 9, 0, 3, 1.62
1747779919, 0, 140, 870, 867, 24, 8.54%, 9, 0, 3, 3.62
1747779950, 0, 141, 870, 867, 24, 8.54%, 9, 0, 3, 6.50
1747779955, 0, 142, 870, 867, 24, 8.54%, 9, 0, 3, 6.88
1747779965, 0, 143, 870, 867, 24, 8.54%, 9, 0, 3, 5.85
1747779975, 0, 144, 870, 867, 24, 8.54%, 9, 0, 3, 6.46
1747779981, 0, 145, 871, 868, 24, 8.54%, 9, 0, 3, 5.75
1747780001, 0, 147, 871, 868, 24, 8.54%, 9, 0, 3, 5.30
1747780012, 0, 148, 871, 868, 24, 8.54%, 9, 0, 3, 6.64
1747780022, 0, 149, 871, 868, 24, 8.54%, 9, 0, 3, 5.03
1747780027, 0, 150, 871, 868, 24, 8.54%, 9, 0, 3, 7.13
1747780037, 0, 151, 871, 868, 24, 8.54%, 9, 0, 3, 5.47
1747780048, 0, 152, 871, 868, 24, 8.54%, 9, 0, 3, 6.16
1747780053, 0, 153, 871, 868, 24, 8.54%, 9, 0, 3, 5.64
1747780058, 0, 153, 872, 869, 24, 8.54%, 9, 0, 3, 4.14
1747780074, 0, 153, 873, 870, 24, 8.54%, 9, 0, 3, 4.79
1747780100, 0, 154, 873, 870, 24, 8.54%, 9, 0, 3, 6.39
1747780111, 0, 155, 874, 871, 24, 8.54%, 9, 0, 3, 5.83
1747780127, 0, 155, 874, 871, 24, 8.54%, 10, 0, 3, 6.15
1747780132, 0, 156, 874, 871, 24, 8.54%, 10, 0, 3, 6.10
1747780137, 0, 157, 874, 871, 24, 8.54%, 10, 0, 3, 6.42
1747780148, 0, 158, 874, 871, 24, 8.54%, 11, 0, 3, 5.54
1747780158, 0, 159, 874, 871, 24, 8.54%, 11, 0, 3, 5.46
1747780168, 0, 160, 874, 871, 24, 8.54%, 11, 0, 3, 4.99
1747780178, 0, 161, 874, 871, 24, 8.54%, 11, 0, 3, 7.47
1747780184, 0, 163, 874, 871, 24, 8.54%, 11, 0, 3, 5.97
1747780194, 0, 166, 874, 871, 24, 8.54%, 11, 0, 3, 4.62
1747780204, 0, 168, 874, 871, 24, 8.54%, 11, 0, 3, 5.65
1747780215, 0, 169, 874, 871, 24, 8.54%, 11, 0, 3, 5.34
1747780220, 0, 170, 874, 871, 24, 8.54%, 11, 0, 3, 7.34
1747780226, 0, 170, 875, 872, 24, 8.54%, 11, 0, 3, 6.15
1747780246, 0, 171, 875, 872, 24, 8.54%, 11, 0, 3, 6.05
1747780251, 0, 173, 875, 872, 24, 8.54%, 12, 0, 3, 6.84
1747780262, 0, 175, 875, 872, 24, 8.54%, 12, 0, 3, 6.96
1747780267, 0, 176, 875, 872, 24, 8.54%, 12, 0, 3, 6.98
1747780277, 0, 177, 875, 872, 24, 8.54%, 12, 0, 3, 6.37
1747780288, 0, 178, 875, 872, 24, 8.54%, 12, 0, 3, 5.37
1747780298, 0, 179, 875, 872, 24, 8.54%, 12, 0, 3, 5.43
1747780303, 0, 180, 875, 872, 24, 8.54%, 12, 0, 3, 6.69
1747780314, 0, 182, 875, 872, 24, 8.54%, 12, 0, 3, 5.57
1747780324, 0, 183, 875, 872, 24, 8.54%, 12, 0, 3, 5.63
1747780335, 0, 184, 875, 872, 24, 8.54%, 12, 0, 3, 5.10
1747780345, 0, 185, 875, 872, 24, 8.54%, 12, 0, 3, 6.31
1747780350, 0, 186, 875, 872, 24, 8.54%, 12, 0, 3, 5.82
1747780361, 0, 188, 875, 872, 24, 8.54%, 12, 0, 3, 5.43
1747780371, 0, 189, 875, 872, 24, 8.54%, 12, 0, 3, 5.14
1747780382, 0, 190, 875, 872, 24, 8.54%, 12, 0, 3, 14.19
1747780444, 0, 191, 875, 871, 24, 8.54%, 12, 0, 3, 13.07
1747780449, 0, 191, 875, 871, 24, 8.54%, 13, 0, 3, 12.21
1747780454, 0, 193, 875, 871, 24, 8.54%, 13, 0, 3, 7.82
1747780464, 0, 195, 875, 871, 24, 8.54%, 13, 0, 3, 6.52
1747780470, 0, 196, 875, 871, 24, 8.54%, 13, 0, 3, 5.34
1747780480, 0, 197, 875, 871, 24, 8.54%, 13, 0, 3, 5.69
1747780491, 0, 198, 875, 871, 24, 8.54%, 13, 0, 3, 5.69
1747780501, 0, 199, 875, 871, 24, 8.54%, 13, 0, 3, 5.88
1747780512, 0, 200, 875, 871, 24, 8.54%, 13, 0, 3, 5.68
1747780517, 0, 200, 876, 872, 24, 8.54%, 13, 0, 3, 4.26
1747780522, 0, 200, 877, 873, 24, 8.54%, 13, 0, 3, 4.45
1747780553, 0, 201, 877, 873, 24, 8.54%, 13, 0, 3, 6.18
1747780563, 0, 204, 877, 873, 24, 8.54%, 13, 0, 3, 5.92
1747780568, 0, 205, 877, 873, 24, 8.54%, 13, 0, 3, 6.04
1747780579, 0, 206, 877, 873, 24, 8.54%, 13, 0, 3, 5.13
1747780584, 0, 206, 878, 874, 24, 8.54%, 13, 0, 3, 3.86
1747780600, 0, 206, 878, 874, 24, 8.54%, 14, 0, 3, 6.43
1747780605, 0, 207, 878, 874, 24, 8.54%, 14, 0, 3, 5.90
1747780610, 0, 207, 879, 875, 24, 8.54%, 14, 0, 3, 7.27
1747780621, 0, 209, 879, 875, 24, 8.54%, 14, 0, 3, 7.06
1747780631, 0, 211, 879, 875, 24, 8.54%, 14, 0, 3, 5.94
1747780642, 0, 212, 879, 875, 24, 8.54%, 15, 0, 3, 6.29
1747780647, 0, 213, 879, 875, 24, 8.54%, 15, 0, 3, 6.04
1747780657, 0, 214, 879, 875, 24, 8.54%, 15, 0, 3, 5.62
1747780663, 0, 214, 879, 875, 24, 8.54%, 16, 0, 3, 5.70
1747780668, 0, 216, 879, 875, 24, 8.54%, 16, 0, 3, 7.45
1747780673, 0, 216, 879, 875, 24, 8.54%, 17, 0, 3, 6.49
1747780678, 0, 218, 879, 875, 24, 8.54%, 17, 0, 3, 5.97
1747780684, 0, 219, 879, 875, 24, 8.54%, 17, 0, 3, 6.78
1747780694, 0, 221, 879, 875, 24, 8.54%, 17, 0, 3, 5.90
1747780704, 0, 222, 879, 875, 24, 8.54%, 17, 0, 3, 5.21
1747780715, 0, 223, 879, 875, 24, 8.54%, 18, 0, 3, 5.63
1747780720, 0, 223, 879, 875, 24, 8.54%, 20, 0, 3, 5.69
1747780725, 0, 224, 879, 875, 24, 8.54%, 20, 0, 3, 4.58
1747780736, 0, 226, 879, 875, 24, 8.54%, 21, 0, 3, 4.69
1747780741, 0, 226, 879, 875, 24, 8.54%, 22, 0, 3, 5.23
1747780746, 0, 227, 879, 875, 24, 8.54%, 22, 0, 3, 4.78
1747780751, 0, 228, 879, 875, 24, 8.54%, 22, 0, 3, 5.96
1747780762, 0, 228, 879, 875, 24, 8.54%, 23, 0, 3, 5.81
1747780767, 0, 229, 879, 875, 24, 8.54%, 23, 0, 3, 5.79
1747780772, 0, 230, 879, 875, 24, 8.54%, 23, 0, 3, 5.75
1747780782, 0, 231, 880, 876, 24, 8.54%, 23, 0, 3, 5.93
1747780808, 0, 232, 880, 876, 24, 8.54%, 24, 0, 3, 5.40
1747780813, 0, 233, 880, 876, 24, 8.54%, 25, 0, 3, 6.00
1747780824, 0, 234, 880, 876, 24, 8.54%, 25, 0, 3, 7.21
1747780834, 0, 235, 880, 876, 24, 8.54%, 25, 0, 3, 6.75
1747780839, 0, 236, 881, 877, 24, 8.54%, 25, 0, 3, 5.63
1747780850, 0, 236, 881, 877, 24, 8.54%, 26, 0, 3, 5.16
1747780865, 0, 237, 881, 877, 24, 8.54%, 27, 0, 3, 5.54
1747780870, 0, 238, 881, 877, 24, 8.54%, 28, 0, 3, 5.89
1747780881, 0, 240, 881, 877, 24, 8.54%, 28, 0, 3, 5.79
1747780891, 0, 241, 881, 877, 24, 8.54%, 28, 0, 3, 5.33
1747780896, 0, 241, 881, 877, 24, 8.54%, 30, 0, 3, 5.10
1747780901, 0, 242, 881, 877, 24, 8.54%, 30, 0, 3, 6.00
1747780912, 0, 243, 881, 877, 24, 8.54%, 30, 0, 3, 6.02
1747780917, 0, 243, 881, 877, 24, 8.54%, 31, 0, 3, 5.40
1747780922, 0, 244, 881, 877, 24, 8.54%, 31, 0, 3, 5.19
1747780932, 0, 246, 881, 877, 24, 8.54%, 31, 0, 3, 6.18
1747780937, 0, 247, 881, 877, 24, 8.54%, 32, 0, 3, 5.91
1747780953, 0, 248, 881, 877, 24, 8.54%, 32, 0, 3, 5.09
1747780958, 0, 248, 881, 877, 24, 8.54%, 34, 0, 3, 5.25
1747780963, 0, 249, 881, 877, 24, 8.54%, 34, 0, 3, 5.45
1747780973, 0, 250, 881, 877, 24, 8.54%, 34, 0, 3, 5.38
1747780978, 0, 251, 881, 877, 24, 8.54%, 34, 0, 3, 5.57
1747780983, 0, 251, 882, 878, 24, 8.54%, 34, 0, 3, 4.81
1747780994, 0, 251, 883, 879, 24, 8.54%, 34, 0, 3, 5.49
1747781025, 0, 253, 883, 879, 24, 8.54%, 34, 0, 3, 6.14
1747781035, 0, 254, 883, 879, 24, 8.54%, 34, 0, 3, 6.36
1747781040, 0, 254, 883, 879, 24, 8.54%, 36, 0, 3, 5.51
1747781046, 0, 255, 883, 879, 24, 8.54%, 36, 0, 3, 5.77
1747781056, 0, 256, 883, 879, 24, 8.54%, 36, 0, 3, 6.03
1747781061, 0, 258, 883, 879, 24, 8.54%, 36, 0, 3, 7.34
1747781072, 0, 259, 883, 879, 24, 8.54%, 36, 0, 3, 6.94
1747781077, 0, 260, 884, 880, 24, 8.54%, 36, 0, 3, 6.52
1747781103, 0, 261, 884, 880, 24, 8.54%, 36, 0, 3, 6.48
1747781108, 0, 262, 884, 880, 24, 8.54%, 37, 0, 3, 6.92
1747781119, 0, 263, 884, 880, 24, 8.54%, 37, 0, 3, 6.15
1747781129, 0, 264, 884, 880, 24, 8.54%, 37, 0, 3, 8.04
1747781134, 0, 265, 884, 880, 24, 8.54%, 37, 0, 3, 6.78
1747781145, 0, 266, 884, 880, 24, 8.54%, 37, 0, 3, 6.06
1747781150, 0, 267, 884, 880, 24, 8.54%, 37, 0, 3, 5.80
1747781155, 0, 267, 884, 880, 24, 8.54%, 38, 0, 3, 5.20
1747781160, 0, 267, 884, 880, 24, 8.54%, 40, 0, 3, 5.30
1747781165, 0, 268, 884, 880, 24, 8.54%, 40, 0, 3, 5.11
1747781175, 0, 269, 884, 880, 24, 8.54%, 40, 0, 3, 5.49
1747781186, 0, 270, 884, 880, 24, 8.54%, 40, 0, 3, 6.16
1747781191, 0, 271, 884, 880, 24, 8.54%, 40, 0, 3, 5.84
1747781202, 0, 272, 884, 880, 24, 8.54%, 40, 0, 3, 6.66
1747781207, 0, 273, 884, 880, 24, 8.54%, 40, 0, 3, 6.44
1747781217, 0, 274, 884, 880, 24, 8.54%, 40, 0, 3, 5.79
1747781227, 0, 275, 884, 880, 24, 8.54%, 40, 0, 3, 5.47
1747781238, 0, 276, 884, 880, 24, 8.54%, 40, 0, 3, 6.32
1747781248, 0, 277, 884, 880, 24, 8.54%, 40, 0, 3, 6.24
1747781259, 0, 278, 884, 880, 24, 8.54%, 40, 0, 3, 5.28
1747781264, 0, 279, 884, 880, 24, 8.54%, 40, 0, 3, 6.33
1747781269, 0, 279, 884, 880, 24, 8.54%, 41, 0, 3, 6.39
1747781274, 0, 281, 884, 880, 24, 8.54%, 41, 0, 3, 6.28
1747781285, 0, 284, 884, 880, 24, 8.54%, 43, 0, 3, 5.69
1747781296, 0, 285, 884, 880, 24, 8.54%, 43, 0, 3, 5.03
1747781306, 0, 286, 884, 880, 24, 8.54%, 43, 0, 3, 6.43
1747781311, 0, 287, 884, 880, 24, 8.54%, 44, 0, 3, 6.67
1747781322, 0, 288, 884, 880, 24, 8.54%, 44, 0, 3, 5.55
1747781332, 0, 289, 884, 880, 24, 8.54%, 44, 0, 3, 5.89
1747781337, 0, 290, 884, 880, 24, 8.54%, 44, 0, 3, 6.61
1747781342, 0, 290, 884, 880, 24, 8.54%, 45, 0, 3, 5.51
1747781347, 0, 291, 884, 880, 24, 8.54%, 45, 0, 3, 5.93
1747781358, 0, 292, 884, 880, 24, 8.54%, 45, 0, 3, 6.13
1747781363, 0, 293, 884, 880, 24, 8.54%, 45, 0, 3, 7.73
1747781369, 0, 293, 884, 880, 24, 8.54%, 46, 0, 3, 6.49
1747781374, 0, 295, 884, 880, 24, 8.54%, 46, 0, 3, 5.51
1747781379, 0, 295, 884, 880, 24, 8.54%, 47, 0, 3, 6.53
1747781385, 0, 296, 884, 880, 24, 8.54%, 47, 0, 3, 5.78
1747781395, 0, 297, 884, 880, 24, 8.54%, 49, 0, 3, 4.86
1747781400, 0, 297, 884, 880, 24, 8.54%, 50, 0, 3, 5.46
1747781405, 0, 298, 884, 880, 24, 8.54%, 51, 0, 3, 5.65
1747781411, 0, 298, 884, 880, 24, 8.54%, 52, 0, 3, 5.66
1747781416, 0, 299, 884, 880, 24, 8.54%, 52, 0, 3, 6.11
1747781426, 0, 300, 884, 880, 24, 8.54%, 52, 0, 3, 7.35
1747781431, 0, 301, 884, 880, 24, 8.54%, 52, 0, 3, 6.56
1747781442, 0, 302, 884, 880, 24, 8.54%, 52, 0, 3, 5.53
1747781447, 0, 302, 884, 880, 24, 8.54%, 53, 0, 3, 7.01
1747781452, 0, 303, 884, 880, 24, 8.54%, 53, 0, 3, 5.85
1747781463, 0, 304, 884, 880, 24, 8.54%, 53, 0, 3, 6.36
1747781468, 0, 305, 884, 880, 24, 8.54%, 53, 0, 3, 6.39
1747781479, 0, 307, 884, 880, 24, 8.54%, 54, 0, 3, 5.08
1747781489, 0, 310, 884, 880, 24, 8.54%, 54, 0, 3, 5.99
1747781494, 0, 311, 884, 880, 24, 8.54%, 55, 0, 3, 6.21
1747781500, 0, 311, 884, 880, 24, 8.54%, 56, 0, 3, 7.26
1747781505, 0, 312, 884, 880, 24, 8.54%, 57, 0, 3, 6.95
1747781516, 0, 313, 884, 880, 24, 8.54%, 58, 0, 3, 5.95
1747781526, 0, 314, 884, 880, 24, 8.54%, 58, 0, 3, 6.04
1747781531, 0, 316, 884, 880, 24, 8.54%, 58, 0, 3, 5.88
1747781542, 0, 318, 884, 880, 24, 8.54%, 59, 0, 3, 4.63
1747781553, 0, 320, 884, 880, 24, 8.54%, 59, 0, 3, 5.63
1747781563, 0, 322, 884, 880, 24, 8.54%, 59, 0, 3, 5.62
1747781574, 0, 324, 884, 880, 24, 8.54%, 59, 0, 3, 5.74
1747781579, 0, 325, 884, 880, 24, 8.54%, 60, 0, 3, 6.28
1747781589, 0, 326, 884, 880, 24, 8.54%, 60, 0, 3, 5.89
1747781599, 0, 327, 884, 880, 24, 8.54%, 60, 0, 3, 6.05
1747781609, 0, 328, 884, 880, 24, 8.54%, 60, 0, 3, 5.25
1747781620, 0, 330, 884, 880, 24, 8.54%, 60, 0, 3, 5.73
1747781630, 0, 331, 884, 880, 24, 8.54%, 60, 0, 3, 6.55
1747781635, 0, 332, 884, 880, 24, 8.54%, 60, 0, 3, 5.63
1747781645, 0, 333, 884, 880, 24, 8.54%, 60, 0, 3, 5.66
1747781651, 0, 333, 884, 880, 24, 8.54%, 61, 0, 3, 4.36
1747781661, 0, 335, 884, 880, 24, 8.54%, 62, 0, 3, 5.38
1747781667, 0, 335, 884, 880, 24, 8.54%, 63, 0, 3, 4.85
1747781672, 0, 336, 884, 880, 24, 8.54%, 63, 0, 3, 5.37
1747781677, 0, 339, 884, 880, 24, 8.54%, 63, 0, 3, 6.38
1747781682, 0, 339, 885, 881, 24, 8.54%, 63, 0, 3, 4.88
1747781698, 0, 339, 885, 881, 24, 8.54%, 64, 0, 3, 6.35
1747781703, 0, 341, 885, 881, 24, 8.54%, 64, 0, 3, 6.18
1747781708, 0, 342, 885, 881, 24, 8.54%, 64, 0, 3, 7.07
1747781718, 0, 343, 885, 881, 24, 8.54%, 67, 0, 3, 6.11
1747781729, 0, 345, 885, 881, 24, 8.54%, 67, 0, 3, 5.66
1747781739, 0, 346, 885, 881, 24, 8.54%, 67, 0, 3, 5.37
1747781750, 0, 347, 885, 881, 24, 8.54%, 67, 0, 3, 5.18
1747781755, 0, 349, 885, 881, 24, 8.54%, 67, 0, 3, 5.66
1747781765, 0, 350, 885, 881, 24, 8.54%, 67, 0, 3, 6.60
1747781775, 0, 353, 885, 881, 24, 8.54%, 67, 0, 3, 5.24
1747781785, 0, 354, 885, 881, 24, 8.54%, 67, 0, 3, 5.25
1747781796, 0, 355, 885, 881, 24, 8.54%, 67, 0, 3, 6.43
1747781801, 0, 355, 886, 882, 24, 8.54%, 67, 0, 3, 6.13
1747781811, 0, 355, 886, 882, 24, 8.54%, 68, 0, 3, 4.94
1747781816, 0, 356, 886, 882, 24, 8.54%, 69, 0, 3, 5.70
1747781827, 0, 357, 886, 882, 24, 8.54%, 69, 0, 3, 6.06
1747781832, 0, 358, 886, 882, 24, 8.54%, 69, 0, 3, 5.91
1747781843, 0, 359, 886, 882, 24, 8.54%, 71, 0, 3, 5.53
1747781853, 0, 360, 886, 882, 24, 8.54%, 71, 0, 3, 5.97
1747781864, 0, 361, 886, 882, 24, 8.54%, 71, 0, 3, 7.98
1747781869, 0, 362, 886, 882, 24, 8.54%, 71, 0, 3, 6.88
1747781875, 0, 362, 887, 883, 24, 8.54%, 72, 0, 3, 4.99
1747781895, 0, 363, 887, 883, 24, 8.54%, 72, 0, 3, 5.08
1747781905, 0, 364, 887, 883, 24, 8.54%, 72, 0, 3, 5.64
1747781911, 0, 365, 887, 883, 24, 8.54%, 72, 0, 3, 6.27
1747781921, 0, 366, 887, 883, 24, 8.54%, 72, 0, 3, 6.34
1747781931, 0, 367, 887, 883, 24, 8.54%, 73, 0, 3, 4.88
1747781942, 0, 368, 887, 883, 24, 8.54%, 73, 0, 3, 5.55
1747781952, 0, 370, 887, 883, 24, 8.54%, 74, 0, 3, 6.77
1747781958, 0, 371, 887, 883, 24, 8.54%, 74, 0, 3, 6.74
1747781968, 0, 374, 887, 883, 24, 8.54%, 74, 0, 3, 6.53
1747781973, 0, 374, 887, 883, 24, 8.54%, 75, 0, 3, 5.70
1747781979, 0, 375, 887, 883, 24, 8.54%, 75, 0, 3, 4.99
1747781989, 0, 376, 887, 883, 24, 8.54%, 75, 0, 3, 5.88
1747781994, 0, 377, 887, 883, 24, 8.54%, 75, 0, 3, 6.36
1747782005, 0, 378, 887, 883, 24, 8.54%, 76, 0, 3, 5.40
1747782015, 0, 379, 887, 883, 24, 8.54%, 76, 0, 3, 5.80
1747782026, 0, 380, 887, 883, 24, 8.54%, 76, 0, 3, 5.31
1747782036, 0, 381, 887, 883, 24, 8.54%, 76, 0, 3, 5.67
1747782047, 0, 383, 887, 883, 24, 8.54%, 76, 0, 3, 5.05
1747782057, 0, 385, 887, 883, 24, 8.54%, 77, 0, 3, 5.58
1747782067, 0, 386, 887, 883, 24, 8.54%, 78, 0, 3, 5.09
1747782072, 0, 387, 887, 883, 24, 8.54%, 78, 0, 3, 6.69
1747782083, 0, 388, 887, 883, 24, 8.54%, 78, 0, 3, 6.02
1747782088, 0, 388, 887, 883, 24, 8.54%, 80, 0, 3, 6.35
1747782093, 0, 389, 887, 883, 24, 8.54%, 80, 0, 3, 5.45
1747782104, 0, 390, 887, 883, 24, 8.54%, 81, 0, 3, 4.66
1747782114, 0, 391, 887, 883, 24, 8.54%, 81, 0, 3, 5.89
1747782119, 0, 391, 887, 883, 24, 8.54%, 82, 0, 3, 5.58
1747782125, 0, 392, 887, 883, 24, 8.54%, 82, 0, 3, 5.31
1747782136, 0, 393, 887, 883, 24, 8.54%, 82, 0, 3, 5.38
1747782141, 0, 394, 887, 883, 24, 8.54%, 82, 0, 3, 5.24
1747782151, 0, 394, 887, 883, 24, 8.54%, 83, 0, 3, 5.25
1747782157, 0, 395, 887, 883, 24, 8.54%, 84, 0, 3, 5.57
1747782162, 0, 396, 887, 883, 24, 8.54%, 84, 0, 3, 5.06
1747782167, 0, 396, 887, 883, 24, 8.54%, 85, 0, 3, 7.18
1747782172, 0, 399, 887, 883, 24, 8.54%, 86, 0, 3, 5.34
1747782177, 0, 399, 887, 883, 24, 8.54%, 87, 0, 3, 5.11
1747782182, 0, 400, 887, 883, 24, 8.54%, 88, 0, 3, 4.93
1747782193, 0, 401, 887, 883, 24, 8.54%, 88, 0, 3, 6.30
1747782203, 0, 403, 887, 883, 24, 8.54%, 89, 0, 3, 5.72
1747782214, 0, 405, 887, 883, 24, 8.54%, 89, 0, 3, 5.70
1747782219, 0, 406, 887, 883, 24, 8.54%, 89, 0, 3, 6.06
1747782224, 0, 406, 887, 883, 24, 8.54%, 90, 0, 3, 6.22
1747782229, 0, 407, 887, 883, 24, 8.54%, 90, 0, 3, 5.10
1747782240, 0, 408, 887, 883, 24, 8.54%, 92, 0, 3, 6.35
1747782250, 0, 409, 887, 883, 24, 8.54%, 92, 0, 3, 4.97
1747782261, 0, 410, 887, 883, 24, 8.54%, 92, 0, 3, 5.37
1747782272, 0, 411, 887, 883, 24, 8.54%, 92, 0, 3, 5.55
1747782277, 0, 411, 887, 883, 24, 8.54%, 93, 0, 3, 5.30
1747782282, 0, 414, 887, 883, 24, 8.54%, 93, 0, 3, 5.60
1747782293, 0, 415, 887, 883, 24, 8.54%, 93, 0, 3, 5.16
1747782298, 0, 415, 887, 883, 24, 8.54%, 94, 0, 3, 5.99
1747782304, 0, 416, 887, 883, 24, 8.54%, 94, 0, 3, 5.02
1747782309, 0, 416, 888, 884, 24, 8.54%, 94, 0, 3, 4.81
1747782320, 0, 416, 888, 884, 24, 8.54%, 96, 0, 3, 4.62
1747782330, 0, 417, 888, 884, 24, 8.54%, 96, 0, 3, 5.85
1747782335, 0, 418, 888, 884, 24, 8.54%, 96, 0, 3, 6.39
1747782346, 0, 420, 888, 884, 24, 8.54%, 96, 0, 3, 6.03
1747782356, 0, 422, 888, 884, 24, 8.54%, 96, 0, 3, 5.45
1747782366, 0, 423, 888, 884, 24, 8.54%, 96, 0, 3, 6.04
1747782377, 0, 424, 888, 884, 24, 8.54%, 96, 0, 3, 5.40
1747782382, 0, 425, 888, 884, 24, 8.54%, 96, 0, 3, 5.66
1747782392, 0, 426, 888, 884, 24, 8.54%, 96, 0, 3, 5.78
1747782403, 0, 428, 888, 884, 24, 8.54%, 96, 0, 3, 6.70
1747782413, 0, 433, 888, 884, 24, 8.54%, 96, 0, 3, 6.95
1747782423, 0, 434, 888, 884, 24, 8.54%, 96, 0, 3, 6.19
1747782428, 0, 436, 888, 884, 24, 8.54%, 96, 0, 3, 5.73
1747782438, 0, 437, 888, 884, 24, 8.54%, 96, 0, 3, 5.67
1747782449, 0, 439, 888, 884, 24, 8.54%, 96, 0, 3, 5.58
1747782459, 0, 441, 888, 884, 24, 8.54%, 97, 0, 3, 4.79
1747782470, 0, 442, 888, 884, 24, 8.54%, 97, 0, 3, 5.99
1747782481, 0, 443, 888, 884, 24, 8.54%, 97, 0, 3, 6.03
1747782486, 0, 444, 888, 884, 24, 8.54%, 97, 0, 3, 6.91
1747782496, 0, 445, 888, 884, 24, 8.54%, 97, 0, 3, 6.15
1747782507, 0, 448, 888, 884, 24, 8.54%, 97, 0, 3, 5.57
1747782513, 0, 448, 888, 884, 24, 8.54%, 98, 0, 3, 5.08
1747782518, 0, 451, 888, 884, 24, 8.54%, 98, 0, 3, 5.08
1747782528, 0, 452, 888, 884, 24, 8.54%, 99, 0, 3, 5.52
1747782538, 0, 453, 888, 884, 24, 8.54%, 99, 0, 3, 4.87
1747782548, 0, 454, 888, 884, 24, 8.54%, 99, 0, 3, 5.09
1747782558, 0, 455, 888, 884, 24, 8.54%, 99, 0, 3, 4.93
1747782569, 0, 456, 888, 884, 24, 8.54%, 99, 0, 3, 7.39
1747782574, 0, 457, 888, 884, 24, 8.54%, 99, 0, 3, 7.16
1747782579, 0, 458, 888, 884, 24, 8.54%, 99, 0, 3, 6.86
1747782589, 0, 461, 888, 884, 24, 8.54%, 99, 0, 3, 6.19
1747782600, 0, 462, 888, 884, 24, 8.54%, 99, 0, 3, 5.60
1747782610, 0, 463, 888, 884, 24, 8.54%, 99, 0, 3, 5.73
1747782620, 0, 464, 888, 884, 24, 8.54%, 99, 0, 3, 5.14
1747782631, 0, 465, 888, 884, 24, 8.54%, 99, 0, 3, 4.81
1747782641, 0, 466, 888, 884, 24, 8.54%, 99, 0, 3, 5.63
1747782647, 0, 466, 889, 885, 24, 8.54%, 99, 0, 3, 4.03
1747782652, 0, 466, 890, 886, 24, 8.54%, 99, 0, 3, 4.10
1747782678, 0, 466, 890, 886, 24, 8.54%, 100, 0, 3, 5.72
1747782688, 0, 466, 890, 886, 24, 8.54%, 101, 0, 3, 5.15
1747782694, 0, 467, 890, 886, 24, 8.54%, 101, 0, 3, 6.10
1747782699, 0, 469, 890, 886, 24, 8.54%, 101, 0, 3, 6.31
1747782709, 0, 471, 890, 886, 24, 8.54%, 101, 0, 3, 6.10
1747782714, 0, 471, 890, 886, 24, 8.54%, 102, 0, 3, 6.26
1747782720, 0, 473, 890, 886, 24, 8.54%, 102, 0, 3, 5.45
1747782725, 0, 473, 890, 886, 24, 8.54%, 103, 0, 3, 5.65
1747782730, 0, 474, 890, 886, 24, 8.54%, 103, 0, 3, 5.89
1747782740, 0, 475, 890, 886, 24, 8.54%, 103, 0, 3, 6.97
1747782746, 0, 476, 890, 886, 24, 8.54%, 103, 0, 3, 6.93
1747782756, 0, 477, 890, 886, 24, 8.54%, 103, 0, 3, 5.75
1747782766, 0, 478, 890, 886, 24, 8.54%, 103, 0, 3, 5.97
1747782771, 0, 478, 890, 886, 24, 8.54%, 104, 0, 3, 6.19
1747782777, 0, 479, 890, 886, 24, 8.54%, 104, 0, 3, 6.74
1747782782, 0, 481, 890, 886, 24, 8.54%, 104, 0, 3, 6.90
1747782792, 0, 482, 890, 886, 24, 8.54%, 105, 0, 3, 6.03
1747782802, 0, 483, 890, 886, 24, 8.54%, 105, 0, 3, 5.71
1747782808, 0, 484, 890, 886, 24, 8.54%, 105, 0, 3, 5.81
1747782818, 0, 485, 890, 886, 24, 8.54%, 105, 0, 3, 5.49
1747782828, 0, 487, 890, 886, 24, 8.54%, 106, 0, 3, 5.13
1747782839, 0, 488, 890, 886, 24, 8.54%, 106, 0, 3, 6.12
1747782849, 0, 489, 890, 886, 24, 8.54%, 107, 0, 3, 5.62
1747782854, 0, 489, 890, 886, 24, 8.54%, 108, 0, 3, 4.79
1747782859, 0, 490, 890, 886, 24, 8.54%, 108, 0, 3, 5.02
1747782870, 0, 491, 890, 886, 24, 8.54%, 109, 0, 3, 5.05
1747782880, 0, 492, 890, 886, 24, 8.54%, 110, 0, 3, 5.97
1747782890, 0, 494, 890, 886, 24, 8.54%, 111, 0, 3, 5.69
1747782901, 0, 495, 890, 886, 24, 8.54%, 111, 0, 3, 5.44
1747782906, 0, 496, 890, 886, 24, 8.54%, 111, 0, 3, 6.13
1747782916, 0, 497, 890, 886, 24, 8.54%, 111, 0, 3, 5.63
1747782921, 0, 497, 890, 886, 24, 8.54%, 112, 0, 3, 5.94
1747782926, 0, 500, 890, 886, 24, 8.54%, 112, 0, 3, 5.62
1747782932, 0, 500, 890, 886, 24, 8.54%, 113, 0, 3, 5.62
1747782937, 0, 501, 890, 886, 24, 8.54%, 113, 0, 3, 5.36
1747782947, 0, 502, 890, 886, 24, 8.54%, 113, 0, 3, 6.11
1747782958, 0, 504, 890, 886, 24, 8.54%, 113, 0, 3, 5.92
1747782963, 0, 505, 890, 886, 24, 8.54%, 113, 0, 3, 6.36
1747782968, 0, 505, 890, 886, 24, 8.54%, 114, 0, 3, 5.60
1747782973, 0, 506, 890, 886, 24, 8.54%, 114, 0, 3, 6.54
1747782983, 0, 507, 890, 886, 24, 8.54%, 114, 0, 3, 5.16
1747782994, 0, 509, 890, 886, 24, 8.54%, 114, 0, 3, 4.95
1747783004, 0, 511, 890, 886, 24, 8.54%, 114, 0, 3, 5.51
1747783015, 0, 512, 890, 886, 24, 8.54%, 114, 0, 3, 5.44
1747783020, 0, 512, 890, 886, 24, 8.54%, 116, 0, 3, 6.13
1747783025, 0, 513, 890, 886, 24, 8.54%, 116, 0, 3, 5.63
1747783030, 0, 513, 890, 886, 24, 8.54%, 117, 0, 3, 5.66
1747783036, 0, 514, 890, 886, 24, 8.54%, 117, 0, 3, 5.73
1747783041, 0, 515, 890, 886, 24, 8.54%, 117, 0, 3, 5.89
1747783052, 0, 516, 890, 886, 24, 8.54%, 117, 0, 3, 4.91
1747783062, 0, 517, 890, 886, 24, 8.54%, 117, 0, 3, 6.10
1747783067, 0, 517, 890, 886, 24, 8.54%, 118, 0, 3, 5.38
1747783072, 0, 519, 890, 886, 24, 8.54%, 118, 0, 3, 5.88
1747783083, 0, 520, 890, 886, 24, 8.54%, 118, 0, 3, 2.15
1747783088, 0, 522, 890, 886, 24, 8.54%, 118, 0, 3, 5.42
1747783098, 0, 523, 890, 886, 24, 8.54%, 118, 0, 3, 6.26
1747783104, 0, 525, 890, 886, 24, 8.54%, 118, 0, 3, 5.92
1747783114, 0, 526, 890, 886, 24, 8.54%, 118, 0, 3, 6.43
1747783124, 0, 527, 890, 886, 24, 8.54%, 118, 0, 3, 5.17
1747783135, 0, 528, 890, 886, 24, 8.54%, 118, 0, 3, 6.37
1747783140, 0, 530, 890, 886, 24, 8.54%, 118, 0, 3, 5.84
1747783151, 0, 531, 890, 886, 24, 8.54%, 118, 0, 3, 5.44
1747783161, 0, 532, 890, 886, 24, 8.54%, 118, 0, 3, 6.22
1747783166, 0, 533, 890, 886, 24, 8.54%, 118, 0, 3, 6.84
1747783176, 0, 534, 890, 886, 24, 8.54%, 118, 0, 3, 5.38
1747783187, 0, 535, 890, 886, 24, 8.54%, 118, 0, 3, 5.39
1747783192, 0, 539, 890, 886, 24, 8.54%, 118, 0, 3, 7.04
1747783197, 0, 539, 891, 887, 24, 8.54%, 118, 0, 3, 6.04
1747783217, 0, 540, 891, 887, 24, 8.54%, 119, 0, 3, 5.79
1747783222, 0, 540, 891, 887, 24, 8.54%, 120, 0, 3, 5.71
1747783228, 0, 541, 891, 887, 24, 8.54%, 121, 0, 3, 5.85
1747783233, 0, 543, 891, 887, 24, 8.54%, 121, 0, 3, 6.10
1747783243, 0, 544, 891, 887, 24, 8.54%, 121, 0, 3, 5.85
1747783248, 0, 544, 891, 887, 24, 8.54%, 122, 0, 3, 6.55
1747783253, 0, 545, 891, 887, 24, 8.54%, 122, 0, 3, 6.60
1747783264, 0, 549, 891, 887, 24, 8.54%, 122, 0, 3, 5.75
1747783269, 0, 550, 891, 887, 24, 8.54%, 122, 0, 3, 6.51
1747783280, 0, 551, 891, 887, 24, 8.54%, 123, 0, 3, 5.38
1747783290, 0, 552, 891, 887, 24, 8.54%, 123, 0, 3, 5.90
1747783300, 0, 553, 891, 887, 24, 8.54%, 123, 0, 3, 5.55
1747783305, 0, 554, 891, 887, 24, 8.54%, 123, 0, 3, 5.99
1747783315, 0, 555, 891, 887, 24, 8.54%, 123, 0, 3, 5.46
1747783326, 0, 556, 891, 887, 24, 8.54%, 123, 0, 3, 5.69
1747783336, 0, 557, 891, 887, 24, 8.54%, 124, 0, 3, 5.11
1747783346, 0, 558, 891, 887, 24, 8.54%, 126, 0, 3, 5.26
1747783356, 0, 559, 891, 887, 24, 8.54%, 126, 0, 3, 4.97
1747783367, 0, 560, 891, 887, 24, 8.54%, 126, 0, 3, 7.52
1747783372, 0, 561, 891, 887, 24, 8.54%, 126, 0, 3, 8.14
1747783377, 0, 561, 891, 887, 24, 8.54%, 127, 0, 3, 3.17
1747783382, 0, 562, 891, 887, 24, 8.54%, 127, 0, 3, 5.47
1747783392, 0, 563, 891, 887, 24, 8.54%, 127, 0, 3, 6.81
1747783397, 0, 564, 891, 887, 24, 8.54%, 127, 0, 3, 6.78
1747783403, 0, 564, 891, 887, 24, 8.54%, 128, 0, 3, 6.35
1747783408, 0, 565, 891, 887, 24, 8.54%, 128, 0, 3, 5.80
1747783413, 0, 566, 891, 887, 24, 8.54%, 128, 0, 3, 5.77
1747783418, 0, 566, 891, 887, 24, 8.54%, 129, 0, 3, 5.71
1747783423, 0, 567, 891, 887, 24, 8.54%, 129, 0, 3, 5.67
1747783429, 0, 567, 892, 888, 24, 8.54%, 129, 0, 3, 4.84
1747783439, 0, 567, 892, 888, 24, 8.54%, 130, 0, 3, 5.91
1747783449, 0, 569, 892, 888, 24, 8.54%, 130, 0, 3, 6.72
1747783459, 0, 571, 892, 888, 24, 8.54%, 130, 0, 3, 6.67
1747783464, 0, 572, 892, 888, 24, 8.54%, 130, 0, 3, 5.99
1747783475, 0, 574, 892, 888, 24, 8.54%, 130, 0, 3, 5.40
1747783480, 0, 574, 892, 888, 24, 8.54%, 131, 0, 3, 5.02
1747783485, 0, 575, 892, 888, 24, 8.54%, 131, 0, 3, 5.75
1747783490, 0, 576, 892, 888, 24, 8.54%, 131, 0, 3, 6.83
1747783501, 0, 577, 892, 888, 24, 8.54%, 132, 0, 3, 6.40
1747783506, 0, 577, 892, 888, 24, 8.54%, 133, 0, 3, 5.93
1747783511, 0, 578, 892, 888, 24, 8.54%, 133, 0, 3, 4.97
1747783516, 0, 580, 892, 888, 24, 8.54%, 133, 0, 3, 6.09
1747783527, 0, 581, 892, 888, 24, 8.54%, 134, 0, 3, 6.07
1747783537, 0, 582, 892, 888, 24, 8.54%, 135, 0, 3, 6.68
1747783542, 0, 583, 892, 888, 24, 8.54%, 136, 0, 3, 6.23
1747783553, 0, 584, 892, 888, 24, 8.54%, 137, 0, 3, 5.84
1747783564, 0, 585, 892, 888, 24, 8.54%, 138, 0, 3, 5.30
1747783574, 0, 586, 892, 888, 24, 8.54%, 138, 0, 3, 6.49
1747783580, 0, 586, 892, 888, 24, 8.54%, 139, 0, 3, 5.63
1747783585, 0, 588, 893, 889, 24, 8.54%, 139, 0, 3, 4.86
1747783590, 0, 588, 893, 889, 24, 8.54%, 140, 0, 3, 3.62
1747783611, 0, 589, 893, 889, 24, 8.54%, 140, 0, 3, 5.98
1747783621, 0, 591, 893, 889, 24, 8.54%, 140, 0, 3, 7.12
1747783626, 0, 593, 893, 889, 24, 8.54%, 140, 0, 3, 6.42
1747783632, 0, 593, 893, 889, 24, 8.54%, 141, 0, 3, 6.50
1747783637, 0, 594, 893, 889, 24, 8.54%, 141, 0, 3, 5.34
1747783647, 0, 596, 893, 889, 24, 8.54%, 141, 0, 3, 6.83
1747783658, 0, 597, 893, 889, 24, 8.54%, 142, 0, 3, 5.33
1747783663, 0, 597, 893, 889, 24, 8.54%, 144, 0, 3, 5.18
1747783668, 0, 598, 893, 889, 24, 8.54%, 144, 0, 3, 5.65
1747783673, 0, 599, 893, 889, 24, 8.54%, 144, 0, 3, 5.83
1747783684, 0, 600, 893, 889, 24, 8.54%, 145, 0, 3, 5.44
1747783694, 0, 601, 893, 889, 24, 8.54%, 145, 0, 3, 6.51
1747783705, 0, 602, 893, 889, 24, 8.54%, 145, 0, 3, 5.62
1747783710, 0, 602, 893, 889, 24, 8.54%, 146, 0, 3, 6.07
1747783715, 0, 603, 893, 889, 24, 8.54%, 146, 0, 3, 5.95
1747783720, 0, 604, 893, 889, 24, 8.54%, 146, 0, 3, 6.02
1747783725, 0, 604, 893, 889, 24, 8.54%, 147, 0, 3, 5.72
1747783731, 0, 605, 893, 889, 24, 8.54%, 148, 0, 3, 5.82
1747783741, 0, 607, 893, 889, 24, 8.54%, 148, 0, 3, 6.91
1747783751, 0, 611, 893, 889, 24, 8.54%, 148, 0, 3, 6.27
1747783762, 0, 612, 894, 890, 24, 8.54%, 148, 0, 3, 4.62
1747783782, 0, 613, 894, 890, 24, 8.54%, 148, 0, 3, 5.21
1747783793, 0, 614, 894, 890, 24, 8.54%, 148, 0, 3, 5.19
1747783803, 0, 615, 894, 890, 24, 8.54%, 148, 0, 3, 6.46
1747783809, 0, 617, 894, 890, 24, 8.54%, 148, 0, 3, 6.92
1747783819, 0, 618, 894, 890, 24, 8.54%, 148, 0, 3, 7.27
1747783829, 0, 619, 894, 890, 24, 8.54%, 149, 0, 3, 6.00
1747783839, 0, 620, 894, 890, 24, 8.54%, 149, 0, 3, 7.04
1747783845, 0, 622, 894, 890, 24, 8.54%, 149, 0, 3, 5.78
1747783855, 0, 624, 894, 890, 24, 8.54%, 150, 0, 3, 6.33
1747783860, 0, 625, 894, 890, 24, 8.54%, 150, 0, 3, 7.96
1747783866, 0, 625, 894, 890, 24, 8.54%, 151, 0, 3, 2.76
1747783871, 0, 625, 894, 890, 24, 8.54%, 152, 0, 3, 4.59
1747783876, 0, 626, 894, 890, 24, 8.54%, 152, 0, 3, 6.52
1747783882, 0, 629, 894, 890, 24, 8.54%, 152, 0, 3, 6.33
1747783892, 0, 630, 894, 890, 24, 8.54%, 152, 0, 3, 7.56
1747783897, 0, 631, 894, 890, 24, 8.54%, 152, 0, 3, 6.68
1747783907, 0, 632, 894, 890, 24, 8.54%, 152, 0, 3, 6.32
1747783913, 0, 634, 894, 890, 24, 8.54%, 152, 0, 3, 6.37
1747783923, 0, 635, 894, 890, 24, 8.54%, 152, 0, 3, 5.15
1747783934, 0, 636, 894, 890, 24, 8.54%, 153, 0, 3, 4.84
1747783944, 0, 637, 894, 890, 24, 8.54%, 153, 0, 3, 6.31
1747783949, 0, 638, 894, 890, 24, 8.54%, 153, 0, 3, 6.97
1747783959, 0, 639, 894, 890, 24, 8.54%, 153, 0, 3, 6.23
1747783964, 0, 640, 894, 890, 24, 8.54%, 153, 0, 3, 6.81
1747783975, 0, 641, 894, 890, 24, 8.54%, 153, 0, 3, 10.36
1747783980, 0, 642, 894, 890, 24, 8.54%, 154, 0, 3, 9.21
1747783985, 0, 643, 894, 890, 24, 8.54%, 154, 0, 3, 8.78
1747783990, 0, 644, 894, 890, 24, 8.54%, 154, 0, 3, 10.19
1747783995, 0, 645, 894, 890, 24, 8.54%, 154, 0, 3, 9.13
1747784001, 0, 646, 894, 890, 24, 8.54%, 154, 0, 3, 8.11
1747784006, 0, 648, 894, 890, 24, 8.54%, 155, 0, 3, 9.59
1747784011, 0, 649, 894, 890, 24, 8.54%, 155, 0, 3, 10.16
1747784016, 0, 650, 894, 890, 24, 8.54%, 155, 0, 3, 10.92
1747784021, 0, 651, 894, 890, 24, 8.54%, 155, 0, 3, 10.35
1747784026, 0, 652, 894, 890, 24, 8.54%, 156, 0, 3, 9.72
1747784031, 0, 653, 894, 890, 24, 8.54%, 156, 0, 3, 11.29
1747784036, 0, 654, 894, 890, 24, 8.54%, 156, 0, 3, 11.02
1747784042, 0, 655, 894, 890, 24, 8.54%, 156, 0, 3, 10.25
1747784052, 0, 656, 894, 890, 24, 8.54%, 157, 0, 3, 9.18
1747784057, 0, 657, 894, 890, 24, 8.54%, 157, 0, 3, 8.49
1747784062, 0, 658, 894, 890, 24, 8.54%, 158, 0, 3, 10.34
1747784067, 0, 659, 894, 890, 24, 8.54%, 158, 0, 3, 10.17
1747784073, 0, 660, 894, 890, 24, 8.54%, 159, 0, 3, 9.66
1747784078, 0, 661, 894, 890, 24, 8.54%, 159, 0, 3, 10.27
1747784083, 0, 662, 894, 890, 24, 8.54%, 159, 0, 3, 10.55
1747784088, 0, 663, 894, 890, 24, 8.54%, 159, 0, 3, 9.38
1747784093, 0, 665, 894, 890, 24, 8.54%, 159, 0, 3, 8.96
1747784098, 0, 665, 894, 890, 24, 8.54%, 160, 0, 3, 9.38
1747784103, 0, 667, 894, 890, 24, 8.54%, 160, 0, 3, 11.26
1747784109, 0, 668, 894, 890, 24, 8.54%, 160, 0, 3, 10.26
1747784114, 0, 670, 894, 890, 24, 8.54%, 160, 0, 3, 10.89
1747784119, 0, 671, 894, 890, 24, 8.54%, 161, 0, 3, 9.78
1747784124, 0, 671, 895, 891, 24, 8.54%, 161, 0, 3, 8.89
1747784134, 0, 672, 895, 891, 24, 8.54%, 161, 0, 3, 8.80
1747784140, 0, 673, 895, 891, 24, 8.54%, 161, 0, 3, 8.53
1747784145, 0, 676, 895, 891, 24, 8.54%, 161, 0, 3, 9.80
1747784150, 0, 677, 895, 891, 24, 8.54%, 161, 0, 3, 10.57
1747784155, 0, 678, 895, 891, 24, 8.54%, 161, 0, 3, 7.68
1747784165, 0, 679, 895, 891, 24, 8.54%, 161, 0, 3, 8.36
1747784171, 0, 680, 895, 891, 24, 8.54%, 162, 0, 3, 9.67
1747784176, 0, 681, 895, 891, 24, 8.54%, 162, 0, 3, 10.59
1747784181, 0, 683, 895, 891, 24, 8.54%, 162, 0, 3, 11.02
1747784186, 0, 685, 895, 891, 24, 8.54%, 162, 0, 3, 10.04
1747784191, 0, 686, 895, 891, 24, 8.54%, 162, 0, 3, 8.82
1747784197, 0, 688, 895, 891, 24, 8.54%, 163, 0, 3, 9.41
1747784254, 0, 688, 896, 892, 24, 8.54%, 163, 0, 3, 6.40
1747784874, 0, 688, 897, 893, 24, 8.54%, 163, 0, 3, 3.78
1747785065, 0, 688, 898, 894, 24, 8.54%, 163, 0, 3, 4.08
1747785163, 0, 688, 899, 895, 24, 8.54%, 163, 0, 3, 3.42
1747785205, 0, 689, 899, 894, 23, 8.54%, 163, 0, 3, 6.67
1747785210, 0, 690, 899, 894, 23, 8.54%, 163, 0, 3, 6.83
1747785220, 0, 691, 899, 894, 23, 8.54%, 163, 0, 3, 5.09
1747785231, 0, 692, 899, 894, 23, 8.54%, 163, 0, 3, 5.77
1747785241, 0, 693, 899, 894, 23, 8.54%, 163, 0, 3, 5.91
1747785252, 0, 695, 899, 894, 23, 8.54%, 163, 0, 3, 5.31
1747785257, 0, 696, 899, 894, 23, 8.54%, 163, 0, 3, 5.36
1747785272, 0, 697, 899, 894, 23, 8.54%, 163, 0, 3, 7.74
1747785278, 0, 700, 899, 894, 23, 8.54%, 163, 0, 3, 6.68
1747785289, 0, 701, 899, 894, 23, 8.54%, 164, 0, 3, 5.69
1747785299, 0, 702, 899, 894, 23, 8.54%, 164, 0, 3, 5.02
1747785304, 0, 703, 899, 894, 23, 8.54%, 164, 0, 3, 6.14
1747785309, 0, 703, 899, 894, 23, 8.54%, 165, 0, 3, 6.12
1747785314, 0, 705, 899, 894, 23, 8.54%, 165, 0, 3, 6.38
1747785325, 0, 706, 899, 894, 23, 8.54%, 165, 0, 3, 5.65
1747785336, 0, 707, 899, 894, 23, 8.54%, 165, 0, 3, 5.76
1747785341, 0, 707, 900, 895, 23, 8.54%, 165, 0, 3, 5.39
1747785357, 0, 708, 900, 895, 23, 8.54%, 165, 0, 3, 5.57
1747785367, 0, 709, 900, 895, 23, 8.54%, 165, 0, 3, 4.97
1747785377, 0, 710, 900, 895, 23, 8.54%, 165, 0, 3, 6.36
1747785388, 0, 711, 900, 895, 23, 8.54%, 165, 0, 3, 6.39
1747785393, 0, 713, 900, 895, 23, 8.54%, 165, 0, 3, 6.33
1747785404, 0, 714, 900, 895, 23, 8.54%, 165, 0, 3, 6.18
1747785414, 0, 715, 900, 895, 23, 8.54%, 165, 0, 3, 6.63
1747785420, 0, 718, 900, 895, 23, 8.54%, 165, 0, 3, 6.93
1747785425, 0, 718, 900, 895, 23, 8.54%, 166, 0, 3, 6.40
1747785430, 0, 719, 900, 895, 23, 8.54%, 167, 0, 3, 6.47
1747785435, 0, 721, 900, 895, 23, 8.54%, 167, 0, 3, 7.13
1747785445, 0, 722, 900, 895, 23, 8.54%, 167, 0, 3, 5.87
1747785456, 0, 724, 900, 895, 23, 8.54%, 167, 0, 3, 6.89
1747785461, 0, 725, 900, 895, 23, 8.54%, 167, 0, 3, 5.26
1747785471, 0, 728, 900, 895, 23, 8.54%, 167, 0, 3, 7.18
1747785481, 0, 729, 900, 895, 23, 8.54%, 167, 0, 3, 6.49
1747785487, 0, 730, 900, 895, 23, 8.54%, 167, 0, 3, 7.26
1747785498, 0, 731, 900, 895, 23, 8.54%, 167, 0, 3, 6.27
1747785508, 0, 733, 900, 895, 23, 8.54%, 168, 0, 3, 4.87
1747785518, 0, 734, 900, 895, 23, 8.54%, 168, 0, 3, 5.36
1747785524, 0, 734, 900, 895, 23, 8.54%, 170, 0, 3, 5.68
1747785529, 0, 735, 900, 895, 23, 8.54%, 171, 0, 3, 5.45
1747785539, 0, 736, 900, 895, 23, 8.54%, 171, 0, 3, 5.88
1747785549, 0, 737, 900, 895, 23, 8.54%, 171, 0, 3, 5.83
1747785555, 0, 737, 900, 895, 23, 8.54%, 172, 0, 3, 5.29
1747785560, 0, 738, 900, 895, 23, 8.54%, 172, 0, 3, 6.22
1747785570, 0, 739, 900, 895, 23, 8.54%, 173, 0, 3, 5.72
1747785575, 0, 739, 900, 895, 23, 8.54%, 174, 0, 3, 5.87
1747785581, 0, 740, 900, 895, 23, 8.54%, 174, 0, 3, 6.08
1747785586, 0, 741, 900, 895, 23, 8.54%, 174, 0, 3, 6.19
1747785591, 0, 741, 900, 895, 23, 8.54%, 175, 0, 3, 4.82
1747785596, 0, 742, 900, 895, 23, 8.54%, 175, 0, 3, 5.05
1747785607, 0, 743, 900, 895, 23, 8.54%, 175, 0, 3, 6.46
1747785612, 0, 744, 900, 895, 23, 8.54%, 175, 0, 3, 6.29
1747785622, 0, 745, 900, 895, 23, 8.54%, 175, 0, 3, 5.26
1747785628, 0, 745, 900, 895, 23, 8.54%, 176, 0, 3, 4.99
1747785633, 0, 746, 900, 895, 23, 8.54%, 176, 0, 3, 5.12
1747785643, 0, 746, 901, 896, 23, 8.54%, 176, 0, 3, 3.84
1747785705, 0, 746, 902, 897, 23, 8.54%, 176, 0, 3, 2.60
1747785990, 0, 746, 903, 898, 23, 8.54%, 176, 0, 3, 3.61
1747786212, 0, 746, 904, 899, 23, 8.54%, 176, 0, 3, 3.28
1747786362, 0, 746, 905, 900, 23, 8.54%, 176, 0, 3, 2.91
1747787457, 0, 746, 906, 901, 23, 8.54%, 176, 0, 3, 2.79
1747787582, 0, 746, 907, 902, 23, 8.54%, 176, 0, 3, 2.55
1747787598, 0, 746, 908, 903, 23, 8.54%, 176, 0, 3, 2.39
1747787645, 0, 747, 908, 902, 23, 8.54%, 176, 0, 3, 5.86
1747788583, 0, 747, 909, 903, 23, 8.54%, 176, 0, 3, 2.12
1747789120, 0, 747, 910, 904, 23, 8.54%, 176, 0, 3, 2.24
1747789867, 0, 748, 910, 903, 23, 8.54%, 176, 0, 3, 6.22
1747789877, 0, 749, 910, 903, 23, 8.54%, 176, 0, 3, 5.94
1747789888, 0, 750, 910, 903, 23, 8.54%, 176, 0, 3, 5.90
1747789898, 0, 752, 910, 903, 23, 8.54%, 176, 0, 3, 5.85
1747789903, 0, 753, 910, 903, 23, 8.54%, 176, 0, 3, 6.49
1747789914, 0, 754, 910, 903, 23, 8.54%, 176, 0, 3, 7.24
1747789919, 0, 755, 910, 903, 23, 8.54%, 176, 0, 3, 6.82
1747789929, 0, 756, 910, 903, 23, 8.54%, 176, 0, 3, 5.33
1747789940, 0, 757, 910, 903, 23, 8.54%, 176, 0, 3, 5.61
1747789950, 0, 758, 910, 903, 23, 8.54%, 176, 0, 3, 5.94
1747789961, 0, 759, 910, 903, 23, 8.54%, 176, 0, 3, 5.93
1747789966, 0, 759, 910, 903, 23, 8.54%, 177, 0, 3, 5.34
1747789971, 0, 761, 910, 903, 23, 8.54%, 178, 0, 3, 4.77
1747789982, 0, 762, 910, 903, 23, 8.54%, 178, 0, 3, 5.88
1747789992, 0, 763, 910, 903, 23, 8.54%, 178, 0, 3, 5.18
1747790002, 0, 765, 910, 903, 23, 8.54%, 179, 0, 3, 5.42
1747790013, 0, 766, 910, 903, 23, 8.54%, 179, 0, 3, 5.65
1747790023, 0, 767, 910, 903, 23, 8.54%, 179, 0, 3, 5.34
1747790034, 0, 768, 910, 903, 23, 8.54%, 179, 0, 3, 5.84
1747790044, 0, 769, 910, 903, 23, 8.54%, 179, 0, 3, 5.81
1747790049, 0, 771, 910, 903, 23, 8.54%, 179, 0, 3, 5.72
1747790054, 0, 771, 910, 903, 23, 8.54%, 180, 0, 3, 5.80
1747790059, 0, 773, 910, 903, 23, 8.54%, 180, 0, 3, 5.06
1747790070, 0, 774, 910, 903, 23, 8.54%, 180, 0, 3, 5.81
1747790081, 0, 775, 910, 903, 23, 8.54%, 180, 0, 3, 5.19
1747790091, 0, 777, 910, 903, 23, 8.54%, 180, 0, 3, 5.34
1747790101, 0, 778, 910, 903, 23, 8.54%, 180, 0, 3, 5.41
1747790112, 0, 781, 910, 903, 23, 8.54%, 180, 0, 3, 5.99
1747790117, 0, 781, 910, 903, 23, 8.54%, 181, 0, 3, 4.86
1747790123, 0, 782, 910, 903, 23, 8.54%, 182, 0, 3, 4.20
1747790133, 0, 783, 910, 903, 23, 8.54%, 182, 0, 3, 4.56
1747790144, 0, 784, 910, 903, 23, 8.54%, 182, 0, 3, 6.72
1747790149, 0, 786, 910, 903, 23, 8.54%, 182, 0, 3, 5.75
1747790160, 0, 787, 910, 903, 23, 8.54%, 182, 0, 3, 5.49
1747790175, 0, 790, 910, 903, 23, 8.54%, 183, 0, 3, 6.22
1747790180, 0, 790, 910, 903, 23, 8.54%, 184, 0, 3, 5.50
1747790185, 0, 791, 910, 903, 23, 8.54%, 184, 0, 3, 5.44
1747790196, 0, 792, 910, 903, 23, 8.54%, 184, 0, 3, 5.01
1747790201, 0, 793, 910, 903, 23, 8.54%, 184, 0, 3, 5.69
1747790211, 0, 794, 910, 903, 23, 8.54%, 184, 0, 3, 5.62
1747790222, 0, 795, 910, 903, 23, 8.54%, 184, 0, 3, 6.17
1747790227, 0, 795, 911, 904, 23, 8.54%, 184, 0, 3, 5.58
1747790243, 0, 797, 911, 904, 23, 8.54%, 184, 0, 3, 5.57
1747790253, 0, 798, 911, 904, 23, 8.54%, 184, 0, 3, 5.51
1747790263, 0, 799, 911, 904, 23, 8.54%, 184, 0, 3, 5.37
1747790274, 0, 802, 911, 904, 23, 8.54%, 184, 0, 3, 5.37
1747790290, 0, 803, 911, 904, 23, 8.54%, 184, 0, 3, 4.75
1747790300, 0, 805, 911, 904, 23, 8.54%, 184, 0, 3, 5.61
1747790310, 0, 806, 911, 904, 23, 8.54%, 184, 0, 3, 5.35
1747790321, 0, 807, 911, 904, 23, 8.54%, 184, 0, 3, 5.13
1747790332, 0, 810, 911, 904, 23, 8.54%, 184, 0, 3, 5.14
1747790337, 0, 810, 912, 905, 23, 8.54%, 184, 0, 3, 6.00
1747790347, 0, 810, 913, 906, 23, 8.54%, 184, 0, 3, 4.56
1747790363, 0, 810, 913, 906, 23, 8.54%, 185, 0, 3, 4.51
1747790368, 0, 810, 913, 906, 23, 8.54%, 186, 0, 3, 4.61
1747790378, 0, 811, 913, 906, 23, 8.54%, 187, 0, 3, 4.88
1747790389, 0, 812, 913, 906, 23, 8.54%, 187, 0, 3, 5.91
1747790394, 0, 812, 914, 907, 23, 8.54%, 187, 0, 3, 4.50
1747790415, 0, 813, 914, 907, 23, 8.54%, 187, 0, 3, 4.46
1747790420, 0, 814, 914, 907, 23, 8.54%, 187, 0, 3, 5.96
1747790430, 0, 815, 914, 907, 23, 8.54%, 187, 0, 3, 5.56
1747790441, 0, 816, 914, 907, 23, 8.54%, 187, 0, 3, 5.69
1747790446, 0, 816, 914, 907, 23, 8.54%, 189, 0, 3, 5.72
1747790451, 0, 817, 914, 907, 23, 8.54%, 190, 0, 3, 5.69
1747790461, 0, 818, 914, 907, 23, 8.54%, 190, 0, 3, 5.12
1747790471, 0, 819, 914, 907, 23, 8.54%, 190, 0, 3, 5.11
1747790482, 0, 820, 914, 907, 23, 8.54%, 190, 0, 3, 4.77
1747790492, 0, 822, 914, 907, 23, 8.54%, 190, 0, 3, 5.67
1747790502, 0, 823, 914, 907, 23, 8.54%, 191, 0, 3, 6.82
1747790508, 0, 824, 914, 907, 23, 8.54%, 191, 0, 3, 6.21
1747790518, 0, 826, 914, 907, 23, 8.54%, 192, 0, 3, 5.05
1747790523, 0, 826, 914, 907, 23, 8.54%, 193, 0, 3, 5.35
1747790528, 0, 827, 914, 907, 23, 8.54%, 193, 0, 3, 6.97
1747790539, 0, 828, 914, 907, 23, 8.54%, 193, 0, 3, 6.34
1747790544, 0, 829, 914, 907, 23, 8.54%, 193, 0, 3, 7.09
1747790554, 0, 830, 914, 907, 23, 8.54%, 193, 0, 3, 5.98
1747790559, 0, 831, 914, 907, 23, 8.54%, 193, 0, 3, 6.67
1747790575, 0, 832, 914, 907, 23, 8.54%, 193, 0, 3, 4.62
1747790585, 0, 833, 914, 907, 23, 8.54%, 193, 0, 3, 6.22
1747790591, 0, 834, 914, 907, 23, 8.54%, 193, 0, 3, 5.99
1747790596, 0, 834, 914, 907, 23, 8.54%, 194, 0, 3, 5.88
1747790601, 0, 835, 914, 907, 23, 8.54%, 194, 0, 3, 5.91
1747790611, 0, 835, 915, 908, 23, 8.54%, 194, 0, 3, 4.58
1747790617, 0, 835, 915, 908, 23, 8.54%, 195, 0, 3, 6.17
1747790622, 0, 836, 915, 908, 23, 8.54%, 196, 0, 3, 6.05
1747790632, 0, 838, 915, 908, 23, 8.54%, 196, 0, 3, 5.34
1747790643, 0, 839, 915, 908, 23, 8.54%, 198, 0, 3, 4.70
1747790653, 0, 841, 915, 908, 23, 8.54%, 198, 0, 3, 4.61
1747790663, 0, 842, 915, 908, 23, 8.54%, 198, 0, 3, 6.53
1747790668, 0, 842, 915, 908, 23, 8.54%, 199, 0, 3, 6.58
1747790674, 0, 843, 915, 908, 23, 8.54%, 199, 0, 3, 6.72
1747790684, 0, 847, 915, 908, 23, 8.54%, 199, 0, 3, 6.94
1747790689, 0, 848, 915, 908, 23, 8.54%, 199, 0, 3, 6.54
1747790699, 0, 849, 916, 909, 23, 8.54%, 199, 0, 4, 7.22
1747790704, 0, 849, 918, 911, 23, 8.54%, 199, 0, 4, 5.36
1747790710, 0, 849, 920, 913, 23, 8.54%, 199, 0, 4, 4.89
1747790730, 0, 849, 921, 914, 23, 8.54%, 199, 0, 4, 4.91
1747790745, 0, 849, 922, 915, 23, 8.54%, 199, 0, 4, 4.90
1747790756, 0, 849, 923, 916, 23, 8.54%, 199, 0, 4, 4.97
1747790776, 0, 849, 925, 918, 23, 8.54%, 199, 0, 4, 5.17
1747790807, 0, 849, 926, 919, 23, 8.54%, 199, 0, 4, 4.25
1747790883, 0, 849, 927, 920, 23, 8.54%, 199, 0, 4, 4.19
1747790914, 0, 849, 928, 921, 23, 8.54%, 199, 0, 4, 5.52
1747790920, 0, 849, 930, 923, 23, 8.54%, 199, 0, 4, 5.58
1747790925, 0, 849, 931, 924, 23, 8.54%, 199, 0, 4, 10.27
1747790940, 0, 849, 933, 926, 23, 8.54%, 199, 0, 4, 5.53
1747790950, 0, 849, 936, 929, 23, 8.54%, 199, 0, 4, 5.20
1747790961, 0, 849, 937, 930, 23, 8.54%, 199, 0, 4, 5.17
1747790966, 0, 849, 938, 931, 23, 8.54%, 199, 0, 4, 6.41
1747790997, 0, 849, 939, 932, 23, 8.54%, 199, 0, 4, 6.16
1747791002, 0, 849, 940, 933, 23, 8.54%, 199, 0, 4, 5.54
1747791007, 0, 849, 943, 936, 23, 8.54%, 199, 0, 4, 8.07
1747791018, 0, 849, 944, 937, 23, 8.54%, 199, 0, 4, 7.00
1747791033, 0, 849, 945, 938, 23, 8.54%, 199, 0, 4, 6.95
1747791038, 0, 849, 946, 939, 23, 8.54%, 199, 0, 4, 7.29
1747791043, 0, 849, 948, 941, 23, 8.54%, 199, 0, 4, 6.24
1747791059, 0, 849, 949, 942, 23, 8.54%, 199, 0, 4, 7.89
1747791079, 0, 849, 950, 943, 23, 8.54%, 199, 0, 4, 8.01
1747791126, 0, 849, 951, 944, 23, 8.54%, 199, 0, 4, 7.28
1747791162, 0, 849, 952, 945, 23, 8.54%, 199, 0, 4, 8.52
1747791177, 0, 849, 953, 946, 23, 8.54%, 199, 0, 4, 8.47
1747791193, 0, 849, 954, 947, 23, 8.54%, 199, 0, 4, 7.02
1747791198, 0, 849, 955, 948, 23, 8.54%, 199, 0, 4, 7.79
1747791245, 0, 849, 956, 949, 23, 8.54%, 199, 0, 4, 8.72
1747791286, 0, 849, 957, 950, 23, 8.54%, 199, 0, 4, 7.18
1747791328, 0, 849, 958, 951, 23, 8.54%, 199, 0, 4, 7.99
1747791333, 0, 849, 960, 953, 23, 8.54%, 199, 0, 4, 6.28
1747791358, 0, 849, 961, 954, 23, 8.54%, 199, 0, 4, 7.93
1747791384, 0, 849, 962, 955, 23, 8.54%, 199, 0, 4, 8.41
1747791389, 0, 849, 963, 956, 23, 8.54%, 199, 0, 4, 6.57
1747791420, 0, 849, 964, 957, 23, 8.54%, 199, 0, 4, 6.59
1747791508, 0, 849, 965, 958, 23, 8.54%, 199, 0, 4, 8.74
1747791581, 0, 849, 966, 959, 23, 8.54%, 199, 0, 4, 9.84
1747791752, 0, 850, 966, 958, 24, 8.54%, 199, 0, 4, 8.46
1747791762, 0, 853, 966, 958, 24, 8.54%, 199, 0, 4, 5.65
1747791772, 0, 854, 966, 958, 24, 8.54%, 200, 0, 4, 4.60
1747791783, 0, 855, 966, 958, 24, 8.54%, 200, 0, 4, 6.30
1747791788, 0, 856, 966, 958, 24, 8.54%, 200, 0, 4, 6.45
1747791798, 0, 857, 966, 958, 24, 8.54%, 200, 0, 4, 6.10
1747791809, 0, 858, 966, 958, 24, 8.54%, 200, 0, 4, 6.81
1747791814, 0, 859, 966, 958, 24, 8.54%, 200, 0, 4, 6.31
1747791825, 0, 861, 966, 958, 24, 8.54%, 202, 0, 4, 5.58
1747791835, 0, 862, 966, 958, 24, 8.54%, 202, 0, 4, 6.52
1747791846, 0, 863, 966, 958, 24, 8.54%, 202, 0, 4, 5.04
1747791856, 0, 865, 966, 958, 24, 8.54%, 202, 0, 4, 5.32
1747791861, 0, 865, 966, 958, 24, 8.54%, 203, 0, 4, 4.79
1747791866, 0, 866, 966, 958, 24, 8.54%, 203, 0, 4, 5.79
1747791871, 0, 866, 966, 958, 24, 8.54%, 204, 0, 4, 5.61
1747791876, 0, 867, 966, 958, 24, 8.54%, 205, 0, 4, 4.25
1747791913, 0, 867, 967, 959, 24, 8.54%, 205, 0, 4, 2.87
1747791975, 0, 867, 968, 960, 24, 8.54%, 205, 0, 4, 2.93
1747792001, 0, 867, 968, 960, 24, 8.54%, 206, 0, 4, 19.23
1747792182, 0, 867, 969, 961, 24, 8.54%, 206, 0, 4, 2.90
1747792187, 0, 867, 969, 961, 24, 8.54%, 207, 0, 4, 2.87
1747792213, 0, 867, 969, 961, 24, 8.54%, 208, 0, 4, 5.17
1747792852, 0, 867, 970, 962, 24, 8.54%, 208, 0, 4, 2.81
1747792858, 0, 867, 972, 964, 24, 8.54%, 208, 0, 4, 2.81
1747792868, 0, 867, 973, 965, 24, 8.54%, 208, 0, 4, 2.80
1747792873, 0, 867, 974, 966, 24, 8.54%, 208, 0, 4, 2.81
1747793669, 0, 867, 974, 966, 24, 8.54%, 209, 0, 4, 1.76
1747793680, 0, 867, 974, 966, 24, 8.54%, 210, 0, 4, 1.71
1747793685, 0, 867, 974, 966, 24, 8.54%, 211, 0, 4, 1.70
1747794359, 0, 867, 974, 966, 24, 8.54%, 212, 0, 4, 1.82
1747794417, 0, 868, 974, 965, 23, 8.54%, 212, 0, 4, 7.26
1747794422, 0, 869, 974, 965, 23, 8.54%, 212, 0, 4, 5.95
1747794433, 0, 870, 974, 965, 23, 8.54%, 212, 0, 4, 6.54
1747794438, 0, 870, 974, 965, 23, 8.54%, 213, 0, 4, 4.99
1747794443, 0, 873, 974, 965, 23, 8.54%, 213, 0, 4, 5.84
1747794454, 0, 874, 974, 965, 23, 8.54%, 213, 0, 4, 5.82
1747794459, 0, 875, 974, 965, 23, 8.54%, 213, 0, 4, 6.52
1747794464, 0, 875, 974, 965, 23, 8.54%, 214, 0, 4, 5.35
1747794470, 0, 876, 974, 965, 23, 8.54%, 214, 0, 4, 5.23
1747794480, 0, 877, 974, 965, 23, 8.54%, 214, 0, 4, 5.65
1747794490, 0, 878, 974, 965, 23, 8.54%, 214, 0, 4, 5.72
1747794501, 0, 879, 975, 966, 23, 8.54%, 214, 0, 4, 5.31
1747794517, 0, 879, 975, 966, 23, 8.54%, 215, 0, 4, 4.22
1747794527, 0, 883, 975, 966, 23, 8.54%, 215, 0, 4, 4.94
1747794537, 0, 884, 975, 966, 23, 8.54%, 215, 0, 4, 5.17
1747794542, 0, 885, 975, 966, 23, 8.54%, 215, 0, 4, 5.63
1747794553, 0, 886, 975, 966, 23, 8.54%, 215, 0, 4, 5.26
1747794568, 0, 887, 975, 966, 23, 8.54%, 215, 0, 4, 5.34
1747794574, 0, 888, 975, 966, 23, 8.54%, 215, 0, 4, 5.92
1747794584, 0, 889, 975, 966, 23, 8.54%, 215, 0, 4, 7.18
1747794594, 0, 890, 975, 966, 23, 8.54%, 215, 0, 4, 6.33
1747794599, 0, 890, 975, 966, 23, 8.54%, 216, 0, 4, 5.87
1747794604, 0, 891, 975, 966, 23, 8.54%, 216, 0, 4, 6.15
1747794610, 0, 892, 975, 966, 23, 8.54%, 216, 0, 4, 5.47
1747794620, 0, 893, 975, 966, 23, 8.54%, 216, 0, 4, 6.04
1747794630, 0, 894, 975, 966, 23, 8.54%, 216, 0, 4, 5.60
1747794640, 0, 895, 975, 966, 23, 8.54%, 216, 0, 4, 5.86
1747794645, 0, 896, 975, 966, 23, 8.54%, 216, 0, 4, 7.24
1747794656, 0, 897, 975, 966, 23, 8.54%, 216, 0, 4, 6.59
1747794661, 0, 897, 976, 967, 23, 8.54%, 216, 0, 4, 5.59
1747794677, 0, 898, 976, 967, 23, 8.54%, 216, 0, 4, 6.34
1747794687, 0, 899, 976, 967, 23, 8.54%, 216, 0, 4, 5.82
1747794697, 0, 903, 976, 967, 23, 8.54%, 216, 0, 4, 6.37
1747794703, 0, 904, 976, 967, 23, 8.54%, 216, 0, 4, 5.85
1747794713, 0, 906, 976, 967, 23, 8.54%, 217, 0, 4, 6.05
1747794723, 0, 907, 976, 967, 23, 8.54%, 217, 0, 4, 5.45
1747794733, 0, 909, 976, 967, 23, 8.54%, 217, 0, 4, 5.92
1747794738, 0, 910, 976, 967, 23, 8.54%, 217, 0, 4, 6.38
1747794749, 0, 912, 976, 967, 23, 8.54%, 217, 0, 4, 5.70
1747794754, 0, 913, 976, 967, 23, 8.54%, 217, 0, 4, 6.10
1747794770, 0, 914, 976, 967, 23, 8.54%, 217, 0, 4, 5.21
1747794780, 0, 915, 976, 967, 23, 8.54%, 217, 0, 4, 4.35
1747794791, 0, 916, 976, 967, 23, 8.54%, 217, 0, 4, 4.80
1747794801, 0, 918, 976, 967, 23, 8.54%, 217, 0, 4, 5.90
1747794806, 0, 919, 976, 967, 23, 8.54%, 217, 0, 4, 6.38
1747794816, 0, 920, 976, 967, 23, 8.54%, 217, 0, 4, 5.47
1747794822, 0, 920, 976, 967, 23, 8.54%, 218, 0, 4, 5.07
1747794827, 0, 921, 976, 967, 23, 8.54%, 218, 0, 4, 5.26
1747794837, 0, 922, 976, 967, 23, 8.54%, 218, 0, 4, 6.32
1747794847, 0, 923, 976, 967, 23, 8.54%, 218, 0, 4, 6.35
1747794858, 0, 924, 976, 967, 23, 8.54%, 218, 0, 4, 5.80
1747794863, 0, 925, 976, 967, 23, 8.54%, 218, 0, 4, 5.93
1747794874, 0, 926, 976, 967, 23, 8.54%, 219, 0, 4, 5.43
1747794884, 0, 927, 976, 967, 23, 8.54%, 219, 0, 4, 6.01
1747794895, 0, 928, 976, 967, 23, 8.54%, 219, 0, 4, 5.90
1747794900, 0, 929, 976, 967, 23, 8.54%, 220, 0, 4, 5.63
1747794910, 0, 930, 976, 967, 23, 8.54%, 220, 0, 4, 5.47
1747794920, 0, 931, 976, 967, 23, 8.54%, 220, 0, 4, 7.38
1747794930, 0, 933, 976, 967, 23, 8.54%, 220, 0, 4, 6.32
1747794936, 0, 934, 976, 967, 23, 8.54%, 220, 0, 4, 6.90
1747794946, 0, 935, 976, 967, 23, 8.54%, 220, 0, 4, 6.39
1747794956, 0, 936, 976, 967, 23, 8.54%, 220, 0, 4, 5.15
1747794966, 0, 938, 976, 967, 23, 8.54%, 220, 0, 4, 6.17
1747794976, 0, 940, 976, 967, 23, 8.54%, 220, 0, 4, 6.42
1747794987, 0, 941, 976, 967, 23, 8.54%, 220, 0, 4, 6.72
1747794992, 0, 942, 976, 967, 23, 8.54%, 221, 0, 4, 6.00
1747795002, 0, 943, 976, 967, 23, 8.54%, 221, 0, 4, 6.68
1747795007, 0, 944, 976, 967, 23, 8.54%, 221, 0, 4, 7.16
1747795018, 0, 945, 976, 967, 23, 8.54%, 221, 0, 4, 5.86
1747795028, 0, 946, 976, 967, 23, 8.54%, 221, 0, 4, 5.82
1747795039, 0, 948, 976, 967, 23, 8.54%, 221, 0, 4, 5.98
1747795044, 0, 949, 976, 967, 23, 8.54%, 221, 0, 4, 6.58
1747795055, 0, 952, 976, 967, 23, 8.54%, 221, 0, 4, 4.77
1747795065, 0, 953, 976, 967, 23, 8.54%, 221, 0, 4, 5.74
1747795075, 0, 954, 976, 967, 23, 8.54%, 221, 0, 4, 5.18
1747795086, 0, 955, 976, 967, 23, 8.54%, 221, 0, 4, 6.46
1747795091, 0, 956, 976, 967, 23, 8.54%, 221, 0, 4, 6.05
1747795101, 0, 958, 976, 967, 23, 8.54%, 221, 0, 4, 5.83
1747795111, 0, 959, 976, 967, 23, 8.54%, 221, 0, 4, 6.96
1747795385, 0, 959, 977, 968, 23, 8.54%, 221, 0, 5, 12.33
1747795493, 0, 960, 977, 967, 23, 8.54%, 221, 0, 5, 7.93
1747795503, 0, 962, 977, 967, 23, 8.54%, 222, 0, 5, 7.62
1747795513, 0, 963, 977, 967, 23, 8.54%, 222, 0, 5, 5.47
1747795524, 0, 965, 977, 967, 23, 8.54%, 222, 0, 5, 6.24
1747795529, 0, 966, 977, 967, 23, 8.54%, 222, 0, 5, 5.83
1747795540, 0, 967, 977, 967, 23, 8.54%, 222, 0, 5, 5.24
1747795550, 0, 968, 977, 967, 23, 8.54%, 222, 0, 5, 5.57
1747795561, 0, 969, 977, 967, 23, 8.54%, 222, 0, 5, 6.10
1747795566, 0, 969, 977, 967, 23, 8.54%, 223, 0, 5, 4.70
1747795571, 0, 970, 977, 967, 23, 8.54%, 223, 0, 5, 4.95
1747795582, 0, 972, 977, 967, 23, 8.54%, 223, 0, 5, 5.83
1747795587, 0, 972, 977, 967, 23, 8.54%, 224, 0, 5, 5.38
1747795592, 0, 974, 977, 967, 23, 8.54%, 224, 0, 5, 5.55
1747795602, 0, 975, 977, 967, 23, 8.54%, 224, 0, 5, 4.99
1747795612, 0, 976, 977, 967, 23, 8.54%, 224, 0, 5, 7.98
1747795710, 0, 976, 978, 968, 23, 8.54%, 224, 0, 6, 7.59
1747795838, 0, 976, 979, 969, 23, 8.54%, 224, 0, 6, 14.39
1747795849, 0, 976, 980, 970, 23, 8.54%, 224, 0, 6, 8.48
1747795854, 0, 976, 981, 971, 23, 8.54%, 224, 0, 6, 8.75
1747795926, 0, 977, 981, 970, 23, 8.54%, 224, 0, 6, 9.51
1747795937, 0, 978, 981, 970, 23, 8.54%, 224, 0, 6, 6.56
1747795947, 0, 979, 981, 970, 23, 8.54%, 225, 0, 6, 5.59
1747795952, 0, 980, 981, 970, 23, 8.54%, 225, 0, 6, 6.63
1747795963, 1, 0, 981, 970, 23, 8.54%, 225, 0, 6, 5.88
1747795974, 1, 1, 981, 970, 23, 8.54%, 225, 0, 6, 6.95
1747795979, 1, 2, 981, 970, 23, 8.54%, 225, 0, 6, 5.97
1747795994, 1, 3, 981, 970, 23, 8.54%, 225, 0, 6, 5.83
1747796000, 1, 4, 981, 970, 23, 8.54%, 225, 0, 6, 5.65
1747796010, 1, 5, 981, 970, 23, 8.54%, 225, 0, 6, 5.70
1747796020, 1, 6, 981, 970, 23, 8.54%, 225, 0, 6, 5.17
1747796031, 1, 8, 981, 970, 23, 8.54%, 225, 0, 6, 5.06
1747796041, 1, 9, 981, 970, 23, 8.54%, 225, 0, 6, 5.07
1747796051, 1, 10, 981, 970, 23, 8.54%, 225, 0, 6, 5.57
1747796056, 1, 11, 981, 970, 23, 8.54%, 225, 0, 6, 5.69
1747796067, 1, 12, 981, 970, 23, 8.54%, 225, 0, 6, 5.47
1747796077, 1, 14, 981, 970, 23, 8.54%, 225, 0, 6, 6.95
1747796082, 1, 14, 982, 971, 23, 8.54%, 225, 0, 6, 7.89
1747796098, 1, 16, 982, 971, 23, 8.54%, 225, 0, 6, 7.76
1747796103, 1, 17, 982, 971, 23, 8.54%, 225, 0, 6, 6.30
1747796108, 1, 17, 982, 971, 23, 8.54%, 226, 0, 6, 6.80
1747796113, 1, 20, 982, 971, 23, 8.54%, 227, 0, 6, 6.91
1747796119, 1, 20, 982, 971, 23, 8.54%, 228, 0, 6, 6.05
1747796124, 1, 21, 982, 971, 23, 8.54%, 228, 0, 6, 5.51
1747796134, 1, 22, 982, 971, 23, 8.54%, 228, 0, 6, 6.68
1747796139, 1, 22, 983, 972, 23, 8.54%, 228, 0, 6, 5.58
1747796155, 1, 23, 983, 972, 23, 8.54%, 228, 0, 6, 5.76
1747796165, 1, 24, 983, 972, 23, 8.54%, 229, 0, 6, 6.42
1747796176, 1, 25, 983, 972, 23, 8.54%, 230, 0, 6, 5.57
1747796186, 1, 27, 983, 972, 23, 8.54%, 230, 0, 6, 6.43
1747796191, 1, 28, 983, 972, 23, 8.54%, 230, 0, 6, 5.96
1747796202, 1, 30, 983, 972, 23, 8.54%, 230, 0, 6, 5.53
1747796207, 1, 32, 983, 972, 23, 8.54%, 230, 0, 6, 7.03
1747796218, 1, 33, 983, 972, 23, 8.54%, 230, 0, 6, 6.19
1747796228, 1, 34, 983, 972, 23, 8.54%, 230, 0, 6, 6.33
1747796238, 1, 35, 983, 972, 23, 8.54%, 230, 0, 6, 6.66
1747796244, 1, 40, 983, 972, 23, 8.54%, 230, 0, 6, 6.45
1747796254, 1, 41, 983, 972, 23, 8.54%, 230, 0, 6, 6.62
1747796259, 1, 42, 983, 972, 23, 8.54%, 230, 0, 6, 6.75
1747796274, 1, 43, 983, 972, 23, 8.54%, 230, 0, 6, 6.27
1747796285, 1, 45, 983, 972, 23, 8.54%, 230, 0, 6, 6.08
1747796290, 1, 46, 983, 972, 23, 8.54%, 230, 0, 6, 5.58
1747796300, 1, 47, 983, 972, 23, 8.54%, 230, 0, 6, 5.72
1747796310, 1, 48, 983, 972, 23, 8.54%, 230, 0, 6, 5.56
1747796321, 1, 49, 983, 972, 23, 8.54%, 230, 0, 6, 6.49
1747796326, 1, 50, 983, 972, 23, 8.54%, 230, 0, 6, 6.91
1747796336, 1, 51, 983, 972, 23, 8.54%, 230, 0, 6, 5.99
1747796341, 1, 51, 983, 972, 23, 8.54%, 231, 0, 6, 6.11
1747796347, 1, 53, 983, 972, 23, 8.54%, 231, 0, 6, 5.57
1747796352, 1, 53, 983, 972, 23, 8.54%, 232, 0, 6, 6.27
1747796357, 1, 54, 983, 972, 23, 8.54%, 232, 0, 6, 5.96
1747796368, 1, 55, 983, 972, 23, 8.54%, 233, 0, 6, 5.55
1747796378, 1, 56, 983, 972, 23, 8.54%, 233, 0, 6, 5.51
1747796383, 1, 57, 983, 972, 23, 8.54%, 233, 0, 6, 6.06
1747796393, 1, 58, 983, 972, 23, 8.54%, 234, 0, 6, 6.13
1747796404, 1, 59, 983, 972, 23, 8.54%, 234, 0, 6, 5.76
1747796414, 1, 63, 983, 972, 23, 8.54%, 234, 0, 6, 6.52
1747796419, 1, 64, 983, 972, 23, 8.54%, 234, 0, 6, 7.01
1747796430, 1, 64, 983, 972, 23, 8.54%, 235, 0, 6, 4.88
1747796435, 1, 65, 983, 972, 23, 8.54%, 235, 0, 6, 4.96
1747796445, 1, 66, 983, 972, 23, 8.54%, 235, 0, 6, 6.66
1747796450, 1, 67, 983, 972, 23, 8.54%, 235, 0, 6, 6.21
1747796461, 1, 68, 983, 972, 23, 8.54%, 235, 0, 6, 5.82
1747796471, 1, 69, 983, 972, 23, 8.54%, 235, 0, 6, 7.05
1747796481, 1, 70, 983, 972, 23, 8.54%, 235, 0, 6, 1.80
1747796486, 1, 71, 983, 972, 23, 8.54%, 235, 0, 6, 3.66
1747796496, 1, 73, 983, 972, 23, 8.54%, 235, 0, 6, 5.68
1747796507, 1, 74, 983, 972, 23, 8.54%, 235, 0, 6, 5.26
1747796518, 1, 75, 983, 972, 23, 8.54%, 236, 0, 6, 5.83
1747796528, 1, 76, 983, 972, 23, 8.54%, 236, 0, 6, 5.17
1747796533, 1, 76, 983, 972, 23, 8.54%, 237, 0, 6, 5.37
1747796538, 1, 77, 983, 972, 23, 8.54%, 237, 0, 6, 6.66
1747796543, 1, 78, 983, 972, 23, 8.54%, 237, 0, 6, 5.28
1747796559, 1, 79, 983, 972, 23, 8.54%, 237, 0, 6, 6.59
1747796564, 1, 81, 983, 972, 23, 8.54%, 237, 0, 6, 6.00
1747796569, 1, 81, 983, 972, 23, 8.54%, 238, 0, 6, 6.42
1747796574, 1, 82, 983, 972, 23, 8.54%, 238, 0, 6, 5.83
1747796580, 1, 83, 983, 972, 23, 8.54%, 238, 0, 6, 6.57
1747796590, 1, 84, 983, 972, 23, 8.54%, 238, 0, 6, 5.92
1747796600, 1, 86, 983, 972, 23, 8.54%, 238, 0, 6, 5.52
1747796611, 1, 87, 983, 972, 23, 8.54%, 238, 0, 6, 4.59
1747796621, 1, 89, 983, 972, 23, 8.54%, 238, 0, 6, 6.13
1747796627, 1, 90, 983, 972, 23, 8.54%, 238, 0, 6, 6.56
1747796637, 1, 91, 983, 972, 23, 8.54%, 239, 0, 6, 5.19
1747796647, 1, 92, 983, 972, 23, 8.54%, 239, 0, 6, 6.54
1747796657, 1, 93, 983, 972, 23, 8.54%, 239, 0, 6, 6.36
1747796668, 1, 94, 983, 972, 23, 8.54%, 239, 0, 6, 5.57
1747796673, 1, 95, 983, 972, 23, 8.54%, 239, 0, 6, 6.78
1747796683, 1, 96, 983, 972, 23, 8.54%, 239, 0, 6, 6.77
1747796694, 1, 97, 983, 972, 23, 8.54%, 239, 0, 6, 6.01
1747796699, 1, 97, 983, 972, 23, 8.54%, 240, 0, 6, 5.25
1747796704, 1, 98, 983, 972, 23, 8.54%, 240, 0, 6, 5.39
1747796710, 1, 100, 983, 972, 23, 8.54%, 240, 0, 6, 5.32
1747796720, 1, 101, 983, 972, 23, 8.54%, 240, 0, 6, 5.86
1747796730, 1, 102, 983, 972, 23, 8.54%, 240, 0, 6, 5.93
1747796740, 1, 103, 983, 972, 23, 8.54%, 241, 0, 6, 5.32
1747796751, 1, 104, 983, 972, 23, 8.54%, 241, 0, 6, 5.69
1747796761, 1, 106, 983, 972, 23, 8.54%, 241, 0, 6, 5.70
1747796772, 1, 108, 983, 972, 23, 8.54%, 241, 0, 6, 6.58
1747796777, 1, 110, 983, 972, 23, 8.54%, 241, 0, 6, 6.00
1747796787, 1, 111, 983, 972, 23, 8.54%, 241, 0, 6, 7.42
1747796798, 1, 112, 983, 972, 23, 8.54%, 241, 0, 6, 5.72
1747796803, 1, 113, 983, 972, 23, 8.54%, 241, 0, 6, 5.91
1747796813, 1, 114, 983, 972, 23, 8.54%, 241, 0, 6, 6.03
1747796818, 1, 114, 983, 972, 23, 8.54%, 242, 0, 6, 6.21
1747796823, 1, 115, 983, 972, 23, 8.54%, 242, 0, 6, 6.10
1747796833, 1, 116, 983, 972, 23, 8.54%, 243, 0, 6, 6.12
1747796844, 1, 119, 983, 972, 23, 8.54%, 244, 0, 6, 5.29
1747796854, 1, 120, 983, 972, 23, 8.54%, 244, 0, 6, 7.18
1747796859, 1, 121, 983, 972, 23, 8.54%, 244, 0, 6, 6.66
1747796870, 1, 122, 983, 972, 23, 8.54%, 244, 0, 6, 14.16
1747796905, 1, 123, 983, 971, 22, 8.54%, 244, 0, 6, 11.65
1747796916, 1, 124, 983, 971, 22, 8.54%, 244, 0, 6, 5.65
1747796921, 1, 125, 983, 971, 22, 8.54%, 244, 0, 6, 6.28
1747796932, 1, 126, 983, 971, 22, 8.54%, 244, 0, 6, 5.71
1747796942, 1, 127, 983, 971, 22, 8.54%, 244, 0, 6, 5.00
1747796952, 1, 128, 983, 971, 22, 8.54%, 244, 0, 6, 6.93
1747796957, 1, 129, 983, 971, 22, 8.54%, 244, 0, 6, 6.21
1747796968, 1, 130, 983, 971, 22, 8.54%, 245, 0, 6, 6.01
1747796978, 1, 131, 983, 971, 22, 8.54%, 245, 0, 6, 6.15
1747796984, 1, 132, 983, 971, 22, 8.54%, 245, 0, 6, 7.40
1747796994, 1, 133, 983, 971, 22, 8.54%, 245, 0, 6, 6.64
1747796999, 1, 134, 983, 971, 22, 8.54%, 245, 0, 6, 7.21
1747797009, 1, 135, 983, 971, 22, 8.54%, 245, 0, 6, 9.62
1747797015, 1, 137, 983, 971, 22, 8.54%, 245, 0, 6, 7.23
1747797025, 1, 138, 983, 971, 22, 8.54%, 245, 0, 6, 5.95
1747797035, 1, 139, 983, 971, 22, 8.54%, 245, 0, 6, 5.73
1747797046, 1, 140, 983, 971, 22, 8.54%, 245, 0, 6, 5.96
1747797056, 1, 141, 983, 971, 22, 8.54%, 245, 0, 6, 6.84
1747797061, 1, 142, 983, 971, 22, 8.54%, 245, 0, 6, 6.83
1747797071, 1, 144, 983, 971, 22, 8.54%, 245, 0, 6, 5.47
1747797077, 1, 145, 983, 971, 22, 8.54%, 245, 0, 6, 6.74
1747797087, 1, 146, 983, 971, 22, 8.54%, 245, 0, 6, 6.31
1747797098, 1, 147, 983, 971, 22, 8.54%, 245, 0, 6, 6.42
1747797103, 1, 147, 983, 971, 22, 8.54%, 246, 0, 6, 5.74
1747797108, 1, 148, 983, 971, 22, 8.54%, 246, 0, 6, 4.94
1747797113, 1, 148, 983, 971, 22, 8.54%, 247, 0, 6, 5.36
1747797118, 1, 149, 983, 971, 22, 8.54%, 247, 0, 6, 6.11
1747797124, 1, 151, 983, 971, 22, 8.54%, 247, 0, 6, 5.39
1747797134, 1, 152, 983, 971, 22, 8.54%, 247, 0, 6, 6.62
1747797139, 1, 154, 983, 971, 22, 8.54%, 247, 0, 6, 6.97
1747797150, 1, 155, 983, 971, 22, 8.54%, 247, 0, 6, 5.63
1747797160, 1, 156, 983, 971, 22, 8.54%, 247, 0, 6, 5.37
1747797171, 1, 157, 983, 971, 22, 8.54%, 247, 0, 6, 6.69
1747797181, 1, 159, 983, 971, 22, 8.54%, 247, 0, 6, 6.16
1747797186, 1, 160, 983, 971, 22, 8.54%, 247, 0, 6, 7.31
1747797197, 1, 162, 983, 971, 22, 8.54%, 247, 0, 6, 4.97
1747797207, 1, 164, 983, 971, 22, 8.54%, 248, 0, 6, 6.07
1747797217, 1, 165, 983, 971, 22, 8.54%, 248, 0, 6, 5.54
1747797227, 1, 166, 983, 971, 22, 8.54%, 248, 0, 6, 6.29
1747797233, 1, 167, 983, 971, 22, 8.54%, 248, 0, 6, 6.34
1747797243, 1, 168, 983, 971, 22, 8.54%, 248, 0, 6, 5.75
1747797253, 1, 169, 983, 971, 22, 8.54%, 248, 0, 6, 6.02
1747797264, 1, 171, 983, 971, 22, 8.54%, 248, 0, 6, 6.19
1747797269, 1, 173, 983, 971, 22, 8.54%, 248, 0, 6, 5.75
1747797279, 1, 174, 983, 971, 22, 8.54%, 248, 0, 6, 6.19
1747797290, 1, 175, 983, 971, 22, 8.54%, 248, 0, 6, 5.84
1747797295, 1, 176, 983, 971, 22, 8.54%, 248, 0, 6, 6.45
1747797305, 1, 179, 983, 971, 22, 8.54%, 249, 0, 6, 6.03
1747797316, 1, 180, 983, 971, 22, 8.54%, 249, 0, 6, 6.22
1747797326, 1, 181, 983, 971, 22, 8.54%, 249, 0, 6, 5.91
1747797336, 1, 182, 983, 971, 22, 8.54%, 249, 0, 6, 5.57
1747797341, 1, 183, 983, 971, 22, 8.54%, 249, 0, 6, 7.00
1747797351, 1, 184, 983, 971, 22, 8.54%, 249, 0, 6, 5.58
1747797362, 1, 185, 983, 971, 22, 8.54%, 249, 0, 6, 7.24
1747797367, 1, 186, 983, 971, 22, 8.54%, 249, 0, 6, 7.31
1747797377, 1, 188, 983, 971, 22, 8.54%, 249, 0, 6, 6.42
1747797383, 1, 189, 983, 971, 22, 8.54%, 249, 0, 6, 6.02
1747797398, 1, 191, 983, 971, 22, 8.54%, 249, 0, 6, 6.99
1747797403, 1, 192, 983, 971, 22, 8.54%, 249, 0, 6, 7.06
1747797413, 1, 193, 983, 971, 22, 8.54%, 249, 0, 6, 5.84
1747797424, 1, 194, 983, 971, 22, 8.54%, 249, 0, 6, 6.33
1747797429, 1, 196, 983, 971, 22, 8.54%, 249, 0, 6, 6.61
1747797440, 1, 198, 983, 971, 22, 8.54%, 249, 0, 6, 6.16
1747797445, 1, 199, 983, 971, 22, 8.54%, 249, 0, 6, 5.89
1747797455, 1, 200, 983, 971, 22, 8.54%, 249, 0, 6, 6.55
1747797461, 1, 201, 983, 971, 22, 8.54%, 249, 0, 6, 6.59
1747797471, 1, 202, 983, 971, 22, 8.54%, 250, 0, 6, 5.14
1747797481, 1, 203, 983, 971, 22, 8.54%, 250, 0, 6, 6.20
1747797492, 1, 204, 983, 971, 22, 8.54%, 250, 0, 6, 6.63
1747797497, 1, 205, 983, 971, 22, 8.54%, 250, 0, 6, 5.36
1747797507, 1, 206, 983, 971, 22, 8.54%, 250, 0, 6, 5.11
1747797518, 1, 208, 983, 971, 22, 8.54%, 250, 0, 6, 5.38
1747797528, 1, 209, 983, 971, 22, 8.54%, 250, 0, 6, 6.79
1747797533, 1, 209, 983, 971, 22, 8.54%, 251, 0, 6, 5.65
1747797538, 1, 211, 983, 971, 22, 8.54%, 251, 0, 6, 5.21
1747797549, 1, 212, 983, 971, 22, 8.54%, 251, 0, 6, 6.41
1747797554, 1, 215, 983, 971, 22, 8.54%, 251, 0, 6, 5.70
1747797565, 1, 216, 983, 971, 22, 8.54%, 251, 0, 6, 5.62
1747797570, 1, 216, 983, 971, 22, 8.54%, 252, 0, 6, 5.62
1747797575, 1, 217, 983, 971, 22, 8.54%, 252, 0, 6, 6.02
1747797585, 1, 218, 983, 971, 22, 8.54%, 253, 0, 6, 5.95
1747797590, 1, 219, 983, 971, 22, 8.54%, 253, 0, 6, 6.85
1747797601, 1, 220, 983, 971, 22, 8.54%, 253, 0, 6, 5.70
1747797611, 1, 221, 983, 971, 22, 8.54%, 253, 0, 6, 6.21
1747797622, 1, 222, 983, 971, 22, 8.54%, 253, 0, 6, 5.24
1747797627, 1, 223, 983, 971, 22, 8.54%, 253, 0, 6, 5.59
1747797637, 1, 224, 983, 971, 22, 8.54%, 253, 0, 6, 6.05
1747797643, 1, 224, 983, 971, 22, 8.54%, 254, 0, 6, 4.57
1747797653, 1, 225, 983, 971, 22, 8.54%, 254, 0, 6, 5.43
1747797658, 1, 226, 983, 971, 22, 8.54%, 254, 0, 6, 5.41
1747797669, 1, 227, 983, 971, 22, 8.54%, 254, 0, 6, 6.30
1747797679, 1, 228, 983, 971, 22, 8.54%, 254, 0, 6, 6.11
1747797684, 1, 230, 983, 971, 22, 8.54%, 254, 0, 6, 6.74
1747797695, 1, 231, 983, 971, 22, 8.54%, 254, 0, 6, 7.04
1747797700, 1, 232, 983, 971, 22, 8.54%, 254, 0, 6, 6.02
1747797711, 1, 233, 983, 971, 22, 8.54%, 254, 0, 6, 5.21
1747797721, 1, 235, 983, 971, 22, 8.54%, 254, 0, 6, 5.50
1747797726, 1, 236, 983, 971, 22, 8.54%, 254, 0, 6, 6.88
1747797737, 1, 239, 983, 971, 22, 8.54%, 254, 0, 6, 6.31
1747797747, 1, 240, 983, 971, 22, 8.54%, 254, 0, 6, 5.74
1747797758, 1, 242, 983, 971, 22, 8.54%, 254, 0, 6, 5.92
1747797763, 1, 243, 983, 971, 22, 8.54%, 254, 0, 6, 6.46
1747797774, 1, 244, 983, 971, 22, 8.54%, 254, 0, 6, 5.41
1747797784, 1, 245, 983, 971, 22, 8.54%, 254, 0, 6, 5.46
1747797795, 1, 246, 983, 971, 22, 8.54%, 254, 0, 6, 5.84
1747797800, 1, 248, 983, 971, 22, 8.54%, 254, 0, 6, 6.14
1747797811, 1, 249, 983, 971, 22, 8.54%, 254, 0, 6, 6.12
1747797816, 1, 250, 983, 971, 22, 8.54%, 254, 0, 6, 6.30
1747797827, 1, 254, 983, 971, 22, 8.54%, 254, 0, 6, 5.93
1747797837, 1, 255, 983, 971, 22, 8.54%, 254, 0, 6, 6.66
1747797843, 1, 256, 983, 971, 22, 8.54%, 254, 0, 6, 6.11
1747797853, 1, 257, 983, 971, 22, 8.54%, 254, 0, 6, 6.34
1747797863, 1, 258, 983, 971, 22, 8.54%, 254, 0, 6, 6.40
1747797874, 1, 259, 983, 971, 22, 8.54%, 254, 0, 6, 6.34
1747797879, 1, 261, 983, 971, 22, 8.54%, 254, 0, 6, 6.44
1747797889, 1, 263, 983, 971, 22, 8.54%, 254, 0, 6, 5.71
1747797899, 1, 264, 983, 971, 22, 8.54%, 254, 0, 6, 5.92
1747797910, 1, 267, 983, 971, 22, 8.54%, 254, 0, 6, 6.11
1747797920, 1, 268, 983, 971, 22, 8.54%, 254, 0, 6, 5.76
1747797925, 1, 269, 983, 971, 22, 8.54%, 254, 0, 6, 5.17
1747797941, 1, 271, 983, 971, 22, 8.54%, 254, 0, 6, 6.44
1747797946, 1, 272, 983, 971, 22, 8.54%, 254, 0, 6, 6.66
1747797951, 1, 273, 983, 971, 22, 8.54%, 254, 0, 6, 6.82
1747797956, 1, 273, 984, 972, 22, 8.55%, 254, 0, 6, 6.58
1747797972, 1, 274, 984, 972, 23, 8.55%, 254, 0, 6, 6.09
1747797982, 1, 275, 984, 972, 23, 8.55%, 254, 0, 6, 6.16
1747797987, 1, 276, 984, 972, 23, 8.55%, 254, 0, 6, 6.98
1747797997, 1, 277, 984, 972, 23, 8.55%, 254, 0, 6, 5.47
1747798008, 1, 279, 984, 972, 23, 8.55%, 254, 0, 6, 5.87
1747798018, 1, 280, 984, 972, 23, 8.55%, 254, 0, 6, 6.19
1747798029, 1, 282, 984, 972, 23, 8.55%, 254, 0, 6, 5.49
1747798034, 1, 283, 984, 972, 23, 8.55%, 254, 0, 6, 5.96
1747798044, 1, 284, 984, 972, 23, 8.55%, 254, 0, 6, 6.11
1747798049, 1, 285, 984, 972, 23, 8.55%, 254, 0, 6, 7.37
1747798060, 1, 286, 984, 972, 23, 8.55%, 254, 0, 6, 6.67
1747798070, 1, 287, 984, 972, 23, 8.55%, 254, 0, 6, 5.69
1747798075, 1, 288, 984, 972, 23, 8.55%, 254, 0, 6, 6.14
1747798086, 1, 289, 984, 972, 23, 8.55%, 254, 0, 6, 5.67
1747798096, 1, 290, 984, 972, 23, 8.55%, 254, 0, 6, 5.77
1747798106, 1, 292, 984, 972, 23, 8.55%, 254, 0, 6, 5.39
1747798111, 1, 292, 984, 972, 23, 8.55%, 255, 0, 6, 5.61
1747798117, 1, 293, 984, 972, 23, 8.55%, 256, 0, 6, 5.30
1747798127, 1, 295, 984, 972, 23, 8.55%, 256, 0, 6, 5.56
1747798137, 1, 297, 984, 972, 23, 8.55%, 256, 0, 6, 5.29
1747798143, 1, 298, 984, 972, 23, 8.55%, 256, 0, 6, 6.34
1747798153, 1, 299, 984, 972, 23, 8.55%, 256, 0, 6, 5.05
1747798158, 1, 299, 984, 972, 23, 8.55%, 257, 0, 6, 6.12
1747798163, 1, 300, 984, 972, 23, 8.55%, 257, 0, 6, 6.16
1747798174, 1, 301, 984, 972, 23, 8.55%, 257, 0, 6, 6.89
1747798184, 1, 302, 984, 972, 23, 8.55%, 257, 0, 6, 6.00
1747798189, 1, 304, 984, 972, 23, 8.55%, 257, 0, 6, 6.80
1747798200, 1, 305, 984, 972, 23, 8.55%, 257, 0, 6, 5.74
1747798210, 1, 307, 984, 972, 23, 8.55%, 257, 0, 6, 6.23
1747798221, 1, 308, 984, 972, 23, 8.55%, 257, 0, 6, 5.87
1747798231, 1, 311, 984, 972, 23, 8.55%, 257, 0, 6, 6.18
1747798236, 1, 312, 984, 972, 23, 8.55%, 257, 0, 6, 8.63
1747798241, 1, 314, 984, 972, 23, 8.55%, 257, 0, 6, 10.10
1747798247, 1, 315, 984, 972, 23, 8.55%, 257, 0, 6, 9.81
1747798252, 1, 316, 984, 972, 23, 8.55%, 257, 0, 6, 9.01
1747798257, 1, 317, 984, 972, 23, 8.55%, 257, 0, 6, 9.40
1747798262, 1, 318, 984, 972, 23, 8.55%, 257, 0, 6, 9.44
1747798268, 1, 320, 984, 972, 23, 8.55%, 257, 0, 6, 11.73
1747798273, 1, 321, 984, 972, 23, 8.55%, 257, 0, 6, 11.16
1747798278, 1, 323, 984, 972, 23, 8.55%, 258, 0, 6, 10.16
1747798283, 1, 325, 984, 972, 23, 8.55%, 258, 0, 6, 10.99
1747798288, 1, 326, 984, 972, 23, 8.55%, 259, 0, 6, 8.99
1747798293, 1, 327, 984, 972, 23, 8.55%, 259, 0, 6, 10.73
1747798299, 1, 328, 984, 972, 23, 8.55%, 259, 0, 6, 10.24
1747798304, 1, 329, 984, 972, 23, 8.55%, 259, 0, 6, 8.79
1747798314, 1, 330, 984, 972, 23, 8.55%, 259, 0, 6, 11.00
1747798319, 1, 333, 984, 972, 23, 8.55%, 259, 0, 6, 10.58
1747798324, 1, 334, 984, 972, 23, 8.55%, 259, 0, 6, 9.20
1747798330, 1, 335, 984, 972, 23, 8.55%, 259, 0, 6, 8.50
1747798335, 1, 336, 984, 972, 23, 8.55%, 259, 0, 6, 8.38
1747798340, 1, 337, 984, 972, 23, 8.55%, 259, 0, 6, 10.35
1747798345, 1, 338, 984, 972, 23, 8.55%, 259, 0, 6, 10.85
1747798350, 1, 339, 984, 972, 23, 8.55%, 259, 0, 6, 12.34
1747798355, 1, 340, 984, 972, 23, 8.55%, 259, 0, 6, 10.78
1747798360, 1, 343, 984, 972, 23, 8.55%, 259, 0, 6, 12.70
1747798365, 1, 345, 984, 972, 23, 8.55%, 259, 0, 6, 10.69
1747798370, 1, 346, 984, 972, 23, 8.55%, 259, 0, 6, 10.62
1747798376, 1, 349, 984, 972, 23, 8.55%, 259, 0, 6, 9.77
1747798381, 1, 350, 984, 972, 23, 8.55%, 259, 0, 6, 9.11
1747798386, 1, 351, 984, 972, 23, 8.55%, 259, 0, 6, 8.84
1747798391, 1, 352, 984, 972, 23, 8.55%, 259, 0, 6, 10.07
1747798396, 1, 354, 984, 972, 23, 8.55%, 259, 0, 6, 9.24
1747798401, 1, 355, 984, 972, 23, 8.55%, 260, 0, 6, 10.23
1747798406, 1, 356, 984, 972, 23, 8.55%, 260, 0, 6, 11.12
1747798411, 1, 357, 984, 972, 23, 8.55%, 260, 0, 6, 11.49
1747798416, 1, 358, 984, 972, 23, 8.55%, 260, 0, 6, 10.09
1747798422, 1, 359, 984, 972, 23, 8.55%, 260, 0, 6, 10.16
1747798427, 1, 360, 984, 972, 23, 8.55%, 260, 0, 6, 10.60
1747798432, 1, 361, 984, 972, 23, 8.55%, 260, 0, 6, 10.27
1747798437, 1, 362, 984, 972, 23, 8.55%, 260, 0, 6, 8.48
1747798447, 1, 363, 984, 972, 23, 8.55%, 260, 0, 6, 8.68
1747798452, 1, 364, 984, 972, 23, 8.55%, 260, 0, 6, 10.08
1747798458, 1, 365, 984, 972, 23, 8.55%, 260, 0, 6, 10.66
1747798463, 1, 366, 984, 972, 23, 8.55%, 260, 0, 6, 10.48
1747798468, 1, 368, 985, 973, 23, 8.55%, 260, 0, 6, 10.25
1747798478, 1, 369, 985, 973, 23, 8.55%, 260, 0, 6, 9.56
1747798483, 1, 370, 985, 973, 23, 8.55%, 260, 0, 6, 9.38
1747798489, 1, 372, 985, 973, 23, 8.55%, 260, 0, 6, 9.15
1747798494, 1, 372, 986, 974, 23, 8.55%, 260, 0, 6, 8.15
1747798504, 1, 374, 986, 974, 23, 8.55%, 260, 0, 6, 9.24
1747798509, 1, 375, 986, 974, 23, 8.55%, 260, 0, 6, 10.98
1747798514, 1, 376, 986, 974, 23, 8.55%, 260, 0, 6, 10.79
1747798519, 1, 377, 986, 974, 23, 8.55%, 260, 0, 6, 9.57
1747798524, 1, 378, 986, 974, 23, 8.55%, 260, 0, 6, 10.21
1747798530, 1, 379, 986, 974, 23, 8.55%, 260, 0, 6, 9.15
1747798535, 1, 380, 986, 974, 23, 8.55%, 260, 0, 6, 9.02
1747798540, 1, 382, 986, 974, 23, 8.55%, 260, 0, 6, 9.07
1747798545, 1, 383, 986, 974, 23, 8.55%, 260, 0, 6, 8.37
1747798555, 1, 384, 986, 974, 23, 8.55%, 260, 0, 6, 9.22
1747798561, 1, 386, 986, 974, 23, 8.55%, 260, 0, 6, 11.28
1747798571, 1, 389, 986, 974, 23, 8.55%, 260, 0, 6, 9.78
1747798576, 1, 390, 986, 974, 23, 8.55%, 260, 0, 6, 9.06
1747798582, 1, 391, 986, 974, 23, 8.55%, 260, 0, 6, 7.78
1747798587, 1, 392, 986, 974, 23, 8.55%, 260, 0, 6, 6.27
1747798597, 1, 393, 986, 974, 23, 8.55%, 261, 0, 6, 5.24
1747798608, 1, 394, 986, 974, 23, 8.55%, 261, 0, 6, 5.18
1747798618, 1, 396, 986, 974, 23, 8.55%, 261, 0, 6, 5.61
1747798628, 1, 399, 986, 974, 23, 8.55%, 261, 0, 6, 5.55
1747798638, 1, 400, 986, 974, 23, 8.55%, 261, 0, 6, 5.54
1747798643, 1, 400, 986, 974, 23, 8.55%, 262, 0, 6, 4.99
1747798648, 1, 401, 986, 974, 23, 8.55%, 263, 0, 6, 5.24
1747798654, 1, 402, 986, 974, 23, 8.55%, 263, 0, 6, 7.21
1747798664, 1, 404, 986, 974, 23, 8.55%, 263, 0, 6, 6.48
1747798675, 1, 405, 986, 974, 23, 8.55%, 263, 0, 6, 4.59
1747798680, 1, 405, 986, 974, 23, 8.55%, 264, 0, 6, 5.64
1747798685, 1, 406, 986, 974, 23, 8.55%, 264, 0, 6, 5.71
1747798690, 1, 407, 986, 974, 23, 8.55%, 264, 0, 6, 5.72
1747798701, 1, 408, 986, 974, 23, 8.55%, 264, 0, 6, 4.69
1747798711, 1, 410, 986, 974, 23, 8.55%, 264, 0, 6, 6.13
1747798722, 1, 411, 986, 974, 23, 8.55%, 264, 0, 6, 5.88
1747798732, 1, 412, 986, 974, 23, 8.55%, 264, 0, 6, 4.83
1747798742, 1, 413, 986, 974, 23, 8.55%, 264, 0, 6, 6.40
1747798748, 1, 414, 986, 974, 23, 8.55%, 264, 0, 6, 6.75
1747798758, 1, 414, 986, 974, 23, 8.55%, 265, 0, 6, 4.76
1747798764, 1, 415, 986, 974, 23, 8.55%, 265, 0, 6, 4.49
1747798774, 1, 418, 986, 974, 23, 8.55%, 266, 0, 6, 5.39
1747798784, 1, 419, 986, 974, 23, 8.55%, 266, 0, 6, 5.84
1747798789, 1, 420, 986, 974, 23, 8.55%, 266, 0, 6, 6.02
1747798800, 1, 421, 986, 974, 23, 8.55%, 266, 0, 6, 5.11
1747798810, 1, 422, 986, 974, 23, 8.55%, 266, 0, 6, 5.91
1747798820, 1, 425, 986, 974, 23, 8.55%, 266, 0, 6, 6.65
1747798826, 1, 426, 986, 974, 23, 8.55%, 266, 0, 6, 7.12
1747798836, 1, 427, 986, 974, 23, 8.55%, 266, 0, 6, 5.62
1747798847, 1, 428, 986, 974, 23, 8.55%, 266, 0, 6, 5.83
1747798857, 1, 429, 986, 974, 23, 8.55%, 266, 0, 6, 5.82
1747798862, 1, 430, 986, 974, 23, 8.55%, 266, 0, 6, 6.26
1747798873, 1, 431, 986, 974, 23, 8.55%, 266, 0, 6, 5.51
1747798883, 1, 432, 986, 974, 23, 8.55%, 266, 0, 6, 5.72
1747798894, 1, 434, 986, 974, 23, 8.55%, 267, 0, 6, 5.40
1747798904, 1, 435, 986, 974, 23, 8.55%, 267, 0, 6, 5.50
1747798909, 1, 436, 986, 974, 23, 8.55%, 267, 0, 6, 6.07
1747798920, 1, 437, 986, 974, 23, 8.55%, 267, 0, 6, 5.71
1747798925, 1, 437, 986, 974, 23, 8.55%, 268, 0, 6, 6.22
1747798930, 1, 438, 986, 974, 23, 8.55%, 268, 0, 6, 6.87
1747798935, 1, 440, 986, 974, 23, 8.55%, 268, 0, 6, 1.81
1747798946, 1, 442, 987, 975, 23, 8.55%, 268, 0, 6, 4.09
1747798951, 1, 442, 987, 975, 23, 8.55%, 269, 0, 6, 4.72
1747798962, 1, 443, 987, 975, 23, 8.55%, 269, 0, 6, 6.30
1747798972, 1, 444, 987, 975, 23, 8.55%, 269, 0, 6, 5.79
1747798977, 1, 445, 987, 975, 23, 8.55%, 269, 0, 6, 7.06
1747798988, 1, 447, 987, 975, 23, 8.55%, 269, 0, 6, 9.81
1747798993, 1, 448, 987, 975, 23, 8.55%, 270, 0, 6, 10.29
1747798998, 1, 449, 987, 975, 23, 8.55%, 270, 0, 6, 10.52
1747799003, 1, 451, 987, 975, 23, 8.55%, 271, 0, 6, 8.49
1747799008, 1, 453, 987, 975, 23, 8.55%, 271, 0, 6, 10.02
1747799013, 1, 454, 987, 975, 23, 8.55%, 271, 0, 6, 10.64
1747799018, 1, 455, 987, 975, 23, 8.55%, 271, 0, 6, 8.63
1747799023, 1, 457, 987, 975, 23, 8.55%, 271, 0, 6, 10.57
1747799029, 1, 458, 987, 975, 23, 8.55%, 271, 0, 6, 9.82
1747799034, 1, 459, 987, 975, 23, 8.55%, 271, 0, 6, 11.23
1747799039, 1, 460, 987, 975, 23, 8.55%, 271, 0, 6, 9.52
1747799044, 1, 461, 987, 975, 23, 8.55%, 271, 0, 6, 8.80
1747799049, 1, 462, 987, 975, 23, 8.55%, 271, 0, 6, 9.52
1747799054, 1, 463, 987, 975, 23, 8.55%, 271, 0, 6, 9.80
1747799059, 1, 464, 987, 975, 23, 8.55%, 271, 0, 6, 9.56
1747799070, 1, 465, 987, 975, 23, 8.55%, 271, 0, 6, 9.91
1747799075, 1, 466, 987, 975, 23, 8.55%, 271, 0, 6, 8.66
1747799080, 1, 469, 987, 975, 23, 8.55%, 271, 0, 6, 11.11
1747799085, 1, 470, 987, 975, 23, 8.55%, 271, 0, 6, 11.93
1747799090, 1, 471, 987, 975, 23, 8.55%, 271, 0, 6, 10.04
1747799096, 1, 472, 987, 975, 23, 8.55%, 271, 0, 6, 10.83
1747799101, 1, 474, 987, 975, 23, 8.55%, 271, 0, 6, 11.46
1747799111, 1, 475, 987, 975, 23, 8.55%, 271, 0, 6, 9.32
1747799116, 1, 476, 987, 975, 23, 8.55%, 271, 0, 6, 9.86
1747799121, 1, 477, 987, 975, 23, 8.55%, 271, 0, 6, 10.94
1747799126, 1, 478, 987, 975, 23, 8.55%, 271, 0, 6, 11.08
1747799131, 1, 479, 987, 975, 23, 8.55%, 271, 0, 6, 9.31
1747799137, 1, 480, 987, 975, 23, 8.55%, 271, 0, 6, 9.86
1747799142, 1, 481, 987, 975, 23, 8.55%, 271, 0, 6, 9.49
1747799147, 1, 482, 987, 975, 23, 8.55%, 271, 0, 6, 11.94
1747799152, 1, 483, 987, 975, 23, 8.55%, 271, 0, 6, 10.84
1747799157, 1, 484, 987, 975, 23, 8.55%, 271, 0, 6, 9.39
1747799163, 1, 485, 987, 975, 23, 8.55%, 271, 0, 6, 9.43
1747799168, 1, 486, 987, 975, 23, 8.55%, 271, 0, 6, 8.90
1747799173, 1, 487, 987, 975, 23, 8.55%, 271, 0, 6, 9.26
1747799178, 1, 489, 987, 975, 23, 8.55%, 271, 0, 6, 9.90
1747799183, 1, 491, 987, 975, 23, 8.55%, 271, 0, 6, 11.98
1747799188, 1, 492, 987, 975, 23, 8.55%, 271, 0, 6, 10.70
1747799194, 1, 493, 987, 975, 23, 8.55%, 271, 0, 6, 10.50
1747799199, 1, 494, 987, 975, 23, 8.55%, 272, 0, 6, 11.66
1747799204, 1, 496, 987, 975, 23, 8.55%, 272, 0, 6, 10.94
1747799209, 1, 497, 987, 975, 23, 8.55%, 272, 0, 6, 11.49
1747799214, 1, 499, 987, 975, 23, 8.55%, 272, 0, 6, 10.19
1747799219, 1, 500, 987, 975, 23, 8.55%, 272, 0, 6, 10.53
1747799224, 1, 501, 987, 975, 23, 8.55%, 272, 0, 6, 10.58
1747799229, 1, 502, 987, 975, 23, 8.55%, 272, 0, 6, 10.13
1747799235, 1, 503, 987, 975, 23, 8.55%, 272, 0, 6, 9.87
1747799240, 1, 504, 987, 975, 23, 8.55%, 272, 0, 6, 11.38
1747799245, 1, 505, 987, 975, 23, 8.55%, 272, 0, 6, 11.80
1747799250, 1, 507, 987, 975, 23, 8.55%, 272, 0, 6, 9.65
1747799255, 1, 510, 987, 975, 23, 8.55%, 273, 0, 6, 9.25
1747799261, 1, 511, 987, 975, 23, 8.55%, 273, 0, 6, 9.58
1747799266, 1, 512, 987, 975, 23, 8.55%, 273, 0, 6, 10.53
1747799271, 1, 513, 987, 975, 23, 8.55%, 273, 0, 6, 10.14
1747799276, 1, 514, 987, 975, 23, 8.55%, 273, 0, 6, 9.96
1747799282, 1, 515, 987, 975, 23, 8.55%, 273, 0, 6, 9.82
1747799287, 1, 516, 987, 975, 23, 8.55%, 273, 0, 6, 9.60
1747799292, 1, 517, 987, 975, 23, 8.55%, 273, 0, 6, 9.43
1747799297, 1, 518, 987, 975, 23, 8.55%, 273, 0, 6, 9.77
1747799307, 1, 519, 987, 975, 23, 8.55%, 273, 0, 6, 10.16
1747799312, 1, 520, 987, 975, 23, 8.55%, 273, 0, 6, 10.06
1747799317, 1, 521, 987, 975, 23, 8.55%, 273, 0, 6, 8.95
1747799322, 1, 522, 987, 975, 23, 8.55%, 273, 0, 6, 9.42
1747799327, 1, 523, 987, 975, 23, 8.55%, 273, 0, 6, 10.11
1747799332, 1, 524, 987, 975, 23, 8.55%, 273, 0, 6, 10.45
1747799338, 1, 525, 987, 975, 23, 8.55%, 273, 0, 6, 19.33
1747799343, 1, 526, 987, 975, 23, 8.55%, 273, 0, 6, 13.22
1747799348, 1, 527, 988, 976, 23, 8.55%, 273, 0, 6, 9.90
1747799364, 1, 528, 988, 976, 23, 8.55%, 273, 0, 6, 9.99
1747799369, 1, 530, 988, 976, 23, 8.55%, 273, 0, 6, 10.72
1747799379, 1, 532, 988, 976, 23, 8.55%, 273, 0, 6, 10.69
1747799384, 1, 532, 988, 976, 23, 8.55%, 274, 0, 6, 8.82
1747799390, 1, 534, 988, 976, 23, 8.55%, 274, 0, 6, 8.37
1747799395, 1, 536, 988, 976, 23, 8.55%, 274, 0, 6, 9.76
1747799400, 1, 537, 988, 976, 23, 8.55%, 275, 0, 6, 9.41
1747799405, 1, 538, 988, 976, 23, 8.55%, 275, 0, 6, 8.80
1747799410, 1, 539, 988, 976, 23, 8.55%, 277, 0, 6, 8.55
1747799420, 1, 540, 988, 976, 23, 8.55%, 277, 0, 6, 7.75
1747799425, 1, 541, 988, 976, 23, 8.55%, 277, 0, 6, 9.77
1747799431, 1, 542, 988, 976, 23, 8.55%, 277, 0, 6, 9.83
1747799436, 1, 544, 988, 976, 23, 8.55%, 277, 0, 6, 10.49
1747799441, 1, 545, 988, 976, 23, 8.55%, 277, 0, 6, 9.55
1747799446, 1, 546, 988, 976, 23, 8.55%, 277, 0, 6, 10.29
1747799451, 1, 547, 988, 976, 23, 8.55%, 277, 0, 6, 8.89
1747799456, 1, 550, 988, 976, 23, 8.55%, 277, 0, 6, 10.51
1747799461, 1, 551, 988, 976, 23, 8.55%, 277, 0, 6, 12.06
1747799466, 1, 552, 988, 976, 23, 8.55%, 277, 0, 6, 10.19
1747799471, 1, 554, 988, 976, 23, 8.55%, 277, 0, 6, 9.60
1747799477, 1, 555, 988, 976, 23, 8.55%, 277, 0, 6, 10.91
1747799482, 1, 557, 988, 976, 23, 8.55%, 277, 0, 6, 10.12
1747799487, 1, 558, 988, 976, 23, 8.55%, 277, 0, 6, 9.93
1747799492, 1, 559, 988, 976, 23, 8.55%, 277, 0, 6, 9.35
1747799502, 1, 560, 988, 976, 23, 8.55%, 277, 0, 6, 8.18
1747799508, 1, 562, 988, 976, 23, 8.55%, 277, 0, 6, 9.08
1747799513, 1, 563, 988, 976, 23, 8.55%, 277, 0, 6, 8.70
1747799518, 1, 565, 988, 976, 23, 8.55%, 277, 0, 6, 8.64
1747799523, 1, 566, 988, 976, 23, 8.55%, 277, 0, 6, 9.79
1747799656, 1, 567, 988, 975, 23, 8.55%, 277, 0, 6, 12.63
1747799661, 1, 568, 988, 975, 23, 8.55%, 277, 0, 6, 10.45
1747799666, 1, 570, 988, 975, 23, 8.55%, 277, 0, 6, 13.00
1747799671, 1, 571, 988, 975, 23, 8.55%, 277, 0, 6, 10.98
1747799676, 1, 572, 988, 975, 23, 8.55%, 277, 0, 6, 10.97
1747799681, 1, 573, 988, 975, 23, 8.55%, 277, 0, 6, 15.32
1747799691, 1, 576, 988, 975, 23, 8.55%, 277, 0, 6, 10.38
1747799697, 1, 577, 988, 975, 23, 8.55%, 277, 0, 6, 10.57
1747799702, 1, 578, 988, 975, 23, 8.55%, 277, 0, 6, 8.96
1747799707, 1, 579, 988, 975, 23, 8.55%, 277, 0, 6, 9.38
1747799712, 1, 580, 988, 975, 23, 8.55%, 277, 0, 6, 9.38
1747799717, 1, 583, 988, 975, 23, 8.55%, 277, 0, 6, 10.08
1747799723, 1, 584, 988, 975, 23, 8.55%, 277, 0, 6, 9.96
1747799728, 1, 586, 988, 975, 23, 8.55%, 277, 0, 6, 9.59
1747799733, 1, 587, 988, 975, 23, 8.55%, 277, 0, 6, 10.12
1747799738, 1, 588, 988, 975, 23, 8.55%, 277, 0, 6, 10.75
1747799743, 1, 589, 988, 975, 23, 8.55%, 277, 0, 6, 10.71
1747799748, 1, 590, 988, 975, 23, 8.55%, 277, 0, 6, 9.97
1747799754, 1, 591, 988, 975, 23, 8.55%, 277, 0, 6, 10.38
1747799759, 1, 592, 988, 975, 23, 8.55%, 277, 0, 6, 12.13
1747799764, 1, 593, 988, 975, 23, 8.55%, 277, 0, 6, 9.95
1747799769, 1, 595, 988, 975, 23, 8.55%, 277, 0, 6, 10.36
1747799775, 1, 596, 988, 975, 23, 8.55%, 277, 0, 6, 9.70
1747799780, 1, 597, 988, 975, 23, 8.55%, 277, 0, 6, 9.54
1747799785, 1, 600, 988, 975, 23, 8.55%, 277, 0, 6, 8.78
1747799790, 1, 601, 988, 975, 23, 8.55%, 277, 0, 6, 9.00
1747799795, 1, 602, 988, 975, 23, 8.55%, 277, 0, 6, 9.71
1747799801, 1, 603, 988, 975, 23, 8.55%, 277, 0, 6, 8.64
1747799811, 1, 604, 988, 975, 23, 8.55%, 277, 0, 6, 8.43
1747799816, 1, 605, 988, 975, 23, 8.55%, 277, 0, 6, 9.34
1747799821, 1, 606, 988, 975, 23, 8.55%, 277, 0, 6, 9.09
1747799827, 1, 607, 988, 975, 23, 8.55%, 277, 0, 6, 10.36
1747799832, 1, 608, 988, 975, 23, 8.55%, 277, 0, 6, 10.42
1747799837, 1, 610, 988, 975, 23, 8.55%, 278, 0, 6, 10.15
1747799842, 1, 613, 988, 975, 23, 8.55%, 278, 0, 6, 9.16
1747799847, 1, 614, 988, 975, 23, 8.55%, 278, 0, 6, 9.48
1747799853, 1, 615, 988, 975, 23, 8.55%, 278, 0, 6, 10.64
1747799858, 1, 616, 988, 975, 23, 8.55%, 278, 0, 6, 11.43
1747799863, 1, 618, 988, 975, 23, 8.55%, 278, 0, 6, 9.68
1747799868, 1, 619, 988, 975, 23, 8.55%, 279, 0, 6, 11.50
1747799873, 1, 621, 988, 975, 23, 8.55%, 279, 0, 6, 11.09
1747799878, 1, 622, 988, 975, 23, 8.55%, 279, 0, 6, 9.95
1747799884, 1, 622, 989, 976, 23, 8.55%, 279, 0, 6, 7.16
1747799894, 1, 623, 989, 976, 23, 8.55%, 279, 0, 6, 11.02
1747799899, 1, 624, 989, 976, 23, 8.55%, 279, 0, 6, 9.42
1747799904, 1, 625, 989, 976, 23, 8.55%, 279, 0, 6, 8.92
1747799909, 1, 628, 989, 976, 23, 8.55%, 279, 0, 6, 9.71
1747799914, 1, 629, 989, 976, 23, 8.55%, 279, 0, 6, 10.05
1747799919, 1, 630, 989, 976, 23, 8.55%, 279, 0, 6, 7.97
1747799924, 1, 631, 989, 976, 23, 8.55%, 279, 0, 6, 9.00
1747799930, 1, 632, 989, 976, 23, 8.55%, 279, 0, 6, 9.62
1747799935, 1, 634, 989, 976, 23, 8.55%, 279, 0, 6, 9.68
1747799940, 1, 635, 989, 976, 23, 8.55%, 279, 0, 6, 10.53
1747799950, 1, 638, 989, 976, 23, 8.55%, 279, 0, 6, 11.30
1747799955, 1, 640, 989, 976, 23, 8.55%, 279, 0, 6, 13.04
1747799960, 1, 641, 989, 976, 23, 8.55%, 279, 0, 6, 11.96
1747799966, 1, 643, 989, 976, 23, 8.55%, 280, 0, 6, 10.87
1747799971, 1, 644, 989, 976, 23, 8.55%, 281, 0, 6, 10.04
1747799976, 1, 645, 989, 976, 23, 8.55%, 281, 0, 6, 9.62
1747799981, 1, 646, 989, 976, 23, 8.55%, 281, 0, 6, 8.79
1747799986, 1, 647, 989, 976, 23, 8.55%, 281, 0, 6, 8.89
1747799991, 1, 648, 989, 976, 23, 8.55%, 281, 0, 6, 8.96
1747800001, 1, 650, 989, 976, 23, 8.55%, 281, 0, 6, 10.55
1747800022, 1, 650, 991, 978, 23, 8.55%, 281, 0, 6, 6.84
1747800306, 1, 650, 992, 979, 23, 8.55%, 281, 0, 6, 3.83
1747800311, 1, 650, 993, 980, 23, 8.55%, 281, 0, 6, 3.73
1747800463, 1, 650, 994, 981, 23, 8.55%, 281, 0, 6, 3.68
1747800588, 1, 650, 995, 982, 23, 8.55%, 281, 0, 6, 3.06
1747800618, 1, 650, 996, 983, 23, 8.55%, 281, 0, 6, 4.01
1747800733, 1, 650, 997, 984, 23, 8.55%, 281, 0, 6, 3.85
1747800738, 1, 650, 998, 985, 23, 8.55%, 281, 0, 6, 3.84
1747800877, 1, 650, 999, 986, 23, 8.55%, 281, 0, 6, 3.82
1747800955, 1, 651, 999, 985, 23, 8.55%, 281, 0, 6, 6.69
1747800965, 1, 652, 999, 985, 23, 8.55%, 281, 0, 6, 6.59
1747800970, 1, 653, 999, 985, 23, 8.55%, 281, 0, 6, 5.98
1747800981, 1, 654, 999, 985, 23, 8.55%, 281, 0, 6, 5.79
1747800991, 1, 655, 999, 985, 23, 8.55%, 281, 0, 6, 5.68
1747801002, 1, 656, 999, 985, 23, 8.55%, 281, 0, 6, 5.85
1747801007, 1, 657, 999, 985, 23, 8.55%, 281, 0, 6, 7.01
1747801017, 1, 658, 999, 985, 23, 8.55%, 281, 0, 6, 6.25
1747801022, 1, 659, 999, 985, 23, 8.55%, 281, 0, 6, 6.84
1747801038, 1, 660, 999, 985, 23, 8.55%, 281, 0, 6, 6.28
1747801043, 1, 661, 999, 985, 23, 8.55%, 281, 0, 6, 5.62
1747801053, 1, 662, 999, 985, 23, 8.55%, 281, 0, 6, 5.38
1747801063, 1, 663, 999, 985, 23, 8.55%, 281, 0, 6, 6.04
1747801074, 1, 664, 999, 985, 23, 8.55%, 282, 0, 6, 7.14
1747801084, 1, 665, 999, 985, 23, 8.55%, 282, 0, 6, 5.65
1747801089, 1, 666, 999, 985, 23, 8.55%, 282, 0, 6, 6.27
1747801100, 1, 668, 999, 985, 23, 8.55%, 282, 0, 6, 6.77
1747801105, 1, 669, 999, 985, 23, 8.55%, 282, 0, 6, 6.76
1747801116, 1, 670, 999, 985, 23, 8.55%, 282, 0, 6, 6.54
1747801126, 1, 671, 1000, 986, 23, 8.55%, 282, 0, 6, 6.32
1747801141, 1, 672, 1000, 986, 23, 8.55%, 282, 0, 6, 8.11
1747801147, 1, 673, 1000, 986, 23, 8.55%, 282, 0, 6, 6.75
1747801157, 1, 674, 1000, 986, 23, 8.55%, 282, 0, 6, 5.83
1747801162, 1, 674, 1000, 986, 23, 8.55%, 283, 0, 6, 6.10
1747801168, 1, 675, 1000, 986, 23, 8.55%, 283, 0, 6, 5.52
1747801178, 1, 676, 1000, 986, 23, 8.55%, 283, 0, 6, 6.31
1747801188, 1, 677, 1000, 986, 23, 8.55%, 283, 0, 6, 5.30
1747801193, 1, 678, 1000, 986, 23, 8.55%, 283, 0, 6, 6.85
1747801204, 1, 679, 1000, 986, 23, 8.55%, 283, 0, 6, 5.16
1747801214, 1, 681, 1000, 986, 23, 8.55%, 283, 0, 6, 6.62
1747801219, 1, 682, 1000, 986, 23, 8.55%, 283, 0, 6, 6.58
1747801230, 1, 683, 1000, 986, 23, 8.55%, 283, 0, 6, 5.44
1747801240, 1, 684, 1000, 986, 23, 8.55%, 283, 0, 6, 5.96
1747801245, 1, 685, 1000, 986, 23, 8.55%, 283, 0, 6, 7.22
1747801255, 1, 687, 1000, 986, 23, 8.55%, 283, 0, 6, 6.04
1747801266, 1, 688, 1000, 986, 23, 8.55%, 283, 0, 6, 5.61
1747801276, 1, 690, 1000, 986, 23, 8.55%, 283, 0, 6, 4.70
1747801286, 1, 691, 1000, 986, 23, 8.55%, 284, 0, 6, 5.50
1747801297, 1, 692, 1000, 986, 23, 8.55%, 284, 0, 6, 5.35
1747801302, 1, 693, 1000, 986, 23, 8.55%, 284, 0, 6, 6.72
1747802150, 1, 694, 1000, 985, 22, 8.55%, 284, 0, 6, 6.90
1747802160, 1, 695, 1000, 985, 22, 8.55%, 284, 0, 6, 5.31
1747802171, 1, 696, 1000, 985, 22, 8.55%, 284, 0, 6, 4.46
1747802181, 1, 697, 1000, 985, 22, 8.55%, 284, 0, 6, 5.96
1747802186, 1, 697, 1000, 985, 22, 8.55%, 285, 0, 6, 4.92
1747802191, 1, 698, 1000, 985, 22, 8.55%, 285, 0, 6, 6.39
1747802196, 1, 699, 1000, 985, 22, 8.55%, 285, 0, 6, 6.32
1747802207, 1, 700, 1000, 985, 22, 8.55%, 285, 0, 6, 6.49
1747802217, 1, 701, 1000, 985, 22, 8.55%, 285, 0, 6, 5.81
1747802222, 1, 701, 1000, 985, 22, 8.55%, 286, 0, 6, 5.70
1747802228, 1, 702, 1000, 985, 22, 8.55%, 286, 0, 6, 5.45
1747802233, 1, 703, 1000, 985, 22, 8.55%, 286, 0, 6, 5.08
1747802244, 1, 705, 1000, 985, 22, 8.55%, 286, 0, 6, 4.67
1747802254, 1, 706, 1000, 985, 22, 8.55%, 286, 0, 6, 5.14
1747802264, 1, 708, 1000, 985, 22, 8.55%, 286, 0, 6, 6.90
1747802275, 1, 710, 1000, 985, 22, 8.55%, 286, 0, 6, 6.03
1747802280, 1, 713, 1000, 985, 22, 8.55%, 286, 0, 6, 5.61
1747802291, 1, 714, 1000, 985, 22, 8.55%, 286, 0, 6, 5.41
1747802301, 1, 718, 1000, 985, 22, 8.55%, 286, 0, 6, 6.49
1747802307, 1, 719, 1000, 985, 22, 8.55%, 286, 0, 6, 5.82
1747802317, 1, 720, 1000, 985, 22, 8.55%, 286, 0, 6, 6.04
1747802323, 1, 721, 1000, 985, 22, 8.55%, 286, 0, 6, 6.94
1747802333, 1, 722, 1000, 985, 22, 8.55%, 286, 0, 6, 6.72
1747802343, 1, 723, 1000, 985, 22, 8.55%, 286, 0, 6, 6.83
1747802348, 1, 725, 1000, 985, 22, 8.55%, 286, 0, 6, 6.09
1747802364, 1, 726, 1000, 985, 22, 8.55%, 286, 0, 6, 6.30
1747802369, 1, 727, 1000, 985, 22, 8.55%, 286, 0, 6, 6.02
1747802384, 1, 728, 1000, 985, 22, 8.55%, 286, 0, 6, 5.98
1747802389, 1, 730, 1000, 985, 22, 8.55%, 286, 0, 6, 6.34
1747802395, 1, 730, 1000, 985, 22, 8.55%, 287, 0, 6, 6.16
1747802400, 1, 731, 1000, 985, 22, 8.55%, 287, 0, 6, 6.15
1747802405, 1, 732, 1000, 985, 22, 8.55%, 287, 0, 6, 5.86
1747802415, 1, 733, 1000, 985, 22, 8.55%, 287, 0, 6, 9.85
1747802420, 1, 735, 1000, 985, 22, 8.55%, 287, 0, 6, 11.21
1747802430, 1, 739, 1000, 985, 22, 8.55%, 287, 0, 6, 11.51
1747802441, 1, 740, 1000, 985, 22, 8.55%, 287, 0, 6, 9.83
1747802446, 1, 741, 1000, 985, 22, 8.55%, 287, 0, 6, 9.04
1747802451, 1, 742, 1000, 985, 22, 8.55%, 287, 0, 6, 8.63
1747802456, 1, 744, 1000, 985, 22, 8.55%, 287, 0, 6, 10.23
1747802461, 1, 745, 1000, 985, 22, 8.55%, 287, 0, 6, 9.77
1747802467, 1, 748, 1000, 985, 22, 8.55%, 287, 0, 6, 10.12
1747802472, 1, 749, 1000, 985, 22, 8.55%, 287, 0, 6, 10.19
1747802477, 1, 750, 1000, 985, 22, 8.55%, 287, 0, 6, 9.79
1747802482, 1, 751, 1000, 985, 22, 8.55%, 287, 0, 6, 9.59
1747802487, 1, 752, 1000, 985, 22, 8.55%, 287, 0, 6, 11.72
1747802493, 1, 754, 1000, 985, 22, 8.55%, 287, 0, 6, 11.03
1747802498, 1, 755, 1000, 985, 22, 8.55%, 287, 0, 6, 10.81
1747802503, 1, 757, 1000, 985, 22, 8.55%, 287, 0, 6, 10.13
1747802508, 1, 758, 1000, 985, 22, 8.55%, 287, 0, 6, 9.02
1747802513, 1, 759, 1000, 985, 22, 8.55%, 287, 0, 6, 9.97
1747802518, 1, 760, 1000, 985, 22, 8.55%, 287, 0, 6, 10.08
1747802523, 1, 762, 1000, 985, 22, 8.55%, 287, 0, 6, 10.11
1747802528, 1, 764, 1000, 985, 22, 8.55%, 287, 0, 6, 10.28
1747802534, 1, 765, 1000, 985, 22, 8.55%, 287, 0, 6, 9.45
1747802544, 1, 767, 1000, 985, 22, 8.55%, 287, 0, 6, 10.11
1747802549, 1, 768, 1000, 985, 22, 8.55%, 287, 0, 6, 10.62
1747802554, 1, 769, 1000, 985, 22, 8.55%, 287, 0, 6, 10.15
1747802559, 1, 770, 1000, 985, 22, 8.55%, 287, 0, 6, 10.53
1747802565, 1, 772, 1000, 985, 22, 8.55%, 288, 0, 6, 9.52
1747802570, 1, 774, 1000, 985, 22, 8.55%, 288, 0, 6, 9.07
1747802575, 1, 775, 1000, 985, 22, 8.55%, 288, 0, 6, 8.76
1747802580, 1, 776, 1000, 985, 22, 8.55%, 288, 0, 6, 8.64
1747802590, 1, 777, 1000, 985, 22, 8.55%, 288, 0, 6, 8.69
1747802595, 1, 778, 1000, 985, 22, 8.55%, 288, 0, 6, 8.40
1747802600, 1, 779, 1000, 985, 22, 8.55%, 288, 0, 6, 9.65
1747802606, 1, 780, 1000, 985, 22, 8.55%, 288, 0, 6, 9.94
1747802611, 1, 781, 1000, 985, 22, 8.55%, 289, 0, 6, 8.77
1747802616, 1, 782, 1000, 985, 22, 8.55%, 289, 0, 6, 9.24
1747802621, 1, 783, 1000, 985, 22, 8.55%, 289, 0, 6, 8.79
1747802632, 1, 785, 1000, 985, 22, 8.55%, 289, 0, 6, 10.41
1747802637, 1, 786, 1000, 985, 22, 8.55%, 289, 0, 6, 10.26
1747802642, 1, 788, 1000, 985, 22, 8.55%, 289, 0, 6, 10.19
1747802647, 1, 789, 1000, 985, 22, 8.55%, 289, 0, 6, 9.97
1747802652, 1, 790, 1000, 985, 22, 8.55%, 289, 0, 6, 10.61
1747802657, 1, 791, 1000, 985, 22, 8.55%, 290, 0, 6, 9.64
1747802663, 1, 792, 1000, 985, 22, 8.55%, 290, 0, 6, 9.95
1747802668, 1, 794, 1000, 985, 22, 8.55%, 290, 0, 6, 9.47
1747802673, 1, 795, 1000, 985, 22, 8.55%, 290, 0, 6, 12.39
1747802678, 1, 795, 1002, 987, 22, 8.56%, 290, 0, 6, 11.25
1747802683, 1, 795, 1004, 989, 22, 8.56%, 290, 0, 6, 8.11
1747802688, 1, 795, 1006, 991, 22, 8.56%, 290, 0, 6, 7.09
1747802694, 1, 795, 1008, 993, 22, 8.56%, 290, 0, 6, 6.71
1747802699, 1, 795, 1009, 994, 22, 8.56%, 290, 0, 6, 6.49
1747802704, 1, 795, 1010, 995, 22, 8.57%, 290, 0, 6, 6.67
1747802709, 1, 795, 1011, 996, 22, 8.57%, 290, 0, 6, 6.62
1747802714, 1, 795, 1012, 997, 22, 8.57%, 290, 0, 6, 5.93
1747802730, 1, 795, 1013, 998, 22, 8.57%, 290, 0, 6, 8.49
1747802740, 1, 795, 1014, 999, 22, 8.57%, 290, 0, 6, 6.73
1747802745, 1, 795, 1015, 1000, 22, 8.57%, 290, 0, 6, 6.71
1747802751, 1, 795, 1016, 1001, 22, 8.57%, 290, 0, 6, 6.64
1747802792, 1, 795, 1017, 1002, 22, 8.57%, 290, 0, 6, 7.78
1747802797, 1, 795, 1018, 1003, 22, 8.57%, 290, 0, 6, 7.60
1747802889, 1, 795, 1019, 1004, 22, 8.57%, 290, 0, 6, 3.70
1747802920, 1, 795, 1020, 1005, 22, 8.57%, 290, 0, 6, 3.65
1747802966, 1, 795, 1021, 1006, 22, 8.57%, 290, 0, 6, 4.23
1747803053, 1, 795, 1022, 1007, 22, 8.57%, 290, 0, 6, 3.84
1747803089, 1, 795, 1023, 1008, 22, 8.57%, 290, 0, 6, 3.88
1747803166, 1, 795, 1024, 1009, 22, 8.57%, 290, 0, 6, 3.48
1747803171, 1, 795, 1025, 1010, 22, 8.57%, 290, 0, 6, 3.46
1747803336, 1, 795, 1026, 1011, 22, 8.57%, 290, 0, 6, 5.25
1747803521, 1, 795, 1027, 1012, 22, 8.57%, 290, 0, 6, 6.52
1747803527, 1, 795, 1028, 1013, 22, 8.57%, 290, 0, 6, 6.47
1747803568, 1, 795, 1029, 1014, 22, 8.57%, 290, 0, 6, 6.70
1747803686, 1, 795, 1032, 1017, 22, 8.57%, 290, 0, 6, 6.87
1747803691, 1, 795, 1034, 1019, 22, 8.57%, 290, 0, 6, 6.78
1747803716, 1, 796, 1034, 1018, 29, 8.57%, 290, 0, 6, 11.85
1747803721, 1, 797, 1034, 1018, 29, 8.57%, 290, 0, 6, 9.98
1747803727, 1, 800, 1034, 1018, 29, 8.57%, 290, 0, 6, 9.73
1747803732, 1, 801, 1034, 1018, 29, 8.57%, 290, 0, 6, 9.72
1747803737, 1, 802, 1034, 1018, 29, 8.57%, 290, 0, 6, 10.31
1747803742, 1, 803, 1034, 1018, 29, 8.57%, 290, 0, 6, 9.33
1747803747, 1, 804, 1034, 1018, 29, 8.57%, 290, 0, 6, 9.35
1747803752, 1, 806, 1034, 1018, 29, 8.57%, 290, 0, 6, 9.64
1747803758, 1, 808, 1034, 1018, 29, 8.57%, 291, 0, 6, 10.73
1747803763, 1, 811, 1034, 1018, 29, 8.57%, 291, 0, 6, 9.46
1747803773, 1, 812, 1034, 1018, 29, 8.57%, 291, 0, 6, 8.68
1747803778, 1, 813, 1034, 1018, 29, 8.57%, 291, 0, 6, 8.62
1747803784, 1, 814, 1034, 1018, 29, 8.57%, 292, 0, 6, 9.57
1747803789, 1, 815, 1034, 1018, 29, 8.57%, 292, 0, 6, 7.92
1747803794, 1, 816, 1034, 1018, 29, 8.57%, 292, 0, 6, 9.73
1747803799, 1, 817, 1034, 1018, 29, 8.57%, 292, 0, 6, 10.64
1747803804, 1, 818, 1034, 1018, 29, 8.57%, 292, 0, 6, 8.98
1747803809, 1, 820, 1034, 1018, 29, 8.57%, 292, 0, 6, 10.80
1747803815, 1, 821, 1034, 1018, 29, 8.57%, 292, 0, 6, 9.56
1747803820, 1, 822, 1034, 1018, 29, 8.57%, 292, 0, 6, 9.25
1747803825, 1, 823, 1034, 1018, 29, 8.57%, 292, 0, 6, 10.37
1747803830, 1, 824, 1034, 1018, 29, 8.57%, 292, 0, 6, 9.95
1747803840, 1, 826, 1034, 1018, 29, 8.57%, 293, 0, 6, 12.00
1747803845, 1, 827, 1034, 1018, 29, 8.57%, 293, 0, 6, 11.20
1747803850, 1, 828, 1034, 1018, 29, 8.57%, 293, 0, 6, 11.32
1747803856, 1, 830, 1034, 1018, 29, 8.57%, 293, 0, 6, 9.71
1747803861, 1, 831, 1034, 1018, 29, 8.57%, 293, 0, 6, 8.83
1747803871, 1, 832, 1034, 1018, 29, 8.57%, 293, 0, 6, 8.45
1747803876, 1, 833, 1034, 1018, 29, 8.57%, 293, 0, 6, 8.59
1747803881, 1, 836, 1034, 1018, 29, 8.57%, 293, 0, 6, 9.20
1747803887, 1, 837, 1034, 1018, 29, 8.57%, 293, 0, 6, 9.64
1747803892, 1, 838, 1034, 1018, 29, 8.57%, 293, 0, 6, 8.94
1747803902, 1, 839, 1034, 1018, 29, 8.57%, 293, 0, 6, 10.02
1747803907, 1, 841, 1034, 1018, 29, 8.57%, 293, 0, 6, 10.56
1747803918, 1, 844, 1034, 1018, 29, 8.57%, 293, 0, 6, 9.28
1747803923, 1, 845, 1034, 1018, 29, 8.57%, 293, 0, 6, 9.51
1747803928, 1, 846, 1034, 1018, 29, 8.57%, 293, 0, 6, 7.91
1747803933, 1, 847, 1034, 1018, 29, 8.57%, 294, 0, 6, 9.21
1747803939, 1, 848, 1034, 1018, 29, 8.57%, 294, 0, 6, 8.60
1747803944, 1, 849, 1034, 1018, 29, 8.57%, 294, 0, 6, 9.20
1747803949, 1, 850, 1034, 1018, 29, 8.57%, 294, 0, 6, 10.05
1747803954, 1, 852, 1034, 1018, 29, 8.57%, 294, 0, 6, 9.38
1747803959, 1, 853, 1034, 1018, 29, 8.57%, 294, 0, 6, 9.75
1747803964, 1, 854, 1034, 1018, 29, 8.57%, 294, 0, 6, 11.23
1747803970, 1, 856, 1034, 1018, 29, 8.57%, 294, 0, 6, 10.84
1747803975, 1, 857, 1034, 1018, 29, 8.57%, 294, 0, 6, 9.37
1747803980, 1, 858, 1034, 1018, 29, 8.57%, 294, 0, 6, 9.60
1747803990, 1, 859, 1034, 1018, 29, 8.57%, 294, 0, 6, 8.52
1747803996, 1, 861, 1034, 1018, 29, 8.57%, 295, 0, 6, 8.80
1747804001, 1, 862, 1034, 1018, 29, 8.57%, 295, 0, 6, 10.85
1747804006, 1, 863, 1034, 1018, 29, 8.57%, 296, 0, 6, 10.10
1747804011, 1, 864, 1034, 1018, 29, 8.57%, 296, 0, 6, 9.96
1747804016, 1, 865, 1034, 1018, 29, 8.57%, 296, 0, 6, 10.54
1747804021, 1, 866, 1034, 1018, 29, 8.57%, 296, 0, 6, 9.28
1747804026, 1, 867, 1034, 1018, 29, 8.57%, 296, 0, 6, 10.32
1747804032, 1, 868, 1034, 1018, 29, 8.57%, 297, 0, 6, 10.27
1747804037, 1, 869, 1034, 1018, 29, 8.57%, 297, 0, 6, 12.89
1747804047, 1, 872, 1034, 1018, 29, 8.57%, 297, 0, 6, 11.32
1747804057, 1, 873, 1034, 1018, 29, 8.57%, 297, 0, 6, 9.52
1747804062, 1, 874, 1034, 1018, 29, 8.57%, 297, 0, 6, 9.31
1747804068, 1, 877, 1034, 1018, 29, 8.57%, 297, 0, 6, 9.18
1747804073, 1, 878, 1034, 1018, 29, 8.57%, 297, 0, 6, 10.58
1747804078, 1, 880, 1034, 1018, 29, 8.57%, 297, 0, 6, 10.85
1747804083, 1, 881, 1034, 1018, 29, 8.57%, 297, 0, 6, 9.53
1747804088, 1, 882, 1034, 1018, 29, 8.57%, 297, 0, 6, 11.12
1747804093, 1, 883, 1034, 1018, 29, 8.57%, 297, 0, 6, 8.69
1747804098, 1, 884, 1034, 1018, 29, 8.57%, 297, 0, 6, 8.53
1747804104, 1, 885, 1034, 1018, 29, 8.57%, 297, 0, 6, 10.27
1747804109, 1, 887, 1034, 1018, 29, 8.57%, 297, 0, 6, 10.18
1747804114, 1, 889, 1034, 1018, 29, 8.57%, 297, 0, 6, 10.13
1747804119, 1, 890, 1034, 1018, 29, 8.57%, 297, 0, 6, 8.96
1747804124, 1, 892, 1034, 1018, 29, 8.57%, 297, 0, 6, 9.14
1747804129, 1, 892, 1034, 1018, 29, 8.57%, 298, 0, 6, 7.73
1747804134, 1, 894, 1034, 1018, 29, 8.57%, 298, 0, 6, 8.37
1747804974, 1, 894, 1035, 1019, 29, 8.57%, 298, 0, 6, 6.01
1747805082, 1, 894, 1036, 1020, 29, 8.57%, 298, 0, 6, 6.01
1747805123, 1, 895, 1036, 1019, 28, 8.57%, 298, 0, 6, 7.19
1747805129, 1, 896, 1036, 1019, 28, 8.57%, 298, 0, 6, 6.74
1747805139, 1, 897, 1036, 1019, 28, 8.57%, 298, 0, 6, 5.27
1747805149, 1, 899, 1036, 1019, 28, 8.57%, 298, 0, 6, 5.60
1747805160, 1, 900, 1036, 1019, 28, 8.57%, 298, 0, 6, 5.05
1747805170, 1, 903, 1036, 1019, 28, 8.57%, 298, 0, 6, 4.57
1747805180, 1, 904, 1036, 1019, 28, 8.57%, 298, 0, 6, 5.63
1747805191, 1, 905, 1036, 1019, 28, 8.57%, 298, 0, 6, 6.21
1747805201, 1, 906, 1036, 1019, 28, 8.57%, 298, 0, 6, 5.26
1747805206, 1, 907, 1036, 1019, 28, 8.57%, 298, 0, 6, 5.91
1747805217, 1, 909, 1036, 1019, 28, 8.57%, 299, 0, 6, 7.88
1747805227, 1, 911, 1036, 1019, 28, 8.57%, 299, 0, 6, 7.37
1747805232, 1, 912, 1036, 1019, 28, 8.57%, 299, 0, 6, 7.86
1747805237, 1, 913, 1036, 1019, 28, 8.57%, 299, 0, 6, 7.90
1747805242, 1, 914, 1036, 1019, 28, 8.57%, 299, 0, 6, 9.83
1747805253, 1, 915, 1036, 1019, 28, 8.57%, 300, 0, 6, 10.57
1747805258, 1, 916, 1036, 1019, 28, 8.57%, 300, 0, 6, 10.72
1747805263, 1, 917, 1036, 1019, 28, 8.57%, 300, 0, 6, 9.67
1747805268, 1, 919, 1036, 1019, 28, 8.57%, 300, 0, 6, 11.72
1747805273, 1, 920, 1036, 1019, 28, 8.57%, 300, 0, 6, 10.63
1747805278, 1, 921, 1036, 1019, 28, 8.57%, 300, 0, 6, 10.03
1747805283, 1, 922, 1036, 1019, 28, 8.57%, 300, 0, 6, 8.85
1747805289, 1, 923, 1036, 1019, 28, 8.57%, 300, 0, 6, 8.04
1747805294, 1, 923, 1036, 1019, 28, 8.57%, 301, 0, 6, 7.61
1747805299, 1, 925, 1036, 1019, 28, 8.57%, 301, 0, 6, 7.80
1747805304, 1, 926, 1036, 1019, 28, 8.57%, 301, 0, 6, 8.27
1747805309, 1, 927, 1036, 1019, 28, 8.57%, 301, 0, 6, 8.71
1747805314, 1, 928, 1036, 1019, 28, 8.57%, 301, 0, 6, 9.90
1747805320, 1, 929, 1036, 1019, 28, 8.57%, 302, 0, 6, 9.93
1747805325, 1, 930, 1036, 1019, 28, 8.57%, 302, 0, 6, 9.20
1747805330, 1, 931, 1036, 1019, 28, 8.57%, 302, 0, 6, 9.22
1747805340, 1, 932, 1036, 1019, 28, 8.57%, 302, 0, 6, 8.92
1747805346, 1, 933, 1036, 1019, 28, 8.57%, 302, 0, 6, 8.64
1747805351, 1, 934, 1036, 1019, 28, 8.57%, 302, 0, 6, 8.79
1747805356, 1, 935, 1036, 1019, 28, 8.57%, 302, 0, 6, 7.59
1747805361, 1, 936, 1036, 1019, 28, 8.57%, 303, 0, 6, 9.40
1747805366, 1, 939, 1036, 1019, 28, 8.57%, 303, 0, 6, 9.15
1747805377, 1, 941, 1036, 1019, 28, 8.57%, 303, 0, 6, 11.56
1747805382, 1, 942, 1036, 1019, 28, 8.57%, 303, 0, 6, 11.92
1747805387, 1, 945, 1036, 1019, 28, 8.57%, 303, 0, 6, 10.65
1747805392, 1, 946, 1036, 1019, 28, 8.57%, 303, 0, 6, 10.34
1747805397, 1, 947, 1036, 1019, 28, 8.57%, 303, 0, 6, 9.85
1747805402, 1, 948, 1036, 1019, 28, 8.57%, 303, 0, 6, 9.30
1747805407, 1, 949, 1036, 1019, 28, 8.57%, 303, 0, 6, 10.10
1747805412, 1, 950, 1036, 1019, 28, 8.57%, 303, 0, 6, 10.24
1747805417, 1, 951, 1036, 1019, 28, 8.57%, 303, 0, 6, 10.11
1747805428, 1, 953, 1036, 1019, 28, 8.57%, 303, 0, 6, 11.58
1747805438, 1, 955, 1036, 1019, 28, 8.57%, 303, 0, 6, 11.43
1747805448, 1, 957, 1036, 1019, 28, 8.57%, 303, 0, 6, 9.02
1747805453, 1, 959, 1036, 1019, 28, 8.57%, 303, 0, 6, 9.95
1747805459, 1, 960, 1036, 1019, 28, 8.57%, 303, 0, 6, 10.35
1747805464, 1, 961, 1036, 1019, 28, 8.57%, 303, 0, 6, 10.43
1747805469, 1, 962, 1036, 1019, 28, 8.57%, 303, 0, 6, 8.93
1747805474, 1, 963, 1036, 1019, 28, 8.57%, 303, 0, 6, 9.50
1747805479, 1, 964, 1036, 1019, 28, 8.57%, 303, 0, 6, 8.83
1747805485, 1, 965, 1036, 1019, 28, 8.57%, 303, 0, 6, 9.59
1747805490, 1, 966, 1036, 1019, 28, 8.57%, 303, 0, 6, 9.42
1747805495, 1, 967, 1036, 1019, 28, 8.57%, 303, 0, 6, 9.44
1747805500, 1, 968, 1036, 1019, 28, 8.57%, 303, 0, 6, 9.95
1747805909, 1, 968, 1036, 1019, 28, 8.57%, 304, 0, 6, 1.67
1747808822, 1, 968, 1036, 1019, 28, 8.57%, 305, 0, 6, 5.82
1747808854, 1, 969, 1036, 1018, 27, 8.57%, 305, 0, 6, 6.45
1747808859, 1, 970, 1036, 1018, 27, 8.57%, 305, 0, 6, 6.52
1747808870, 1, 971, 1036, 1018, 27, 8.57%, 305, 0, 6, 5.65
1747808880, 1, 972, 1036, 1018, 27, 8.57%, 305, 0, 6, 5.98
1747808891, 1, 973, 1036, 1018, 27, 8.57%, 305, 0, 6, 5.77
1747808901, 1, 976, 1036, 1018, 27, 8.57%, 305, 0, 6, 6.38
1747808906, 1, 978, 1036, 1018, 27, 8.57%, 305, 0, 6, 5.39
1747808917, 1, 979, 1036, 1018, 27, 8.57%, 305, 0, 6, 5.33
1747808928, 1, 980, 1036, 1018, 27, 8.57%, 305, 0, 6, 9.26
1747808933, 1, 980, 1038, 1020, 27, 8.57%, 305, 0, 7, 10.60
1747808938, 1, 980, 1039, 1021, 27, 8.57%, 305, 0, 7, 12.07
1747808943, 1, 980, 1041, 1023, 27, 8.57%, 305, 0, 7, 10.95
1747808974, 1, 980, 1043, 1025, 27, 8.57%, 305, 0, 7, 12.25
1747809010, 1, 980, 1044, 1026, 27, 8.57%, 305, 0, 7, 10.76
1747809133, 1, 980, 1045, 1027, 27, 8.57%, 305, 0, 7, 13.88
1747809139, 1, 980, 1046, 1028, 27, 8.57%, 305, 0, 7, 11.40
1747809149, 1, 980, 1047, 1029, 27, 8.57%, 305, 0, 7, 9.75
1747809159, 1, 980, 1048, 1030, 27, 8.57%, 305, 0, 7, 12.43
1747809185, 1, 980, 1049, 1031, 27, 8.57%, 305, 0, 7, 8.32
1747809195, 1, 980, 1050, 1032, 27, 8.57%, 305, 0, 7, 10.22
1747809257, 1, 980, 1051, 1033, 27, 8.57%, 305, 0, 7, 11.04
1747809314, 1, 980, 1052, 1034, 27, 8.57%, 305, 0, 7, 10.81
1747809396, 1, 980, 1053, 1035, 27, 8.57%, 305, 0, 7, 12.03
1747809416, 1, 980, 1054, 1036, 27, 8.57%, 305, 0, 7, 11.91
1747809442, 1, 980, 1055, 1037, 27, 8.57%, 305, 0, 7, 10.27
1747809468, 1, 980, 1056, 1038, 27, 8.57%, 305, 0, 7, 9.01
1747809617, 1, 980, 1057, 1039, 27, 8.57%, 305, 0, 7, 8.65
1747809674, 1, 980, 1058, 1040, 27, 8.57%, 305, 0, 7, 9.81
1747809679, 1, 981, 1058, 1039, 27, 8.57%, 305, 0, 7, 6.91
1747809689, 1, 982, 1058, 1039, 27, 8.57%, 305, 0, 7, 6.72
1747809694, 1, 985, 1058, 1039, 27, 8.57%, 305, 0, 7, 6.74
1747809705, 1, 986, 1058, 1039, 27, 8.57%, 305, 0, 7, 6.98
1747809710, 1, 987, 1058, 1039, 27, 8.57%, 305, 0, 7, 6.63
1747809720, 1, 991, 1058, 1039, 27, 8.57%, 305, 0, 7, 5.57
1747809731, 1, 994, 1058, 1039, 27, 8.57%, 305, 0, 7, 5.16
1747809741, 1, 997, 1058, 1039, 27, 8.57%, 305, 0, 7, 7.11
1747809751, 1, 998, 1058, 1039, 27, 8.57%, 305, 0, 7, 5.73
1747809756, 1, 999, 1058, 1039, 27, 8.57%, 305, 0, 7, 5.80
1747809766, 1, 1000, 1058, 1039, 27, 8.57%, 305, 0, 7, 5.07
1747809777, 1, 1002, 1058, 1039, 27, 8.57%, 305, 0, 7, 6.01
1747809787, 1, 1003, 1058, 1039, 27, 8.57%, 305, 0, 7, 6.96
1747810240, 1, 1003, 1059, 1040, 27, 8.57%, 305, 0, 7, 3.87
1747810337, 1, 1003, 1060, 1041, 27, 8.57%, 305, 0, 7, 3.67
1747810856, 1, 1003, 1062, 1043, 27, 8.57%, 305, 0, 7, 6.93
1747810897, 1, 1004, 1062, 1042, 27, 8.57%, 305, 0, 7, 13.97
1747810903, 1, 1005, 1062, 1042, 27, 8.57%, 305, 0, 7, 11.39
1747810908, 1, 1006, 1062, 1042, 27, 8.57%, 305, 0, 7, 9.26
1747810913, 1, 1008, 1062, 1042, 27, 8.57%, 305, 0, 7, 9.32
1747810923, 1, 1009, 1062, 1042, 27, 8.57%, 305, 0, 7, 10.38
1747810928, 1, 1010, 1062, 1042, 27, 8.57%, 305, 0, 7, 8.91
1747810934, 1, 1011, 1062, 1042, 27, 8.57%, 305, 0, 7, 8.98
1747810939, 1, 1012, 1062, 1042, 27, 8.57%, 305, 0, 7, 10.80
1747810944, 1, 1013, 1062, 1042, 27, 8.57%, 305, 0, 7, 10.11
1747810949, 1, 1014, 1062, 1042, 27, 8.57%, 305, 0, 7, 10.44
1747810954, 1, 1015, 1062, 1042, 27, 8.57%, 305, 0, 7, 10.76
1747810959, 1, 1016, 1062, 1042, 27, 8.57%, 305, 0, 7, 10.00
1747810965, 1, 1017, 1062, 1042, 27, 8.57%, 305, 0, 7, 9.26
1747810970, 1, 1018, 1062, 1042, 27, 8.57%, 305, 0, 7, 9.96
1747810975, 1, 1019, 1062, 1042, 27, 8.57%, 305, 0, 7, 10.69
1747810980, 1, 1020, 1062, 1042, 27, 8.57%, 305, 0, 7, 10.76
1747810986, 1, 1021, 1062, 1042, 27, 8.57%, 305, 0, 7, 9.31
1747810991, 1, 1022, 1062, 1042, 27, 8.57%, 305, 0, 7, 7.50
1747811001, 1, 1023, 1062, 1042, 27, 8.57%, 305, 0, 7, 6.16
1747811011, 1, 1024, 1062, 1042, 27, 8.57%, 305, 0, 7, 5.29
1747811016, 1, 1025, 1062, 1042, 27, 8.57%, 305, 0, 7, 7.08
1747811026, 1, 1026, 1062, 1042, 27, 8.57%, 305, 0, 7, 5.95
1747811037, 1, 1027, 1062, 1042, 27, 8.57%, 305, 0, 7, 7.50
1747811047, 1, 1027, 1063, 1043, 27, 8.57%, 305, 0, 7, 5.30
1747811078, 1, 1027, 1064, 1044, 27, 8.57%, 305, 0, 7, 3.68
1747811088, 1, 1027, 1065, 1045, 27, 8.57%, 305, 0, 7, 3.61
1747811093, 1, 1027, 1066, 1046, 27, 8.57%, 305, 0, 7, 3.64
1747811134, 1, 1027, 1067, 1047, 27, 8.57%, 305, 0, 7, 3.83
1747811345, 1, 1027, 1068, 1048, 27, 8.57%, 305, 0, 7, 5.78
1747811499, 1, 1027, 1070, 1050, 27, 8.57%, 305, 0, 7, 3.75
1747811504, 1, 1027, 1071, 1051, 27, 8.57%, 305, 0, 7, 3.72
1747811509, 1, 1027, 1072, 1052, 27, 8.57%, 305, 0, 7, 3.72
1747811606, 1, 1027, 1073, 1053, 27, 8.57%, 305, 0, 7, 3.73
1747812115, 1, 1027, 1074, 1054, 27, 8.57%, 305, 0, 7, 3.40
1747812259, 1, 1027, 1075, 1055, 27, 8.57%, 305, 0, 7, 3.70
1747812280, 1, 1027, 1076, 1056, 27, 8.57%, 305, 0, 7, 3.83
1747812388, 1, 1028, 1076, 1055, 26, 8.57%, 305, 0, 7, 6.48
1747812394, 1, 1029, 1076, 1055, 26, 8.57%, 305, 0, 7, 6.03
1747812404, 1, 1030, 1076, 1055, 26, 8.57%, 305, 0, 7, 1.49
1747812414, 1, 1031, 1076, 1055, 26, 8.57%, 305, 0, 7, 4.74
1747812420, 1, 1032, 1076, 1055, 26, 8.57%, 305, 0, 7, 6.45
1747812430, 1, 1033, 1076, 1055, 26, 8.57%, 305, 0, 7, 5.50
1747812440, 1, 1034, 1076, 1055, 26, 8.57%, 305, 0, 7, 5.11
1747812450, 1, 1035, 1076, 1055, 26, 8.57%, 305, 0, 7, 4.69
1747812456, 1, 1035, 1076, 1055, 26, 8.57%, 306, 0, 7, 4.80
1747812461, 1, 1036, 1076, 1055, 26, 8.57%, 306, 0, 7, 6.20
1747812471, 1, 1037, 1076, 1055, 26, 8.57%, 306, 0, 7, 5.68
1747812481, 1, 1040, 1076, 1055, 26, 8.57%, 306, 0, 7, 4.90
1747812487, 1, 1040, 1077, 1056, 26, 8.57%, 306, 0, 7, 5.27
1747812507, 1, 1041, 1077, 1056, 26, 8.57%, 306, 0, 7, 5.68
1747812512, 1, 1043, 1077, 1056, 26, 8.57%, 306, 0, 7, 5.46
1747812523, 1, 1044, 1077, 1056, 26, 8.57%, 306, 0, 7, 6.24
1747812533, 1, 1046, 1077, 1056, 26, 8.57%, 306, 0, 7, 5.40
1747812544, 1, 1047, 1077, 1056, 26, 8.57%, 306, 0, 7, 6.45
1747812549, 1, 1048, 1077, 1056, 26, 8.57%, 306, 0, 7, 6.96
1747812560, 1, 1049, 1077, 1056, 26, 8.57%, 306, 0, 7, 6.65
1747812570, 1, 1050, 1077, 1056, 26, 8.57%, 306, 0, 7, 5.54
1747812581, 1, 1051, 1077, 1056, 26, 8.57%, 306, 0, 7, 6.80
1747812586, 1, 1052, 1077, 1056, 26, 8.57%, 306, 0, 7, 5.21
1747812596, 1, 1054, 1077, 1056, 26, 8.57%, 306, 0, 7, 6.90
1747812607, 1, 1055, 1077, 1056, 26, 8.57%, 306, 0, 7, 6.49
1747812612, 1, 1056, 1077, 1056, 26, 8.57%, 306, 0, 7, 5.53
1747812617, 1, 1056, 1077, 1056, 26, 8.57%, 307, 0, 7, 5.05
1747812627, 1, 1057, 1077, 1056, 26, 8.57%, 307, 0, 7, 6.22
1747812638, 1, 1058, 1077, 1056, 26, 8.57%, 307, 0, 7, 4.74
1747812648, 1, 1059, 1077, 1056, 26, 8.57%, 307, 0, 7, 5.91
1747812653, 1, 1060, 1077, 1056, 26, 8.57%, 307, 0, 7, 6.13
1747812664, 1, 1061, 1077, 1056, 26, 8.57%, 307, 0, 7, 5.55
1747812674, 1, 1062, 1077, 1056, 26, 8.57%, 307, 0, 7, 5.13
1747812684, 1, 1063, 1077, 1056, 26, 8.57%, 307, 0, 7, 6.45
1747812689, 1, 1065, 1077, 1056, 26, 8.57%, 307, 0, 7, 6.37
1747812701, 1, 1066, 1077, 1056, 26, 8.57%, 307, 0, 7, 5.46
1747812711, 1, 1067, 1077, 1056, 26, 8.57%, 307, 0, 7, 5.13
1747812722, 1, 1068, 1077, 1056, 26, 8.57%, 307, 0, 7, 4.91
1747812732, 1, 1069, 1077, 1056, 26, 8.57%, 307, 0, 7, 5.61
1747812738, 1, 1070, 1077, 1056, 26, 8.57%, 307, 0, 7, 5.94
1747812748, 1, 1071, 1077, 1056, 26, 8.57%, 307, 0, 7, 6.11
1747812758, 1, 1072, 1077, 1056, 26, 8.57%, 307, 0, 7, 6.78
1747812764, 1, 1073, 1077, 1056, 26, 8.57%, 307, 0, 7, 6.90
1747812774, 1, 1074, 1077, 1056, 26, 8.57%, 307, 0, 7, 6.58
1747812784, 1, 1075, 1077, 1056, 26, 8.57%, 307, 0, 7, 6.49
1747812790, 1, 1076, 1077, 1056, 26, 8.57%, 307, 0, 7, 6.38
1747812800, 2, 0, 1077, 1056, 26, 8.57%, 307, 0, 7, 5.40
1747812811, 2, 1, 1077, 1056, 26, 8.57%, 307, 0, 7, 5.45
1747812821, 2, 2, 1077, 1056, 26, 8.57%, 307, 0, 7, 6.82
1747812831, 2, 4, 1077, 1056, 26, 8.57%, 307, 0, 7, 6.04
1747812841, 2, 5, 1077, 1056, 26, 8.57%, 307, 0, 7, 5.57
1747812847, 2, 5, 1078, 1057, 26, 8.57%, 307, 0, 7, 4.72
1747812857, 2, 5, 1078, 1057, 26, 8.57%, 308, 0, 7, 4.19
1747812868, 2, 8, 1078, 1057, 26, 8.57%, 308, 0, 7, 5.35
1747812873, 2, 10, 1078, 1057, 26, 8.57%, 308, 0, 7, 5.47
1747812883, 2, 11, 1078, 1057, 26, 8.57%, 308, 0, 7, 6.37
1747812894, 2, 13, 1078, 1057, 26, 8.57%, 308, 0, 7, 5.32
1747812899, 2, 13, 1078, 1057, 26, 8.57%, 309, 0, 7, 5.18
1747812904, 2, 14, 1078, 1057, 26, 8.57%, 309, 0, 7, 4.89
1747812914, 2, 16, 1078, 1057, 26, 8.57%, 309, 0, 7, 5.34
1747812925, 2, 17, 1078, 1057, 26, 8.57%, 309, 0, 7, 5.97
1747812936, 2, 18, 1078, 1057, 26, 8.57%, 309, 0, 7, 6.03
1747812941, 2, 20, 1078, 1057, 26, 8.57%, 309, 0, 7, 5.55
1747812951, 2, 21, 1078, 1057, 26, 8.57%, 309, 0, 7, 6.72
1747812962, 2, 22, 1078, 1057, 26, 8.57%, 309, 0, 7, 6.84
1747812967, 2, 24, 1078, 1057, 26, 8.57%, 309, 0, 7, 6.14
1747812977, 2, 25, 1078, 1057, 26, 8.57%, 309, 0, 7, 5.98
1747812983, 2, 26, 1078, 1057, 26, 8.57%, 309, 0, 7, 7.67
1747812988, 2, 26, 1078, 1057, 26, 8.57%, 310, 0, 7, 6.70
1747812993, 2, 27, 1078, 1057, 26, 8.57%, 310, 0, 7, 6.29
1747813004, 2, 30, 1078, 1057, 26, 8.57%, 310, 0, 7, 6.78
1747813014, 2, 31, 1078, 1057, 26, 8.57%, 310, 0, 7, 5.52
1747813025, 2, 32, 1078, 1057, 26, 8.57%, 310, 0, 7, 5.29
1747813035, 2, 33, 1078, 1057, 26, 8.57%, 310, 0, 7, 5.56
1747813040, 2, 34, 1078, 1057, 26, 8.57%, 310, 0, 7, 5.83
1747813050, 2, 35, 1078, 1057, 26, 8.57%, 310, 0, 7, 6.59
1747813061, 2, 36, 1078, 1057, 26, 8.57%, 310, 0, 7, 6.10
1747813067, 2, 37, 1078, 1057, 26, 8.57%, 310, 0, 7, 6.57
1747813077, 2, 38, 1078, 1057, 26, 8.57%, 310, 0, 7, 6.48
1747813087, 2, 39, 1078, 1057, 26, 8.57%, 310, 0, 7, 5.52
1747813098, 2, 41, 1078, 1057, 26, 8.57%, 310, 0, 7, 6.68
1747813103, 2, 42, 1078, 1057, 26, 8.57%, 310, 0, 7, 5.66
1747813114, 2, 45, 1078, 1057, 26, 8.57%, 310, 0, 7, 13.01
1747813144, 2, 45, 1079, 1058, 26, 8.57%, 310, 0, 7, 18.41
1747813180, 2, 46, 1079, 1057, 25, 8.57%, 310, 0, 7, 19.58
1747813191, 2, 47, 1079, 1057, 25, 8.57%, 310, 0, 7, 4.57
1747813201, 2, 48, 1079, 1057, 25, 8.57%, 310, 0, 7, 5.33
1747813212, 2, 49, 1079, 1057, 25, 8.57%, 310, 0, 7, 5.84
1747813217, 2, 50, 1079, 1057, 25, 8.57%, 310, 0, 7, 6.42
1747813227, 2, 51, 1079, 1057, 25, 8.57%, 310, 0, 7, 5.64
1747813238, 2, 53, 1079, 1057, 25, 8.57%, 310, 0, 7, 5.84
1747813248, 2, 54, 1079, 1057, 25, 8.57%, 310, 0, 7, 5.14
1747813258, 2, 55, 1079, 1057, 25, 8.57%, 310, 0, 7, 4.94
1747813268, 2, 56, 1079, 1057, 25, 8.57%, 310, 0, 7, 6.65
1747813279, 2, 57, 1079, 1057, 25, 8.57%, 310, 0, 7, 6.40
1747813284, 2, 58, 1079, 1057, 25, 8.57%, 310, 0, 7, 6.07
1747813294, 2, 60, 1079, 1057, 25, 8.57%, 310, 0, 7, 6.22
1747813305, 2, 62, 1079, 1057, 25, 8.57%, 310, 0, 7, 6.22
1747813315, 2, 63, 1079, 1057, 25, 8.57%, 310, 0, 7, 5.28
1747813320, 2, 63, 1080, 1058, 25, 8.58%, 310, 0, 7, 1.14
1747813341, 2, 65, 1080, 1058, 26, 8.58%, 310, 0, 7, 6.45
1747813352, 2, 66, 1080, 1058, 26, 8.58%, 310, 0, 7, 4.91
1747813362, 2, 67, 1080, 1058, 26, 8.58%, 310, 0, 7, 5.92
1747813367, 2, 68, 1080, 1058, 26, 8.58%, 310, 0, 7, 7.16
1747813378, 2, 68, 1081, 1059, 26, 8.58%, 310, 0, 7, 4.85
1747813393, 2, 69, 1081, 1059, 27, 8.58%, 310, 0, 7, 5.38
1747813404, 2, 70, 1081, 1059, 27, 8.58%, 310, 0, 7, 4.99
1747813409, 2, 70, 1081, 1059, 27, 8.58%, 311, 0, 7, 4.68
1747813414, 2, 71, 1081, 1059, 27, 8.58%, 311, 0, 7, 6.06
1747813424, 2, 72, 1081, 1059, 27, 8.58%, 311, 0, 7, 5.52
1747813435, 2, 73, 1081, 1059, 27, 8.58%, 311, 0, 7, 5.52
1747813440, 2, 73, 1081, 1059, 27, 8.58%, 312, 0, 7, 5.52
1747813446, 2, 73, 1082, 1060, 27, 8.58%, 312, 0, 7, 6.12
1747813456, 2, 74, 1082, 1060, 27, 8.58%, 312, 0, 7, 4.86
1747813466, 2, 76, 1082, 1060, 27, 8.58%, 312, 0, 7, 5.17
1747813477, 2, 77, 1082, 1060, 27, 8.58%, 312, 0, 7, 5.62
1747813487, 2, 80, 1082, 1060, 27, 8.58%, 312, 0, 7, 5.26
1747813498, 2, 82, 1082, 1060, 27, 8.58%, 312, 0, 7, 5.42
1747813508, 2, 83, 1082, 1060, 27, 8.58%, 312, 0, 7, 7.23
1747813513, 2, 84, 1082, 1060, 27, 8.58%, 312, 0, 7, 6.15
1747813524, 2, 85, 1082, 1060, 27, 8.58%, 312, 0, 7, 7.04
1747813535, 2, 86, 1082, 1060, 27, 8.58%, 312, 0, 7, 5.49
1747813540, 2, 87, 1082, 1060, 27, 8.58%, 312, 0, 7, 5.91
1747813550, 2, 90, 1082, 1060, 27, 8.58%, 312, 0, 7, 3.39
1747813555, 2, 90, 1083, 1061, 27, 8.58%, 312, 0, 7, 3.37
1747813576, 2, 91, 1083, 1061, 27, 8.58%, 312, 0, 7, 6.45
1747813581, 2, 94, 1083, 1061, 27, 8.58%, 312, 0, 7, 6.63
1747813586, 2, 94, 1083, 1061, 27, 8.58%, 313, 0, 7, 5.75
1747813591, 2, 95, 1083, 1061, 27, 8.58%, 313, 0, 7, 5.74
1747813601, 2, 98, 1083, 1061, 27, 8.58%, 313, 0, 7, 7.30
1747813612, 2, 101, 1083, 1061, 27, 8.58%, 313, 0, 7, 6.04
1747813617, 2, 102, 1083, 1061, 27, 8.58%, 313, 0, 7, 5.58
1747813627, 2, 105, 1083, 1061, 27, 8.58%, 313, 0, 7, 5.98
1747813637, 2, 106, 1083, 1061, 27, 8.58%, 313, 0, 7, 5.54
1747813648, 2, 107, 1083, 1061, 27, 8.58%, 313, 0, 7, 8.01
1747813653, 2, 108, 1083, 1061, 27, 8.58%, 313, 0, 7, 7.09
1747813663, 2, 109, 1083, 1061, 27, 8.58%, 313, 0, 7, 5.31
1747813673, 2, 110, 1083, 1061, 27, 8.58%, 313, 0, 7, 6.73
1747813679, 2, 111, 1083, 1061, 27, 8.58%, 313, 0, 7, 6.56
1747813689, 2, 112, 1083, 1061, 27, 8.58%, 313, 0, 7, 5.65
1747813700, 2, 113, 1083, 1061, 27, 8.58%, 313, 0, 7, 6.48
1747813705, 2, 114, 1083, 1061, 27, 8.58%, 313, 0, 7, 6.73
1747813716, 2, 115, 1083, 1061, 27, 8.58%, 314, 0, 7, 5.81
1747813726, 2, 116, 1083, 1061, 27, 8.58%, 314, 0, 7, 6.64
1747813731, 2, 117, 1083, 1061, 27, 8.58%, 314, 0, 7, 6.92
1747813741, 2, 118, 1083, 1061, 27, 8.58%, 314, 0, 7, 7.10
1747813746, 2, 118, 1084, 1062, 27, 8.58%, 314, 0, 7, 5.85
1747813767, 2, 119, 1084, 1062, 27, 8.58%, 314, 0, 7, 5.90
1747813778, 2, 121, 1084, 1062, 27, 8.58%, 314, 0, 7, 5.46
1747813788, 2, 122, 1084, 1062, 27, 8.58%, 314, 0, 7, 5.08
1747813798, 2, 123, 1084, 1062, 27, 8.58%, 314, 0, 7, 5.66
1747813808, 2, 124, 1084, 1062, 27, 8.58%, 314, 0, 7, 5.72
1747813814, 2, 125, 1084, 1062, 27, 8.58%, 314, 0, 7, 5.74
1747813824, 2, 127, 1084, 1062, 27, 8.58%, 314, 0, 7, 5.31
1747813834, 2, 128, 1084, 1062, 27, 8.58%, 314, 0, 7, 5.69
1747813845, 2, 129, 1084, 1062, 27, 8.58%, 314, 0, 7, 5.62
1747813855, 2, 130, 1084, 1062, 27, 8.58%, 314, 0, 7, 5.71
1747813866, 2, 131, 1084, 1062, 27, 8.58%, 314, 0, 7, 5.37
1747813871, 2, 132, 1084, 1062, 27, 8.58%, 314, 0, 7, 6.04
1747813881, 2, 133, 1084, 1062, 27, 8.58%, 314, 0, 7, 5.31
1747813892, 2, 134, 1084, 1062, 27, 8.58%, 314, 0, 7, 5.87
1747813902, 2, 135, 1084, 1062, 27, 8.58%, 314, 0, 7, 6.51
1747813912, 2, 136, 1084, 1062, 27, 8.58%, 314, 0, 7, 5.59
1747813917, 2, 137, 1084, 1062, 27, 8.58%, 314, 0, 7, 6.48
1747813922, 2, 137, 1084, 1062, 27, 8.58%, 315, 0, 7, 6.44
1747813927, 2, 138, 1084, 1062, 27, 8.58%, 315, 0, 7, 5.95
1747813933, 2, 138, 1084, 1062, 27, 8.58%, 316, 0, 7, 6.13
1747813938, 2, 139, 1084, 1062, 27, 8.58%, 316, 0, 7, 5.40
1747813949, 2, 140, 1084, 1062, 27, 8.58%, 316, 0, 7, 5.75
1747813960, 2, 141, 1084, 1062, 27, 8.58%, 316, 0, 7, 5.39
1747813970, 2, 142, 1084, 1062, 27, 8.58%, 316, 0, 7, 4.58
1747813980, 2, 143, 1084, 1062, 27, 8.58%, 316, 0, 7, 5.89
1747813991, 2, 144, 1084, 1062, 27, 8.58%, 316, 0, 7, 5.16
1747814001, 2, 145, 1085, 1063, 27, 8.58%, 316, 0, 7, 5.90
1747814028, 2, 146, 1085, 1063, 27, 8.58%, 316, 0, 7, 5.45
1747814038, 2, 147, 1086, 1064, 27, 8.58%, 316, 0, 7, 5.18
1747814053, 2, 152, 1086, 1064, 27, 8.58%, 316, 0, 7, 5.67
1747814064, 2, 153, 1086, 1064, 27, 8.58%, 316, 0, 7, 5.80
1747814074, 2, 154, 1086, 1064, 27, 8.58%, 316, 0, 7, 6.22
1747814079, 2, 155, 1086, 1064, 27, 8.58%, 316, 0, 7, 6.69
1747814089, 2, 156, 1086, 1064, 27, 8.58%, 316, 0, 7, 5.87
1747814100, 2, 157, 1086, 1064, 27, 8.58%, 316, 0, 7, 5.81
1747814110, 2, 158, 1086, 1064, 27, 8.58%, 316, 0, 7, 6.35
1747814115, 2, 159, 1086, 1064, 27, 8.58%, 317, 0, 7, 6.85
1747814126, 2, 160, 1086, 1064, 27, 8.58%, 317, 0, 7, 5.77
1747814136, 2, 162, 1086, 1064, 27, 8.58%, 317, 0, 7, 6.82
1747814146, 2, 163, 1086, 1064, 27, 8.58%, 317, 0, 7, 5.80
1747814157, 2, 164, 1086, 1064, 27, 8.58%, 317, 0, 7, 5.76
1747814162, 2, 165, 1086, 1064, 27, 8.58%, 317, 0, 7, 6.50
1747814167, 2, 166, 1086, 1064, 27, 8.58%, 317, 0, 7, 7.77
1747814178, 2, 168, 1086, 1064, 27, 8.58%, 317, 0, 7, 6.54
1747814188, 2, 169, 1086, 1064, 27, 8.58%, 317, 0, 7, 5.04
1747814199, 2, 170, 1086, 1064, 27, 8.58%, 317, 0, 7, 5.51
1747814209, 2, 171, 1086, 1064, 27, 8.58%, 317, 0, 7, 6.77
1747814220, 2, 172, 1086, 1064, 27, 8.58%, 317, 0, 7, 5.23
1747814225, 2, 174, 1086, 1064, 27, 8.58%, 317, 0, 7, 5.86
1747814235, 2, 175, 1086, 1064, 27, 8.58%, 317, 0, 7, 6.27
1747814246, 2, 176, 1086, 1064, 27, 8.58%, 317, 0, 7, 5.45
1747814256, 2, 178, 1086, 1064, 27, 8.58%, 317, 0, 7, 5.55
1747814261, 2, 179, 1086, 1064, 27, 8.58%, 317, 0, 7, 6.98
1747814272, 2, 180, 1086, 1064, 27, 8.58%, 317, 0, 7, 5.48
1747814277, 2, 181, 1086, 1064, 27, 8.58%, 317, 0, 7, 6.99
1747814288, 2, 183, 1086, 1064, 27, 8.58%, 317, 0, 7, 5.99
1747814298, 2, 184, 1086, 1064, 27, 8.58%, 317, 0, 7, 5.82
1747814308, 2, 185, 1086, 1064, 27, 8.58%, 317, 0, 7, 5.67
1747814319, 2, 186, 1086, 1064, 27, 8.58%, 317, 0, 7, 5.14
1747814329, 2, 187, 1086, 1064, 27, 8.58%, 317, 0, 7, 4.89
1747814339, 2, 188, 1086, 1064, 27, 8.58%, 317, 0, 7, 6.14
1747814345, 2, 189, 1086, 1064, 27, 8.58%, 317, 0, 7, 7.57
1747814350, 2, 190, 1086, 1064, 27, 8.58%, 317, 0, 7, 10.04
1747814355, 2, 191, 1086, 1064, 27, 8.58%, 317, 0, 7, 9.84
1747814360, 2, 191, 1086, 1064, 27, 8.58%, 318, 0, 7, 8.45
1747814365, 2, 192, 1086, 1064, 27, 8.58%, 318, 0, 7, 10.00
1747814370, 2, 196, 1086, 1064, 27, 8.58%, 318, 0, 7, 9.47
1747814376, 2, 198, 1086, 1064, 27, 8.58%, 318, 0, 7, 9.45
1747814381, 2, 199, 1086, 1064, 27, 8.58%, 318, 0, 7, 9.36
1747814386, 2, 200, 1086, 1064, 27, 8.58%, 318, 0, 7, 8.95
1747814391, 2, 201, 1086, 1064, 27, 8.58%, 318, 0, 7, 9.26
1747814396, 2, 202, 1086, 1064, 27, 8.58%, 318, 0, 7, 11.50
1747814402, 2, 203, 1086, 1064, 27, 8.58%, 318, 0, 7, 10.64
1747814407, 2, 204, 1086, 1064, 27, 8.58%, 318, 0, 7, 10.80
1747814412, 2, 205, 1086, 1064, 27, 8.58%, 318, 0, 7, 9.50
1747814417, 2, 206, 1086, 1064, 27, 8.58%, 318, 0, 7, 8.89
1747814422, 2, 207, 1086, 1064, 27, 8.58%, 318, 0, 7, 8.26
1747814427, 2, 208, 1086, 1064, 27, 8.58%, 318, 0, 7, 9.34
1747814437, 2, 210, 1086, 1064, 27, 8.58%, 318, 0, 7, 12.03
1747814442, 2, 211, 1086, 1064, 27, 8.58%, 318, 0, 7, 11.65
1747814448, 2, 212, 1086, 1064, 27, 8.58%, 318, 0, 7, 9.17
1747814453, 2, 213, 1086, 1064, 27, 8.58%, 318, 0, 7, 11.02
1747814458, 2, 214, 1086, 1064, 27, 8.58%, 318, 0, 7, 11.96
1747814463, 2, 215, 1086, 1064, 27, 8.58%, 318, 0, 7, 10.68
1747814468, 2, 216, 1086, 1064, 27, 8.58%, 318, 0, 7, 9.72
1747814474, 2, 217, 1086, 1064, 27, 8.58%, 318, 0, 7, 10.26
1747814479, 2, 218, 1086, 1064, 27, 8.58%, 318, 0, 7, 11.05
1747814484, 2, 219, 1086, 1064, 27, 8.58%, 318, 0, 7, 9.77
1747814494, 2, 221, 1086, 1064, 27, 8.58%, 318, 0, 7, 8.39
1747814499, 2, 222, 1086, 1064, 27, 8.58%, 318, 0, 7, 9.89
1747814504, 2, 223, 1086, 1064, 27, 8.58%, 318, 0, 7, 8.98
1747814509, 2, 224, 1086, 1064, 27, 8.58%, 318, 0, 7, 9.09
1747814514, 2, 225, 1086, 1064, 27, 8.58%, 318, 0, 7, 8.97
1747814520, 2, 226, 1086, 1064, 27, 8.58%, 318, 0, 7, 9.68
1747814525, 2, 227, 1086, 1064, 27, 8.58%, 318, 0, 7, 9.78
1747814530, 2, 228, 1086, 1064, 27, 8.58%, 318, 0, 7, 9.19
1747814540, 2, 230, 1086, 1064, 27, 8.58%, 318, 0, 7, 9.73
1747814546, 2, 231, 1086, 1064, 27, 8.58%, 318, 0, 7, 9.93
1747814551, 2, 233, 1086, 1064, 27, 8.58%, 318, 0, 7, 8.72
1747814556, 2, 235, 1086, 1064, 27, 8.58%, 318, 0, 7, 10.18
1747814561, 2, 238, 1086, 1064, 27, 8.58%, 318, 0, 7, 3.49
1747814566, 2, 239, 1086, 1064, 27, 8.58%, 318, 0, 7, 8.46
1747814571, 2, 241, 1086, 1064, 27, 8.58%, 318, 0, 7, 10.07
1747814576, 2, 242, 1086, 1064, 27, 8.58%, 318, 0, 7, 9.69
1747814581, 2, 243, 1086, 1064, 27, 8.58%, 318, 0, 7, 9.73
1747814586, 2, 244, 1086, 1064, 27, 8.58%, 319, 0, 7, 9.74
1747814591, 2, 246, 1086, 1064, 27, 8.58%, 319, 0, 7, 10.22
1747814597, 2, 247, 1086, 1064, 27, 8.58%, 319, 0, 7, 9.52
1747814602, 2, 248, 1086, 1064, 27, 8.58%, 319, 0, 7, 9.40
1747814612, 2, 251, 1086, 1064, 27, 8.58%, 319, 0, 7, 10.16
1747814622, 2, 252, 1086, 1064, 27, 8.58%, 319, 0, 7, 8.69
1747814628, 2, 253, 1086, 1064, 27, 8.58%, 319, 0, 7, 9.38
1747814633, 2, 254, 1086, 1064, 27, 8.58%, 319, 0, 7, 9.15
1747814638, 2, 256, 1086, 1064, 27, 8.58%, 319, 0, 7, 8.81
1747814643, 2, 257, 1086, 1064, 27, 8.58%, 319, 0, 7, 10.90
1747814648, 2, 259, 1086, 1064, 27, 8.58%, 319, 0, 7, 11.22
1747814654, 2, 261, 1086, 1064, 27, 8.58%, 319, 0, 7, 10.51
1747814659, 2, 262, 1086, 1064, 27, 8.58%, 319, 0, 7, 9.55
1747814664, 2, 263, 1086, 1064, 27, 8.58%, 319, 0, 7, 8.58
1747814669, 2, 265, 1086, 1064, 27, 8.58%, 319, 0, 7, 9.27
1747814675, 2, 266, 1086, 1064, 27, 8.58%, 319, 0, 7, 10.10
1747814685, 2, 268, 1086, 1064, 27, 8.58%, 319, 0, 7, 7.74
1747814690, 2, 269, 1086, 1064, 27, 8.58%, 319, 0, 7, 8.54
1747814695, 2, 270, 1086, 1064, 27, 8.58%, 319, 0, 7, 10.07
1747814700, 2, 271, 1086, 1064, 27, 8.58%, 319, 0, 7, 9.40
1747814705, 2, 272, 1086, 1064, 27, 8.58%, 319, 0, 7, 11.10
1747814710, 2, 273, 1086, 1064, 27, 8.58%, 319, 0, 7, 10.45
1747814716, 2, 275, 1086, 1064, 27, 8.58%, 319, 0, 7, 11.04
1747814721, 2, 276, 1086, 1064, 27, 8.58%, 319, 0, 7, 9.79
1747814726, 2, 277, 1086, 1064, 27, 8.58%, 319, 0, 7, 11.22
1747814731, 2, 278, 1086, 1064, 27, 8.58%, 319, 0, 7, 11.05
1747814736, 2, 280, 1087, 1065, 27, 8.58%, 319, 0, 7, 10.93
1747814747, 2, 281, 1087, 1065, 27, 8.58%, 319, 0, 7, 9.77
1747814752, 2, 282, 1087, 1065, 27, 8.58%, 319, 0, 7, 10.65
1747814757, 2, 283, 1087, 1065, 27, 8.58%, 319, 0, 7, 10.13
1747814762, 2, 284, 1087, 1065, 27, 8.58%, 319, 0, 7, 22.36
1747814778, 2, 284, 1088, 1066, 27, 8.58%, 319, 0, 7, 33.01
1747814803, 2, 284, 1089, 1067, 27, 8.58%, 319, 0, 7, 29.84
1747814823, 2, 284, 1090, 1068, 27, 8.58%, 319, 0, 7, 27.09
1747814854, 2, 284, 1091, 1069, 27, 8.58%, 319, 0, 7, 36.21
1747814905, 2, 284, 1092, 1070, 27, 8.58%, 319, 0, 7, 27.51
1747814925, 2, 284, 1093, 1071, 27, 8.58%, 319, 0, 7, 27.85
1747814951, 2, 285, 1093, 1070, 26, 8.58%, 319, 0, 7, 23.26
1747814956, 2, 286, 1093, 1070, 26, 8.58%, 319, 0, 7, 6.47
1747814967, 2, 287, 1093, 1070, 26, 8.58%, 319, 0, 7, 8.13
1747814972, 2, 288, 1093, 1070, 26, 8.58%, 319, 0, 7, 8.60
1747814977, 2, 289, 1093, 1070, 26, 8.58%, 319, 0, 7, 9.59
1747814982, 2, 290, 1093, 1070, 26, 8.58%, 319, 0, 7, 10.21
1747814987, 2, 291, 1093, 1070, 26, 8.58%, 319, 0, 7, 10.48
1747814992, 2, 292, 1093, 1070, 26, 8.58%, 319, 0, 7, 9.75
1747814997, 2, 293, 1093, 1070, 26, 8.58%, 319, 0, 7, 10.69
1747815002, 2, 295, 1093, 1070, 26, 8.58%, 319, 0, 7, 10.45
1747815007, 2, 297, 1093, 1070, 26, 8.58%, 319, 0, 7, 8.56
1747815012, 2, 298, 1093, 1070, 26, 8.58%, 319, 0, 7, 8.57
1747815018, 2, 299, 1093, 1070, 26, 8.58%, 319, 0, 7, 11.10
1747815023, 2, 300, 1093, 1070, 26, 8.58%, 319, 0, 7, 9.73
1747815028, 2, 302, 1093, 1070, 26, 8.58%, 319, 0, 7, 8.90
1747815033, 2, 304, 1093, 1070, 26, 8.58%, 319, 0, 7, 10.02
1747815039, 2, 305, 1093, 1070, 26, 8.58%, 319, 0, 7, 10.40
1747815044, 2, 306, 1093, 1070, 26, 8.58%, 319, 0, 7, 10.50
1747815049, 2, 307, 1093, 1070, 26, 8.58%, 319, 0, 7, 11.18
1747815054, 2, 308, 1093, 1070, 26, 8.58%, 319, 0, 7, 10.37
1747815059, 2, 309, 1093, 1070, 26, 8.58%, 319, 0, 7, 9.96
1747815065, 2, 310, 1093, 1070, 26, 8.58%, 319, 0, 7, 9.05
1747815070, 2, 311, 1093, 1070, 26, 8.58%, 319, 0, 7, 9.30
1747815080, 2, 312, 1093, 1070, 26, 8.58%, 319, 0, 7, 10.58
1747815085, 2, 313, 1093, 1070, 26, 8.58%, 319, 0, 7, 8.95
1747815090, 2, 315, 1093, 1070, 26, 8.58%, 319, 0, 7, 8.33
1747815095, 2, 319, 1093, 1070, 26, 8.58%, 319, 0, 7, 8.08
1747815100, 2, 320, 1093, 1070, 26, 8.58%, 319, 0, 7, 12.99
1747815106, 2, 321, 1093, 1070, 26, 8.58%, 319, 0, 7, 10.35
1747815111, 2, 322, 1093, 1070, 26, 8.58%, 319, 0, 7, 8.74
1747815116, 2, 323, 1093, 1070, 26, 8.58%, 319, 0, 7, 8.61
1747815121, 2, 324, 1093, 1070, 26, 8.58%, 319, 0, 7, 9.13
1747815126, 2, 325, 1093, 1070, 26, 8.58%, 319, 0, 7, 10.55
1747815131, 2, 326, 1093, 1070, 26, 8.58%, 319, 0, 7, 10.16
1747815136, 2, 327, 1093, 1070, 26, 8.58%, 319, 0, 7, 9.21
1747815141, 2, 328, 1093, 1070, 26, 8.58%, 319, 0, 7, 10.05
1747815147, 2, 330, 1093, 1070, 26, 8.58%, 319, 0, 7, 10.62
1747815152, 2, 331, 1093, 1070, 26, 8.58%, 319, 0, 7, 9.68
1747815157, 2, 332, 1093, 1070, 26, 8.58%, 319, 0, 7, 10.02
1747815162, 2, 333, 1093, 1070, 26, 8.58%, 319, 0, 7, 12.24
1747815173, 2, 335, 1093, 1070, 26, 8.58%, 319, 0, 7, 9.87
1747815183, 2, 336, 1093, 1070, 26, 8.58%, 319, 0, 7, 8.90
1747815188, 2, 337, 1093, 1070, 26, 8.58%, 319, 0, 7, 8.53
1747815194, 2, 339, 1093, 1070, 26, 8.58%, 319, 0, 7, 9.72
1747815199, 2, 340, 1093, 1070, 26, 8.58%, 319, 0, 7, 9.77
1747815204, 2, 341, 1093, 1070, 26, 8.58%, 319, 0, 7, 11.44
1747815209, 2, 342, 1093, 1070, 26, 8.58%, 319, 0, 7, 9.96
1747815214, 2, 343, 1093, 1070, 26, 8.58%, 319, 0, 7, 10.40
1747815219, 2, 345, 1093, 1070, 26, 8.58%, 319, 0, 7, 9.61
1747815224, 2, 346, 1093, 1070, 26, 8.58%, 319, 0, 7, 9.60
1747815230, 2, 347, 1093, 1070, 26, 8.58%, 319, 0, 7, 8.75
1747815240, 2, 350, 1093, 1070, 26, 8.58%, 319, 0, 7, 11.36
1747815250, 2, 351, 1093, 1070, 26, 8.58%, 319, 0, 7, 9.97
1747815255, 2, 352, 1093, 1070, 26, 8.58%, 319, 0, 7, 8.93
1747815260, 2, 353, 1093, 1070, 26, 8.58%, 319, 0, 7, 10.17
1747815265, 2, 356, 1093, 1070, 26, 8.58%, 319, 0, 7, 11.16
1747815271, 2, 357, 1093, 1070, 26, 8.58%, 319, 0, 7, 9.64
1747815276, 2, 358, 1093, 1070, 26, 8.58%, 319, 0, 7, 10.71
1747815281, 2, 359, 1094, 1071, 26, 8.58%, 319, 0, 7, 7.42
1747815291, 2, 361, 1094, 1071, 26, 8.58%, 319, 0, 7, 10.10
1747815296, 2, 362, 1094, 1071, 26, 8.58%, 319, 0, 7, 10.18
1747815307, 2, 363, 1094, 1071, 26, 8.58%, 319, 0, 7, 8.29
1747815312, 2, 364, 1094, 1071, 26, 8.58%, 319, 0, 7, 8.23
1747815317, 2, 365, 1094, 1071, 26, 8.58%, 319, 0, 7, 10.40
1747815322, 2, 366, 1094, 1071, 26, 8.58%, 319, 0, 7, 8.67
1747815327, 2, 367, 1094, 1071, 26, 8.58%, 319, 0, 7, 9.89
1747815332, 2, 368, 1094, 1071, 26, 8.58%, 319, 0, 7, 9.02
1747815343, 2, 369, 1094, 1071, 26, 8.58%, 319, 0, 7, 7.65
1747815348, 2, 370, 1094, 1071, 26, 8.58%, 319, 0, 7, 10.17
1747815353, 2, 371, 1094, 1071, 26, 8.58%, 319, 0, 7, 9.95
1747815358, 2, 372, 1094, 1071, 26, 8.58%, 319, 0, 7, 9.53
1747815363, 2, 373, 1094, 1071, 26, 8.58%, 319, 0, 7, 9.41
1747815368, 2, 374, 1094, 1071, 26, 8.58%, 319, 0, 7, 9.79
1747815373, 2, 376, 1094, 1071, 26, 8.58%, 319, 0, 7, 11.80
1747815378, 2, 377, 1094, 1071, 26, 8.58%, 319, 0, 7, 10.12
1747815383, 2, 378, 1094, 1071, 26, 8.58%, 319, 0, 7, 10.28
1747815389, 2, 379, 1094, 1071, 26, 8.58%, 319, 0, 7, 9.80
1747815394, 2, 380, 1094, 1071, 26, 8.58%, 319, 0, 7, 8.90
1747815399, 2, 381, 1094, 1071, 26, 8.58%, 319, 0, 7, 9.50
1747815404, 2, 383, 1094, 1071, 26, 8.58%, 319, 0, 7, 8.05
1747815415, 2, 384, 1094, 1071, 26, 8.58%, 319, 0, 7, 10.71
1747815420, 2, 385, 1094, 1071, 26, 8.58%, 319, 0, 7, 10.50
1747815425, 2, 386, 1094, 1071, 26, 8.58%, 319, 0, 7, 10.26
1747815430, 2, 388, 1094, 1071, 26, 8.58%, 319, 0, 7, 9.65
1747815435, 2, 389, 1094, 1071, 26, 8.58%, 319, 0, 7, 9.90
1747815440, 2, 390, 1094, 1071, 26, 8.58%, 319, 0, 7, 9.60
1747815445, 2, 391, 1094, 1071, 26, 8.58%, 319, 0, 7, 9.61
1747815451, 2, 392, 1094, 1071, 26, 8.58%, 319, 0, 7, 9.66
1747815456, 2, 393, 1094, 1071, 26, 8.58%, 319, 0, 7, 10.78
1747815461, 2, 394, 1094, 1071, 26, 8.58%, 319, 0, 7, 8.61
1747815471, 2, 395, 1094, 1071, 26, 8.58%, 319, 0, 7, 10.54
1747815476, 2, 396, 1096, 1073, 26, 8.58%, 319, 0, 7, 6.72
1747815502, 2, 397, 1096, 1073, 26, 8.58%, 319, 0, 7, 9.76
1747815507, 2, 398, 1096, 1073, 26, 8.58%, 319, 0, 7, 8.67
1747815512, 2, 399, 1096, 1073, 26, 8.58%, 319, 0, 7, 9.64
1747815517, 2, 400, 1096, 1073, 26, 8.58%, 319, 0, 7, 9.06
1747815522, 2, 401, 1096, 1073, 26, 8.58%, 319, 0, 7, 8.96
1747815528, 2, 402, 1096, 1073, 26, 8.58%, 319, 0, 7, 9.89
1747815533, 2, 403, 1096, 1073, 26, 8.58%, 319, 0, 7, 8.81
1747815538, 2, 405, 1096, 1073, 26, 8.58%, 319, 0, 7, 9.35
1747815543, 2, 406, 1096, 1073, 26, 8.58%, 319, 0, 7, 10.52
1747815548, 2, 407, 1096, 1073, 26, 8.58%, 319, 0, 7, 10.23
1747815553, 2, 409, 1096, 1073, 26, 8.58%, 319, 0, 7, 9.44
1747815564, 2, 410, 1096, 1073, 26, 8.58%, 319, 0, 7, 10.28
1747815569, 2, 412, 1097, 1074, 26, 8.58%, 319, 0, 7, 9.82
1747815579, 2, 413, 1097, 1074, 26, 8.58%, 319, 0, 7, 10.86
1747815584, 2, 414, 1097, 1074, 26, 8.58%, 319, 0, 7, 10.70
1747815589, 2, 415, 1097, 1074, 26, 8.58%, 319, 0, 7, 11.17
1747815594, 2, 416, 1097, 1074, 26, 8.58%, 319, 0, 7, 11.06
1747815599, 2, 417, 1097, 1074, 26, 8.58%, 319, 0, 7, 10.08
1747815604, 2, 418, 1097, 1074, 26, 8.58%, 319, 0, 7, 9.71
1747815610, 2, 419, 1097, 1074, 26, 8.58%, 319, 0, 7, 10.40
1747815615, 2, 420, 1097, 1074, 26, 8.58%, 319, 0, 7, 10.41
1747815620, 2, 421, 1097, 1074, 26, 8.58%, 319, 0, 7, 10.71
1747815625, 2, 422, 1097, 1074, 26, 8.58%, 319, 0, 7, 9.64
1747815630, 2, 423, 1097, 1074, 26, 8.58%, 319, 0, 7, 9.81
1747815636, 2, 426, 1097, 1074, 26, 8.58%, 319, 0, 7, 9.20
1747815646, 2, 427, 1097, 1074, 26, 8.58%, 319, 0, 7, 8.03
1747815651, 2, 428, 1097, 1074, 26, 8.58%, 319, 0, 7, 9.45
1747815656, 2, 429, 1097, 1074, 26, 8.58%, 319, 0, 7, 8.55
1747815662, 2, 430, 1097, 1074, 26, 8.58%, 319, 0, 7, 8.02
1747815667, 2, 431, 1097, 1074, 26, 8.58%, 319, 0, 7, 9.67
1747815672, 2, 432, 1097, 1074, 26, 8.58%, 319, 0, 7, 9.46
1747815678, 2, 435, 1097, 1074, 26, 8.58%, 319, 0, 7, 9.44
1747815683, 2, 436, 1097, 1074, 26, 8.58%, 319, 0, 7, 10.53
1747815688, 2, 437, 1097, 1074, 26, 8.58%, 319, 0, 7, 9.02
1747815698, 2, 438, 1097, 1074, 26, 8.58%, 319, 0, 7, 9.11
1747815703, 2, 439, 1097, 1074, 26, 8.58%, 319, 0, 7, 10.44
1747815709, 2, 440, 1097, 1074, 26, 8.58%, 319, 0, 7, 10.85
1747815714, 2, 441, 1097, 1074, 26, 8.58%, 319, 0, 7, 8.60
1747815719, 2, 442, 1097, 1074, 26, 8.58%, 319, 0, 7, 9.08
1747815724, 2, 443, 1097, 1074, 26, 8.58%, 319, 0, 7, 7.19
1747815734, 2, 444, 1097, 1074, 26, 8.58%, 319, 0, 7, 6.02
1747815745, 2, 445, 1097, 1074, 26, 8.58%, 319, 0, 7, 5.35
1747815755, 2, 446, 1097, 1074, 26, 8.58%, 319, 0, 7, 5.81
1747815765, 2, 447, 1097, 1074, 26, 8.58%, 319, 0, 7, 6.02
1747815775, 2, 448, 1097, 1074, 26, 8.58%, 319, 0, 7, 5.47
1747815781, 2, 449, 1097, 1074, 26, 8.58%, 319, 0, 7, 6.45
1747815791, 2, 450, 1097, 1074, 26, 8.58%, 319, 0, 7, 6.47
1747815796, 2, 452, 1097, 1074, 26, 8.58%, 319, 0, 7, 6.24
1747815807, 2, 453, 1097, 1074, 26, 8.58%, 319, 0, 7, 6.35
1747815817, 2, 454, 1097, 1074, 26, 8.58%, 319, 0, 7, 6.29
1747815827, 2, 455, 1097, 1074, 26, 8.58%, 319, 0, 7, 6.49
1747815833, 2, 456, 1097, 1074, 26, 8.58%, 319, 0, 7, 6.13
1747815843, 2, 457, 1097, 1074, 26, 8.58%, 319, 0, 7, 6.77
1747815848, 2, 458, 1097, 1074, 26, 8.58%, 319, 0, 7, 6.63
1747815859, 2, 459, 1097, 1074, 26, 8.58%, 319, 0, 7, 6.00
1747815869, 2, 460, 1097, 1074, 26, 8.58%, 319, 0, 7, 7.27
1747815874, 2, 462, 1097, 1074, 26, 8.58%, 319, 0, 7, 6.78
1747815884, 2, 463, 1097, 1074, 26, 8.58%, 319, 0, 7, 5.96
1747815894, 2, 464, 1097, 1074, 26, 8.58%, 320, 0, 7, 4.93
1747815899, 2, 464, 1097, 1074, 26, 8.58%, 321, 0, 7, 5.59
1747815904, 2, 465, 1097, 1074, 26, 8.58%, 321, 0, 7, 7.14
1747815910, 2, 467, 1097, 1074, 26, 8.58%, 321, 0, 7, 6.09
1747815920, 2, 468, 1097, 1074, 26, 8.58%, 321, 0, 7, 6.86
1747815925, 2, 469, 1097, 1074, 26, 8.58%, 321, 0, 7, 7.01
1747815936, 2, 470, 1097, 1074, 26, 8.58%, 321, 0, 7, 5.21
1747815946, 2, 471, 1097, 1074, 26, 8.58%, 321, 0, 7, 5.35
1747815957, 2, 472, 1097, 1074, 26, 8.58%, 321, 0, 7, 6.15
1747815962, 2, 473, 1097, 1074, 26, 8.58%, 321, 0, 7, 6.26
1747815973, 2, 474, 1097, 1074, 26, 8.58%, 321, 0, 7, 7.42
1747815978, 2, 475, 1098, 1075, 26, 8.58%, 321, 0, 7, 11.02
1747815983, 2, 475, 1100, 1077, 26, 8.58%, 321, 0, 7, 19.00
1747816013, 2, 475, 1101, 1078, 26, 8.58%, 321, 0, 7, 2.92
1747816049, 2, 476, 1101, 1077, 26, 8.58%, 321, 0, 7, 6.77
1747816055, 2, 477, 1101, 1077, 26, 8.58%, 321, 0, 7, 10.16
1747816060, 2, 478, 1101, 1077, 26, 8.58%, 321, 0, 7, 10.13
1747816065, 2, 479, 1101, 1077, 26, 8.58%, 321, 0, 7, 10.55
1747816070, 2, 480, 1101, 1077, 26, 8.58%, 321, 0, 7, 9.69
1747816075, 2, 481, 1101, 1077, 26, 8.58%, 321, 0, 7, 10.08
1747816080, 2, 484, 1101, 1077, 26, 8.58%, 321, 0, 7, 9.45
1747816085, 2, 486, 1101, 1077, 26, 8.58%, 321, 0, 7, 11.29
1747816090, 2, 487, 1101, 1077, 26, 8.58%, 321, 0, 7, 10.26
1747816095, 2, 488, 1101, 1077, 26, 8.58%, 321, 0, 7, 10.30
1747816100, 2, 489, 1101, 1077, 26, 8.58%, 321, 0, 7, 12.21
1747816105, 2, 491, 1101, 1077, 26, 8.58%, 321, 0, 7, 11.20
1747816111, 2, 492, 1101, 1077, 26, 8.58%, 321, 0, 7, 9.87
1747816116, 2, 493, 1101, 1077, 26, 8.58%, 321, 0, 7, 9.43
1747816121, 2, 494, 1101, 1077, 26, 8.58%, 321, 0, 7, 8.95
1747816126, 2, 495, 1101, 1077, 26, 8.58%, 321, 0, 7, 7.51
1747816131, 2, 496, 1101, 1077, 26, 8.58%, 321, 0, 7, 9.27
1747816142, 2, 497, 1101, 1077, 26, 8.58%, 321, 0, 7, 10.22
1747816147, 2, 498, 1101, 1077, 26, 8.58%, 321, 0, 7, 10.07
1747816152, 2, 499, 1101, 1077, 26, 8.58%, 321, 0, 7, 10.01
1747816157, 2, 500, 1101, 1077, 26, 8.58%, 321, 0, 7, 7.72
1747816162, 2, 501, 1101, 1077, 26, 8.58%, 321, 0, 7, 9.21
1747816167, 2, 504, 1101, 1077, 26, 8.58%, 321, 0, 7, 9.82
1747816172, 2, 505, 1101, 1077, 26, 8.58%, 321, 0, 7, 8.78
1747816177, 2, 506, 1101, 1077, 26, 8.58%, 321, 0, 7, 9.63
1747816183, 2, 509, 1101, 1077, 26, 8.58%, 321, 0, 7, 9.96
1747816188, 2, 513, 1101, 1077, 26, 8.58%, 321, 0, 7, 10.04
1747816198, 2, 514, 1101, 1077, 26, 8.58%, 321, 0, 7, 9.40
1747816203, 2, 515, 1101, 1077, 26, 8.58%, 321, 0, 7, 10.08
1747816209, 2, 516, 1101, 1077, 26, 8.58%, 321, 0, 7, 9.45
1747816214, 2, 517, 1101, 1077, 26, 8.58%, 321, 0, 7, 10.06
1747816219, 2, 518, 1101, 1077, 26, 8.58%, 321, 0, 7, 9.34
1747816224, 2, 519, 1101, 1077, 26, 8.58%, 321, 0, 7, 11.10
1747816229, 2, 520, 1101, 1077, 26, 8.58%, 321, 0, 7, 10.20
1747816234, 2, 522, 1101, 1077, 26, 8.58%, 321, 0, 7, 9.33
1747816239, 2, 523, 1101, 1077, 26, 8.58%, 321, 0, 7, 9.06
1747816244, 2, 524, 1101, 1077, 26, 8.58%, 321, 0, 7, 11.09
1747816249, 2, 525, 1101, 1077, 26, 8.58%, 321, 0, 7, 9.78
1747816255, 2, 526, 1101, 1077, 26, 8.58%, 321, 0, 7, 10.43
1747816260, 2, 527, 1101, 1077, 26, 8.58%, 321, 0, 7, 8.67
1747816265, 2, 528, 1101, 1077, 26, 8.58%, 321, 0, 7, 8.74
1747816275, 2, 529, 1101, 1077, 26, 8.58%, 321, 0, 7, 9.01
1747816280, 2, 530, 1101, 1077, 26, 8.58%, 321, 0, 7, 8.46
1747816285, 2, 532, 1101, 1077, 26, 8.58%, 321, 0, 7, 9.82
1747816290, 2, 533, 1101, 1077, 26, 8.58%, 321, 0, 7, 10.35
1747816296, 2, 534, 1101, 1077, 26, 8.58%, 321, 0, 7, 9.28
1747816301, 2, 535, 1101, 1077, 26, 8.58%, 321, 0, 7, 9.94
1747816306, 2, 536, 1101, 1077, 26, 8.58%, 321, 0, 7, 9.04
1747816311, 2, 540, 1101, 1077, 26, 8.58%, 321, 0, 7, 9.19
1747816322, 2, 541, 1101, 1077, 26, 8.58%, 321, 0, 7, 6.15
1747816327, 2, 542, 1101, 1077, 26, 8.58%, 322, 0, 7, 9.30
1747816337, 2, 545, 1101, 1077, 26, 8.58%, 322, 0, 7, 9.77
1747816342, 2, 547, 1101, 1077, 26, 8.58%, 322, 0, 7, 10.36
1747816347, 2, 549, 1101, 1077, 26, 8.58%, 322, 0, 7, 9.51
1747816352, 2, 550, 1101, 1077, 26, 8.58%, 322, 0, 7, 11.97
1747816358, 2, 551, 1101, 1077, 26, 8.58%, 322, 0, 7, 9.38
1747816363, 2, 552, 1101, 1077, 26, 8.58%, 322, 0, 7, 10.18
1747816368, 2, 554, 1101, 1077, 26, 8.58%, 322, 0, 7, 10.37
1747816373, 2, 555, 1101, 1077, 26, 8.58%, 322, 0, 7, 10.32
1747816379, 2, 556, 1101, 1077, 26, 8.58%, 322, 0, 7, 9.96
1747816389, 2, 557, 1102, 1078, 26, 8.58%, 322, 0, 7, 8.62
1747816399, 2, 558, 1102, 1078, 26, 8.58%, 322, 0, 7, 8.15
1747816404, 2, 559, 1102, 1078, 26, 8.58%, 322, 0, 7, 9.82
1747816409, 2, 560, 1102, 1078, 26, 8.58%, 322, 0, 7, 10.61
1747816414, 2, 561, 1102, 1078, 26, 8.58%, 322, 0, 7, 9.68
1747816425, 2, 562, 1102, 1078, 26, 8.58%, 322, 0, 7, 9.73
1747816430, 2, 563, 1102, 1078, 26, 8.58%, 323, 0, 7, 1.58
1747816435, 2, 564, 1102, 1078, 26, 8.58%, 323, 0, 7, 3.46
1747816446, 2, 565, 1102, 1078, 26, 8.58%, 323, 0, 7, 7.29
1747816451, 2, 569, 1102, 1078, 26, 8.58%, 323, 0, 7, 10.25
1747816456, 2, 570, 1102, 1078, 26, 8.58%, 323, 0, 7, 9.61
1747816461, 2, 571, 1102, 1078, 26, 8.58%, 323, 0, 7, 11.17
1747816466, 2, 572, 1102, 1078, 26, 8.58%, 323, 0, 7, 9.91
1747816471, 2, 573, 1102, 1078, 26, 8.58%, 323, 0, 7, 9.52
1747816476, 2, 574, 1102, 1078, 26, 8.58%, 323, 0, 7, 9.41
1747816481, 2, 575, 1102, 1078, 26, 8.58%, 323, 0, 7, 10.18
1747816486, 2, 576, 1102, 1078, 26, 8.58%, 323, 0, 7, 10.49
1747816497, 2, 577, 1102, 1078, 26, 8.58%, 323, 0, 7, 9.13
1747816502, 2, 578, 1102, 1078, 26, 8.58%, 323, 0, 7, 8.55
1747816507, 2, 579, 1102, 1078, 26, 8.58%, 323, 0, 7, 8.96
1747816512, 2, 580, 1102, 1078, 26, 8.58%, 323, 0, 7, 9.01
1747816517, 2, 582, 1102, 1078, 26, 8.58%, 323, 0, 7, 10.02
1747816523, 2, 584, 1102, 1078, 26, 8.58%, 323, 0, 7, 10.18
1747816528, 2, 586, 1102, 1078, 26, 8.58%, 323, 0, 7, 9.66
1747816533, 2, 587, 1102, 1078, 26, 8.58%, 323, 0, 7, 9.26
1747816538, 2, 588, 1102, 1078, 26, 8.58%, 323, 0, 7, 10.07
1747816548, 2, 589, 1102, 1078, 26, 8.58%, 323, 0, 7, 4.93
1747816554, 2, 590, 1102, 1078, 26, 8.58%, 323, 0, 7, 6.62
1747816564, 2, 592, 1102, 1078, 26, 8.58%, 323, 0, 7, 6.05
1747816569, 2, 593, 1102, 1078, 26, 8.58%, 323, 0, 7, 9.12
1747816574, 2, 594, 1102, 1078, 26, 8.58%, 323, 0, 7, 10.11
1747816585, 2, 596, 1102, 1078, 26, 8.58%, 323, 0, 7, 10.65
1747816590, 2, 597, 1102, 1078, 26, 8.58%, 323, 0, 7, 10.64
1747816595, 2, 599, 1102, 1078, 26, 8.58%, 323, 0, 7, 9.95
1747816600, 2, 600, 1102, 1078, 26, 8.58%, 323, 0, 7, 10.02
1747816605, 2, 602, 1102, 1078, 26, 8.58%, 323, 0, 7, 11.68
1747816611, 2, 603, 1102, 1078, 26, 8.58%, 323, 0, 7, 10.45
1747816616, 2, 604, 1102, 1078, 26, 8.58%, 323, 0, 7, 9.65
1747816626, 2, 605, 1102, 1078, 26, 8.58%, 323, 0, 7, 9.58
1747816631, 2, 606, 1102, 1078, 26, 8.58%, 323, 0, 7, 8.63
1747816636, 2, 607, 1102, 1078, 26, 8.58%, 323, 0, 7, 10.23
1747816641, 2, 609, 1102, 1078, 26, 8.58%, 323, 0, 7, 9.45
1747816647, 2, 610, 1102, 1078, 26, 8.58%, 323, 0, 7, 9.74
1747816652, 2, 613, 1103, 1079, 26, 8.58%, 323, 0, 7, 9.40
1747816667, 2, 614, 1103, 1079, 26, 8.58%, 323, 0, 7, 9.15
1747816672, 2, 615, 1103, 1079, 26, 8.58%, 323, 0, 7, 8.86
1747816677, 2, 616, 1103, 1079, 26, 8.58%, 323, 0, 7, 8.87
1747816683, 2, 618, 1103, 1079, 26, 8.58%, 323, 0, 7, 9.93
1747816688, 2, 620, 1103, 1079, 26, 8.58%, 323, 0, 7, 9.24
1747816698, 2, 621, 1103, 1079, 26, 8.58%, 323, 0, 7, 8.53
1747816703, 2, 622, 1103, 1079, 26, 8.58%, 323, 0, 7, 8.57
1747816708, 2, 626, 1103, 1079, 26, 8.58%, 323, 0, 7, 7.54
1747816714, 2, 627, 1103, 1079, 26, 8.58%, 323, 0, 7, 8.83
1747816719, 2, 628, 1103, 1079, 26, 8.58%, 323, 0, 7, 10.97
1747816729, 2, 629, 1103, 1079, 26, 8.58%, 323, 0, 7, 5.49
1747816734, 2, 631, 1103, 1079, 26, 8.58%, 323, 0, 7, 5.64
1747816745, 2, 632, 1103, 1079, 26, 8.58%, 323, 0, 7, 4.99
1747816755, 2, 633, 1103, 1079, 26, 8.58%, 323, 0, 7, 5.87
1747816765, 2, 636, 1103, 1079, 26, 8.58%, 323, 0, 7, 6.24
1747816771, 2, 637, 1103, 1079, 26, 8.58%, 323, 0, 7, 6.64
1747816781, 2, 638, 1103, 1079, 26, 8.58%, 323, 0, 7, 5.48
1747816792, 2, 640, 1103, 1079, 26, 8.58%, 323, 0, 7, 5.48
1747816802, 2, 642, 1103, 1079, 26, 8.58%, 323, 0, 7, 5.64
1747816808, 2, 644, 1103, 1079, 26, 8.58%, 323, 0, 7, 6.35
1747816818, 2, 645, 1103, 1079, 26, 8.58%, 323, 0, 7, 6.27
1747816828, 2, 646, 1103, 1079, 26, 8.58%, 323, 0, 7, 5.93
1747816834, 2, 647, 1103, 1079, 26, 8.58%, 323, 0, 7, 6.83
1747816844, 2, 649, 1103, 1079, 26, 8.58%, 323, 0, 7, 5.92
1747816855, 2, 650, 1103, 1079, 26, 8.58%, 323, 0, 7, 5.35
1747816865, 2, 651, 1103, 1079, 26, 8.58%, 323, 0, 7, 5.95
1747816875, 2, 652, 1103, 1079, 26, 8.58%, 323, 0, 7, 4.98
1747816886, 2, 653, 1103, 1079, 26, 8.58%, 323, 0, 7, 5.52
1747816896, 2, 654, 1103, 1079, 26, 8.58%, 323, 0, 7, 5.97
1747816907, 2, 655, 1103, 1079, 26, 8.58%, 323, 0, 7, 4.40
1747816917, 2, 656, 1103, 1079, 26, 8.58%, 323, 0, 7, 4.57
1747816928, 2, 657, 1103, 1079, 26, 8.58%, 323, 0, 7, 6.56
1747816938, 2, 658, 1103, 1079, 26, 8.58%, 323, 0, 7, 5.20
1747816948, 2, 659, 1103, 1079, 26, 8.58%, 323, 0, 7, 4.67
1747816959, 2, 660, 1103, 1079, 26, 8.58%, 324, 0, 7, 6.13
1747816964, 2, 662, 1103, 1079, 26, 8.58%, 324, 0, 7, 5.54
1747816974, 2, 664, 1103, 1079, 26, 8.58%, 324, 0, 7, 5.99
1747816985, 2, 666, 1103, 1079, 26, 8.58%, 324, 0, 7, 6.46
1747816995, 2, 667, 1103, 1079, 26, 8.58%, 324, 0, 7, 6.34
1747817006, 2, 669, 1103, 1079, 26, 8.58%, 324, 0, 7, 5.74
1747817016, 2, 670, 1103, 1079, 26, 8.58%, 324, 0, 7, 5.24
1747817026, 2, 671, 1103, 1079, 26, 8.58%, 324, 0, 7, 6.75
1747817032, 2, 672, 1103, 1079, 26, 8.58%, 324, 0, 7, 5.77
1747817042, 2, 674, 1103, 1079, 26, 8.58%, 324, 0, 7, 5.44
1747817052, 2, 675, 1103, 1079, 26, 8.58%, 324, 0, 7, 6.04
1747817058, 2, 676, 1103, 1079, 26, 8.58%, 324, 0, 7, 6.08
1747817068, 2, 677, 1103, 1079, 26, 8.58%, 324, 0, 7, 6.33
1747817079, 2, 678, 1103, 1079, 26, 8.58%, 324, 0, 7, 5.06
1747817089, 2, 679, 1103, 1079, 26, 8.58%, 324, 0, 7, 5.93
1747817094, 2, 680, 1103, 1079, 26, 8.58%, 324, 0, 7, 6.88
1747817104, 2, 681, 1103, 1079, 26, 8.58%, 324, 0, 7, 8.64
1747817110, 2, 683, 1103, 1079, 26, 8.58%, 324, 0, 7, 11.73
1747817115, 2, 684, 1103, 1079, 26, 8.58%, 325, 0, 7, 12.03
1747817120, 2, 685, 1103, 1079, 26, 8.58%, 325, 0, 7, 11.22
1747817125, 2, 686, 1103, 1079, 26, 8.58%, 325, 0, 7, 10.34
1747817130, 2, 687, 1103, 1079, 26, 8.58%, 325, 0, 7, 8.26
1747817141, 2, 688, 1103, 1079, 26, 8.58%, 325, 0, 7, 8.56
1747817146, 2, 690, 1103, 1079, 26, 8.58%, 325, 0, 7, 12.37
1747817156, 2, 691, 1103, 1079, 26, 8.58%, 325, 0, 7, 6.32
1747817167, 2, 693, 1103, 1079, 26, 8.58%, 325, 0, 7, 4.78
1747817177, 2, 694, 1103, 1079, 26, 8.58%, 325, 0, 7, 5.15
1747817187, 2, 695, 1103, 1079, 26, 8.58%, 325, 0, 7, 5.41
1747817197, 2, 697, 1103, 1079, 26, 8.58%, 325, 0, 7, 6.75
1747817208, 2, 698, 1103, 1079, 26, 8.58%, 325, 0, 7, 7.06
1747817213, 2, 699, 1103, 1079, 26, 8.58%, 325, 0, 7, 5.85
1747817224, 2, 700, 1103, 1079, 26, 8.58%, 325, 0, 7, 5.82
1747817234, 2, 701, 1103, 1079, 26, 8.58%, 325, 0, 7, 5.35
1747817244, 2, 702, 1103, 1079, 26, 8.58%, 325, 0, 7, 6.04
1747817255, 2, 703, 1103, 1079, 26, 8.58%, 325, 0, 7, 6.40
1747817265, 2, 704, 1103, 1079, 26, 8.58%, 325, 0, 7, 6.11
1747817276, 2, 705, 1103, 1079, 26, 8.58%, 325, 0, 7, 5.92
1747817286, 2, 707, 1103, 1079, 26, 8.58%, 325, 0, 7, 5.11
1747817296, 2, 708, 1103, 1079, 26, 8.58%, 325, 0, 7, 6.80
1747817301, 2, 709, 1103, 1079, 26, 8.58%, 325, 0, 7, 6.14
1747817311, 2, 710, 1103, 1079, 26, 8.58%, 325, 0, 7, 6.07
1747817317, 2, 710, 1103, 1079, 26, 8.58%, 326, 0, 7, 6.34
1747817322, 2, 711, 1103, 1079, 26, 8.58%, 326, 0, 7, 6.98
1747817327, 2, 713, 1103, 1079, 26, 8.58%, 326, 0, 7, 6.37
1747817332, 2, 713, 1104, 1080, 26, 8.58%, 326, 0, 7, 4.80
1747817349, 2, 714, 1104, 1080, 26, 8.58%, 326, 0, 7, 5.59
1747817359, 2, 716, 1104, 1080, 26, 8.58%, 326, 0, 7, 6.17
1747817364, 2, 717, 1104, 1080, 26, 8.58%, 326, 0, 7, 5.85
1747817375, 2, 718, 1104, 1080, 26, 8.58%, 326, 0, 7, 5.41
1747817385, 2, 719, 1104, 1080, 26, 8.58%, 326, 0, 7, 6.56
1747817391, 2, 720, 1104, 1080, 26, 8.58%, 326, 0, 7, 9.10
1747817396, 2, 721, 1104, 1080, 26, 8.58%, 326, 0, 7, 9.08
1747817401, 2, 722, 1104, 1080, 26, 8.58%, 326, 0, 7, 8.68
1747817406, 2, 723, 1104, 1080, 26, 8.58%, 326, 0, 7, 9.63
1747817411, 2, 724, 1104, 1080, 26, 8.58%, 326, 0, 7, 10.01
1747817416, 2, 725, 1104, 1080, 26, 8.58%, 326, 0, 7, 10.32
1747817422, 2, 728, 1104, 1080, 26, 8.58%, 326, 0, 7, 10.90
1747817427, 2, 730, 1104, 1080, 26, 8.58%, 326, 0, 7, 10.89
1747817432, 2, 731, 1104, 1080, 26, 8.58%, 326, 0, 7, 11.03
1747817437, 2, 732, 1104, 1080, 26, 8.58%, 326, 0, 7, 9.05
1747817448, 2, 733, 1104, 1080, 26, 8.58%, 326, 0, 7, 10.28
1747817453, 2, 734, 1104, 1080, 26, 8.58%, 326, 0, 7, 10.77
1747817458, 2, 735, 1104, 1080, 26, 8.58%, 326, 0, 7, 8.93
1747817463, 2, 736, 1104, 1080, 26, 8.58%, 326, 0, 7, 7.31
1747817468, 2, 739, 1104, 1080, 26, 8.58%, 326, 0, 7, 7.99
1747817478, 2, 741, 1104, 1080, 26, 8.58%, 326, 0, 7, 5.46
