ID;Parent ID;Generation ID;Derived Inputs;Derived Fails;Flags;Generation Time;Generation Length;Trimmed Length;Execution Time;Primary Score;Relative Primary Score;Secondary Score;Relative Secondary Score;Exit Code;Exit Reason;Result;Individual Primary;Individual Secondary;Retries;Test Number
b0a0b;afd36;a27ae;0;0;0000000000000080;        40s 988ms 723μs 159ns;126;-1;              9ms  19μs 624ns;122.000000;1.032787;0.000000;inf;4;1;Unfinished;2.000000,3.000000,4.000000,5.000000,6.000000,7.000000,8.000000,9.000000,10.000000,11.000000,12.000000,13.000000,14.000000,15.000000,16.000000,16.000000,17.000000,18.000000,19.000000,19.000000,20.000000,21.000000,22.000000,23.000000,24.000000,25.000000,25.000000,25.000000,26.000000,27.000000,28.000000,29.000000,30.000000,31.000000,32.000000,33.000000,34.000000,35.000000,36.000000,37.000000,38.000000,39.000000,40.000000,41.000000,42.000000,43.000000,44.000000,45.000000,46.000000,46.000000,47.000000,48.000000,49.000000,50.000000,51.000000,52.000000,53.000000,54.000000,55.000000,56.000000,57.000000,58.000000,59.000000,60.000000,61.000000,62.000000,63.000000,64.000000,65.000000,66.000000,67.000000,68.000000,69.000000,70.000000,71.000000,72.000000,73.000000,74.000000,75.000000,76.000000,77.000000,78.000000,79.000000,80.000000,81.000000,82.000000,83.000000,84.000000,85.000000,86.000000,87.000000,87.000000,88.000000,89.000000,90.000000,91.000000,92.000000,93.000000,94.000000,95.000000,96.000000,97.000000,98.000000,99.000000,100.000000,101.000000,102.000000,103.000000,104.000000,105.000000,106.000000,107.000000,108.000000,109.000000,110.000000,111.000000,112.000000,113.000000,114.000000,115.000000,116.000000,117.000000,118.000000,119.000000,120.000000,121.000000,122.000000;;0;30244
b055a;afd36;a27ae;0;0;0000000000000080;        40s 761ms 610μs 843ns;128;-1;              8ms 586μs 386ns;122.000000;1.049180;0.000000;inf;4;1;Unfinished;2.000000,3.000000,4.000000,5.000000,6.000000,7.000000,8.000000,9.000000,10.000000,11.000000,12.000000,13.000000,14.000000,15.000000,16.000000,16.000000,17.000000,18.000000,19.000000,19.000000,20.000000,21.000000,22.000000,23.000000,24.000000,25.000000,25.000000,25.000000,26.000000,27.000000,28.000000,28.000000,29.000000,30.000000,31.000000,32.000000,33.000000,34.000000,35.000000,36.000000,37.000000,38.000000,39.000000,40.000000,41.000000,42.000000,43.000000,44.000000,45.000000,46.000000,47.000000,47.000000,48.000000,49.000000,50.000000,51.000000,52.000000,53.000000,54.000000,55.000000,56.000000,57.000000,58.000000,59.000000,60.000000,61.000000,62.000000,63.000000,64.000000,65.000000,66.000000,67.000000,68.000000,69.000000,70.000000,71.000000,72.000000,73.000000,74.000000,75.000000,76.000000,77.000000,78.000000,79.000000,80.000000,81.000000,82.000000,83.000000,84.000000,85.000000,86.000000,87.000000,88.000000,88.000000,89.000000,90.000000,91.000000,92.000000,93.000000,94.000000,95.000000,96.000000,97.000000,98.000000,99.000000,100.000000,101.000000,102.000000,103.000000,104.000000,105.000000,106.000000,107.000000,108.000000,109.000000,110.000000,111.000000,112.000000,113.000000,114.000000,115.000000,116.000000,117.000000,118.000000,119.000000,120.000000,121.000000,122.000000;;0;29991
a70e8;a4deb;a27ae;0;0;0000000000000080;        38s 289ms 773μs 380ns;132;-1;              9ms 144μs 883ns;122.000000;1.081967;0.000000;inf;4;1;Unfinished;2.000000,2.000000,2.000000,3.000000,4.000000,5.000000,6.000000,7.000000,8.000000,9.000000,10.000000,11.000000,12.000000,13.000000,14.000000,15.000000,16.000000,16.000000,17.000000,18.000000,19.000000,19.000000,20.000000,21.000000,22.000000,23.000000,24.000000,25.000000,25.000000,25.000000,26.000000,27.000000,28.000000,28.000000,29.000000,30.000000,31.000000,32.000000,33.000000,34.000000,35.000000,36.000000,37.000000,38.000000,39.000000,40.000000,41.000000,42.000000,43.000000,44.000000,45.000000,46.000000,47.000000,47.000000,48.000000,49.000000,50.000000,51.000000,52.000000,53.000000,54.000000,55.000000,56.000000,57.000000,58.000000,59.000000,60.000000,61.000000,62.000000,63.000000,64.000000,65.000000,66.000000,67.000000,68.000000,69.000000,69.000000,69.000000,70.000000,71.000000,72.000000,73.000000,74.000000,75.000000,76.000000,77.000000,78.000000,79.000000,80.000000,81.000000,82.000000,83.000000,84.000000,85.000000,86.000000,87.000000,88.000000,88.000000,89.000000,90.000000,91.000000,92.000000,93.000000,94.000000,95.000000,96.000000,97.000000,98.000000,99.000000,100.000000,101.000000,102.000000,103.000000,104.000000,105.000000,106.000000,107.000000,108.000000,109.000000,110.000000,111.000000,112.000000,113.000000,114.000000,115.000000,116.000000,117.000000,118.000000,119.000000,120.000000,121.000000,122.000000;;0;28357
a81d7;9f378;a27ae;0;0;0000000000000070;        38s 640ms 478μs 744ns;234;134;              8ms 738μs 201ns;122.000000;1.098361;0.000000;inf;3;1;Failing;2.000000,2.000000,2.000000,3.000000,4.000000,5.000000,6.000000,7.000000,8.000000,9.000000,10.000000,11.000000,12.000000,13.000000,14.000000,15.000000,16.000000,16.000000,17.000000,18.000000,19.000000,19.000000,20.000000,21.000000,22.000000,23.000000,24.000000,25.000000,25.000000,25.000000,26.000000,27.000000,28.000000,28.000000,29.000000,30.000000,31.000000,32.000000,33.000000,34.000000,35.000000,36.000000,37.000000,38.000000,39.000000,40.000000,41.000000,42.000000,43.000000,44.000000,45.000000,46.000000,47.000000,47.000000,48.000000,49.000000,50.000000,51.000000,52.000000,53.000000,54.000000,55.000000,56.000000,57.000000,58.000000,59.000000,60.000000,61.000000,62.000000,63.000000,64.000000,65.000000,66.000000,67.000000,68.000000,69.000000,69.000000,69.000000,70.000000,71.000000,72.000000,73.000000,74.000000,75.000000,76.000000,77.000000,78.000000,79.000000,80.000000,81.000000,82.000000,83.000000,84.000000,85.000000,86.000000,87.000000,88.000000,88.000000,89.000000,90.000000,91.000000,92.000000,93.000000,94.000000,95.000000,96.000000,97.000000,98.000000,99.000000,100.000000,101.000000,102.000000,103.000000,104.000000,105.000000,106.000000,107.000000,108.000000,109.000000,110.000000,111.000000,112.000000,113.000000,114.000000,115.000000,116.000000,117.000000,118.000000,119.000000,120.000000,121.000000,122.000000;;0;28831
ac060;9f378;a27ae;0;0;0000000000000070;        39s 828ms 968μs 318ns;324;134;              5ms 139μs 608ns;122.000000;1.098361;0.000000;inf;3;1;Failing;2.000000,2.000000,2.000000,3.000000,4.000000,5.000000,6.000000,7.000000,8.000000,9.000000,10.000000,11.000000,12.000000,13.000000,14.000000,15.000000,16.000000,16.000000,17.000000,18.000000,19.000000,19.000000,20.000000,21.000000,22.000000,23.000000,24.000000,25.000000,25.000000,25.000000,26.000000,27.000000,28.000000,28.000000,29.000000,30.000000,31.000000,32.000000,33.000000,34.000000,35.000000,36.000000,37.000000,38.000000,39.000000,40.000000,41.000000,42.000000,43.000000,44.000000,45.000000,46.000000,47.000000,47.000000,48.000000,49.000000,50.000000,51.000000,52.000000,53.000000,54.000000,55.000000,56.000000,57.000000,58.000000,59.000000,60.000000,61.000000,62.000000,63.000000,64.000000,65.000000,66.000000,67.000000,68.000000,69.000000,69.000000,69.000000,70.000000,71.000000,72.000000,73.000000,74.000000,75.000000,76.000000,77.000000,78.000000,79.000000,80.000000,81.000000,82.000000,83.000000,84.000000,85.000000,86.000000,87.000000,88.000000,88.000000,89.000000,90.000000,91.000000,92.000000,93.000000,94.000000,95.000000,96.000000,97.000000,98.000000,99.000000,100.000000,101.000000,102.000000,103.000000,104.000000,105.000000,106.000000,107.000000,108.000000,109.000000,110.000000,111.000000,112.000000,113.000000,114.000000,115.000000,116.000000,117.000000,118.000000,119.000000,120.000000,121.000000,122.000000;;0;29472
a4ddc;a268b;a27ae;0;0;0000000000000070;        37s 896ms  14μs 672ns;254;135;             12ms 666μs 758ns;122.000000;1.106557;0.000000;inf;3;1;Failing;2.000000,2.000000,2.000000,3.000000,4.000000,5.000000,6.000000,7.000000,8.000000,9.000000,10.000000,11.000000,12.000000,13.000000,14.000000,15.000000,16.000000,16.000000,17.000000,18.000000,19.000000,19.000000,20.000000,21.000000,22.000000,23.000000,24.000000,25.000000,25.000000,25.000000,26.000000,27.000000,28.000000,28.000000,29.000000,30.000000,31.000000,32.000000,33.000000,34.000000,35.000000,36.000000,37.000000,38.000000,39.000000,40.000000,41.000000,42.000000,43.000000,44.000000,45.000000,46.000000,47.000000,47.000000,48.000000,49.000000,50.000000,51.000000,52.000000,53.000000,54.000000,55.000000,56.000000,57.000000,58.000000,59.000000,60.000000,61.000000,62.000000,63.000000,64.000000,65.000000,66.000000,67.000000,68.000000,69.000000,69.000000,69.000000,70.000000,71.000000,72.000000,73.000000,74.000000,75.000000,76.000000,77.000000,78.000000,79.000000,80.000000,81.000000,82.000000,83.000000,84.000000,85.000000,86.000000,87.000000,88.000000,88.000000,89.000000,90.000000,91.000000,92.000000,93.000000,94.000000,95.000000,96.000000,97.000000,98.000000,99.000000,100.000000,101.000000,102.000000,103.000000,104.000000,105.000000,106.000000,107.000000,108.000000,109.000000,110.000000,111.000000,112.000000,113.000000,114.000000,115.000000,116.000000,117.000000,118.000000,119.000000,119.000000,119.000000,120.000000,121.000000,122.000000;;0;28138
b1e90;afd40;a27ae;0;0;0000000000000080;        41s 910ms 249μs 806ns;126;-1;              8ms 796μs 363ns;121.000000;1.041322;0.000000;inf;4;1;Unfinished;2.000000,3.000000,4.000000,5.000000,6.000000,7.000000,8.000000,9.000000,10.000000,11.000000,12.000000,13.000000,14.000000,15.000000,16.000000,17.000000,18.000000,18.000000,19.000000,20.000000,21.000000,22.000000,23.000000,24.000000,24.000000,24.000000,25.000000,26.000000,27.000000,27.000000,28.000000,29.000000,30.000000,31.000000,32.000000,33.000000,34.000000,35.000000,36.000000,37.000000,38.000000,39.000000,40.000000,41.000000,42.000000,43.000000,44.000000,45.000000,46.000000,47.000000,48.000000,49.000000,50.000000,51.000000,52.000000,53.000000,54.000000,55.000000,56.000000,57.000000,58.000000,59.000000,60.000000,61.000000,62.000000,63.000000,64.000000,65.000000,66.000000,67.000000,67.000000,67.000000,68.000000,69.000000,70.000000,71.000000,72.000000,73.000000,74.000000,75.000000,76.000000,77.000000,78.000000,79.000000,80.000000,81.000000,82.000000,83.000000,84.000000,85.000000,86.000000,86.000000,87.000000,88.000000,89.000000,90.000000,91.000000,92.000000,93.000000,94.000000,95.000000,96.000000,97.000000,98.000000,99.000000,100.000000,101.000000,102.000000,103.000000,104.000000,105.000000,106.000000,107.000000,108.000000,109.000000,110.000000,111.000000,112.000000,113.000000,114.000000,115.000000,116.000000,117.000000,118.000000,119.000000,120.000000,121.000000;;0;31028
b47b2;afd37;a27ae;0;0;0000000000000080;        43s 757ms 550μs 166ns;128;-1;              8ms 765μs 318ns;121.000000;1.057851;0.000000;inf;4;1;Unfinished;2.000000,2.000000,2.000000,3.000000,4.000000,5.000000,6.000000,7.000000,8.000000,9.000000,10.000000,11.000000,12.000000,13.000000,14.000000,15.000000,16.000000,16.000000,17.000000,18.000000,19.000000,19.000000,20.000000,21.000000,22.000000,23.000000,24.000000,24.000000,25.000000,26.000000,27.000000,27.000000,28.000000,29.000000,30.000000,31.000000,32.000000,33.000000,34.000000,35.000000,36.000000,37.000000,38.000000,39.000000,40.000000,41.000000,42.000000,43.000000,44.000000,45.000000,46.000000,46.000000,47.000000,48.000000,49.000000,50.000000,51.000000,52.000000,53.000000,54.000000,55.000000,56.000000,57.000000,58.000000,59.000000,60.000000,61.000000,62.000000,63.000000,64.000000,65.000000,66.000000,67.000000,68.000000,69.000000,70.000000,71.000000,72.000000,73.000000,74.000000,75.000000,76.000000,77.000000,78.000000,79.000000,80.000000,81.000000,82.000000,83.000000,84.000000,85.000000,86.000000,87.000000,87.000000,88.000000,89.000000,90.000000,91.000000,92.000000,93.000000,94.000000,95.000000,96.000000,97.000000,98.000000,99.000000,100.000000,101.000000,102.000000,103.000000,104.000000,105.000000,106.000000,107.000000,108.000000,109.000000,110.000000,111.000000,112.000000,113.000000,114.000000,115.000000,116.000000,117.000000,118.000000,119.000000,120.000000,121.000000;;0;32790
a7713;a4deb;a27ae;0;0;0000000000000080;        38s 405ms 682μs 292ns;130;-1;              9ms  98μs 193ns;121.000000;1.074380;0.000000;inf;4;1;Unfinished;2.000000,2.000000,2.000000,3.000000,4.000000,5.000000,6.000000,7.000000,8.000000,9.000000,10.000000,11.000000,12.000000,13.000000,14.000000,15.000000,16.000000,16.000000,17.000000,18.000000,19.000000,19.000000,20.000000,21.000000,22.000000,23.000000,24.000000,25.000000,25.000000,25.000000,26.000000,27.000000,28.000000,28.000000,29.000000,30.000000,31.000000,32.000000,33.000000,34.000000,35.000000,36.000000,37.000000,38.000000,39.000000,40.000000,41.000000,42.000000,43.000000,44.000000,45.000000,46.000000,47.000000,48.000000,49.000000,50.000000,51.000000,52.000000,53.000000,54.000000,55.000000,56.000000,57.000000,58.000000,59.000000,60.000000,61.000000,62.000000,63.000000,64.000000,65.000000,66.000000,67.000000,68.000000,68.000000,68.000000,69.000000,70.000000,71.000000,72.000000,73.000000,74.000000,75.000000,76.000000,77.000000,78.000000,79.000000,80.000000,81.000000,82.000000,83.000000,84.000000,85.000000,86.000000,87.000000,87.000000,88.000000,89.000000,90.000000,91.000000,92.000000,93.000000,94.000000,95.000000,96.000000,97.000000,98.000000,99.000000,100.000000,101.000000,102.000000,103.000000,104.000000,105.000000,106.000000,107.000000,108.000000,109.000000,110.000000,111.000000,112.000000,113.000000,114.000000,115.000000,116.000000,117.000000,118.000000,119.000000,120.000000,121.000000;;0;28444
a8f35;9f378;a27ae;0;0;0000000000000070;        38s 864ms 461μs 886ns;276;133;              8ms 652μs 853ns;121.000000;1.099174;0.000000;inf;3;1;Failing;2.000000,2.000000,2.000000,3.000000,4.000000,5.000000,6.000000,7.000000,8.000000,9.000000,10.000000,11.000000,12.000000,13.000000,14.000000,15.000000,16.000000,16.000000,17.000000,18.000000,19.000000,19.000000,20.000000,21.000000,22.000000,23.000000,24.000000,25.000000,25.000000,25.000000,26.000000,27.000000,28.000000,28.000000,29.000000,30.000000,31.000000,32.000000,33.000000,34.000000,35.000000,36.000000,37.000000,38.000000,39.000000,40.000000,41.000000,42.000000,43.000000,44.000000,45.000000,46.000000,47.000000,47.000000,48.000000,49.000000,50.000000,51.000000,52.000000,53.000000,54.000000,55.000000,56.000000,57.000000,58.000000,59.000000,60.000000,61.000000,62.000000,63.000000,64.000000,65.000000,66.000000,67.000000,68.000000,69.000000,69.000000,69.000000,70.000000,71.000000,72.000000,73.000000,74.000000,75.000000,76.000000,77.000000,78.000000,79.000000,80.000000,81.000000,82.000000,83.000000,84.000000,85.000000,86.000000,87.000000,88.000000,88.000000,89.000000,90.000000,91.000000,92.000000,93.000000,94.000000,95.000000,96.000000,97.000000,98.000000,99.000000,100.000000,101.000000,102.000000,103.000000,104.000000,105.000000,106.000000,107.000000,108.000000,109.000000,110.000000,111.000000,112.000000,113.000000,114.000000,115.000000,116.000000,117.000000,118.000000,119.000000,120.000000,121.000000;;0;29064
ac35d;9c823;a27ae;0;0;0000000000000070;        39s 866ms 759μs 864ns;298;133;              7ms 982μs 907ns;121.000000;1.099174;0.000000;inf;3;1;Failing;2.000000,2.000000,2.000000,3.000000,4.000000,5.000000,6.000000,7.000000,8.000000,9.000000,10.000000,11.000000,12.000000,13.000000,14.000000,15.000000,16.000000,16.000000,17.000000,18.000000,19.000000,19.000000,20.000000,21.000000,22.000000,23.000000,24.000000,25.000000,25.000000,25.000000,26.000000,27.000000,28.000000,28.000000,29.000000,30.000000,31.000000,32.000000,33.000000,34.000000,35.000000,36.000000,37.000000,38.000000,39.000000,40.000000,41.000000,42.000000,43.000000,44.000000,45.000000,46.000000,47.000000,47.000000,48.000000,49.000000,50.000000,51.000000,52.000000,53.000000,54.000000,55.000000,56.000000,57.000000,58.000000,59.000000,60.000000,61.000000,62.000000,63.000000,64.000000,65.000000,66.000000,67.000000,68.000000,69.000000,69.000000,69.000000,70.000000,71.000000,72.000000,73.000000,74.000000,75.000000,76.000000,77.000000,78.000000,79.000000,80.000000,81.000000,82.000000,83.000000,84.000000,85.000000,86.000000,87.000000,88.000000,88.000000,89.000000,90.000000,91.000000,92.000000,93.000000,94.000000,95.000000,96.000000,97.000000,98.000000,99.000000,100.000000,101.000000,102.000000,103.000000,104.000000,105.000000,106.000000,107.000000,108.000000,109.000000,110.000000,111.000000,112.000000,113.000000,114.000000,115.000000,116.000000,117.000000,118.000000,119.000000,120.000000,121.000000;;0;29492
a2f91;9f378;a27ae;0;0;0000000000000070;        37s 447ms 554μs 603ns;317;134;              8ms 689μs 197ns;121.000000;1.107438;0.000000;inf;3;1;Failing;2.000000,2.000000,2.000000,3.000000,4.000000,5.000000,6.000000,7.000000,8.000000,9.000000,10.000000,11.000000,12.000000,13.000000,14.000000,15.000000,16.000000,16.000000,17.000000,18.000000,19.000000,19.000000,20.000000,21.000000,22.000000,23.000000,24.000000,25.000000,25.000000,25.000000,26.000000,27.000000,28.000000,28.000000,29.000000,30.000000,31.000000,32.000000,33.000000,34.000000,35.000000,36.000000,37.000000,38.000000,39.000000,40.000000,41.000000,42.000000,43.000000,44.000000,45.000000,46.000000,47.000000,47.000000,48.000000,49.000000,50.000000,51.000000,52.000000,53.000000,54.000000,55.000000,56.000000,57.000000,58.000000,59.000000,60.000000,61.000000,62.000000,63.000000,64.000000,65.000000,66.000000,67.000000,68.000000,69.000000,69.000000,69.000000,70.000000,71.000000,72.000000,73.000000,74.000000,75.000000,76.000000,77.000000,78.000000,79.000000,80.000000,81.000000,82.000000,83.000000,84.000000,85.000000,86.000000,87.000000,88.000000,88.000000,89.000000,90.000000,91.000000,92.000000,93.000000,94.000000,95.000000,96.000000,97.000000,98.000000,99.000000,100.000000,101.000000,102.000000,103.000000,104.000000,105.000000,106.000000,107.000000,108.000000,109.000000,110.000000,111.000000,112.000000,113.000000,114.000000,115.000000,116.000000,117.000000,118.000000,119.000000,120.000000,121.000000,121.000000;;0;27919
b12cd;afd36;a27ae;0;0;0000000000000080;        41s 409ms 647μs 530ns;124;-1;              9ms  62μs 224ns;120.000000;1.033333;0.000000;inf;4;1;Unfinished;2.000000,3.000000,4.000000,5.000000,6.000000,7.000000,8.000000,9.000000,10.000000,11.000000,12.000000,13.000000,14.000000,15.000000,16.000000,16.000000,17.000000,18.000000,19.000000,19.000000,20.000000,21.000000,22.000000,23.000000,24.000000,25.000000,25.000000,25.000000,26.000000,27.000000,28.000000,29.000000,30.000000,31.000000,32.000000,33.000000,34.000000,35.000000,36.000000,37.000000,38.000000,39.000000,40.000000,41.000000,42.000000,43.000000,44.000000,45.000000,46.000000,47.000000,48.000000,49.000000,50.000000,51.000000,52.000000,53.000000,54.000000,55.000000,56.000000,57.000000,58.000000,59.000000,60.000000,61.000000,62.000000,63.000000,64.000000,65.000000,66.000000,67.000000,68.000000,69.000000,70.000000,71.000000,72.000000,73.000000,74.000000,75.000000,76.000000,77.000000,78.000000,79.000000,80.000000,81.000000,82.000000,83.000000,84.000000,85.000000,86.000000,86.000000,87.000000,88.000000,89.000000,90.000000,91.000000,92.000000,93.000000,94.000000,95.000000,96.000000,97.000000,98.000000,99.000000,100.000000,101.000000,102.000000,103.000000,104.000000,105.000000,106.000000,107.000000,108.000000,109.000000,110.000000,111.000000,112.000000,113.000000,114.000000,115.000000,116.000000,117.000000,118.000000,119.000000,120.000000;;0;30560
b586e;afdd9;a27ae;0;0;0000000000000080;        44s 447ms 182μs 371ns;125;-1;              8ms 490μs 254ns;120.000000;1.041667;0.000000;inf;3;1;Failing;2.000000,2.000000,2.000000,3.000000,4.000000,5.000000,6.000000,7.000000,8.000000,9.000000,10.000000,11.000000,12.000000,13.000000,14.000000,15.000000,16.000000,17.000000,18.000000,18.000000,19.000000,20.000000,21.000000,22.000000,23.000000,23.000000,24.000000,25.000000,26.000000,26.000000,27.000000,28.000000,29.000000,30.000000,31.000000,32.000000,33.000000,34.000000,35.000000,36.000000,37.000000,38.000000,39.000000,40.000000,41.000000,42.000000,43.000000,44.000000,45.000000,46.000000,47.000000,48.000000,49.000000,50.000000,51.000000,52.000000,53.000000,54.000000,55.000000,56.000000,57.000000,58.000000,59.000000,60.000000,61.000000,62.000000,63.000000,64.000000,65.000000,66.000000,67.000000,68.000000,69.000000,70.000000,71.000000,72.000000,73.000000,74.000000,75.000000,76.000000,77.000000,78.000000,79.000000,80.000000,81.000000,82.000000,83.000000,84.000000,85.000000,85.000000,86.000000,87.000000,88.000000,89.000000,90.000000,91.000000,92.000000,93.000000,94.000000,95.000000,96.000000,97.000000,98.000000,99.000000,100.000000,101.000000,102.000000,103.000000,104.000000,105.000000,106.000000,107.000000,108.000000,109.000000,110.000000,111.000000,112.000000,113.000000,114.000000,115.000000,116.000000,117.000000,118.000000,119.000000,120.000000;;0;33421
a80d6;a4deb;a27ae;0;0;0000000000000080;        38s 629ms 164μs  21ns;126;-1;              9ms 338μs 330ns;120.000000;1.050000;0.000000;inf;4;1;Unfinished;2.000000,2.000000,2.000000,3.000000,4.000000,5.000000,6.000000,7.000000,8.000000,9.000000,10.000000,11.000000,12.000000,13.000000,14.000000,15.000000,16.000000,16.000000,17.000000,18.000000,19.000000,19.000000,20.000000,21.000000,22.000000,23.000000,24.000000,25.000000,25.000000,25.000000,26.000000,27.000000,28.000000,29.000000,30.000000,31.000000,32.000000,33.000000,34.000000,35.000000,36.000000,37.000000,38.000000,39.000000,40.000000,41.000000,42.000000,43.000000,44.000000,45.000000,46.000000,47.000000,48.000000,49.000000,50.000000,51.000000,52.000000,53.000000,54.000000,55.000000,56.000000,57.000000,58.000000,59.000000,60.000000,61.000000,62.000000,63.000000,64.000000,65.000000,66.000000,67.000000,67.000000,67.000000,68.000000,69.000000,70.000000,71.000000,72.000000,73.000000,74.000000,75.000000,76.000000,77.000000,78.000000,79.000000,80.000000,81.000000,82.000000,83.000000,84.000000,85.000000,86.000000,87.000000,88.000000,89.000000,90.000000,91.000000,92.000000,93.000000,94.000000,95.000000,96.000000,97.000000,98.000000,99.000000,100.000000,101.000000,102.000000,103.000000,104.000000,105.000000,106.000000,107.000000,108.000000,109.000000,110.000000,111.000000,112.000000,113.000000,114.000000,115.000000,116.000000,117.000000,118.000000,119.000000,120.000000;;0;28609
b084c;afd92;a27ae;0;0;0000000000000080;        40s 897ms 896μs 987ns;126;-1;              9ms 426μs 239ns;120.000000;1.050000;0.000000;inf;4;1;Unfinished;2.000000,2.000000,2.000000,3.000000,4.000000,5.000000,6.000000,7.000000,8.000000,9.000000,10.000000,11.000000,12.000000,13.000000,14.000000,15.000000,16.000000,16.000000,17.000000,18.000000,19.000000,19.000000,20.000000,21.000000,22.000000,23.000000,24.000000,24.000000,25.000000,26.000000,27.000000,27.000000,28.000000,29.000000,30.000000,31.000000,32.000000,33.000000,34.000000,35.000000,36.000000,37.000000,38.000000,39.000000,40.000000,41.000000,42.000000,43.000000,44.000000,45.000000,46.000000,47.000000,48.000000,49.000000,50.000000,51.000000,52.000000,53.000000,54.000000,55.000000,56.000000,57.000000,58.000000,59.000000,60.000000,61.000000,62.000000,63.000000,64.000000,65.000000,66.000000,67.000000,68.000000,69.000000,70.000000,71.000000,72.000000,73.000000,74.000000,75.000000,76.000000,77.000000,78.000000,79.000000,80.000000,81.000000,82.000000,83.000000,84.000000,85.000000,86.000000,86.000000,87.000000,88.000000,89.000000,90.000000,91.000000,92.000000,93.000000,94.000000,95.000000,96.000000,97.000000,98.000000,99.000000,100.000000,101.000000,102.000000,103.000000,104.000000,105.000000,106.000000,107.000000,108.000000,109.000000,110.000000,111.000000,112.000000,113.000000,114.000000,115.000000,116.000000,117.000000,118.000000,119.000000,120.000000;;0;30106
b4933;afd37;a27ae;0;0;0000000000000080;        43s 846ms 753μs 711ns;126;-1;              8ms 613μs 499ns;120.000000;1.050000;0.000000;inf;4;1;Unfinished;2.000000,2.000000,2.000000,3.000000,4.000000,5.000000,6.000000,7.000000,8.000000,9.000000,10.000000,11.000000,12.000000,13.000000,14.000000,15.000000,16.000000,16.000000,17.000000,18.000000,19.000000,19.000000,20.000000,21.000000,22.000000,23.000000,24.000000,24.000000,25.000000,26.000000,27.000000,28.000000,29.000000,30.000000,31.000000,32.000000,33.000000,34.000000,35.000000,36.000000,37.000000,38.000000,39.000000,40.000000,41.000000,42.000000,43.000000,44.000000,45.000000,45.000000,46.000000,47.000000,48.000000,49.000000,50.000000,51.000000,52.000000,53.000000,54.000000,55.000000,56.000000,57.000000,58.000000,59.000000,60.000000,61.000000,62.000000,63.000000,64.000000,65.000000,66.000000,67.000000,68.000000,69.000000,70.000000,71.000000,72.000000,73.000000,74.000000,75.000000,76.000000,77.000000,78.000000,79.000000,80.000000,81.000000,82.000000,83.000000,84.000000,85.000000,86.000000,86.000000,87.000000,88.000000,89.000000,90.000000,91.000000,92.000000,93.000000,94.000000,95.000000,96.000000,97.000000,98.000000,99.000000,100.000000,101.000000,102.000000,103.000000,104.000000,105.000000,106.000000,107.000000,108.000000,109.000000,110.000000,111.000000,112.000000,113.000000,114.000000,115.000000,116.000000,117.000000,118.000000,119.000000,120.000000;;0;32858
a7cab;a4deb;a27ae;0;0;0000000000000080;        38s 516ms 566μs 949ns;128;-1;              8ms 668μs 380ns;120.000000;1.066667;0.000000;inf;4;1;Unfinished;2.000000,2.000000,2.000000,3.000000,4.000000,5.000000,6.000000,7.000000,8.000000,9.000000,10.000000,11.000000,12.000000,13.000000,14.000000,15.000000,16.000000,16.000000,17.000000,18.000000,19.000000,19.000000,20.000000,21.000000,22.000000,23.000000,24.000000,25.000000,25.000000,25.000000,26.000000,27.000000,28.000000,28.000000,29.000000,30.000000,31.000000,32.000000,33.000000,34.000000,35.000000,36.000000,37.000000,38.000000,39.000000,40.000000,41.000000,42.000000,43.000000,44.000000,45.000000,46.000000,47.000000,48.000000,49.000000,50.000000,51.000000,52.000000,53.000000,54.000000,55.000000,56.000000,57.000000,58.000000,59.000000,60.000000,61.000000,62.000000,63.000000,64.000000,65.000000,66.000000,67.000000,68.000000,68.000000,68.000000,69.000000,70.000000,71.000000,72.000000,73.000000,74.000000,75.000000,76.000000,77.000000,78.000000,79.000000,80.000000,81.000000,82.000000,83.000000,84.000000,85.000000,86.000000,87.000000,88.000000,89.000000,90.000000,91.000000,92.000000,93.000000,94.000000,95.000000,96.000000,97.000000,98.000000,99.000000,100.000000,101.000000,102.000000,103.000000,104.000000,105.000000,106.000000,107.000000,108.000000,109.000000,110.000000,111.000000,112.000000,113.000000,114.000000,115.000000,116.000000,117.000000,118.000000,119.000000,120.000000;;0;28527
b0557;afd36;a27ae;0;0;0000000000000080;        40s 761ms 563μs 291ns;128;-1;              9ms 120μs 822ns;120.000000;1.066667;0.000000;inf;3;1;Failing;2.000000,3.000000,4.000000,5.000000,6.000000,7.000000,8.000000,9.000000,10.000000,11.000000,12.000000,13.000000,14.000000,15.000000,16.000000,16.000000,17.000000,18.000000,19.000000,19.000000,20.000000,21.000000,22.000000,23.000000,24.000000,25.000000,25.000000,25.000000,26.000000,27.000000,28.000000,28.000000,29.000000,30.000000,31.000000,32.000000,33.000000,34.000000,35.000000,36.000000,37.000000,38.000000,39.000000,40.000000,41.000000,42.000000,43.000000,44.000000,45.000000,46.000000,47.000000,47.000000,48.000000,49.000000,50.000000,51.000000,52.000000,53.000000,54.000000,55.000000,56.000000,57.000000,58.000000,59.000000,60.000000,61.000000,62.000000,63.000000,64.000000,65.000000,66.000000,67.000000,68.000000,69.000000,70.000000,71.000000,72.000000,73.000000,74.000000,75.000000,76.000000,77.000000,78.000000,79.000000,80.000000,81.000000,82.000000,83.000000,84.000000,85.000000,86.000000,87.000000,88.000000,88.000000,89.000000,90.000000,91.000000,92.000000,93.000000,94.000000,95.000000,96.000000,97.000000,98.000000,99.000000,100.000000,101.000000,102.000000,103.000000,104.000000,105.000000,106.000000,107.000000,108.000000,109.000000,110.000000,111.000000,112.000000,113.000000,114.000000,115.000000,116.000000,117.000000,118.000000,119.000000,120.000000;;0;29991
a8494;9f378;a27ae;0;0;0000000000000070;        38s 667ms 852μs 677ns;275;131;              9ms 945μs 994ns;120.000000;1.091667;0.000000;inf;3;1;Failing;2.000000,2.000000,2.000000,3.000000,4.000000,5.000000,6.000000,7.000000,8.000000,9.000000,10.000000,11.000000,12.000000,13.000000,14.000000,15.000000,16.000000,16.000000,17.000000,18.000000,19.000000,19.000000,20.000000,21.000000,22.000000,23.000000,24.000000,25.000000,25.000000,25.000000,26.000000,27.000000,28.000000,28.000000,29.000000,30.000000,31.000000,32.000000,33.000000,34.000000,35.000000,36.000000,37.000000,38.000000,39.000000,40.000000,41.000000,42.000000,43.000000,44.000000,45.000000,46.000000,47.000000,47.000000,48.000000,49.000000,50.000000,51.000000,52.000000,53.000000,54.000000,55.000000,56.000000,57.000000,58.000000,59.000000,60.000000,61.000000,62.000000,63.000000,64.000000,65.000000,66.000000,67.000000,68.000000,69.000000,69.000000,69.000000,70.000000,71.000000,72.000000,73.000000,74.000000,75.000000,76.000000,77.000000,78.000000,79.000000,80.000000,81.000000,82.000000,83.000000,84.000000,85.000000,86.000000,87.000000,88.000000,88.000000,89.000000,90.000000,91.000000,92.000000,93.000000,94.000000,95.000000,96.000000,97.000000,98.000000,99.000000,100.000000,101.000000,102.000000,103.000000,104.000000,105.000000,106.000000,107.000000,108.000000,109.000000,110.000000,111.000000,112.000000,113.000000,114.000000,115.000000,116.000000,117.000000,118.000000,119.000000,120.000000;;0;28901
a36cb;9c823;a27ae;0;0;0000000000000070;        37s 568ms 963μs 722ns;249;132;              8ms 888μs 582ns;120.000000;1.100000;0.000000;inf;3;1;Failing;2.000000,2.000000,2.000000,3.000000,4.000000,5.000000,6.000000,7.000000,8.000000,9.000000,10.000000,11.000000,12.000000,13.000000,14.000000,15.000000,16.000000,16.000000,17.000000,18.000000,19.000000,19.000000,20.000000,21.000000,22.000000,23.000000,24.000000,25.000000,25.000000,25.000000,26.000000,27.000000,28.000000,28.000000,29.000000,30.000000,31.000000,32.000000,33.000000,34.000000,35.000000,36.000000,37.000000,38.000000,39.000000,40.000000,41.000000,42.000000,43.000000,44.000000,45.000000,46.000000,47.000000,47.000000,48.000000,49.000000,50.000000,51.000000,52.000000,53.000000,54.000000,55.000000,56.000000,57.000000,58.000000,59.000000,60.000000,61.000000,62.000000,63.000000,64.000000,65.000000,66.000000,67.000000,68.000000,69.000000,69.000000,69.000000,70.000000,71.000000,72.000000,73.000000,74.000000,75.000000,76.000000,77.000000,78.000000,79.000000,80.000000,81.000000,82.000000,83.000000,84.000000,85.000000,86.000000,87.000000,88.000000,88.000000,89.000000,90.000000,91.000000,92.000000,93.000000,94.000000,95.000000,96.000000,97.000000,98.000000,99.000000,100.000000,101.000000,102.000000,103.000000,104.000000,105.000000,106.000000,107.000000,108.000000,109.000000,110.000000,111.000000,112.000000,113.000000,114.000000,115.000000,116.000000,117.000000,118.000000,119.000000,120.000000;;0;27982
a3f6a;9c823;a27ae;0;0;0000000000000070;        37s 711ms 567μs 223ns;276;132;              8ms 235μs 324ns;120.000000;1.100000;0.000000;inf;3;1;Failing;2.000000,2.000000,2.000000,3.000000,4.000000,5.000000,6.000000,7.000000,8.000000,9.000000,10.000000,11.000000,12.000000,13.000000,14.000000,15.000000,16.000000,16.000000,17.000000,18.000000,19.000000,19.000000,20.000000,21.000000,22.000000,23.000000,24.000000,25.000000,25.000000,25.000000,26.000000,27.000000,28.000000,28.000000,29.000000,30.000000,31.000000,32.000000,33.000000,34.000000,35.000000,36.000000,37.000000,38.000000,39.000000,40.000000,41.000000,42.000000,43.000000,44.000000,45.000000,46.000000,47.000000,47.000000,48.000000,49.000000,50.000000,51.000000,52.000000,53.000000,54.000000,55.000000,56.000000,57.000000,58.000000,59.000000,60.000000,61.000000,62.000000,63.000000,64.000000,65.000000,66.000000,67.000000,68.000000,69.000000,69.000000,69.000000,70.000000,71.000000,72.000000,73.000000,74.000000,75.000000,76.000000,77.000000,78.000000,79.000000,80.000000,81.000000,82.000000,83.000000,84.000000,85.000000,86.000000,87.000000,88.000000,88.000000,89.000000,90.000000,91.000000,92.000000,93.000000,94.000000,95.000000,96.000000,97.000000,98.000000,99.000000,100.000000,101.000000,102.000000,103.000000,104.000000,105.000000,106.000000,107.000000,108.000000,109.000000,110.000000,111.000000,112.000000,113.000000,114.000000,115.000000,116.000000,117.000000,118.000000,119.000000,120.000000;;0;28056
a70e7;a4deb;a27ae;0;0;0000000000000080;        38s 289ms 754μs 759ns;132;-1;              9ms  13μs  42ns;120.000000;1.100000;0.000000;inf;3;1;Failing;2.000000,2.000000,2.000000,3.000000,4.000000,5.000000,6.000000,7.000000,8.000000,9.000000,10.000000,11.000000,12.000000,13.000000,14.000000,15.000000,16.000000,16.000000,17.000000,18.000000,19.000000,19.000000,20.000000,21.000000,22.000000,23.000000,24.000000,25.000000,25.000000,25.000000,26.000000,27.000000,28.000000,28.000000,29.000000,30.000000,31.000000,32.000000,33.000000,34.000000,35.000000,36.000000,37.000000,38.000000,39.000000,40.000000,41.000000,42.000000,43.000000,44.000000,45.000000,46.000000,47.000000,47.000000,48.000000,49.000000,50.000000,51.000000,52.000000,53.000000,54.000000,55.000000,56.000000,57.000000,58.000000,59.000000,60.000000,61.000000,62.000000,63.000000,64.000000,65.000000,66.000000,67.000000,68.000000,69.000000,69.000000,69.000000,70.000000,71.000000,72.000000,73.000000,74.000000,75.000000,76.000000,77.000000,78.000000,79.000000,80.000000,81.000000,82.000000,83.000000,84.000000,85.000000,86.000000,87.000000,88.000000,88.000000,89.000000,90.000000,91.000000,92.000000,93.000000,94.000000,95.000000,96.000000,97.000000,98.000000,99.000000,100.000000,101.000000,102.000000,103.000000,104.000000,105.000000,106.000000,107.000000,108.000000,109.000000,110.000000,111.000000,112.000000,113.000000,114.000000,115.000000,116.000000,117.000000,118.000000,119.000000,120.000000;;0;28357
a69f2;9f378;a27ae;0;0;0000000000000070;        38s 188ms 919μs 140ns;325;132;              8ms  11μs 841ns;120.000000;1.100000;0.000000;inf;3;1;Failing;2.000000,2.000000,2.000000,3.000000,4.000000,5.000000,6.000000,7.000000,8.000000,9.000000,10.000000,11.000000,12.000000,13.000000,14.000000,15.000000,16.000000,16.000000,17.000000,18.000000,19.000000,19.000000,20.000000,21.000000,22.000000,23.000000,24.000000,25.000000,25.000000,25.000000,26.000000,27.000000,28.000000,28.000000,29.000000,30.000000,31.000000,32.000000,33.000000,34.000000,35.000000,36.000000,37.000000,38.000000,39.000000,40.000000,41.000000,42.000000,43.000000,44.000000,45.000000,46.000000,47.000000,47.000000,48.000000,49.000000,50.000000,51.000000,52.000000,53.000000,54.000000,55.000000,56.000000,57.000000,58.000000,59.000000,60.000000,61.000000,62.000000,63.000000,64.000000,65.000000,66.000000,67.000000,68.000000,69.000000,69.000000,69.000000,70.000000,71.000000,72.000000,73.000000,74.000000,75.000000,76.000000,77.000000,78.000000,79.000000,80.000000,81.000000,82.000000,83.000000,84.000000,85.000000,86.000000,87.000000,88.000000,88.000000,89.000000,90.000000,91.000000,92.000000,93.000000,94.000000,95.000000,96.000000,97.000000,98.000000,99.000000,100.000000,101.000000,102.000000,103.000000,104.000000,105.000000,106.000000,107.000000,108.000000,109.000000,110.000000,111.000000,112.000000,113.000000,114.000000,115.000000,116.000000,117.000000,118.000000,119.000000,120.000000;;0;28435
a7e90;a268b;a27ae;0;0;0000000000000070;        38s 544ms  43μs 621ns;251;132;              9ms 855μs 193ns;120.000000;1.100000;0.000000;inf;3;1;Failing;2.000000,2.000000,2.000000,3.000000,4.000000,5.000000,6.000000,7.000000,8.000000,9.000000,10.000000,11.000000,12.000000,13.000000,14.000000,15.000000,16.000000,16.000000,17.000000,18.000000,19.000000,19.000000,20.000000,21.000000,22.000000,23.000000,24.000000,25.000000,25.000000,25.000000,26.000000,27.000000,28.000000,28.000000,29.000000,30.000000,31.000000,32.000000,33.000000,34.000000,35.000000,36.000000,37.000000,38.000000,39.000000,40.000000,41.000000,42.000000,43.000000,44.000000,45.000000,46.000000,47.000000,47.000000,48.000000,49.000000,50.000000,51.000000,52.000000,53.000000,54.000000,55.000000,56.000000,57.000000,58.000000,59.000000,60.000000,61.000000,62.000000,63.000000,64.000000,65.000000,66.000000,67.000000,68.000000,69.000000,69.000000,69.000000,70.000000,71.000000,72.000000,73.000000,74.000000,75.000000,76.000000,77.000000,78.000000,79.000000,80.000000,81.000000,82.000000,83.000000,84.000000,85.000000,86.000000,87.000000,88.000000,88.000000,89.000000,90.000000,91.000000,92.000000,93.000000,94.000000,95.000000,96.000000,97.000000,98.000000,99.000000,100.000000,101.000000,102.000000,103.000000,104.000000,105.000000,106.000000,107.000000,108.000000,109.000000,110.000000,111.000000,112.000000,113.000000,114.000000,115.000000,116.000000,117.000000,118.000000,119.000000,120.000000;;0;28825
aedc6;9c823;a27ae;0;0;0000000000000070;        40s 335ms 221μs 173ns;251;132;              9ms  64μs 568ns;120.000000;1.100000;0.000000;inf;3;1;Failing;2.000000,2.000000,2.000000,3.000000,4.000000,5.000000,6.000000,7.000000,8.000000,9.000000,10.000000,11.000000,12.000000,13.000000,14.000000,15.000000,16.000000,16.000000,17.000000,18.000000,19.000000,19.000000,20.000000,21.000000,22.000000,23.000000,24.000000,25.000000,25.000000,25.000000,26.000000,27.000000,28.000000,28.000000,29.000000,30.000000,31.000000,32.000000,33.000000,34.000000,35.000000,36.000000,37.000000,38.000000,39.000000,40.000000,41.000000,42.000000,43.000000,44.000000,45.000000,46.000000,47.000000,47.000000,48.000000,49.000000,50.000000,51.000000,52.000000,53.000000,54.000000,55.000000,56.000000,57.000000,58.000000,59.000000,60.000000,61.000000,62.000000,63.000000,64.000000,65.000000,66.000000,67.000000,68.000000,69.000000,69.000000,69.000000,70.000000,71.000000,72.000000,73.000000,74.000000,75.000000,76.000000,77.000000,78.000000,79.000000,80.000000,81.000000,82.000000,83.000000,84.000000,85.000000,86.000000,87.000000,88.000000,88.000000,89.000000,90.000000,91.000000,92.000000,93.000000,94.000000,95.000000,96.000000,97.000000,98.000000,99.000000,100.000000,101.000000,102.000000,103.000000,104.000000,105.000000,106.000000,107.000000,108.000000,109.000000,110.000000,111.000000,112.000000,113.000000,114.000000,115.000000,116.000000,117.000000,118.000000,119.000000,120.000000;;0;29654
af41d;9f378;a27ae;0;0;0000000000000070;        40s 401ms 661μs 655ns;232;132;              3ms 529μs 367ns;120.000000;1.100000;0.000000;inf;3;1;Failing;2.000000,2.000000,2.000000,3.000000,4.000000,5.000000,6.000000,7.000000,8.000000,9.000000,10.000000,11.000000,12.000000,13.000000,14.000000,15.000000,16.000000,16.000000,17.000000,18.000000,19.000000,19.000000,20.000000,21.000000,22.000000,23.000000,24.000000,25.000000,25.000000,25.000000,26.000000,27.000000,28.000000,28.000000,29.000000,30.000000,31.000000,32.000000,33.000000,34.000000,35.000000,36.000000,37.000000,38.000000,39.000000,40.000000,41.000000,42.000000,43.000000,44.000000,45.000000,46.000000,47.000000,47.000000,48.000000,49.000000,50.000000,51.000000,52.000000,53.000000,54.000000,55.000000,56.000000,57.000000,58.000000,59.000000,60.000000,61.000000,62.000000,63.000000,64.000000,65.000000,66.000000,67.000000,68.000000,69.000000,69.000000,69.000000,70.000000,71.000000,72.000000,73.000000,74.000000,75.000000,76.000000,77.000000,78.000000,79.000000,80.000000,81.000000,82.000000,83.000000,84.000000,85.000000,86.000000,87.000000,88.000000,88.000000,89.000000,90.000000,91.000000,92.000000,93.000000,94.000000,95.000000,96.000000,97.000000,98.000000,99.000000,100.000000,101.000000,102.000000,103.000000,104.000000,105.000000,106.000000,107.000000,108.000000,109.000000,110.000000,111.000000,112.000000,113.000000,114.000000,115.000000,116.000000,117.000000,118.000000,119.000000,120.000000;;0;29664
a6186;9f378;a27ae;0;0;0000000000000070;        38s 110ms 421μs 441ns;250;133;             10ms 175μs 590ns;120.000000;1.108333;0.000000;inf;3;1;Failing;2.000000,2.000000,2.000000,3.000000,4.000000,5.000000,6.000000,7.000000,8.000000,9.000000,10.000000,11.000000,12.000000,13.000000,14.000000,15.000000,16.000000,16.000000,17.000000,18.000000,19.000000,19.000000,20.000000,21.000000,22.000000,23.000000,24.000000,25.000000,25.000000,25.000000,26.000000,27.000000,28.000000,28.000000,29.000000,30.000000,31.000000,32.000000,33.000000,34.000000,35.000000,36.000000,37.000000,38.000000,39.000000,40.000000,41.000000,42.000000,43.000000,44.000000,45.000000,46.000000,47.000000,47.000000,48.000000,49.000000,50.000000,51.000000,52.000000,53.000000,54.000000,55.000000,56.000000,57.000000,58.000000,59.000000,60.000000,61.000000,62.000000,63.000000,64.000000,65.000000,66.000000,67.000000,68.000000,69.000000,69.000000,69.000000,70.000000,71.000000,72.000000,73.000000,74.000000,75.000000,76.000000,77.000000,78.000000,79.000000,80.000000,81.000000,82.000000,83.000000,84.000000,85.000000,86.000000,87.000000,88.000000,88.000000,89.000000,90.000000,91.000000,92.000000,93.000000,94.000000,95.000000,96.000000,97.000000,98.000000,99.000000,100.000000,101.000000,102.000000,103.000000,104.000000,105.000000,106.000000,107.000000,108.000000,109.000000,110.000000,111.000000,112.000000,113.000000,114.000000,115.000000,116.000000,117.000000,118.000000,119.000000,120.000000,120.000000;;0;28258
a6f42;a1d3d;a27ae;0;0;0000000000000070;        38s 257ms 223μs 261ns;273;133;              9ms 367μs  51ns;120.000000;1.108333;0.000000;inf;3;1;Failing;2.000000,2.000000,2.000000,3.000000,4.000000,5.000000,6.000000,7.000000,8.000000,9.000000,10.000000,11.000000,12.000000,13.000000,14.000000,15.000000,16.000000,16.000000,17.000000,18.000000,19.000000,19.000000,20.000000,21.000000,22.000000,23.000000,24.000000,25.000000,25.000000,25.000000,26.000000,27.000000,28.000000,28.000000,29.000000,30.000000,31.000000,32.000000,33.000000,34.000000,35.000000,36.000000,37.000000,38.000000,39.000000,40.000000,41.000000,42.000000,43.000000,44.000000,45.000000,46.000000,47.000000,47.000000,48.000000,49.000000,50.000000,51.000000,52.000000,53.000000,54.000000,55.000000,56.000000,57.000000,58.000000,59.000000,60.000000,61.000000,62.000000,63.000000,64.000000,65.000000,66.000000,67.000000,68.000000,69.000000,69.000000,69.000000,70.000000,71.000000,72.000000,73.000000,74.000000,75.000000,76.000000,77.000000,78.000000,79.000000,80.000000,81.000000,82.000000,83.000000,84.000000,85.000000,86.000000,87.000000,88.000000,88.000000,89.000000,90.000000,91.000000,92.000000,93.000000,94.000000,95.000000,96.000000,97.000000,98.000000,99.000000,100.000000,101.000000,102.000000,103.000000,104.000000,105.000000,106.000000,107.000000,108.000000,109.000000,110.000000,111.000000,112.000000,113.000000,114.000000,115.000000,116.000000,117.000000,118.000000,119.000000,120.000000,120.000000;;0;28591
adc0f;9f378;a27ae;0;0;0000000000000070;        40s 147ms  76μs 649ns;263;133;              8ms 979μs 105ns;120.000000;1.108333;0.000000;inf;3;1;Failing;2.000000,2.000000,2.000000,3.000000,4.000000,5.000000,6.000000,7.000000,8.000000,9.000000,10.000000,11.000000,12.000000,13.000000,14.000000,15.000000,16.000000,16.000000,17.000000,18.000000,19.000000,19.000000,20.000000,21.000000,22.000000,23.000000,24.000000,25.000000,25.000000,25.000000,26.000000,27.000000,28.000000,28.000000,29.000000,30.000000,31.000000,32.000000,33.000000,34.000000,35.000000,36.000000,37.000000,38.000000,39.000000,40.000000,41.000000,42.000000,43.000000,44.000000,45.000000,46.000000,47.000000,47.000000,48.000000,49.000000,50.000000,51.000000,52.000000,53.000000,54.000000,55.000000,56.000000,57.000000,58.000000,59.000000,60.000000,61.000000,62.000000,63.000000,64.000000,65.000000,66.000000,67.000000,68.000000,69.000000,69.000000,69.000000,70.000000,71.000000,72.000000,73.000000,74.000000,75.000000,76.000000,77.000000,78.000000,79.000000,80.000000,81.000000,82.000000,83.000000,84.000000,85.000000,86.000000,87.000000,88.000000,88.000000,89.000000,90.000000,91.000000,92.000000,93.000000,94.000000,95.000000,96.000000,97.000000,98.000000,99.000000,100.000000,101.000000,102.000000,103.000000,104.000000,105.000000,106.000000,107.000000,108.000000,109.000000,110.000000,111.000000,112.000000,113.000000,114.000000,115.000000,116.000000,117.000000,118.000000,119.000000,120.000000,120.000000;;0;29587
a2c3c;9f378;a27ae;0;0;0000000000000070;        37s 373ms  76μs 490ns;237;134;              9ms 708μs  91ns;120.000000;1.116667;0.000000;inf;3;1;Failing;2.000000,2.000000,2.000000,3.000000,4.000000,5.000000,6.000000,7.000000,8.000000,9.000000,10.000000,11.000000,12.000000,13.000000,14.000000,15.000000,16.000000,16.000000,17.000000,18.000000,19.000000,19.000000,20.000000,21.000000,22.000000,23.000000,24.000000,25.000000,25.000000,25.000000,26.000000,27.000000,28.000000,28.000000,29.000000,30.000000,31.000000,32.000000,33.000000,34.000000,35.000000,36.000000,37.000000,38.000000,39.000000,40.000000,41.000000,42.000000,43.000000,44.000000,45.000000,46.000000,47.000000,47.000000,48.000000,49.000000,50.000000,51.000000,52.000000,53.000000,54.000000,55.000000,56.000000,57.000000,58.000000,59.000000,60.000000,61.000000,62.000000,63.000000,64.000000,65.000000,66.000000,67.000000,68.000000,69.000000,69.000000,69.000000,70.000000,71.000000,72.000000,73.000000,74.000000,75.000000,76.000000,77.000000,78.000000,79.000000,80.000000,81.000000,82.000000,83.000000,84.000000,85.000000,86.000000,87.000000,88.000000,88.000000,89.000000,90.000000,91.000000,92.000000,93.000000,94.000000,95.000000,96.000000,97.000000,98.000000,99.000000,100.000000,101.000000,102.000000,103.000000,104.000000,105.000000,106.000000,107.000000,108.000000,109.000000,110.000000,111.000000,112.000000,113.000000,114.000000,115.000000,116.000000,117.000000,118.000000,118.000000,118.000000,119.000000,120.000000;;0;27877
a5a30;a1d3d;a27ae;0;0;0000000000000070;        38s  29ms 882μs 269ns;293;136;             10ms  36μs 615ns;120.000000;1.133333;0.000000;inf;3;1;Failing;2.000000,2.000000,2.000000,3.000000,4.000000,5.000000,6.000000,7.000000,8.000000,9.000000,10.000000,11.000000,12.000000,13.000000,14.000000,15.000000,16.000000,16.000000,17.000000,18.000000,19.000000,19.000000,20.000000,21.000000,22.000000,23.000000,24.000000,25.000000,25.000000,25.000000,26.000000,27.000000,28.000000,28.000000,29.000000,30.000000,31.000000,32.000000,33.000000,34.000000,35.000000,36.000000,37.000000,38.000000,39.000000,40.000000,41.000000,42.000000,43.000000,44.000000,45.000000,46.000000,47.000000,47.000000,48.000000,49.000000,50.000000,51.000000,52.000000,53.000000,54.000000,55.000000,56.000000,57.000000,58.000000,59.000000,60.000000,61.000000,62.000000,63.000000,64.000000,65.000000,66.000000,67.000000,68.000000,69.000000,69.000000,69.000000,70.000000,71.000000,72.000000,73.000000,74.000000,75.000000,76.000000,77.000000,78.000000,79.000000,80.000000,81.000000,82.000000,83.000000,84.000000,85.000000,86.000000,87.000000,88.000000,88.000000,89.000000,90.000000,91.000000,92.000000,93.000000,94.000000,95.000000,96.000000,97.000000,98.000000,99.000000,100.000000,101.000000,102.000000,103.000000,104.000000,105.000000,106.000000,107.000000,108.000000,109.000000,110.000000,111.000000,112.000000,113.000000,113.000000,113.000000,114.000000,114.000000,114.000000,115.000000,116.000000,117.000000,118.000000,119.000000,120.000000;;0;28212
aa46e;9f378;a27ae;0;0;0000000000000070;        39s 376ms 463μs  40ns;247;136;              8ms 922μs 937ns;120.000000;1.133333;0.000000;inf;3;1;Failing;2.000000,2.000000,2.000000,3.000000,4.000000,5.000000,6.000000,7.000000,8.000000,9.000000,10.000000,11.000000,12.000000,13.000000,14.000000,15.000000,16.000000,16.000000,17.000000,18.000000,19.000000,19.000000,20.000000,21.000000,22.000000,23.000000,24.000000,25.000000,25.000000,25.000000,26.000000,27.000000,28.000000,28.000000,29.000000,30.000000,31.000000,32.000000,33.000000,34.000000,35.000000,36.000000,37.000000,38.000000,39.000000,40.000000,41.000000,42.000000,43.000000,44.000000,45.000000,46.000000,47.000000,47.000000,48.000000,49.000000,50.000000,51.000000,52.000000,53.000000,54.000000,55.000000,56.000000,57.000000,58.000000,59.000000,60.000000,61.000000,62.000000,63.000000,64.000000,65.000000,66.000000,67.000000,68.000000,69.000000,69.000000,69.000000,70.000000,71.000000,72.000000,73.000000,74.000000,75.000000,76.000000,77.000000,78.000000,79.000000,80.000000,81.000000,82.000000,83.000000,84.000000,85.000000,86.000000,87.000000,88.000000,88.000000,89.000000,90.000000,91.000000,92.000000,93.000000,94.000000,95.000000,96.000000,97.000000,98.000000,99.000000,100.000000,101.000000,102.000000,103.000000,104.000000,105.000000,106.000000,107.000000,108.000000,109.000000,110.000000,111.000000,112.000000,113.000000,114.000000,115.000000,116.000000,117.000000,118.000000,119.000000,119.000000,119.000000,120.000000,120.000000,120.000000;;0;29367
ae9e0;9f378;a27ae;0;0;0000000000000070;        40s 291ms 277μs 991ns;328;136;              4ms 471μs 559ns;120.000000;1.133333;0.000000;inf;3;1;Failing;2.000000,2.000000,2.000000,3.000000,4.000000,5.000000,6.000000,7.000000,8.000000,9.000000,10.000000,11.000000,12.000000,13.000000,14.000000,15.000000,16.000000,16.000000,17.000000,18.000000,19.000000,19.000000,20.000000,21.000000,22.000000,23.000000,24.000000,25.000000,25.000000,25.000000,26.000000,27.000000,28.000000,28.000000,29.000000,30.000000,31.000000,32.000000,33.000000,34.000000,35.000000,36.000000,37.000000,38.000000,39.000000,40.000000,41.000000,42.000000,43.000000,44.000000,45.000000,46.000000,47.000000,47.000000,48.000000,49.000000,50.000000,51.000000,52.000000,53.000000,54.000000,55.000000,56.000000,57.000000,58.000000,59.000000,60.000000,61.000000,62.000000,63.000000,64.000000,65.000000,66.000000,67.000000,68.000000,69.000000,69.000000,69.000000,70.000000,71.000000,72.000000,73.000000,74.000000,75.000000,76.000000,77.000000,78.000000,79.000000,80.000000,81.000000,82.000000,83.000000,84.000000,85.000000,86.000000,87.000000,88.000000,88.000000,89.000000,90.000000,91.000000,92.000000,93.000000,94.000000,95.000000,96.000000,97.000000,98.000000,99.000000,100.000000,101.000000,102.000000,103.000000,104.000000,105.000000,106.000000,107.000000,108.000000,109.000000,110.000000,111.000000,112.000000,113.000000,114.000000,115.000000,116.000000,117.000000,118.000000,119.000000,119.000000,119.000000,120.000000,120.000000,120.000000;;0;29627
ace65;9f378;a27ae;0;0;0000000000000070;        39s 998ms 139μs 281ns;323;137;              4ms 514μs 950ns;120.000000;1.141667;0.000000;inf;3;1;Failing;2.000000,2.000000,2.000000,3.000000,4.000000,5.000000,6.000000,7.000000,8.000000,9.000000,10.000000,11.000000,12.000000,13.000000,14.000000,15.000000,16.000000,16.000000,17.000000,18.000000,19.000000,19.000000,20.000000,21.000000,22.000000,23.000000,24.000000,25.000000,25.000000,25.000000,26.000000,27.000000,28.000000,28.000000,29.000000,30.000000,31.000000,32.000000,33.000000,34.000000,35.000000,36.000000,37.000000,38.000000,39.000000,40.000000,41.000000,42.000000,43.000000,44.000000,45.000000,46.000000,47.000000,47.000000,48.000000,49.000000,50.000000,51.000000,52.000000,53.000000,54.000000,55.000000,56.000000,57.000000,58.000000,59.000000,60.000000,61.000000,62.000000,63.000000,64.000000,65.000000,66.000000,67.000000,68.000000,69.000000,69.000000,69.000000,70.000000,71.000000,72.000000,73.000000,74.000000,75.000000,76.000000,77.000000,78.000000,79.000000,80.000000,81.000000,82.000000,83.000000,84.000000,85.000000,86.000000,87.000000,88.000000,88.000000,89.000000,90.000000,91.000000,92.000000,93.000000,94.000000,95.000000,96.000000,97.000000,98.000000,99.000000,100.000000,101.000000,102.000000,103.000000,104.000000,105.000000,106.000000,107.000000,108.000000,109.000000,110.000000,111.000000,112.000000,113.000000,114.000000,115.000000,116.000000,117.000000,117.000000,117.000000,118.000000,119.000000,119.000000,119.000000,120.000000,120.000000;;0;29547
b19c1;afd36;a27ae;0;0;0000000000000080;        41s 731ms 709μs 823ns;122;-1;              7ms 342μs 960ns;119.000000;1.025210;0.000000;inf;4;1;Unfinished;2.000000,3.000000,4.000000,5.000000,6.000000,7.000000,8.000000,9.000000,10.000000,11.000000,12.000000,13.000000,14.000000,15.000000,16.000000,16.000000,17.000000,18.000000,19.000000,19.000000,20.000000,21.000000,22.000000,23.000000,24.000000,25.000000,25.000000,25.000000,26.000000,27.000000,28.000000,29.000000,30.000000,31.000000,32.000000,33.000000,34.000000,35.000000,36.000000,37.000000,38.000000,39.000000,40.000000,41.000000,42.000000,43.000000,44.000000,45.000000,46.000000,47.000000,48.000000,49.000000,50.000000,51.000000,52.000000,53.000000,54.000000,55.000000,56.000000,57.000000,58.000000,59.000000,60.000000,61.000000,62.000000,63.000000,64.000000,65.000000,66.000000,67.000000,68.000000,69.000000,70.000000,71.000000,72.000000,73.000000,74.000000,75.000000,76.000000,77.000000,78.000000,79.000000,80.000000,81.000000,82.000000,83.000000,84.000000,85.000000,86.000000,87.000000,88.000000,89.000000,90.000000,91.000000,92.000000,93.000000,94.000000,95.000000,96.000000,97.000000,98.000000,99.000000,100.000000,101.000000,102.000000,103.000000,104.000000,105.000000,106.000000,107.000000,108.000000,109.000000,110.000000,111.000000,112.000000,113.000000,114.000000,115.000000,116.000000,117.000000,118.000000,119.000000;;0;30872
b2238;afd40;a27ae;0;0;0000000000000080;        42s  91ms 155μs 593ns;122;-1;              7ms  71μs 103ns;119.000000;1.025210;0.000000;inf;4;1;Unfinished;2.000000,3.000000,4.000000,5.000000,6.000000,7.000000,8.000000,9.000000,10.000000,11.000000,12.000000,13.000000,14.000000,15.000000,16.000000,17.000000,18.000000,18.000000,19.000000,20.000000,21.000000,22.000000,23.000000,24.000000,24.000000,24.000000,25.000000,26.000000,27.000000,28.000000,29.000000,30.000000,31.000000,32.000000,33.000000,34.000000,35.000000,36.000000,37.000000,38.000000,39.000000,40.000000,41.000000,42.000000,43.000000,44.000000,45.000000,46.000000,47.000000,48.000000,49.000000,50.000000,51.000000,52.000000,53.000000,54.000000,55.000000,56.000000,57.000000,58.000000,59.000000,60.000000,61.000000,62.000000,63.000000,64.000000,65.000000,66.000000,67.000000,68.000000,69.000000,70.000000,71.000000,72.000000,73.000000,74.000000,75.000000,76.000000,77.000000,78.000000,79.000000,80.000000,81.000000,82.000000,83.000000,84.000000,85.000000,85.000000,86.000000,87.000000,88.000000,89.000000,90.000000,91.000000,92.000000,93.000000,94.000000,95.000000,96.000000,97.000000,98.000000,99.000000,100.000000,101.000000,102.000000,103.000000,104.000000,105.000000,106.000000,107.000000,108.000000,109.000000,110.000000,111.000000,112.000000,113.000000,114.000000,115.000000,116.000000,117.000000,118.000000,119.000000;;0;31187
b06cc;afd92;a27ae;0;0;0000000000000080;        40s 848ms 190μs 205ns;124;-1;              8ms 537μs 193ns;119.000000;1.042017;0.000000;inf;4;1;Unfinished;2.000000,2.000000,2.000000,3.000000,4.000000,5.000000,6.000000,7.000000,8.000000,9.000000,10.000000,11.000000,12.000000,13.000000,14.000000,15.000000,16.000000,16.000000,17.000000,18.000000,19.000000,19.000000,20.000000,21.000000,22.000000,23.000000,24.000000,24.000000,25.000000,26.000000,27.000000,27.000000,28.000000,29.000000,30.000000,31.000000,32.000000,33.000000,34.000000,35.000000,36.000000,37.000000,38.000000,39.000000,40.000000,41.000000,42.000000,43.000000,44.000000,45.000000,46.000000,47.000000,48.000000,49.000000,50.000000,51.000000,52.000000,53.000000,54.000000,55.000000,56.000000,57.000000,58.000000,59.000000,60.000000,61.000000,62.000000,63.000000,64.000000,65.000000,66.000000,67.000000,68.000000,69.000000,70.000000,71.000000,72.000000,73.000000,74.000000,75.000000,76.000000,77.000000,78.000000,79.000000,80.000000,81.000000,82.000000,83.000000,84.000000,85.000000,86.000000,86.000000,87.000000,88.000000,89.000000,90.000000,91.000000,92.000000,93.000000,94.000000,95.000000,96.000000,97.000000,98.000000,99.000000,100.000000,101.000000,102.000000,103.000000,104.000000,105.000000,106.000000,107.000000,108.000000,109.000000,110.000000,111.000000,112.000000,113.000000,114.000000,115.000000,116.000000,117.000000,118.000000,119.000000;;0;30059
b0b45;afd92;a27ae;0;0;0000000000000080;        40s 995ms   9μs 253ns;124;-1;              9ms 254μs 389ns;119.000000;1.042017;0.000000;inf;4;1;Unfinished;2.000000,2.000000,2.000000,3.000000,4.000000,5.000000,6.000000,7.000000,8.000000,9.000000,10.000000,11.000000,12.000000,13.000000,14.000000,15.000000,16.000000,17.000000,18.000000,18.000000,19.000000,20.000000,21.000000,22.000000,23.000000,23.000000,24.000000,25.000000,26.000000,26.000000,27.000000,28.000000,29.000000,30.000000,31.000000,32.000000,33.000000,34.000000,35.000000,36.000000,37.000000,38.000000,39.000000,40.000000,41.000000,42.000000,43.000000,44.000000,45.000000,46.000000,47.000000,48.000000,49.000000,50.000000,51.000000,52.000000,53.000000,54.000000,55.000000,56.000000,57.000000,58.000000,59.000000,60.000000,61.000000,62.000000,63.000000,64.000000,65.000000,66.000000,67.000000,68.000000,69.000000,70.000000,71.000000,72.000000,73.000000,74.000000,75.000000,76.000000,77.000000,78.000000,79.000000,80.000000,81.000000,82.000000,83.000000,84.000000,85.000000,85.000000,86.000000,87.000000,88.000000,89.000000,90.000000,91.000000,92.000000,93.000000,94.000000,95.000000,96.000000,97.000000,98.000000,99.000000,100.000000,101.000000,102.000000,103.000000,104.000000,105.000000,106.000000,107.000000,108.000000,109.000000,110.000000,111.000000,112.000000,113.000000,114.000000,115.000000,116.000000,117.000000,118.000000,119.000000;;0;30196
b20c3;afd40;a27ae;0;0;0000000000000080;        41s 995ms 253μs  54ns;124;-1;              8ms 875μs 756ns;119.000000;1.042017;0.000000;inf;4;1;Unfinished;2.000000,3.000000,4.000000,5.000000,6.000000,7.000000,8.000000,9.000000,10.000000,11.000000,12.000000,13.000000,14.000000,15.000000,16.000000,17.000000,18.000000,18.000000,19.000000,20.000000,21.000000,22.000000,23.000000,24.000000,24.000000,24.000000,25.000000,26.000000,27.000000,28.000000,29.000000,30.000000,31.000000,32.000000,33.000000,34.000000,35.000000,36.000000,37.000000,38.000000,39.000000,40.000000,41.000000,42.000000,43.000000,44.000000,45.000000,46.000000,47.000000,48.000000,49.000000,50.000000,51.000000,52.000000,53.000000,54.000000,55.000000,56.000000,57.000000,58.000000,59.000000,60.000000,61.000000,62.000000,63.000000,64.000000,65.000000,66.000000,66.000000,66.000000,67.000000,68.000000,69.000000,70.000000,71.000000,72.000000,73.000000,74.000000,75.000000,76.000000,77.000000,78.000000,79.000000,80.000000,81.000000,82.000000,83.000000,84.000000,85.000000,85.000000,86.000000,87.000000,88.000000,89.000000,90.000000,91.000000,92.000000,93.000000,94.000000,95.000000,96.000000,97.000000,98.000000,99.000000,100.000000,101.000000,102.000000,103.000000,104.000000,105.000000,106.000000,107.000000,108.000000,109.000000,110.000000,111.000000,112.000000,113.000000,114.000000,115.000000,116.000000,117.000000,118.000000,119.000000;;0;31109
b4aad;afd37;a27ae;0;0;0000000000000080;        43s 953ms 654μs 826ns;124;-1;             10ms 112μs 357ns;119.000000;1.042017;0.000000;inf;4;1;Unfinished;2.000000,2.000000,2.000000,3.000000,4.000000,5.000000,6.000000,7.000000,8.000000,9.000000,10.000000,11.000000,12.000000,13.000000,14.000000,15.000000,16.000000,16.000000,17.000000,18.000000,19.000000,20.000000,21.000000,22.000000,23.000000,23.000000,24.000000,25.000000,26.000000,27.000000,28.000000,29.000000,30.000000,31.000000,32.000000,33.000000,34.000000,35.000000,36.000000,37.000000,38.000000,39.000000,40.000000,41.000000,42.000000,43.000000,44.000000,44.000000,45.000000,46.000000,47.000000,48.000000,49.000000,50.000000,51.000000,52.000000,53.000000,54.000000,55.000000,56.000000,57.000000,58.000000,59.000000,60.000000,61.000000,62.000000,63.000000,64.000000,65.000000,66.000000,67.000000,68.000000,69.000000,70.000000,71.000000,72.000000,73.000000,74.000000,75.000000,76.000000,77.000000,78.000000,79.000000,80.000000,81.000000,82.000000,83.000000,84.000000,85.000000,85.000000,86.000000,87.000000,88.000000,89.000000,90.000000,91.000000,92.000000,93.000000,94.000000,95.000000,96.000000,97.000000,98.000000,99.000000,100.000000,101.000000,102.000000,103.000000,104.000000,105.000000,106.000000,107.000000,108.000000,109.000000,110.000000,111.000000,112.000000,113.000000,114.000000,115.000000,116.000000,117.000000,118.000000,119.000000;;0;32941
b5b62;afdd9;a27ae;0;0;0000000000000080;        44s 605ms 390μs 428ns;124;-1;              8ms 596μs  72ns;119.000000;1.042017;0.000000;inf;4;1;Unfinished;2.000000,2.000000,2.000000,3.000000,4.000000,5.000000,6.000000,7.000000,8.000000,9.000000,10.000000,11.000000,12.000000,13.000000,14.000000,15.000000,16.000000,17.000000,18.000000,18.000000,19.000000,20.000000,21.000000,22.000000,23.000000,23.000000,24.000000,25.000000,26.000000,26.000000,27.000000,28.000000,29.000000,30.000000,31.000000,32.000000,33.000000,34.000000,35.000000,36.000000,37.000000,38.000000,39.000000,40.000000,41.000000,42.000000,43.000000,44.000000,45.000000,46.000000,47.000000,48.000000,49.000000,50.000000,51.000000,52.000000,53.000000,54.000000,55.000000,56.000000,57.000000,58.000000,59.000000,60.000000,61.000000,62.000000,63.000000,64.000000,65.000000,66.000000,67.000000,68.000000,69.000000,70.000000,71.000000,72.000000,73.000000,74.000000,75.000000,76.000000,77.000000,78.000000,79.000000,80.000000,81.000000,82.000000,83.000000,84.000000,85.000000,85.000000,86.000000,87.000000,88.000000,89.000000,90.000000,91.000000,92.000000,93.000000,94.000000,95.000000,96.000000,97.000000,98.000000,99.000000,100.000000,101.000000,102.000000,103.000000,104.000000,105.000000,106.000000,107.000000,108.000000,109.000000,110.000000,111.000000,112.000000,113.000000,114.000000,115.000000,116.000000,117.000000,118.000000,119.000000;;0;33560
b5b61;afdd9;a27ae;0;0;0000000000000080;        44s 605ms 383μs 243ns;124;-1;              8ms 730μs 785ns;119.000000;1.042017;0.000000;inf;4;1;Unfinished;2.000000,2.000000,2.000000,3.000000,4.000000,5.000000,6.000000,7.000000,8.000000,9.000000,10.000000,11.000000,12.000000,13.000000,14.000000,15.000000,16.000000,17.000000,18.000000,18.000000,19.000000,20.000000,21.000000,22.000000,23.000000,23.000000,24.000000,25.000000,26.000000,26.000000,27.000000,28.000000,29.000000,30.000000,31.000000,32.000000,33.000000,34.000000,35.000000,36.000000,37.000000,38.000000,39.000000,40.000000,41.000000,42.000000,43.000000,44.000000,45.000000,46.000000,47.000000,48.000000,49.000000,50.000000,51.000000,52.000000,53.000000,54.000000,55.000000,56.000000,57.000000,58.000000,59.000000,60.000000,61.000000,62.000000,63.000000,64.000000,65.000000,66.000000,67.000000,68.000000,69.000000,70.000000,71.000000,72.000000,73.000000,74.000000,75.000000,76.000000,77.000000,78.000000,79.000000,80.000000,81.000000,82.000000,83.000000,84.000000,85.000000,85.000000,86.000000,87.000000,88.000000,89.000000,90.000000,91.000000,92.000000,93.000000,94.000000,95.000000,96.000000,97.000000,98.000000,99.000000,100.000000,101.000000,102.000000,103.000000,104.000000,105.000000,106.000000,107.000000,108.000000,109.000000,110.000000,111.000000,112.000000,113.000000,114.000000,115.000000,116.000000,117.000000,118.000000,119.000000;;0;33561
b5e52;afdd9;a27ae;0;0;0000000000000080;        44s 759ms 510μs 381ns;124;-1;              8ms 181μs 152ns;119.000000;1.042017;0.000000;inf;4;1;Unfinished;2.000000,2.000000,2.000000,3.000000,4.000000,5.000000,6.000000,7.000000,8.000000,9.000000,10.000000,11.000000,12.000000,13.000000,14.000000,15.000000,16.000000,17.000000,18.000000,18.000000,19.000000,20.000000,21.000000,22.000000,23.000000,23.000000,24.000000,25.000000,26.000000,26.000000,27.000000,28.000000,29.000000,30.000000,31.000000,32.000000,33.000000,34.000000,35.000000,36.000000,37.000000,38.000000,39.000000,40.000000,41.000000,42.000000,43.000000,44.000000,45.000000,46.000000,47.000000,48.000000,49.000000,50.000000,51.000000,52.000000,53.000000,54.000000,55.000000,56.000000,57.000000,58.000000,59.000000,60.000000,61.000000,62.000000,63.000000,64.000000,65.000000,66.000000,67.000000,68.000000,69.000000,70.000000,71.000000,72.000000,73.000000,74.000000,75.000000,76.000000,77.000000,78.000000,79.000000,80.000000,81.000000,82.000000,83.000000,84.000000,85.000000,85.000000,86.000000,87.000000,88.000000,89.000000,90.000000,91.000000,92.000000,93.000000,94.000000,95.000000,96.000000,97.000000,98.000000,99.000000,100.000000,101.000000,102.000000,103.000000,104.000000,105.000000,106.000000,107.000000,108.000000,109.000000,110.000000,111.000000,112.000000,113.000000,114.000000,115.000000,116.000000,117.000000,118.000000,119.000000;;0;33700
b5e4d;afdd9;a27ae;0;0;0000000000000080;        44s 759ms 455μs 999ns;124;-1;              8ms 926μs 181ns;119.000000;1.042017;0.000000;inf;4;1;Unfinished;2.000000,2.000000,2.000000,3.000000,4.000000,5.000000,6.000000,7.000000,8.000000,9.000000,10.000000,11.000000,12.000000,13.000000,14.000000,15.000000,16.000000,17.000000,18.000000,18.000000,19.000000,20.000000,21.000000,22.000000,23.000000,23.000000,24.000000,25.000000,26.000000,26.000000,27.000000,28.000000,29.000000,30.000000,31.000000,32.000000,33.000000,34.000000,35.000000,36.000000,37.000000,38.000000,39.000000,40.000000,41.000000,42.000000,43.000000,44.000000,45.000000,46.000000,47.000000,48.000000,49.000000,50.000000,51.000000,52.000000,53.000000,54.000000,55.000000,56.000000,57.000000,58.000000,59.000000,60.000000,61.000000,62.000000,63.000000,64.000000,65.000000,66.000000,67.000000,68.000000,69.000000,70.000000,71.000000,72.000000,73.000000,74.000000,75.000000,76.000000,77.000000,78.000000,79.000000,80.000000,81.000000,82.000000,83.000000,84.000000,85.000000,85.000000,86.000000,87.000000,88.000000,89.000000,90.000000,91.000000,92.000000,93.000000,94.000000,95.000000,96.000000,97.000000,98.000000,99.000000,100.000000,101.000000,102.000000,103.000000,104.000000,105.000000,106.000000,107.000000,108.000000,109.000000,110.000000,111.000000,112.000000,113.000000,114.000000,115.000000,116.000000,117.000000,118.000000,119.000000;;0;33701
b5873;afdd9;a27ae;0;0;0000000000000080;        44s 447ms 269μs 272ns;125;-1;              8ms 527μs 208ns;119.000000;1.050420;0.000000;inf;3;1;Failing;2.000000,2.000000,2.000000,3.000000,4.000000,5.000000,6.000000,7.000000,8.000000,9.000000,10.000000,11.000000,12.000000,13.000000,14.000000,15.000000,16.000000,17.000000,18.000000,18.000000,19.000000,20.000000,21.000000,22.000000,23.000000,23.000000,24.000000,25.000000,26.000000,26.000000,27.000000,28.000000,29.000000,30.000000,31.000000,32.000000,33.000000,34.000000,35.000000,36.000000,37.000000,38.000000,39.000000,40.000000,41.000000,42.000000,43.000000,44.000000,45.000000,46.000000,47.000000,48.000000,49.000000,50.000000,51.000000,52.000000,53.000000,54.000000,55.000000,56.000000,57.000000,58.000000,59.000000,60.000000,61.000000,62.000000,63.000000,64.000000,65.000000,66.000000,67.000000,68.000000,69.000000,70.000000,71.000000,72.000000,73.000000,74.000000,75.000000,76.000000,77.000000,78.000000,79.000000,80.000000,81.000000,82.000000,83.000000,84.000000,85.000000,85.000000,86.000000,87.000000,88.000000,89.000000,90.000000,91.000000,92.000000,93.000000,94.000000,95.000000,96.000000,97.000000,98.000000,99.000000,100.000000,101.000000,102.000000,103.000000,104.000000,105.000000,106.000000,107.000000,108.000000,109.000000,110.000000,111.000000,112.000000,113.000000,114.000000,115.000000,116.000000,117.000000,118.000000,119.000000;;0;33420
b0a08;afd36;a27ae;0;0;0000000000000080;        40s 988ms 665μs 782ns;126;-1;              9ms 130μs 402ns;119.000000;1.058824;0.000000;inf;3;1;Failing;2.000000,3.000000,4.000000,5.000000,6.000000,7.000000,8.000000,9.000000,10.000000,11.000000,12.000000,13.000000,14.000000,15.000000,16.000000,16.000000,17.000000,18.000000,19.000000,19.000000,20.000000,21.000000,22.000000,23.000000,24.000000,25.000000,25.000000,25.000000,26.000000,27.000000,28.000000,29.000000,30.000000,31.000000,32.000000,33.000000,34.000000,35.000000,36.000000,37.000000,38.000000,39.000000,40.000000,41.000000,42.000000,43.000000,44.000000,45.000000,46.000000,46.000000,47.000000,48.000000,49.000000,50.000000,51.000000,52.000000,53.000000,54.000000,55.000000,56.000000,57.000000,58.000000,59.000000,60.000000,61.000000,62.000000,63.000000,64.000000,65.000000,66.000000,67.000000,68.000000,69.000000,70.000000,71.000000,72.000000,73.000000,74.000000,75.000000,76.000000,77.000000,78.000000,79.000000,80.000000,81.000000,82.000000,83.000000,84.000000,85.000000,86.000000,87.000000,87.000000,88.000000,89.000000,90.000000,91.000000,92.000000,93.000000,94.000000,95.000000,96.000000,97.000000,98.000000,99.000000,100.000000,101.000000,102.000000,103.000000,104.000000,105.000000,106.000000,107.000000,108.000000,109.000000,110.000000,111.000000,112.000000,113.000000,114.000000,115.000000,116.000000,117.000000,118.000000,119.000000;;0;30244
b0554;afd36;a27ae;0;0;0000000000000080;        40s 761ms 495μs 101ns;128;127;              9ms 383μs  15ns;119.000000;1.067227;0.000000;inf;3;1;Failing;2.000000,3.000000,4.000000,5.000000,6.000000,7.000000,8.000000,9.000000,10.000000,11.000000,12.000000,13.000000,14.000000,15.000000,16.000000,16.000000,17.000000,18.000000,19.000000,19.000000,20.000000,21.000000,22.000000,23.000000,24.000000,25.000000,25.000000,25.000000,26.000000,27.000000,28.000000,28.000000,29.000000,30.000000,31.000000,32.000000,33.000000,34.000000,35.000000,36.000000,37.000000,38.000000,39.000000,40.000000,41.000000,42.000000,43.000000,44.000000,45.000000,46.000000,47.000000,47.000000,48.000000,49.000000,50.000000,51.000000,52.000000,53.000000,54.000000,55.000000,56.000000,57.000000,58.000000,59.000000,60.000000,61.000000,62.000000,63.000000,64.000000,65.000000,66.000000,67.000000,68.000000,69.000000,70.000000,71.000000,72.000000,73.000000,74.000000,75.000000,76.000000,77.000000,78.000000,79.000000,80.000000,81.000000,82.000000,83.000000,84.000000,85.000000,86.000000,87.000000,88.000000,88.000000,89.000000,90.000000,91.000000,92.000000,93.000000,94.000000,95.000000,96.000000,97.000000,98.000000,99.000000,100.000000,101.000000,102.000000,103.000000,104.000000,105.000000,106.000000,107.000000,108.000000,109.000000,110.000000,111.000000,112.000000,113.000000,114.000000,115.000000,116.000000,117.000000,118.000000,119.000000;;0;29992
b47af;afd37;a27ae;0;0;0000000000000080;        43s 757ms 406μs 746ns;128;-1;              9ms  83μs 979ns;119.000000;1.075630;0.000000;inf;3;1;Failing;2.000000,2.000000,2.000000,3.000000,4.000000,5.000000,6.000000,7.000000,8.000000,9.000000,10.000000,11.000000,12.000000,13.000000,14.000000,15.000000,16.000000,16.000000,17.000000,18.000000,19.000000,19.000000,20.000000,21.000000,22.000000,23.000000,24.000000,24.000000,25.000000,26.000000,27.000000,27.000000,28.000000,29.000000,30.000000,31.000000,32.000000,33.000000,34.000000,35.000000,36.000000,37.000000,38.000000,39.000000,40.000000,41.000000,42.000000,43.000000,44.000000,45.000000,46.000000,46.000000,47.000000,48.000000,49.000000,50.000000,51.000000,52.000000,53.000000,54.000000,55.000000,56.000000,57.000000,58.000000,59.000000,60.000000,61.000000,62.000000,63.000000,64.000000,65.000000,66.000000,67.000000,68.000000,69.000000,70.000000,71.000000,72.000000,73.000000,74.000000,75.000000,76.000000,77.000000,78.000000,79.000000,80.000000,81.000000,82.000000,83.000000,84.000000,85.000000,86.000000,87.000000,87.000000,88.000000,89.000000,90.000000,91.000000,92.000000,93.000000,94.000000,95.000000,96.000000,97.000000,98.000000,99.000000,100.000000,101.000000,102.000000,103.000000,104.000000,105.000000,106.000000,107.000000,108.000000,109.000000,110.000000,111.000000,112.000000,113.000000,114.000000,115.000000,116.000000,117.000000,118.000000,119.000000;;0;32791
a770f;a4deb;a27ae;0;0;0000000000000080;        38s 405ms 638μs 125ns;130;-1;              9ms 169μs  14ns;119.000000;1.092437;0.000000;inf;3;1;Failing;2.000000,2.000000,2.000000,3.000000,4.000000,5.000000,6.000000,7.000000,8.000000,9.000000,10.000000,11.000000,12.000000,13.000000,14.000000,15.000000,16.000000,16.000000,17.000000,18.000000,19.000000,19.000000,20.000000,21.000000,22.000000,23.000000,24.000000,25.000000,25.000000,25.000000,26.000000,27.000000,28.000000,28.000000,29.000000,30.000000,31.000000,32.000000,33.000000,34.000000,35.000000,36.000000,37.000000,38.000000,39.000000,40.000000,41.000000,42.000000,43.000000,44.000000,45.000000,46.000000,47.000000,48.000000,49.000000,50.000000,51.000000,52.000000,53.000000,54.000000,55.000000,56.000000,57.000000,58.000000,59.000000,60.000000,61.000000,62.000000,63.000000,64.000000,65.000000,66.000000,67.000000,68.000000,68.000000,68.000000,69.000000,70.000000,71.000000,72.000000,73.000000,74.000000,75.000000,76.000000,77.000000,78.000000,79.000000,80.000000,81.000000,82.000000,83.000000,84.000000,85.000000,86.000000,87.000000,87.000000,88.000000,89.000000,90.000000,91.000000,92.000000,93.000000,94.000000,95.000000,96.000000,97.000000,98.000000,99.000000,100.000000,101.000000,102.000000,103.000000,104.000000,105.000000,106.000000,107.000000,108.000000,109.000000,110.000000,111.000000,112.000000,113.000000,114.000000,115.000000,116.000000,117.000000,118.000000,119.000000;;0;28445
a27e6;a0fdb;a27ae;0;0;0000000000000070;        37s 319ms 936μs 978ns;225;131;             10ms 178μs  98ns;119.000000;1.100840;0.000000;inf;3;1;Failing;2.000000,2.000000,2.000000,3.000000,4.000000,5.000000,6.000000,7.000000,8.000000,9.000000,10.000000,11.000000,12.000000,13.000000,14.000000,15.000000,16.000000,16.000000,17.000000,18.000000,19.000000,19.000000,20.000000,21.000000,22.000000,23.000000,24.000000,25.000000,25.000000,25.000000,26.000000,27.000000,28.000000,28.000000,29.000000,30.000000,31.000000,32.000000,33.000000,34.000000,35.000000,36.000000,37.000000,38.000000,39.000000,40.000000,41.000000,42.000000,43.000000,44.000000,45.000000,46.000000,47.000000,47.000000,48.000000,49.000000,50.000000,51.000000,52.000000,53.000000,54.000000,55.000000,56.000000,57.000000,58.000000,59.000000,60.000000,61.000000,62.000000,63.000000,64.000000,65.000000,66.000000,67.000000,68.000000,69.000000,69.000000,69.000000,70.000000,71.000000,72.000000,73.000000,74.000000,75.000000,76.000000,77.000000,78.000000,79.000000,80.000000,81.000000,82.000000,83.000000,84.000000,85.000000,86.000000,87.000000,88.000000,88.000000,89.000000,90.000000,91.000000,92.000000,93.000000,94.000000,95.000000,96.000000,97.000000,98.000000,99.000000,100.000000,101.000000,102.000000,103.000000,104.000000,105.000000,106.000000,107.000000,108.000000,109.000000,110.000000,111.000000,112.000000,113.000000,114.000000,115.000000,116.000000,117.000000,118.000000,119.000000;;0;27813
a28a8;9f378;a27ae;0;0;0000000000000070;        37s 330ms 563μs 687ns;317;131;              8ms 281μs 269ns;119.000000;1.100840;0.000000;inf;3;1;Failing;2.000000,2.000000,2.000000,3.000000,4.000000,5.000000,6.000000,7.000000,8.000000,9.000000,10.000000,11.000000,12.000000,13.000000,14.000000,15.000000,16.000000,16.000000,17.000000,18.000000,19.000000,19.000000,20.000000,21.000000,22.000000,23.000000,24.000000,25.000000,25.000000,25.000000,26.000000,27.000000,28.000000,28.000000,29.000000,30.000000,31.000000,32.000000,33.000000,34.000000,35.000000,36.000000,37.000000,38.000000,39.000000,40.000000,41.000000,42.000000,43.000000,44.000000,45.000000,46.000000,47.000000,47.000000,48.000000,49.000000,50.000000,51.000000,52.000000,53.000000,54.000000,55.000000,56.000000,57.000000,58.000000,59.000000,60.000000,61.000000,62.000000,63.000000,64.000000,65.000000,66.000000,67.000000,68.000000,69.000000,69.000000,69.000000,70.000000,71.000000,72.000000,73.000000,74.000000,75.000000,76.000000,77.000000,78.000000,79.000000,80.000000,81.000000,82.000000,83.000000,84.000000,85.000000,86.000000,87.000000,88.000000,88.000000,89.000000,90.000000,91.000000,92.000000,93.000000,94.000000,95.000000,96.000000,97.000000,98.000000,99.000000,100.000000,101.000000,102.000000,103.000000,104.000000,105.000000,106.000000,107.000000,108.000000,109.000000,110.000000,111.000000,112.000000,113.000000,114.000000,115.000000,116.000000,117.000000,118.000000,119.000000;;0;27821
a28d4;9f378;a27ae;0;0;0000000000000070;        37s 333ms 260μs 196ns;307;131;              9ms 486μs 842ns;119.000000;1.100840;0.000000;inf;3;1;Failing;2.000000,2.000000,2.000000,3.000000,4.000000,5.000000,6.000000,7.000000,8.000000,9.000000,10.000000,11.000000,12.000000,13.000000,14.000000,15.000000,16.000000,16.000000,17.000000,18.000000,19.000000,19.000000,20.000000,21.000000,22.000000,23.000000,24.000000,25.000000,25.000000,25.000000,26.000000,27.000000,28.000000,28.000000,29.000000,30.000000,31.000000,32.000000,33.000000,34.000000,35.000000,36.000000,37.000000,38.000000,39.000000,40.000000,41.000000,42.000000,43.000000,44.000000,45.000000,46.000000,47.000000,47.000000,48.000000,49.000000,50.000000,51.000000,52.000000,53.000000,54.000000,55.000000,56.000000,57.000000,58.000000,59.000000,60.000000,61.000000,62.000000,63.000000,64.000000,65.000000,66.000000,67.000000,68.000000,69.000000,69.000000,69.000000,70.000000,71.000000,72.000000,73.000000,74.000000,75.000000,76.000000,77.000000,78.000000,79.000000,80.000000,81.000000,82.000000,83.000000,84.000000,85.000000,86.000000,87.000000,88.000000,88.000000,89.000000,90.000000,91.000000,92.000000,93.000000,94.000000,95.000000,96.000000,97.000000,98.000000,99.000000,100.000000,101.000000,102.000000,103.000000,104.000000,105.000000,106.000000,107.000000,108.000000,109.000000,110.000000,111.000000,112.000000,113.000000,114.000000,115.000000,116.000000,117.000000,118.000000,119.000000;;0;27825
a2b11;9f378;a27ae;0;0;0000000000000070;        37s 359ms 991μs 976ns;275;131;              9ms 617μs 779ns;119.000000;1.100840;0.000000;inf;3;1;Failing;2.000000,2.000000,2.000000,3.000000,4.000000,5.000000,6.000000,7.000000,8.000000,9.000000,10.000000,11.000000,12.000000,13.000000,14.000000,15.000000,16.000000,16.000000,17.000000,18.000000,19.000000,19.000000,20.000000,21.000000,22.000000,23.000000,24.000000,25.000000,25.000000,25.000000,26.000000,27.000000,28.000000,28.000000,29.000000,30.000000,31.000000,32.000000,33.000000,34.000000,35.000000,36.000000,37.000000,38.000000,39.000000,40.000000,41.000000,42.000000,43.000000,44.000000,45.000000,46.000000,47.000000,47.000000,48.000000,49.000000,50.000000,51.000000,52.000000,53.000000,54.000000,55.000000,56.000000,57.000000,58.000000,59.000000,60.000000,61.000000,62.000000,63.000000,64.000000,65.000000,66.000000,67.000000,68.000000,69.000000,69.000000,69.000000,70.000000,71.000000,72.000000,73.000000,74.000000,75.000000,76.000000,77.000000,78.000000,79.000000,80.000000,81.000000,82.000000,83.000000,84.000000,85.000000,86.000000,87.000000,88.000000,88.000000,89.000000,90.000000,91.000000,92.000000,93.000000,94.000000,95.000000,96.000000,97.000000,98.000000,99.000000,100.000000,101.000000,102.000000,103.000000,104.000000,105.000000,106.000000,107.000000,108.000000,109.000000,110.000000,111.000000,112.000000,113.000000,114.000000,115.000000,116.000000,117.000000,118.000000,119.000000;;0;27856
a3276;9f378;a27ae;0;0;0000000000000070;        37s 485ms 787μs 791ns;289;131;             10ms 234μs 596ns;119.000000;1.100840;0.000000;inf;3;1;Failing;2.000000,2.000000,2.000000,3.000000,4.000000,5.000000,6.000000,7.000000,8.000000,9.000000,10.000000,11.000000,12.000000,13.000000,14.000000,15.000000,16.000000,16.000000,17.000000,18.000000,19.000000,19.000000,20.000000,21.000000,22.000000,23.000000,24.000000,25.000000,25.000000,25.000000,26.000000,27.000000,28.000000,28.000000,29.000000,30.000000,31.000000,32.000000,33.000000,34.000000,35.000000,36.000000,37.000000,38.000000,39.000000,40.000000,41.000000,42.000000,43.000000,44.000000,45.000000,46.000000,47.000000,47.000000,48.000000,49.000000,50.000000,51.000000,52.000000,53.000000,54.000000,55.000000,56.000000,57.000000,58.000000,59.000000,60.000000,61.000000,62.000000,63.000000,64.000000,65.000000,66.000000,67.000000,68.000000,69.000000,69.000000,69.000000,70.000000,71.000000,72.000000,73.000000,74.000000,75.000000,76.000000,77.000000,78.000000,79.000000,80.000000,81.000000,82.000000,83.000000,84.000000,85.000000,86.000000,87.000000,88.000000,88.000000,89.000000,90.000000,91.000000,92.000000,93.000000,94.000000,95.000000,96.000000,97.000000,98.000000,99.000000,100.000000,101.000000,102.000000,103.000000,104.000000,105.000000,106.000000,107.000000,108.000000,109.000000,110.000000,111.000000,112.000000,113.000000,114.000000,115.000000,116.000000,117.000000,118.000000,119.000000;;0;27939
a3445;9f378;a27ae;0;0;0000000000000070;        37s 519ms 507μs 555ns;326;131;              9ms 443μs 268ns;119.000000;1.100840;0.000000;inf;3;1;Failing;2.000000,2.000000,2.000000,3.000000,4.000000,5.000000,6.000000,7.000000,8.000000,9.000000,10.000000,11.000000,12.000000,13.000000,14.000000,15.000000,16.000000,16.000000,17.000000,18.000000,19.000000,19.000000,20.000000,21.000000,22.000000,23.000000,24.000000,25.000000,25.000000,25.000000,26.000000,27.000000,28.000000,28.000000,29.000000,30.000000,31.000000,32.000000,33.000000,34.000000,35.000000,36.000000,37.000000,38.000000,39.000000,40.000000,41.000000,42.000000,43.000000,44.000000,45.000000,46.000000,47.000000,47.000000,48.000000,49.000000,50.000000,51.000000,52.000000,53.000000,54.000000,55.000000,56.000000,57.000000,58.000000,59.000000,60.000000,61.000000,62.000000,63.000000,64.000000,65.000000,66.000000,67.000000,68.000000,69.000000,69.000000,69.000000,70.000000,71.000000,72.000000,73.000000,74.000000,75.000000,76.000000,77.000000,78.000000,79.000000,80.000000,81.000000,82.000000,83.000000,84.000000,85.000000,86.000000,87.000000,88.000000,88.000000,89.000000,90.000000,91.000000,92.000000,93.000000,94.000000,95.000000,96.000000,97.000000,98.000000,99.000000,100.000000,101.000000,102.000000,103.000000,104.000000,105.000000,106.000000,107.000000,108.000000,109.000000,110.000000,111.000000,112.000000,113.000000,114.000000,115.000000,116.000000,117.000000,118.000000,119.000000;;0;27957
a3a22;9f378;a27ae;0;0;0000000000000070;        37s 615ms 872μs 896ns;251;131;              9ms 146μs 970ns;119.000000;1.100840;0.000000;inf;3;1;Failing;2.000000,2.000000,2.000000,3.000000,4.000000,5.000000,6.000000,7.000000,8.000000,9.000000,10.000000,11.000000,12.000000,13.000000,14.000000,15.000000,16.000000,16.000000,17.000000,18.000000,19.000000,19.000000,20.000000,21.000000,22.000000,23.000000,24.000000,25.000000,25.000000,25.000000,26.000000,27.000000,28.000000,28.000000,29.000000,30.000000,31.000000,32.000000,33.000000,34.000000,35.000000,36.000000,37.000000,38.000000,39.000000,40.000000,41.000000,42.000000,43.000000,44.000000,45.000000,46.000000,47.000000,47.000000,48.000000,49.000000,50.000000,51.000000,52.000000,53.000000,54.000000,55.000000,56.000000,57.000000,58.000000,59.000000,60.000000,61.000000,62.000000,63.000000,64.000000,65.000000,66.000000,67.000000,68.000000,69.000000,69.000000,69.000000,70.000000,71.000000,72.000000,73.000000,74.000000,75.000000,76.000000,77.000000,78.000000,79.000000,80.000000,81.000000,82.000000,83.000000,84.000000,85.000000,86.000000,87.000000,88.000000,88.000000,89.000000,90.000000,91.000000,92.000000,93.000000,94.000000,95.000000,96.000000,97.000000,98.000000,99.000000,100.000000,101.000000,102.000000,103.000000,104.000000,105.000000,106.000000,107.000000,108.000000,109.000000,110.000000,111.000000,112.000000,113.000000,114.000000,115.000000,116.000000,117.000000,118.000000,119.000000;;0;28006
a3eb2;9ab27;a27ae;0;0;0000000000000070;        37s 700ms 390μs  80ns;311;131;              9ms 876μs 916ns;119.000000;1.100840;0.000000;inf;3;1;Failing;2.000000,2.000000,2.000000,3.000000,4.000000,5.000000,6.000000,7.000000,8.000000,9.000000,10.000000,11.000000,12.000000,13.000000,14.000000,15.000000,16.000000,16.000000,17.000000,18.000000,19.000000,19.000000,20.000000,21.000000,22.000000,23.000000,24.000000,25.000000,25.000000,25.000000,26.000000,27.000000,28.000000,28.000000,29.000000,30.000000,31.000000,32.000000,33.000000,34.000000,35.000000,36.000000,37.000000,38.000000,39.000000,40.000000,41.000000,42.000000,43.000000,44.000000,45.000000,46.000000,47.000000,47.000000,48.000000,49.000000,50.000000,51.000000,52.000000,53.000000,54.000000,55.000000,56.000000,57.000000,58.000000,59.000000,60.000000,61.000000,62.000000,63.000000,64.000000,65.000000,66.000000,67.000000,68.000000,69.000000,69.000000,69.000000,70.000000,71.000000,72.000000,73.000000,74.000000,75.000000,76.000000,77.000000,78.000000,79.000000,80.000000,81.000000,82.000000,83.000000,84.000000,85.000000,86.000000,87.000000,88.000000,88.000000,89.000000,90.000000,91.000000,92.000000,93.000000,94.000000,95.000000,96.000000,97.000000,98.000000,99.000000,100.000000,101.000000,102.000000,103.000000,104.000000,105.000000,106.000000,107.000000,108.000000,109.000000,110.000000,111.000000,112.000000,113.000000,114.000000,115.000000,116.000000,117.000000,118.000000,119.000000;;0;28050
a50d4;9c823;a27ae;0;0;0000000000000070;        37s 922ms  42μs 203ns;278;131;              9ms 525μs 841ns;119.000000;1.100840;0.000000;inf;3;1;Failing;2.000000,2.000000,2.000000,3.000000,4.000000,5.000000,6.000000,7.000000,8.000000,9.000000,10.000000,11.000000,12.000000,13.000000,14.000000,15.000000,16.000000,16.000000,17.000000,18.000000,19.000000,19.000000,20.000000,21.000000,22.000000,23.000000,24.000000,25.000000,25.000000,25.000000,26.000000,27.000000,28.000000,28.000000,29.000000,30.000000,31.000000,32.000000,33.000000,34.000000,35.000000,36.000000,37.000000,38.000000,39.000000,40.000000,41.000000,42.000000,43.000000,44.000000,45.000000,46.000000,47.000000,47.000000,48.000000,49.000000,50.000000,51.000000,52.000000,53.000000,54.000000,55.000000,56.000000,57.000000,58.000000,59.000000,60.000000,61.000000,62.000000,63.000000,64.000000,65.000000,66.000000,67.000000,68.000000,69.000000,69.000000,69.000000,70.000000,71.000000,72.000000,73.000000,74.000000,75.000000,76.000000,77.000000,78.000000,79.000000,80.000000,81.000000,82.000000,83.000000,84.000000,85.000000,86.000000,87.000000,88.000000,88.000000,89.000000,90.000000,91.000000,92.000000,93.000000,94.000000,95.000000,96.000000,97.000000,98.000000,99.000000,100.000000,101.000000,102.000000,103.000000,104.000000,105.000000,106.000000,107.000000,108.000000,109.000000,110.000000,111.000000,112.000000,113.000000,114.000000,115.000000,116.000000,117.000000,118.000000,119.000000;;0;28155
a70e3;a4deb;a27ae;0;0;0000000000000080;        38s 289ms 710μs 896ns;132;131;              8ms 999μs 966ns;119.000000;1.100840;0.000000;inf;3;1;Failing;2.000000,2.000000,2.000000,3.000000,4.000000,5.000000,6.000000,7.000000,8.000000,9.000000,10.000000,11.000000,12.000000,13.000000,14.000000,15.000000,16.000000,16.000000,17.000000,18.000000,19.000000,19.000000,20.000000,21.000000,22.000000,23.000000,24.000000,25.000000,25.000000,25.000000,26.000000,27.000000,28.000000,28.000000,29.000000,30.000000,31.000000,32.000000,33.000000,34.000000,35.000000,36.000000,37.000000,38.000000,39.000000,40.000000,41.000000,42.000000,43.000000,44.000000,45.000000,46.000000,47.000000,47.000000,48.000000,49.000000,50.000000,51.000000,52.000000,53.000000,54.000000,55.000000,56.000000,57.000000,58.000000,59.000000,60.000000,61.000000,62.000000,63.000000,64.000000,65.000000,66.000000,67.000000,68.000000,69.000000,69.000000,69.000000,70.000000,71.000000,72.000000,73.000000,74.000000,75.000000,76.000000,77.000000,78.000000,79.000000,80.000000,81.000000,82.000000,83.000000,84.000000,85.000000,86.000000,87.000000,88.000000,88.000000,89.000000,90.000000,91.000000,92.000000,93.000000,94.000000,95.000000,96.000000,97.000000,98.000000,99.000000,100.000000,101.000000,102.000000,103.000000,104.000000,105.000000,106.000000,107.000000,108.000000,109.000000,110.000000,111.000000,112.000000,113.000000,114.000000,115.000000,116.000000,117.000000,118.000000,119.000000;;0;28358
a929b;9c823;a27ae;0;0;0000000000000070;        38s 952ms 637μs 846ns;287;131;              9ms 634μs 984ns;119.000000;1.100840;0.000000;inf;3;1;Failing;2.000000,2.000000,2.000000,3.000000,4.000000,5.000000,6.000000,7.000000,8.000000,9.000000,10.000000,11.000000,12.000000,13.000000,14.000000,15.000000,16.000000,16.000000,17.000000,18.000000,19.000000,19.000000,20.000000,21.000000,22.000000,23.000000,24.000000,25.000000,25.000000,25.000000,26.000000,27.000000,28.000000,28.000000,29.000000,30.000000,31.000000,32.000000,33.000000,34.000000,35.000000,36.000000,37.000000,38.000000,39.000000,40.000000,41.000000,42.000000,43.000000,44.000000,45.000000,46.000000,47.000000,47.000000,48.000000,49.000000,50.000000,51.000000,52.000000,53.000000,54.000000,55.000000,56.000000,57.000000,58.000000,59.000000,60.000000,61.000000,62.000000,63.000000,64.000000,65.000000,66.000000,67.000000,68.000000,69.000000,69.000000,69.000000,70.000000,71.000000,72.000000,73.000000,74.000000,75.000000,76.000000,77.000000,78.000000,79.000000,80.000000,81.000000,82.000000,83.000000,84.000000,85.000000,86.000000,87.000000,88.000000,88.000000,89.000000,90.000000,91.000000,92.000000,93.000000,94.000000,95.000000,96.000000,97.000000,98.000000,99.000000,100.000000,101.000000,102.000000,103.000000,104.000000,105.000000,106.000000,107.000000,108.000000,109.000000,110.000000,111.000000,112.000000,113.000000,114.000000,115.000000,116.000000,117.000000,118.000000,119.000000;;0;29321
a298d;9f378;a27ae;0;0;0000000000000070;        37s 341ms 638μs 653ns;257;132;              9ms 413μs 495ns;119.000000;1.109244;0.000000;inf;3;1;Failing;2.000000,2.000000,2.000000,3.000000,4.000000,5.000000,6.000000,7.000000,8.000000,9.000000,10.000000,11.000000,12.000000,13.000000,14.000000,15.000000,16.000000,16.000000,17.000000,18.000000,19.000000,19.000000,20.000000,21.000000,22.000000,23.000000,24.000000,25.000000,25.000000,25.000000,26.000000,27.000000,28.000000,28.000000,29.000000,30.000000,31.000000,32.000000,33.000000,34.000000,35.000000,36.000000,37.000000,38.000000,39.000000,40.000000,41.000000,42.000000,43.000000,44.000000,45.000000,46.000000,47.000000,47.000000,48.000000,49.000000,50.000000,51.000000,52.000000,53.000000,54.000000,55.000000,56.000000,57.000000,58.000000,59.000000,60.000000,61.000000,62.000000,63.000000,64.000000,65.000000,66.000000,67.000000,68.000000,69.000000,69.000000,69.000000,70.000000,71.000000,72.000000,73.000000,74.000000,75.000000,76.000000,77.000000,78.000000,79.000000,80.000000,81.000000,82.000000,83.000000,84.000000,85.000000,86.000000,87.000000,88.000000,88.000000,89.000000,90.000000,91.000000,92.000000,93.000000,94.000000,95.000000,96.000000,97.000000,98.000000,99.000000,100.000000,101.000000,102.000000,103.000000,104.000000,105.000000,106.000000,107.000000,108.000000,109.000000,110.000000,111.000000,112.000000,113.000000,114.000000,115.000000,116.000000,117.000000,118.000000,119.000000,119.000000;;0;27837
a2a35;9c823;a27ae;0;0;0000000000000070;        37s 349ms 470μs 151ns;307;132;              9ms 897μs 481ns;119.000000;1.109244;0.000000;inf;3;1;Failing;2.000000,2.000000,2.000000,3.000000,4.000000,5.000000,6.000000,7.000000,8.000000,9.000000,10.000000,11.000000,12.000000,13.000000,14.000000,15.000000,16.000000,16.000000,17.000000,18.000000,19.000000,19.000000,20.000000,21.000000,22.000000,23.000000,24.000000,25.000000,25.000000,25.000000,26.000000,27.000000,28.000000,28.000000,29.000000,30.000000,31.000000,32.000000,33.000000,34.000000,35.000000,36.000000,37.000000,38.000000,39.000000,40.000000,41.000000,42.000000,43.000000,44.000000,45.000000,46.000000,47.000000,47.000000,48.000000,49.000000,50.000000,51.000000,52.000000,53.000000,54.000000,55.000000,56.000000,57.000000,58.000000,59.000000,60.000000,61.000000,62.000000,63.000000,64.000000,65.000000,66.000000,67.000000,68.000000,69.000000,69.000000,69.000000,70.000000,71.000000,72.000000,73.000000,74.000000,75.000000,76.000000,77.000000,78.000000,79.000000,80.000000,81.000000,82.000000,83.000000,84.000000,85.000000,86.000000,87.000000,88.000000,88.000000,89.000000,90.000000,91.000000,92.000000,93.000000,94.000000,95.000000,96.000000,97.000000,98.000000,99.000000,100.000000,101.000000,102.000000,103.000000,104.000000,105.000000,106.000000,107.000000,108.000000,109.000000,110.000000,111.000000,112.000000,113.000000,114.000000,115.000000,116.000000,117.000000,118.000000,119.000000,119.000000;;0;27845
a386e;9f378;a27ae;0;0;0000000000000070;        37s 593ms 453μs 324ns;251;132;              9ms 463μs 452ns;119.000000;1.109244;0.000000;inf;3;1;Failing;2.000000,2.000000,2.000000,3.000000,4.000000,5.000000,6.000000,7.000000,8.000000,9.000000,10.000000,11.000000,12.000000,13.000000,14.000000,15.000000,16.000000,16.000000,17.000000,18.000000,19.000000,19.000000,20.000000,21.000000,22.000000,23.000000,24.000000,25.000000,25.000000,25.000000,26.000000,27.000000,28.000000,28.000000,29.000000,30.000000,31.000000,32.000000,33.000000,34.000000,35.000000,36.000000,37.000000,38.000000,39.000000,40.000000,41.000000,42.000000,43.000000,44.000000,45.000000,46.000000,47.000000,47.000000,48.000000,49.000000,50.000000,51.000000,52.000000,53.000000,54.000000,55.000000,56.000000,57.000000,58.000000,59.000000,60.000000,61.000000,62.000000,63.000000,64.000000,65.000000,66.000000,67.000000,68.000000,69.000000,69.000000,69.000000,70.000000,71.000000,72.000000,73.000000,74.000000,75.000000,76.000000,77.000000,78.000000,79.000000,80.000000,81.000000,82.000000,83.000000,84.000000,85.000000,86.000000,87.000000,88.000000,88.000000,89.000000,90.000000,91.000000,92.000000,93.000000,94.000000,95.000000,96.000000,97.000000,98.000000,99.000000,100.000000,101.000000,102.000000,103.000000,104.000000,105.000000,106.000000,107.000000,108.000000,109.000000,110.000000,111.000000,112.000000,113.000000,114.000000,115.000000,116.000000,117.000000,118.000000,119.000000,119.000000;;0;27994
a3baf;9f378;a27ae;0;0;0000000000000070;        37s 638ms 523μs 581ns;234;132;              9ms 156μs 854ns;119.000000;1.109244;0.000000;inf;3;1;Failing;2.000000,2.000000,2.000000,3.000000,4.000000,5.000000,6.000000,7.000000,8.000000,9.000000,10.000000,11.000000,12.000000,13.000000,14.000000,15.000000,16.000000,16.000000,17.000000,18.000000,19.000000,19.000000,20.000000,21.000000,22.000000,23.000000,24.000000,25.000000,25.000000,25.000000,26.000000,27.000000,28.000000,28.000000,29.000000,30.000000,31.000000,32.000000,33.000000,34.000000,35.000000,36.000000,37.000000,38.000000,39.000000,40.000000,41.000000,42.000000,43.000000,44.000000,45.000000,46.000000,47.000000,47.000000,48.000000,49.000000,50.000000,51.000000,52.000000,53.000000,54.000000,55.000000,56.000000,57.000000,58.000000,59.000000,60.000000,61.000000,62.000000,63.000000,64.000000,65.000000,66.000000,67.000000,68.000000,69.000000,69.000000,69.000000,70.000000,71.000000,72.000000,73.000000,74.000000,75.000000,76.000000,77.000000,78.000000,79.000000,80.000000,81.000000,82.000000,83.000000,84.000000,85.000000,86.000000,87.000000,88.000000,88.000000,89.000000,90.000000,91.000000,92.000000,93.000000,94.000000,95.000000,96.000000,97.000000,98.000000,99.000000,100.000000,101.000000,102.000000,103.000000,104.000000,105.000000,106.000000,107.000000,108.000000,109.000000,110.000000,111.000000,112.000000,113.000000,114.000000,115.000000,116.000000,117.000000,118.000000,119.000000,119.000000;;0;28016
a491f;9f378;a27ae;0;0;0000000000000070;        37s 837ms 184μs 743ns;231;132;              9ms 786μs 731ns;119.000000;1.109244;0.000000;inf;3;1;Failing;2.000000,2.000000,2.000000,3.000000,4.000000,5.000000,6.000000,7.000000,8.000000,9.000000,10.000000,11.000000,12.000000,13.000000,14.000000,15.000000,16.000000,16.000000,17.000000,18.000000,19.000000,19.000000,20.000000,21.000000,22.000000,23.000000,24.000000,25.000000,25.000000,25.000000,26.000000,27.000000,28.000000,28.000000,29.000000,30.000000,31.000000,32.000000,33.000000,34.000000,35.000000,36.000000,37.000000,38.000000,39.000000,40.000000,41.000000,42.000000,43.000000,44.000000,45.000000,46.000000,47.000000,47.000000,48.000000,49.000000,50.000000,51.000000,52.000000,53.000000,54.000000,55.000000,56.000000,57.000000,58.000000,59.000000,60.000000,61.000000,62.000000,63.000000,64.000000,65.000000,66.000000,67.000000,68.000000,69.000000,69.000000,69.000000,70.000000,71.000000,72.000000,73.000000,74.000000,75.000000,76.000000,77.000000,78.000000,79.000000,80.000000,81.000000,82.000000,83.000000,84.000000,85.000000,86.000000,87.000000,88.000000,88.000000,89.000000,90.000000,91.000000,92.000000,93.000000,94.000000,95.000000,96.000000,97.000000,98.000000,99.000000,100.000000,101.000000,102.000000,103.000000,104.000000,105.000000,106.000000,107.000000,108.000000,109.000000,110.000000,111.000000,112.000000,113.000000,114.000000,115.000000,116.000000,117.000000,118.000000,119.000000,119.000000;;0;28112
aac5a;9f378;a27ae;0;0;0000000000000070;        39s 599ms 902μs 237ns;246;132;              9ms 935μs 614ns;119.000000;1.109244;0.000000;inf;3;1;Failing;2.000000,2.000000,2.000000,3.000000,4.000000,5.000000,6.000000,7.000000,8.000000,9.000000,10.000000,11.000000,12.000000,13.000000,14.000000,15.000000,16.000000,16.000000,17.000000,18.000000,19.000000,19.000000,20.000000,21.000000,22.000000,23.000000,24.000000,25.000000,25.000000,25.000000,26.000000,27.000000,28.000000,28.000000,29.000000,30.000000,31.000000,32.000000,33.000000,34.000000,35.000000,36.000000,37.000000,38.000000,39.000000,40.000000,41.000000,42.000000,43.000000,44.000000,45.000000,46.000000,47.000000,47.000000,48.000000,49.000000,50.000000,51.000000,52.000000,53.000000,54.000000,55.000000,56.000000,57.000000,58.000000,59.000000,60.000000,61.000000,62.000000,63.000000,64.000000,65.000000,66.000000,67.000000,68.000000,69.000000,69.000000,69.000000,70.000000,71.000000,72.000000,73.000000,74.000000,75.000000,76.000000,77.000000,78.000000,79.000000,80.000000,81.000000,82.000000,83.000000,84.000000,85.000000,86.000000,87.000000,88.000000,88.000000,89.000000,90.000000,91.000000,92.000000,93.000000,94.000000,95.000000,96.000000,97.000000,98.000000,99.000000,100.000000,101.000000,102.000000,103.000000,104.000000,105.000000,106.000000,107.000000,108.000000,109.000000,110.000000,111.000000,112.000000,113.000000,114.000000,115.000000,116.000000,117.000000,118.000000,119.000000,119.000000;;0;29393
af7ea;9f378;a27ae;0;0;0000000000000070;        40s 432ms  74μs 570ns;236;132;              4ms 723μs 656ns;119.000000;1.109244;0.000000;inf;3;1;Failing;2.000000,2.000000,2.000000,3.000000,4.000000,5.000000,6.000000,7.000000,8.000000,9.000000,10.000000,11.000000,12.000000,13.000000,14.000000,15.000000,16.000000,16.000000,17.000000,18.000000,19.000000,19.000000,20.000000,21.000000,22.000000,23.000000,24.000000,25.000000,25.000000,25.000000,26.000000,27.000000,28.000000,28.000000,29.000000,30.000000,31.000000,32.000000,33.000000,34.000000,35.000000,36.000000,37.000000,38.000000,39.000000,40.000000,41.000000,42.000000,43.000000,44.000000,45.000000,46.000000,47.000000,47.000000,48.000000,49.000000,50.000000,51.000000,52.000000,53.000000,54.000000,55.000000,56.000000,57.000000,58.000000,59.000000,60.000000,61.000000,62.000000,63.000000,64.000000,65.000000,66.000000,67.000000,68.000000,69.000000,69.000000,69.000000,70.000000,71.000000,72.000000,73.000000,74.000000,75.000000,76.000000,77.000000,78.000000,79.000000,80.000000,81.000000,82.000000,83.000000,84.000000,85.000000,86.000000,87.000000,88.000000,88.000000,89.000000,90.000000,91.000000,92.000000,93.000000,94.000000,95.000000,96.000000,97.000000,98.000000,99.000000,100.000000,101.000000,102.000000,103.000000,104.000000,105.000000,106.000000,107.000000,108.000000,109.000000,110.000000,111.000000,112.000000,113.000000,114.000000,115.000000,116.000000,117.000000,118.000000,119.000000,119.000000;;0;29666
a2851;9f378;a27ae;0;0;0000000000000070;        37s 325ms 905μs 343ns;321;133;              9ms 670μs 782ns;119.000000;1.117647;0.000000;inf;3;1;Failing;2.000000,2.000000,2.000000,3.000000,4.000000,5.000000,6.000000,7.000000,8.000000,9.000000,10.000000,11.000000,12.000000,13.000000,14.000000,15.000000,16.000000,16.000000,17.000000,18.000000,19.000000,19.000000,20.000000,21.000000,22.000000,23.000000,24.000000,25.000000,25.000000,25.000000,26.000000,27.000000,28.000000,28.000000,29.000000,30.000000,31.000000,32.000000,33.000000,34.000000,35.000000,36.000000,37.000000,38.000000,39.000000,40.000000,41.000000,42.000000,43.000000,44.000000,45.000000,46.000000,47.000000,47.000000,48.000000,49.000000,50.000000,51.000000,52.000000,53.000000,54.000000,55.000000,56.000000,57.000000,58.000000,59.000000,60.000000,61.000000,62.000000,63.000000,64.000000,65.000000,66.000000,67.000000,68.000000,69.000000,69.000000,69.000000,70.000000,71.000000,72.000000,73.000000,74.000000,75.000000,76.000000,77.000000,78.000000,79.000000,80.000000,81.000000,82.000000,83.000000,84.000000,85.000000,86.000000,87.000000,88.000000,88.000000,89.000000,90.000000,91.000000,92.000000,93.000000,94.000000,95.000000,96.000000,97.000000,98.000000,99.000000,100.000000,101.000000,102.000000,103.000000,104.000000,105.000000,106.000000,107.000000,108.000000,109.000000,110.000000,111.000000,112.000000,113.000000,114.000000,115.000000,116.000000,117.000000,118.000000,119.000000,119.000000,119.000000;;0;27816
a358a;9c823;a27ae;0;0;0000000000000070;        37s 541ms 400μs 953ns;240;133;              9ms 360μs 105ns;119.000000;1.117647;0.000000;inf;3;1;Failing;2.000000,2.000000,2.000000,3.000000,4.000000,5.000000,6.000000,7.000000,8.000000,9.000000,10.000000,11.000000,12.000000,13.000000,14.000000,15.000000,16.000000,16.000000,17.000000,18.000000,19.000000,19.000000,20.000000,21.000000,22.000000,23.000000,24.000000,25.000000,25.000000,25.000000,26.000000,27.000000,28.000000,28.000000,29.000000,30.000000,31.000000,32.000000,33.000000,34.000000,35.000000,36.000000,37.000000,38.000000,39.000000,40.000000,41.000000,42.000000,43.000000,44.000000,45.000000,46.000000,47.000000,47.000000,48.000000,49.000000,50.000000,51.000000,52.000000,53.000000,54.000000,55.000000,56.000000,57.000000,58.000000,59.000000,60.000000,61.000000,62.000000,63.000000,64.000000,65.000000,66.000000,67.000000,68.000000,69.000000,69.000000,69.000000,70.000000,71.000000,72.000000,73.000000,74.000000,75.000000,76.000000,77.000000,78.000000,79.000000,80.000000,81.000000,82.000000,83.000000,84.000000,85.000000,86.000000,87.000000,88.000000,88.000000,89.000000,90.000000,91.000000,92.000000,93.000000,94.000000,95.000000,96.000000,97.000000,98.000000,99.000000,100.000000,101.000000,102.000000,103.000000,104.000000,105.000000,106.000000,107.000000,108.000000,109.000000,110.000000,111.000000,112.000000,113.000000,114.000000,115.000000,116.000000,117.000000,118.000000,119.000000,119.000000,119.000000;;0;27969
a3677;9c823;a27ae;0;0;0000000000000070;        37s 563ms 922μs 133ns;321;133;              9ms 517μs 277ns;119.000000;1.117647;0.000000;inf;3;1;Failing;2.000000,2.000000,2.000000,3.000000,4.000000,5.000000,6.000000,7.000000,8.000000,9.000000,10.000000,11.000000,12.000000,13.000000,14.000000,15.000000,16.000000,16.000000,17.000000,18.000000,19.000000,19.000000,20.000000,21.000000,22.000000,23.000000,24.000000,25.000000,25.000000,25.000000,26.000000,27.000000,28.000000,28.000000,29.000000,30.000000,31.000000,32.000000,33.000000,34.000000,35.000000,36.000000,37.000000,38.000000,39.000000,40.000000,41.000000,42.000000,43.000000,44.000000,45.000000,46.000000,47.000000,47.000000,48.000000,49.000000,50.000000,51.000000,52.000000,53.000000,54.000000,55.000000,56.000000,57.000000,58.000000,59.000000,60.000000,61.000000,62.000000,63.000000,64.000000,65.000000,66.000000,67.000000,68.000000,69.000000,69.000000,69.000000,70.000000,71.000000,72.000000,73.000000,74.000000,75.000000,76.000000,77.000000,78.000000,79.000000,80.000000,81.000000,82.000000,83.000000,84.000000,85.000000,86.000000,87.000000,88.000000,88.000000,89.000000,90.000000,91.000000,92.000000,93.000000,94.000000,95.000000,96.000000,97.000000,98.000000,99.000000,100.000000,101.000000,102.000000,103.000000,104.000000,105.000000,106.000000,107.000000,108.000000,109.000000,110.000000,111.000000,112.000000,113.000000,114.000000,115.000000,116.000000,117.000000,117.000000,117.000000,118.000000,119.000000;;0;27979
a3c77;9c823;a27ae;0;0;0000000000000070;        37s 656ms 323μs 476ns;273;133;              9ms 213μs 352ns;119.000000;1.117647;0.000000;inf;3;1;Failing;2.000000,2.000000,2.000000,3.000000,4.000000,5.000000,6.000000,7.000000,8.000000,9.000000,10.000000,11.000000,12.000000,13.000000,14.000000,15.000000,16.000000,16.000000,17.000000,18.000000,19.000000,19.000000,20.000000,21.000000,22.000000,23.000000,24.000000,25.000000,25.000000,25.000000,26.000000,27.000000,28.000000,28.000000,29.000000,30.000000,31.000000,32.000000,33.000000,34.000000,35.000000,36.000000,37.000000,38.000000,39.000000,40.000000,41.000000,42.000000,43.000000,44.000000,45.000000,46.000000,47.000000,47.000000,48.000000,49.000000,50.000000,51.000000,52.000000,53.000000,54.000000,55.000000,56.000000,57.000000,58.000000,59.000000,60.000000,61.000000,62.000000,63.000000,64.000000,65.000000,66.000000,67.000000,68.000000,69.000000,69.000000,69.000000,70.000000,71.000000,72.000000,73.000000,74.000000,75.000000,76.000000,77.000000,78.000000,79.000000,80.000000,81.000000,82.000000,83.000000,84.000000,85.000000,86.000000,87.000000,88.000000,88.000000,89.000000,90.000000,91.000000,92.000000,93.000000,94.000000,95.000000,96.000000,97.000000,98.000000,99.000000,100.000000,101.000000,102.000000,103.000000,104.000000,105.000000,106.000000,107.000000,108.000000,109.000000,110.000000,111.000000,112.000000,113.000000,114.000000,115.000000,116.000000,117.000000,118.000000,119.000000,119.000000,119.000000;;0;28030
a449c;9f378;a27ae;0;0;0000000000000070;        37s 780ms 866μs 354ns;262;133;              9ms 412μs  91ns;119.000000;1.117647;0.000000;inf;3;1;Failing;2.000000,2.000000,2.000000,3.000000,4.000000,5.000000,6.000000,7.000000,8.000000,9.000000,10.000000,11.000000,12.000000,13.000000,14.000000,15.000000,16.000000,16.000000,17.000000,18.000000,19.000000,19.000000,20.000000,21.000000,22.000000,23.000000,24.000000,25.000000,25.000000,25.000000,26.000000,27.000000,28.000000,28.000000,29.000000,30.000000,31.000000,32.000000,33.000000,34.000000,35.000000,36.000000,37.000000,38.000000,39.000000,40.000000,41.000000,42.000000,43.000000,44.000000,45.000000,46.000000,47.000000,47.000000,48.000000,49.000000,50.000000,51.000000,52.000000,53.000000,54.000000,55.000000,56.000000,57.000000,58.000000,59.000000,60.000000,61.000000,62.000000,63.000000,64.000000,65.000000,66.000000,67.000000,68.000000,69.000000,69.000000,69.000000,70.000000,71.000000,72.000000,73.000000,74.000000,75.000000,76.000000,77.000000,78.000000,79.000000,80.000000,81.000000,82.000000,83.000000,84.000000,85.000000,86.000000,87.000000,88.000000,88.000000,89.000000,90.000000,91.000000,92.000000,93.000000,94.000000,95.000000,96.000000,97.000000,98.000000,99.000000,100.000000,101.000000,102.000000,103.000000,104.000000,105.000000,106.000000,107.000000,108.000000,109.000000,110.000000,111.000000,112.000000,113.000000,114.000000,115.000000,116.000000,117.000000,118.000000,119.000000,119.000000,119.000000;;0;28087
a6e1f;9f378;a27ae;0;0;0000000000000070;        38s 243ms 140μs 337ns;267;133;              9ms  95μs 193ns;119.000000;1.117647;0.000000;inf;3;1;Failing;2.000000,2.000000,2.000000,3.000000,4.000000,5.000000,6.000000,7.000000,8.000000,9.000000,10.000000,11.000000,12.000000,13.000000,14.000000,15.000000,16.000000,16.000000,17.000000,18.000000,19.000000,19.000000,20.000000,21.000000,22.000000,23.000000,24.000000,25.000000,25.000000,25.000000,26.000000,27.000000,28.000000,28.000000,29.000000,30.000000,31.000000,32.000000,33.000000,34.000000,35.000000,36.000000,37.000000,38.000000,39.000000,40.000000,41.000000,42.000000,43.000000,44.000000,45.000000,46.000000,47.000000,47.000000,48.000000,49.000000,50.000000,51.000000,52.000000,53.000000,54.000000,55.000000,56.000000,57.000000,58.000000,59.000000,60.000000,61.000000,62.000000,63.000000,64.000000,65.000000,66.000000,67.000000,68.000000,69.000000,69.000000,69.000000,70.000000,71.000000,72.000000,73.000000,74.000000,75.000000,76.000000,77.000000,78.000000,79.000000,80.000000,81.000000,82.000000,83.000000,84.000000,85.000000,86.000000,87.000000,88.000000,88.000000,89.000000,90.000000,91.000000,92.000000,93.000000,94.000000,95.000000,96.000000,97.000000,98.000000,99.000000,100.000000,101.000000,102.000000,103.000000,104.000000,105.000000,106.000000,107.000000,108.000000,109.000000,110.000000,111.000000,112.000000,113.000000,114.000000,115.000000,116.000000,117.000000,118.000000,118.000000,118.000000,119.000000;;0;28519
a79b5;9c823;a27ae;0;0;0000000000000070;        38s 447ms 657μs 436ns;282;133;              9ms 718μs  17ns;119.000000;1.117647;0.000000;inf;3;1;Failing;2.000000,2.000000,2.000000,3.000000,4.000000,5.000000,6.000000,7.000000,8.000000,9.000000,10.000000,11.000000,12.000000,13.000000,14.000000,15.000000,16.000000,16.000000,17.000000,18.000000,19.000000,19.000000,20.000000,21.000000,22.000000,23.000000,24.000000,25.000000,25.000000,25.000000,26.000000,27.000000,28.000000,28.000000,29.000000,30.000000,31.000000,32.000000,33.000000,34.000000,35.000000,36.000000,37.000000,38.000000,39.000000,40.000000,41.000000,42.000000,43.000000,44.000000,45.000000,46.000000,47.000000,47.000000,48.000000,49.000000,50.000000,51.000000,52.000000,53.000000,54.000000,55.000000,56.000000,57.000000,58.000000,59.000000,60.000000,61.000000,62.000000,63.000000,64.000000,65.000000,66.000000,67.000000,68.000000,69.000000,69.000000,69.000000,70.000000,71.000000,72.000000,73.000000,74.000000,75.000000,76.000000,77.000000,78.000000,79.000000,80.000000,81.000000,82.000000,83.000000,84.000000,85.000000,86.000000,87.000000,88.000000,88.000000,89.000000,90.000000,91.000000,92.000000,93.000000,94.000000,95.000000,96.000000,97.000000,98.000000,99.000000,100.000000,101.000000,102.000000,103.000000,104.000000,105.000000,106.000000,107.000000,108.000000,109.000000,110.000000,111.000000,112.000000,113.000000,114.000000,115.000000,116.000000,117.000000,118.000000,119.000000,119.000000,119.000000;;0;28681
a7d08;9f378;a27ae;0;0;0000000000000070;        38s 525ms 919μs 209ns;236;133;              7ms 968μs 380ns;119.000000;1.117647;0.000000;inf;3;1;Failing;2.000000,2.000000,2.000000,3.000000,4.000000,5.000000,6.000000,7.000000,8.000000,9.000000,10.000000,11.000000,12.000000,13.000000,14.000000,15.000000,16.000000,16.000000,17.000000,18.000000,19.000000,19.000000,20.000000,21.000000,22.000000,23.000000,24.000000,25.000000,25.000000,25.000000,26.000000,27.000000,28.000000,28.000000,29.000000,30.000000,31.000000,32.000000,33.000000,34.000000,35.000000,36.000000,37.000000,38.000000,39.000000,40.000000,41.000000,42.000000,43.000000,44.000000,45.000000,46.000000,47.000000,47.000000,48.000000,49.000000,50.000000,51.000000,52.000000,53.000000,54.000000,55.000000,56.000000,57.000000,58.000000,59.000000,60.000000,61.000000,62.000000,63.000000,64.000000,65.000000,66.000000,67.000000,68.000000,69.000000,69.000000,69.000000,70.000000,71.000000,72.000000,73.000000,74.000000,75.000000,76.000000,77.000000,78.000000,79.000000,80.000000,81.000000,82.000000,83.000000,84.000000,85.000000,86.000000,87.000000,88.000000,88.000000,89.000000,90.000000,91.000000,92.000000,93.000000,94.000000,95.000000,96.000000,97.000000,98.000000,99.000000,100.000000,101.000000,102.000000,103.000000,104.000000,105.000000,106.000000,107.000000,108.000000,109.000000,110.000000,111.000000,112.000000,113.000000,114.000000,115.000000,116.000000,117.000000,118.000000,119.000000,119.000000,119.000000;;0;28753
a88eb;9f378;a27ae;0;0;0000000000000070;        38s 755ms  24μs 165ns;286;133;              8ms  12μs 848ns;119.000000;1.117647;0.000000;inf;3;1;Failing;2.000000,2.000000,2.000000,3.000000,4.000000,5.000000,6.000000,7.000000,8.000000,9.000000,10.000000,11.000000,12.000000,13.000000,14.000000,15.000000,16.000000,16.000000,17.000000,18.000000,19.000000,19.000000,20.000000,21.000000,22.000000,23.000000,24.000000,25.000000,25.000000,25.000000,26.000000,27.000000,28.000000,28.000000,29.000000,30.000000,31.000000,32.000000,33.000000,34.000000,35.000000,36.000000,37.000000,38.000000,39.000000,40.000000,41.000000,42.000000,43.000000,44.000000,45.000000,46.000000,47.000000,47.000000,48.000000,49.000000,50.000000,51.000000,52.000000,53.000000,54.000000,55.000000,56.000000,57.000000,58.000000,59.000000,60.000000,61.000000,62.000000,63.000000,64.000000,65.000000,66.000000,67.000000,68.000000,69.000000,69.000000,69.000000,70.000000,71.000000,72.000000,73.000000,74.000000,75.000000,76.000000,77.000000,78.000000,79.000000,80.000000,81.000000,82.000000,83.000000,84.000000,85.000000,86.000000,87.000000,88.000000,88.000000,89.000000,90.000000,91.000000,92.000000,93.000000,94.000000,95.000000,96.000000,97.000000,98.000000,99.000000,100.000000,101.000000,102.000000,103.000000,104.000000,105.000000,106.000000,107.000000,108.000000,109.000000,110.000000,111.000000,112.000000,113.000000,114.000000,115.000000,116.000000,116.000000,116.000000,117.000000,118.000000,119.000000;;0;28911
ab928;9f378;a27ae;0;0;0000000000000070;        39s 753ms 887μs 974ns;258;133;              8ms 812μs 792ns;119.000000;1.117647;0.000000;inf;3;1;Failing;2.000000,2.000000,2.000000,3.000000,4.000000,5.000000,6.000000,7.000000,8.000000,9.000000,10.000000,11.000000,12.000000,13.000000,14.000000,15.000000,16.000000,16.000000,17.000000,18.000000,19.000000,19.000000,20.000000,21.000000,22.000000,23.000000,24.000000,25.000000,25.000000,25.000000,26.000000,27.000000,28.000000,28.000000,29.000000,30.000000,31.000000,32.000000,33.000000,34.000000,35.000000,36.000000,37.000000,38.000000,39.000000,40.000000,41.000000,42.000000,43.000000,44.000000,45.000000,46.000000,47.000000,47.000000,48.000000,49.000000,50.000000,51.000000,52.000000,53.000000,54.000000,55.000000,56.000000,57.000000,58.000000,59.000000,60.000000,61.000000,62.000000,63.000000,64.000000,65.000000,66.000000,67.000000,68.000000,69.000000,69.000000,69.000000,70.000000,71.000000,72.000000,73.000000,74.000000,75.000000,76.000000,77.000000,78.000000,79.000000,80.000000,81.000000,82.000000,83.000000,84.000000,85.000000,86.000000,87.000000,88.000000,88.000000,89.000000,90.000000,91.000000,92.000000,93.000000,94.000000,95.000000,96.000000,97.000000,98.000000,99.000000,100.000000,101.000000,102.000000,103.000000,104.000000,105.000000,106.000000,107.000000,108.000000,109.000000,110.000000,111.000000,112.000000,113.000000,114.000000,115.000000,116.000000,117.000000,118.000000,118.000000,118.000000,119.000000;;0;29453
abadd;9f378;a27ae;0;0;0000000000000070;        39s 775ms 468μs 302ns;275;133;              6ms 580μs 576ns;119.000000;1.117647;0.000000;inf;3;1;Failing;2.000000,2.000000,2.000000,3.000000,4.000000,5.000000,6.000000,7.000000,8.000000,9.000000,10.000000,11.000000,12.000000,13.000000,14.000000,15.000000,16.000000,16.000000,17.000000,18.000000,19.000000,19.000000,20.000000,21.000000,22.000000,23.000000,24.000000,25.000000,25.000000,25.000000,26.000000,27.000000,28.000000,28.000000,29.000000,30.000000,31.000000,32.000000,33.000000,34.000000,35.000000,36.000000,37.000000,38.000000,39.000000,40.000000,41.000000,42.000000,43.000000,44.000000,45.000000,46.000000,47.000000,47.000000,48.000000,49.000000,50.000000,51.000000,52.000000,53.000000,54.000000,55.000000,56.000000,57.000000,58.000000,59.000000,60.000000,61.000000,62.000000,63.000000,64.000000,65.000000,66.000000,67.000000,68.000000,69.000000,69.000000,69.000000,70.000000,71.000000,72.000000,73.000000,74.000000,75.000000,76.000000,77.000000,78.000000,79.000000,80.000000,81.000000,82.000000,83.000000,84.000000,85.000000,86.000000,87.000000,88.000000,88.000000,89.000000,90.000000,91.000000,92.000000,93.000000,94.000000,95.000000,96.000000,97.000000,98.000000,99.000000,100.000000,101.000000,102.000000,103.000000,104.000000,105.000000,106.000000,107.000000,108.000000,109.000000,110.000000,111.000000,112.000000,113.000000,114.000000,115.000000,116.000000,117.000000,118.000000,119.000000,119.000000,119.000000;;0;29461
aca72;a1d3d;a27ae;0;0;0000000000000070;        39s 941ms 878μs 684ns;242;133;              5ms 925μs  58ns;119.000000;1.117647;0.000000;inf;3;1;Failing;2.000000,2.000000,2.000000,3.000000,4.000000,5.000000,6.000000,7.000000,8.000000,9.000000,10.000000,11.000000,12.000000,13.000000,14.000000,15.000000,16.000000,16.000000,17.000000,18.000000,19.000000,19.000000,20.000000,21.000000,22.000000,23.000000,24.000000,25.000000,25.000000,25.000000,26.000000,27.000000,28.000000,28.000000,29.000000,30.000000,31.000000,32.000000,33.000000,34.000000,35.000000,36.000000,37.000000,38.000000,39.000000,40.000000,41.000000,42.000000,43.000000,44.000000,45.000000,46.000000,47.000000,47.000000,48.000000,49.000000,50.000000,51.000000,52.000000,53.000000,54.000000,55.000000,56.000000,57.000000,58.000000,59.000000,60.000000,61.000000,62.000000,63.000000,64.000000,65.000000,66.000000,67.000000,68.000000,69.000000,69.000000,69.000000,70.000000,71.000000,72.000000,73.000000,74.000000,75.000000,76.000000,77.000000,78.000000,79.000000,80.000000,81.000000,82.000000,83.000000,84.000000,85.000000,86.000000,87.000000,88.000000,88.000000,89.000000,90.000000,91.000000,92.000000,93.000000,94.000000,95.000000,96.000000,97.000000,98.000000,99.000000,100.000000,101.000000,102.000000,103.000000,104.000000,105.000000,106.000000,107.000000,108.000000,109.000000,110.000000,111.000000,112.000000,113.000000,114.000000,115.000000,116.000000,117.000000,117.000000,117.000000,118.000000,119.000000;;0;29510
aec7c;9c823;a27ae;0;0;0000000000000070;        40s 319ms 230μs 125ns;278;133;              5ms 637μs 356ns;119.000000;1.117647;0.000000;inf;3;1;Failing;2.000000,2.000000,2.000000,3.000000,4.000000,5.000000,6.000000,7.000000,8.000000,9.000000,10.000000,11.000000,12.000000,13.000000,14.000000,15.000000,16.000000,16.000000,17.000000,18.000000,19.000000,19.000000,20.000000,21.000000,22.000000,23.000000,24.000000,25.000000,25.000000,25.000000,26.000000,27.000000,28.000000,28.000000,29.000000,30.000000,31.000000,32.000000,33.000000,34.000000,35.000000,36.000000,37.000000,38.000000,39.000000,40.000000,41.000000,42.000000,43.000000,44.000000,45.000000,46.000000,47.000000,47.000000,48.000000,49.000000,50.000000,51.000000,52.000000,53.000000,54.000000,55.000000,56.000000,57.000000,58.000000,59.000000,60.000000,61.000000,62.000000,63.000000,64.000000,65.000000,66.000000,67.000000,68.000000,69.000000,69.000000,69.000000,70.000000,71.000000,72.000000,73.000000,74.000000,75.000000,76.000000,77.000000,78.000000,79.000000,80.000000,81.000000,82.000000,83.000000,84.000000,85.000000,86.000000,87.000000,88.000000,88.000000,89.000000,90.000000,91.000000,92.000000,93.000000,94.000000,95.000000,96.000000,97.000000,98.000000,99.000000,100.000000,101.000000,102.000000,103.000000,104.000000,105.000000,106.000000,107.000000,108.000000,109.000000,110.000000,111.000000,112.000000,113.000000,114.000000,115.000000,116.000000,117.000000,118.000000,118.000000,118.000000,119.000000;;0;29640
afb31;9f378;a27ae;0;0;0000000000000070;        40s 488ms 370μs 335ns;287;133;              7ms  33μs 976ns;119.000000;1.117647;0.000000;inf;3;1;Failing;2.000000,2.000000,2.000000,3.000000,4.000000,5.000000,6.000000,7.000000,8.000000,9.000000,10.000000,11.000000,12.000000,13.000000,14.000000,15.000000,16.000000,16.000000,17.000000,18.000000,19.000000,19.000000,20.000000,21.000000,22.000000,23.000000,24.000000,25.000000,25.000000,25.000000,26.000000,27.000000,28.000000,28.000000,29.000000,30.000000,31.000000,32.000000,33.000000,34.000000,35.000000,36.000000,37.000000,38.000000,39.000000,40.000000,41.000000,42.000000,43.000000,44.000000,45.000000,46.000000,47.000000,47.000000,48.000000,49.000000,50.000000,51.000000,52.000000,53.000000,54.000000,55.000000,56.000000,57.000000,58.000000,59.000000,60.000000,61.000000,62.000000,63.000000,64.000000,65.000000,66.000000,67.000000,68.000000,69.000000,69.000000,69.000000,70.000000,71.000000,72.000000,73.000000,74.000000,75.000000,76.000000,77.000000,78.000000,79.000000,80.000000,81.000000,82.000000,83.000000,84.000000,85.000000,86.000000,87.000000,88.000000,88.000000,89.000000,90.000000,91.000000,92.000000,93.000000,94.000000,95.000000,96.000000,97.000000,98.000000,99.000000,100.000000,101.000000,102.000000,103.000000,104.000000,105.000000,106.000000,107.000000,108.000000,109.000000,110.000000,111.000000,112.000000,113.000000,114.000000,115.000000,116.000000,117.000000,118.000000,118.000000,118.000000,119.000000;;0;29705
ad198;9f378;a27ae;0;0;0000000000000070;        40s  39ms 962μs 411ns;311;134;             10ms  82μs 421ns;119.000000;1.126050;0.000000;inf;3;1;Failing;2.000000,2.000000,2.000000,3.000000,4.000000,5.000000,6.000000,7.000000,8.000000,9.000000,10.000000,11.000000,12.000000,13.000000,14.000000,15.000000,16.000000,16.000000,17.000000,18.000000,19.000000,19.000000,20.000000,21.000000,22.000000,23.000000,24.000000,25.000000,25.000000,25.000000,26.000000,27.000000,28.000000,28.000000,29.000000,30.000000,31.000000,32.000000,33.000000,34.000000,35.000000,36.000000,37.000000,38.000000,39.000000,40.000000,41.000000,42.000000,43.000000,44.000000,45.000000,46.000000,47.000000,47.000000,48.000000,49.000000,50.000000,51.000000,52.000000,53.000000,54.000000,55.000000,56.000000,57.000000,58.000000,59.000000,60.000000,61.000000,62.000000,63.000000,64.000000,65.000000,66.000000,67.000000,68.000000,69.000000,69.000000,69.000000,70.000000,71.000000,72.000000,73.000000,74.000000,75.000000,76.000000,77.000000,78.000000,79.000000,80.000000,81.000000,82.000000,83.000000,84.000000,85.000000,86.000000,87.000000,88.000000,88.000000,89.000000,90.000000,91.000000,92.000000,93.000000,94.000000,95.000000,96.000000,97.000000,98.000000,99.000000,100.000000,101.000000,102.000000,103.000000,104.000000,105.000000,106.000000,107.000000,108.000000,109.000000,110.000000,111.000000,112.000000,113.000000,114.000000,115.000000,116.000000,117.000000,118.000000,119.000000,119.000000,119.000000,119.000000;;0;29562
af968;9f378;a27ae;0;0;0000000000000070;        40s 453ms 712μs 163ns;290;134;              3ms 885μs 293ns;119.000000;1.126050;0.000000;inf;3;1;Failing;2.000000,2.000000,2.000000,3.000000,4.000000,5.000000,6.000000,7.000000,8.000000,9.000000,10.000000,11.000000,12.000000,13.000000,14.000000,15.000000,16.000000,16.000000,17.000000,18.000000,19.000000,19.000000,20.000000,21.000000,22.000000,23.000000,24.000000,25.000000,25.000000,25.000000,26.000000,27.000000,28.000000,28.000000,29.000000,30.000000,31.000000,32.000000,33.000000,34.000000,35.000000,36.000000,37.000000,38.000000,39.000000,40.000000,41.000000,42.000000,43.000000,44.000000,45.000000,46.000000,47.000000,47.000000,48.000000,49.000000,50.000000,51.000000,52.000000,53.000000,54.000000,55.000000,56.000000,57.000000,58.000000,59.000000,60.000000,61.000000,62.000000,63.000000,64.000000,65.000000,66.000000,67.000000,68.000000,69.000000,69.000000,69.000000,70.000000,71.000000,72.000000,73.000000,74.000000,75.000000,76.000000,77.000000,78.000000,79.000000,80.000000,81.000000,82.000000,83.000000,84.000000,85.000000,86.000000,87.000000,88.000000,88.000000,89.000000,90.000000,91.000000,92.000000,93.000000,94.000000,95.000000,96.000000,97.000000,98.000000,99.000000,100.000000,101.000000,102.000000,103.000000,104.000000,105.000000,106.000000,107.000000,108.000000,109.000000,110.000000,111.000000,112.000000,113.000000,114.000000,115.000000,116.000000,117.000000,118.000000,119.000000,119.000000,119.000000,119.000000;;0;29681
afbf0;9f378;a27ae;0;0;0000000000000070;        40s 495ms 900μs 991ns;285;134;              5ms  79μs 631ns;119.000000;1.126050;0.000000;inf;3;1;Failing;2.000000,2.000000,2.000000,3.000000,4.000000,5.000000,6.000000,7.000000,8.000000,9.000000,10.000000,11.000000,12.000000,13.000000,14.000000,15.000000,16.000000,16.000000,17.000000,18.000000,19.000000,19.000000,20.000000,21.000000,22.000000,23.000000,24.000000,25.000000,25.000000,25.000000,26.000000,27.000000,28.000000,28.000000,29.000000,30.000000,31.000000,32.000000,33.000000,34.000000,35.000000,36.000000,37.000000,38.000000,39.000000,40.000000,41.000000,42.000000,43.000000,44.000000,45.000000,46.000000,47.000000,47.000000,48.000000,49.000000,50.000000,51.000000,52.000000,53.000000,54.000000,55.000000,56.000000,57.000000,58.000000,59.000000,60.000000,61.000000,62.000000,63.000000,64.000000,65.000000,66.000000,67.000000,68.000000,69.000000,69.000000,69.000000,70.000000,71.000000,72.000000,73.000000,74.000000,75.000000,76.000000,77.000000,78.000000,79.000000,80.000000,81.000000,82.000000,83.000000,84.000000,85.000000,86.000000,87.000000,88.000000,88.000000,89.000000,90.000000,91.000000,92.000000,93.000000,94.000000,95.000000,96.000000,97.000000,98.000000,99.000000,100.000000,101.000000,102.000000,103.000000,104.000000,105.000000,106.000000,107.000000,108.000000,109.000000,110.000000,111.000000,112.000000,113.000000,114.000000,115.000000,116.000000,117.000000,118.000000,119.000000,119.000000,119.000000,119.000000;;0;29707
a3ccf;9f378;a27ae;0;0;0000000000000070;        37s 670ms 487μs 666ns;322;135;              9ms 838μs 706ns;119.000000;1.134454;0.000000;inf;3;1;Failing;2.000000,2.000000,2.000000,3.000000,4.000000,5.000000,6.000000,7.000000,8.000000,9.000000,10.000000,11.000000,12.000000,13.000000,14.000000,15.000000,16.000000,16.000000,17.000000,18.000000,19.000000,19.000000,20.000000,21.000000,22.000000,23.000000,24.000000,25.000000,25.000000,25.000000,26.000000,27.000000,28.000000,28.000000,29.000000,30.000000,31.000000,32.000000,33.000000,34.000000,35.000000,36.000000,37.000000,38.000000,39.000000,40.000000,41.000000,42.000000,43.000000,44.000000,45.000000,46.000000,47.000000,47.000000,48.000000,49.000000,50.000000,51.000000,52.000000,53.000000,54.000000,55.000000,56.000000,57.000000,58.000000,59.000000,60.000000,61.000000,62.000000,63.000000,64.000000,65.000000,66.000000,67.000000,68.000000,69.000000,69.000000,69.000000,70.000000,71.000000,72.000000,73.000000,74.000000,75.000000,76.000000,77.000000,78.000000,79.000000,80.000000,81.000000,82.000000,83.000000,84.000000,85.000000,86.000000,87.000000,88.000000,88.000000,89.000000,90.000000,91.000000,92.000000,93.000000,94.000000,95.000000,96.000000,97.000000,98.000000,99.000000,100.000000,101.000000,102.000000,103.000000,104.000000,105.000000,106.000000,107.000000,108.000000,109.000000,110.000000,111.000000,112.000000,113.000000,114.000000,115.000000,116.000000,117.000000,118.000000,119.000000,119.000000,119.000000,119.000000,119.000000;;0;28036
a4bb0;9f378;a27ae;0;0;0000000000000070;        37s 868ms 690μs 914ns;302;135;              9ms 110μs 187ns;119.000000;1.134454;0.000000;inf;3;1;Failing;2.000000,2.000000,2.000000,3.000000,4.000000,5.000000,6.000000,7.000000,8.000000,9.000000,10.000000,11.000000,12.000000,13.000000,14.000000,15.000000,16.000000,16.000000,17.000000,18.000000,19.000000,19.000000,20.000000,21.000000,22.000000,23.000000,24.000000,25.000000,25.000000,25.000000,26.000000,27.000000,28.000000,28.000000,29.000000,30.000000,31.000000,32.000000,33.000000,34.000000,35.000000,36.000000,37.000000,38.000000,39.000000,40.000000,41.000000,42.000000,43.000000,44.000000,45.000000,46.000000,47.000000,47.000000,48.000000,49.000000,50.000000,51.000000,52.000000,53.000000,54.000000,55.000000,56.000000,57.000000,58.000000,59.000000,60.000000,61.000000,62.000000,63.000000,64.000000,65.000000,66.000000,67.000000,68.000000,69.000000,69.000000,69.000000,70.000000,71.000000,72.000000,73.000000,74.000000,75.000000,76.000000,77.000000,78.000000,79.000000,80.000000,81.000000,82.000000,83.000000,84.000000,85.000000,86.000000,87.000000,88.000000,88.000000,89.000000,90.000000,91.000000,92.000000,93.000000,94.000000,95.000000,96.000000,97.000000,98.000000,99.000000,100.000000,101.000000,102.000000,103.000000,104.000000,105.000000,106.000000,107.000000,108.000000,109.000000,110.000000,111.000000,112.000000,113.000000,114.000000,115.000000,116.000000,117.000000,118.000000,119.000000,119.000000,119.000000,119.000000,119.000000;;0;28135
a5f32;9f378;a27ae;0;0;0000000000000070;        38s  91ms 151μs 373ns;282;135;              9ms 935μs 879ns;119.000000;1.134454;0.000000;inf;3;1;Failing;2.000000,2.000000,2.000000,3.000000,4.000000,5.000000,6.000000,7.000000,8.000000,9.000000,10.000000,11.000000,12.000000,13.000000,14.000000,15.000000,16.000000,16.000000,17.000000,18.000000,19.000000,19.000000,20.000000,21.000000,22.000000,23.000000,24.000000,25.000000,25.000000,25.000000,26.000000,27.000000,28.000000,28.000000,29.000000,30.000000,31.000000,32.000000,33.000000,34.000000,35.000000,36.000000,37.000000,38.000000,39.000000,40.000000,41.000000,42.000000,43.000000,44.000000,45.000000,46.000000,47.000000,47.000000,48.000000,49.000000,50.000000,51.000000,52.000000,53.000000,54.000000,55.000000,56.000000,57.000000,58.000000,59.000000,60.000000,61.000000,62.000000,63.000000,64.000000,65.000000,66.000000,67.000000,68.000000,69.000000,69.000000,69.000000,70.000000,71.000000,72.000000,73.000000,74.000000,75.000000,76.000000,77.000000,78.000000,79.000000,80.000000,81.000000,82.000000,83.000000,84.000000,85.000000,86.000000,87.000000,88.000000,88.000000,89.000000,90.000000,91.000000,92.000000,93.000000,94.000000,95.000000,96.000000,97.000000,98.000000,99.000000,100.000000,101.000000,102.000000,103.000000,104.000000,105.000000,106.000000,107.000000,108.000000,109.000000,110.000000,111.000000,112.000000,113.000000,114.000000,115.000000,116.000000,116.000000,116.000000,117.000000,118.000000,119.000000,119.000000,119.000000;;0;28237
ab289;a1d3d;a27ae;0;0;0000000000000070;        39s 658ms 950μs 415ns;322;135;              9ms 745μs 436ns;119.000000;1.134454;0.000000;inf;3;1;Failing;2.000000,2.000000,2.000000,3.000000,4.000000,5.000000,6.000000,7.000000,8.000000,9.000000,10.000000,11.000000,12.000000,13.000000,14.000000,15.000000,16.000000,16.000000,17.000000,18.000000,19.000000,19.000000,20.000000,21.000000,22.000000,23.000000,24.000000,25.000000,25.000000,25.000000,26.000000,27.000000,28.000000,28.000000,29.000000,30.000000,31.000000,32.000000,33.000000,34.000000,35.000000,36.000000,37.000000,38.000000,39.000000,40.000000,41.000000,42.000000,43.000000,44.000000,45.000000,46.000000,47.000000,47.000000,48.000000,49.000000,50.000000,51.000000,52.000000,53.000000,54.000000,55.000000,56.000000,57.000000,58.000000,59.000000,60.000000,61.000000,62.000000,63.000000,64.000000,65.000000,66.000000,67.000000,68.000000,69.000000,69.000000,69.000000,70.000000,71.000000,72.000000,73.000000,74.000000,75.000000,76.000000,77.000000,78.000000,79.000000,80.000000,81.000000,82.000000,83.000000,84.000000,85.000000,86.000000,87.000000,88.000000,88.000000,89.000000,90.000000,91.000000,92.000000,93.000000,94.000000,95.000000,96.000000,97.000000,98.000000,99.000000,100.000000,101.000000,102.000000,103.000000,104.000000,105.000000,106.000000,107.000000,108.000000,109.000000,110.000000,111.000000,112.000000,113.000000,114.000000,115.000000,116.000000,116.000000,116.000000,116.000000,116.000000,117.000000,118.000000,119.000000;;0;29423
ae1c0;9f378;a27ae;0;0;0000000000000070;        40s 199ms 391μs 356ns;236;135;              3ms 182μs 291ns;119.000000;1.134454;0.000000;inf;3;1;Failing;2.000000,2.000000,2.000000,3.000000,4.000000,5.000000,6.000000,7.000000,8.000000,9.000000,10.000000,11.000000,12.000000,13.000000,14.000000,15.000000,16.000000,16.000000,17.000000,18.000000,19.000000,19.000000,20.000000,21.000000,22.000000,23.000000,24.000000,25.000000,25.000000,25.000000,26.000000,27.000000,28.000000,28.000000,29.000000,30.000000,31.000000,32.000000,33.000000,34.000000,35.000000,36.000000,37.000000,38.000000,39.000000,40.000000,41.000000,42.000000,43.000000,44.000000,45.000000,46.000000,47.000000,47.000000,48.000000,49.000000,50.000000,51.000000,52.000000,53.000000,54.000000,55.000000,56.000000,57.000000,58.000000,59.000000,60.000000,61.000000,62.000000,63.000000,64.000000,65.000000,66.000000,67.000000,68.000000,69.000000,69.000000,69.000000,70.000000,71.000000,72.000000,73.000000,74.000000,75.000000,76.000000,77.000000,78.000000,79.000000,80.000000,81.000000,82.000000,83.000000,84.000000,85.000000,86.000000,87.000000,88.000000,88.000000,89.000000,90.000000,91.000000,92.000000,93.000000,94.000000,95.000000,96.000000,97.000000,98.000000,99.000000,100.000000,101.000000,102.000000,103.000000,104.000000,105.000000,106.000000,107.000000,108.000000,109.000000,110.000000,111.000000,112.000000,113.000000,114.000000,115.000000,116.000000,117.000000,118.000000,119.000000,119.000000,119.000000,119.000000,119.000000;;0;29599
af1ac;9c823;a27ae;0;0;0000000000000070;        40s 381ms 203μs 341ns;321;135;             10ms 305μs 410ns;119.000000;1.134454;0.000000;inf;3;1;Failing;2.000000,2.000000,2.000000,3.000000,4.000000,5.000000,6.000000,7.000000,8.000000,9.000000,10.000000,11.000000,12.000000,13.000000,14.000000,15.000000,16.000000,16.000000,17.000000,18.000000,19.000000,19.000000,20.000000,21.000000,22.000000,23.000000,24.000000,25.000000,25.000000,25.000000,26.000000,27.000000,28.000000,28.000000,29.000000,30.000000,31.000000,32.000000,33.000000,34.000000,35.000000,36.000000,37.000000,38.000000,39.000000,40.000000,41.000000,42.000000,43.000000,44.000000,45.000000,46.000000,47.000000,47.000000,48.000000,49.000000,50.000000,51.000000,52.000000,53.000000,54.000000,55.000000,56.000000,57.000000,58.000000,59.000000,60.000000,61.000000,62.000000,63.000000,64.000000,65.000000,66.000000,67.000000,68.000000,69.000000,69.000000,69.000000,70.000000,71.000000,72.000000,73.000000,74.000000,75.000000,76.000000,77.000000,78.000000,79.000000,80.000000,81.000000,82.000000,83.000000,84.000000,85.000000,86.000000,87.000000,88.000000,88.000000,89.000000,90.000000,91.000000,92.000000,93.000000,94.000000,95.000000,96.000000,97.000000,98.000000,99.000000,100.000000,101.000000,102.000000,103.000000,104.000000,105.000000,106.000000,107.000000,108.000000,109.000000,110.000000,111.000000,112.000000,113.000000,114.000000,115.000000,116.000000,117.000000,117.000000,117.000000,118.000000,119.000000,119.000000,119.000000;;0;29664
a89c1;9c823;a27ae;0;0;0000000000000070;        38s 765ms 622μs 299ns;232;136;              9ms 705μs 347ns;119.000000;1.142857;0.000000;inf;3;1;Failing;2.000000,2.000000,2.000000,3.000000,4.000000,5.000000,6.000000,7.000000,8.000000,9.000000,10.000000,11.000000,12.000000,13.000000,14.000000,15.000000,16.000000,16.000000,17.000000,18.000000,19.000000,19.000000,20.000000,21.000000,22.000000,23.000000,24.000000,25.000000,25.000000,25.000000,26.000000,27.000000,28.000000,28.000000,29.000000,30.000000,31.000000,32.000000,33.000000,34.000000,35.000000,36.000000,37.000000,38.000000,39.000000,40.000000,41.000000,42.000000,43.000000,44.000000,45.000000,46.000000,47.000000,47.000000,48.000000,49.000000,50.000000,51.000000,52.000000,53.000000,54.000000,55.000000,56.000000,57.000000,58.000000,59.000000,60.000000,61.000000,62.000000,63.000000,64.000000,65.000000,66.000000,67.000000,68.000000,69.000000,69.000000,69.000000,70.000000,71.000000,72.000000,73.000000,74.000000,75.000000,76.000000,77.000000,78.000000,79.000000,80.000000,81.000000,82.000000,83.000000,84.000000,85.000000,86.000000,87.000000,88.000000,88.000000,89.000000,90.000000,91.000000,92.000000,93.000000,94.000000,95.000000,96.000000,97.000000,98.000000,99.000000,100.000000,101.000000,102.000000,103.000000,104.000000,105.000000,106.000000,107.000000,108.000000,109.000000,110.000000,111.000000,112.000000,113.000000,114.000000,115.000000,116.000000,117.000000,118.000000,119.000000,119.000000,119.000000,119.000000,119.000000,119.000000;;0;28914
a5e8f;a268b;a27ae;0;0;0000000000000070;        38s  86ms 134μs 769ns;230;139;             10ms 404μs 305ns;119.000000;1.168067;0.000000;inf;3;1;Failing;2.000000,2.000000,2.000000,3.000000,4.000000,5.000000,6.000000,7.000000,8.000000,9.000000,10.000000,11.000000,12.000000,13.000000,14.000000,15.000000,16.000000,16.000000,17.000000,18.000000,19.000000,19.000000,20.000000,21.000000,22.000000,23.000000,24.000000,25.000000,25.000000,25.000000,26.000000,27.000000,28.000000,28.000000,29.000000,30.000000,31.000000,32.000000,33.000000,34.000000,35.000000,36.000000,37.000000,38.000000,39.000000,40.000000,41.000000,42.000000,43.000000,44.000000,45.000000,46.000000,47.000000,47.000000,48.000000,49.000000,50.000000,51.000000,52.000000,53.000000,54.000000,55.000000,56.000000,57.000000,58.000000,59.000000,60.000000,61.000000,62.000000,63.000000,64.000000,65.000000,66.000000,67.000000,68.000000,69.000000,69.000000,69.000000,70.000000,71.000000,72.000000,73.000000,74.000000,75.000000,76.000000,77.000000,78.000000,79.000000,80.000000,81.000000,82.000000,83.000000,84.000000,85.000000,86.000000,87.000000,88.000000,88.000000,89.000000,90.000000,91.000000,92.000000,93.000000,94.000000,95.000000,96.000000,97.000000,98.000000,99.000000,100.000000,101.000000,102.000000,103.000000,104.000000,105.000000,106.000000,107.000000,108.000000,109.000000,110.000000,111.000000,112.000000,113.000000,114.000000,115.000000,116.000000,117.000000,118.000000,119.000000,119.000000,119.000000,119.000000,119.000000,119.000000,119.000000,119.000000,119.000000;;0;28234
a6de2;9f378;a27ae;0;0;0000000000000070;        38s 240ms 479μs 806ns;296;139;             11ms 275μs  67ns;119.000000;1.168067;0.000000;inf;3;1;Failing;2.000000,2.000000,2.000000,3.000000,4.000000,5.000000,6.000000,7.000000,8.000000,9.000000,10.000000,11.000000,12.000000,13.000000,14.000000,15.000000,16.000000,16.000000,17.000000,18.000000,19.000000,19.000000,20.000000,21.000000,22.000000,23.000000,24.000000,25.000000,25.000000,25.000000,26.000000,27.000000,28.000000,28.000000,29.000000,30.000000,31.000000,32.000000,33.000000,34.000000,35.000000,36.000000,37.000000,38.000000,39.000000,40.000000,41.000000,42.000000,43.000000,44.000000,45.000000,46.000000,47.000000,47.000000,48.000000,49.000000,50.000000,51.000000,52.000000,53.000000,54.000000,55.000000,56.000000,57.000000,58.000000,59.000000,60.000000,61.000000,62.000000,63.000000,64.000000,65.000000,66.000000,67.000000,68.000000,69.000000,69.000000,69.000000,70.000000,71.000000,72.000000,73.000000,74.000000,75.000000,76.000000,77.000000,78.000000,79.000000,80.000000,81.000000,82.000000,83.000000,84.000000,85.000000,86.000000,87.000000,88.000000,88.000000,89.000000,90.000000,91.000000,92.000000,93.000000,94.000000,95.000000,96.000000,97.000000,98.000000,99.000000,100.000000,101.000000,102.000000,103.000000,104.000000,105.000000,106.000000,107.000000,108.000000,109.000000,110.000000,111.000000,112.000000,113.000000,114.000000,115.000000,116.000000,117.000000,117.000000,117.000000,118.000000,118.000000,118.000000,119.000000,119.000000,119.000000,119.000000,119.000000;;0;28519
b254c;afd40;a27ae;0;0;0000000000000080;        42s 260ms 323μs 423ns;118;-1;              9ms  68μs 803ns;118.000000;1.000000;0.000000;inf;4;1;Unfinished;2.000000,3.000000,4.000000,5.000000,6.000000,7.000000,8.000000,9.000000,10.000000,11.000000,12.000000,13.000000,14.000000,15.000000,16.000000,17.000000,18.000000,19.000000,20.000000,21.000000,22.000000,23.000000,23.000000,23.000000,24.000000,25.000000,26.000000,27.000000,28.000000,29.000000,30.000000,31.000000,32.000000,33.000000,34.000000,35.000000,36.000000,37.000000,38.000000,39.000000,40.000000,41.000000,42.000000,43.000000,44.000000,45.000000,46.000000,47.000000,48.000000,49.000000,50.000000,51.000000,52.000000,53.000000,54.000000,55.000000,56.000000,57.000000,58.000000,59.000000,60.000000,61.000000,62.000000,63.000000,64.000000,65.000000,66.000000,67.000000,68.000000,69.000000,70.000000,71.000000,72.000000,73.000000,74.000000,75.000000,76.000000,77.000000,78.000000,79.000000,80.000000,81.000000,82.000000,83.000000,84.000000,85.000000,86.000000,87.000000,88.000000,89.000000,90.000000,91.000000,92.000000,93.000000,94.000000,95.000000,96.000000,97.000000,98.000000,99.000000,100.000000,101.000000,102.000000,103.000000,104.000000,105.000000,106.000000,107.000000,108.000000,109.000000,110.000000,111.000000,112.000000,113.000000,114.000000,115.000000,116.000000,117.000000,118.000000;;0;31403
b462d;afd36;a27ae;0;0;0000000000000080;        43s 748ms 767μs 785ns;118;-1;              9ms 225μs 511ns;118.000000;1.000000;0.000000;inf;4;1;Unfinished;2.000000,3.000000,4.000000,5.000000,6.000000,7.000000,8.000000,9.000000,10.000000,11.000000,12.000000,13.000000,14.000000,15.000000,16.000000,17.000000,18.000000,19.000000,20.000000,21.000000,22.000000,23.000000,23.000000,23.000000,24.000000,25.000000,26.000000,27.000000,28.000000,29.000000,30.000000,31.000000,32.000000,33.000000,34.000000,35.000000,36.000000,37.000000,38.000000,39.000000,40.000000,41.000000,42.000000,43.000000,44.000000,45.000000,46.000000,47.000000,48.000000,49.000000,50.000000,51.000000,52.000000,53.000000,54.000000,55.000000,56.000000,57.000000,58.000000,59.000000,60.000000,61.000000,62.000000,63.000000,64.000000,65.000000,66.000000,67.000000,68.000000,69.000000,70.000000,71.000000,72.000000,73.000000,74.000000,75.000000,76.000000,77.000000,78.000000,79.000000,80.000000,81.000000,82.000000,83.000000,84.000000,85.000000,86.000000,87.000000,88.000000,89.000000,90.000000,91.000000,92.000000,93.000000,94.000000,95.000000,96.000000,97.000000,98.000000,99.000000,100.000000,101.000000,102.000000,103.000000,104.000000,105.000000,106.000000,107.000000,108.000000,109.000000,110.000000,111.000000,112.000000,113.000000,114.000000,115.000000,116.000000,117.000000,118.000000;;0;32837
b3049;afd40;a27ae;0;0;0000000000000080;        42s 617ms 742μs 781ns;119;-1;              8ms 839μs 813ns;118.000000;1.008475;0.000000;inf;3;1;Failing;2.000000,3.000000,4.000000,5.000000,6.000000,7.000000,8.000000,9.000000,10.000000,11.000000,12.000000,13.000000,14.000000,15.000000,16.000000,17.000000,18.000000,19.000000,20.000000,21.000000,22.000000,23.000000,23.000000,23.000000,24.000000,25.000000,26.000000,27.000000,28.000000,29.000000,30.000000,31.000000,32.000000,33.000000,34.000000,35.000000,36.000000,37.000000,38.000000,39.000000,40.000000,41.000000,42.000000,43.000000,44.000000,45.000000,46.000000,47.000000,48.000000,49.000000,50.000000,51.000000,52.000000,53.000000,54.000000,55.000000,56.000000,57.000000,58.000000,59.000000,60.000000,61.000000,62.000000,63.000000,64.000000,65.000000,66.000000,67.000000,68.000000,69.000000,70.000000,71.000000,72.000000,73.000000,74.000000,75.000000,76.000000,77.000000,78.000000,79.000000,80.000000,81.000000,82.000000,83.000000,84.000000,85.000000,86.000000,87.000000,88.000000,89.000000,90.000000,91.000000,92.000000,93.000000,94.000000,95.000000,96.000000,97.000000,98.000000,99.000000,100.000000,101.000000,102.000000,103.000000,104.000000,105.000000,106.000000,107.000000,108.000000,109.000000,110.000000,111.000000,112.000000,113.000000,114.000000,115.000000,116.000000,117.000000,118.000000;;0;31670
b435d;afd36;a27ae;0;0;0000000000000080;        43s 615ms 279μs 241ns;119;-1;              8ms 347μs 365ns;118.000000;1.008475;0.000000;inf;3;1;Failing;2.000000,3.000000,4.000000,5.000000,6.000000,7.000000,8.000000,9.000000,10.000000,11.000000,12.000000,13.000000,14.000000,15.000000,16.000000,17.000000,18.000000,19.000000,20.000000,21.000000,22.000000,23.000000,23.000000,23.000000,24.000000,25.000000,26.000000,27.000000,28.000000,29.000000,30.000000,31.000000,32.000000,33.000000,34.000000,35.000000,36.000000,37.000000,38.000000,39.000000,40.000000,41.000000,42.000000,43.000000,44.000000,45.000000,46.000000,47.000000,48.000000,49.000000,50.000000,51.000000,52.000000,53.000000,54.000000,55.000000,56.000000,57.000000,58.000000,59.000000,60.000000,61.000000,62.000000,63.000000,64.000000,65.000000,66.000000,67.000000,68.000000,69.000000,70.000000,71.000000,72.000000,73.000000,74.000000,75.000000,76.000000,77.000000,78.000000,79.000000,80.000000,81.000000,82.000000,83.000000,84.000000,85.000000,86.000000,87.000000,88.000000,89.000000,90.000000,91.000000,92.000000,93.000000,94.000000,95.000000,96.000000,97.000000,98.000000,99.000000,100.000000,101.000000,102.000000,103.000000,104.000000,105.000000,106.000000,107.000000,108.000000,109.000000,110.000000,111.000000,112.000000,113.000000,114.000000,115.000000,116.000000,117.000000,118.000000;;0;32645
b1b61;afd36;a27ae;0;0;0000000000000080;        41s 813ms  24μs  10ns;120;-1;              8ms 543μs 779ns;118.000000;1.016949;0.000000;inf;4;1;Unfinished;2.000000,3.000000,4.000000,5.000000,6.000000,7.000000,8.000000,9.000000,10.000000,11.000000,12.000000,13.000000,14.000000,15.000000,16.000000,16.000000,17.000000,18.000000,19.000000,20.000000,21.000000,22.000000,23.000000,24.000000,24.000000,24.000000,25.000000,26.000000,27.000000,28.000000,29.000000,30.000000,31.000000,32.000000,33.000000,34.000000,35.000000,36.000000,37.000000,38.000000,39.000000,40.000000,41.000000,42.000000,43.000000,44.000000,45.000000,46.000000,47.000000,48.000000,49.000000,50.000000,51.000000,52.000000,53.000000,54.000000,55.000000,56.000000,57.000000,58.000000,59.000000,60.000000,61.000000,62.000000,63.000000,64.000000,65.000000,66.000000,67.000000,68.000000,69.000000,70.000000,71.000000,72.000000,73.000000,74.000000,75.000000,76.000000,77.000000,78.000000,79.000000,80.000000,81.000000,82.000000,83.000000,84.000000,85.000000,86.000000,87.000000,88.000000,89.000000,90.000000,91.000000,92.000000,93.000000,94.000000,95.000000,96.000000,97.000000,98.000000,99.000000,100.000000,101.000000,102.000000,103.000000,104.000000,105.000000,106.000000,107.000000,108.000000,109.000000,110.000000,111.000000,112.000000,113.000000,114.000000,115.000000,116.000000,117.000000,118.000000;;0;31094
b23a7;afd40;a27ae;0;0;0000000000000080;        42s 185ms  20μs 237ns;120;-1;              8ms 239μs 447ns;118.000000;1.016949;0.000000;inf;4;1;Unfinished;2.000000,3.000000,4.000000,5.000000,6.000000,7.000000,8.000000,9.000000,10.000000,11.000000,12.000000,13.000000,14.000000,15.000000,16.000000,17.000000,18.000000,18.000000,19.000000,20.000000,21.000000,22.000000,23.000000,24.000000,24.000000,24.000000,25.000000,26.000000,27.000000,28.000000,29.000000,30.000000,31.000000,32.000000,33.000000,34.000000,35.000000,36.000000,37.000000,38.000000,39.000000,40.000000,41.000000,42.000000,43.000000,44.000000,45.000000,46.000000,47.000000,48.000000,49.000000,50.000000,51.000000,52.000000,53.000000,54.000000,55.000000,56.000000,57.000000,58.000000,59.000000,60.000000,61.000000,62.000000,63.000000,64.000000,65.000000,66.000000,67.000000,68.000000,69.000000,70.000000,71.000000,72.000000,73.000000,74.000000,75.000000,76.000000,77.000000,78.000000,79.000000,80.000000,81.000000,82.000000,83.000000,84.000000,85.000000,86.000000,87.000000,88.000000,89.000000,90.000000,91.000000,92.000000,93.000000,94.000000,95.000000,96.000000,97.000000,98.000000,99.000000,100.000000,101.000000,102.000000,103.000000,104.000000,105.000000,106.000000,107.000000,108.000000,109.000000,110.000000,111.000000,112.000000,113.000000,114.000000,115.000000,116.000000,117.000000,118.000000;;0;31270
