# unix_time, cycles_done, cur_path, paths_total, pending_total, pending_favs, map_size, unique_crashes, unique_hangs, max_depth, execs_per_sec
1747774254, 0, 0, 1, 1, 1, 5.62%, 0, 0, 1, 35.87
1747774259, 0, 0, 30, 30, 1, 6.36%, 0, 0, 2, 48.45
1747774264, 0, 0, 60, 60, 1, 6.36%, 0, 0, 2, 53.13
1747774269, 0, 0, 85, 85, 1, 6.67%, 0, 0, 2, 42.52
1747774274, 0, 0, 100, 100, 1, 6.78%, 0, 0, 2, 32.09
1747774279, 0, 0, 114, 114, 1, 6.78%, 0, 0, 2, 26.93
1747774284, 0, 0, 124, 124, 1, 6.99%, 0, 0, 2, 21.29
1747774290, 0, 0, 136, 136, 1, 7.00%, 0, 0, 2, 22.76
1747774295, 0, 0, 148, 148, 1, 7.01%, 0, 0, 2, 22.69
1747774300, 0, 0, 160, 160, 1, 7.01%, 0, 0, 2, 24.10
1747774305, 0, 0, 172, 172, 1, 7.01%, 0, 0, 2, 22.86
1747774310, 0, 0, 184, 184, 1, 7.01%, 0, 0, 2, 22.25
1747774315, 0, 0, 194, 194, 1, 7.43%, 0, 0, 2, 21.82
1747774320, 0, 0, 204, 204, 1, 7.43%, 0, 0, 2, 22.17
1747774325, 0, 0, 216, 216, 1, 7.54%, 0, 0, 2, 22.88
1747774331, 0, 0, 226, 226, 1, 7.55%, 0, 0, 2, 21.10
1747774336, 0, 0, 235, 235, 1, 7.55%, 0, 0, 2, 18.09
1747774341, 0, 0, 245, 245, 1, 7.55%, 0, 0, 2, 21.44
1747774346, 0, 0, 257, 257, 1, 7.55%, 0, 0, 2, 22.39
1747774351, 0, 0, 269, 269, 1, 7.55%, 0, 0, 2, 22.29
1747774356, 0, 0, 278, 278, 1, 7.55%, 0, 0, 2, 19.33
1747774361, 0, 0, 289, 289, 1, 7.55%, 0, 0, 2, 22.82
1747774366, 0, 0, 300, 300, 1, 7.55%, 0, 0, 2, 22.00
1747774372, 0, 0, 308, 308, 1, 7.55%, 0, 0, 2, 19.26
1747774377, 0, 0, 319, 319, 1, 7.55%, 0, 0, 2, 22.47
1747774382, 0, 0, 329, 329, 1, 7.55%, 0, 0, 2, 23.18
1747774387, 0, 0, 339, 339, 1, 7.55%, 0, 0, 2, 20.77
1747774392, 0, 0, 350, 350, 1, 7.55%, 0, 0, 2, 23.11
1747774397, 0, 0, 361, 361, 1, 7.55%, 0, 0, 2, 22.38
1747774402, 0, 0, 371, 371, 1, 7.55%, 0, 0, 2, 22.20
1747774407, 0, 0, 380, 380, 1, 7.55%, 0, 0, 2, 21.57
1747774412, 0, 0, 386, 386, 1, 7.55%, 0, 0, 2, 16.34
1747774418, 0, 0, 395, 395, 1, 7.55%, 0, 0, 2, 19.51
1747774423, 0, 0, 401, 401, 1, 7.55%, 0, 0, 2, 16.93
1747774428, 0, 0, 410, 410, 1, 7.55%, 0, 0, 2, 21.88
1747774433, 0, 0, 418, 418, 1, 7.55%, 0, 0, 2, 21.98
1747774438, 0, 0, 424, 424, 1, 7.55%, 0, 0, 2, 21.46
1747774443, 0, 0, 433, 433, 1, 7.56%, 0, 0, 2, 19.26
1747774448, 0, 0, 443, 443, 1, 7.56%, 0, 0, 2, 24.32
1747774453, 0, 0, 452, 452, 1, 7.56%, 0, 0, 2, 21.86
1747774458, 0, 0, 460, 460, 1, 7.56%, 0, 0, 2, 23.59
1747774463, 0, 0, 467, 467, 1, 7.56%, 0, 0, 2, 23.57
1747774469, 0, 0, 472, 472, 1, 7.56%, 0, 0, 2, 23.41
1747774474, 0, 0, 479, 479, 1, 7.56%, 0, 0, 2, 24.00
1747774479, 0, 0, 485, 485, 1, 7.56%, 0, 0, 2, 20.31
1747774484, 0, 0, 492, 492, 1, 7.56%, 0, 0, 2, 20.03
1747774489, 0, 0, 499, 499, 1, 7.56%, 0, 0, 2, 22.52
1747774494, 0, 0, 504, 504, 1, 7.56%, 0, 0, 2, 20.72
1747774499, 0, 0, 510, 510, 1, 7.56%, 0, 0, 2, 22.60
1747774504, 0, 0, 515, 515, 1, 7.56%, 0, 0, 2, 20.11
1747774510, 0, 0, 519, 519, 1, 7.56%, 0, 0, 2, 20.20
1747774515, 0, 0, 524, 524, 1, 7.56%, 0, 0, 2, 17.57
1747774520, 0, 0, 529, 529, 1, 7.56%, 0, 0, 2, 21.18
1747774525, 0, 0, 534, 534, 1, 7.56%, 0, 0, 2, 23.02
1747774530, 0, 0, 540, 540, 1, 7.63%, 0, 0, 2, 19.81
1747774535, 0, 0, 545, 545, 1, 7.63%, 0, 0, 2, 19.30
1747774540, 0, 0, 553, 553, 1, 7.63%, 0, 0, 2, 25.30
1747774545, 0, 0, 558, 558, 1, 7.63%, 0, 0, 2, 25.80
1747774551, 0, 0, 564, 564, 1, 7.63%, 0, 0, 2, 22.88
1747774556, 0, 0, 566, 566, 1, 7.63%, 0, 0, 2, 21.57
1747774561, 0, 0, 569, 569, 1, 7.63%, 0, 0, 2, 20.05
1747774566, 0, 0, 575, 575, 1, 7.63%, 0, 0, 2, 25.92
1747774571, 0, 0, 578, 578, 1, 7.63%, 0, 0, 2, 20.73
1747774576, 0, 0, 579, 579, 1, 7.63%, 0, 0, 2, 26.83
1747774582, 0, 0, 584, 584, 1, 7.63%, 0, 0, 2, 24.52
1747774587, 0, 0, 587, 587, 1, 7.63%, 0, 0, 2, 18.78
1747774592, 0, 0, 590, 590, 1, 7.63%, 0, 0, 2, 22.77
1747774597, 0, 0, 593, 593, 1, 7.63%, 0, 0, 2, 25.33
1747774602, 0, 0, 596, 596, 1, 7.63%, 0, 0, 2, 25.14
1747774607, 0, 0, 597, 597, 1, 7.63%, 0, 0, 2, 22.72
1747774612, 0, 0, 600, 600, 1, 7.63%, 0, 0, 2, 22.56
1747774617, 0, 0, 602, 602, 1, 7.63%, 0, 0, 2, 23.75
1747774623, 0, 0, 606, 606, 1, 7.64%, 0, 0, 2, 20.83
1747774628, 0, 0, 607, 607, 1, 7.64%, 0, 0, 2, 25.76
1747774633, 0, 0, 609, 609, 1, 7.64%, 0, 0, 2, 22.36
1747774638, 0, 0, 610, 610, 1, 7.64%, 0, 0, 2, 25.86
1747774643, 0, 0, 613, 613, 1, 7.64%, 0, 0, 2, 24.40
1747774648, 0, 0, 615, 615, 1, 7.64%, 0, 0, 2, 22.90
1747774658, 0, 0, 617, 617, 1, 7.64%, 0, 0, 2, 24.95
1747774663, 0, 0, 618, 618, 1, 7.69%, 0, 0, 2, 25.25
1747774668, 0, 0, 619, 619, 1, 7.69%, 0, 0, 2, 24.33
1747774678, 0, 0, 621, 621, 1, 7.69%, 0, 0, 2, 17.81
1747774684, 0, 0, 623, 623, 1, 7.69%, 0, 0, 2, 21.74
1747774699, 0, 0, 625, 625, 1, 7.69%, 0, 0, 2, 25.30
1747774704, 0, 0, 626, 626, 1, 7.69%, 0, 0, 2, 24.20
1747774709, 0, 0, 628, 628, 1, 7.69%, 0, 0, 2, 23.54
1747774714, 0, 0, 630, 630, 1, 7.69%, 0, 0, 2, 21.31
1747774719, 0, 0, 631, 631, 1, 7.69%, 0, 0, 2, 23.07
1747774725, 0, 0, 632, 632, 1, 7.69%, 0, 0, 2, 23.84
1747774730, 0, 0, 633, 633, 1, 7.69%, 0, 0, 2, 23.05
1747774735, 0, 0, 634, 634, 1, 7.69%, 0, 0, 2, 24.66
1747774745, 0, 0, 635, 635, 1, 7.69%, 0, 0, 2, 25.75
1747774750, 0, 0, 636, 636, 1, 7.69%, 0, 0, 2, 22.85
1747774755, 0, 0, 637, 637, 1, 8.23%, 0, 0, 2, 21.54
1747774761, 0, 1, 637, 636, 19, 8.23%, 0, 0, 2, 21.05
1747774766, 0, 1, 639, 638, 19, 8.23%, 0, 0, 2, 14.63
1747774771, 0, 1, 642, 641, 19, 8.23%, 0, 0, 2, 12.44
1747774776, 0, 1, 643, 642, 19, 8.23%, 0, 0, 2, 15.49
1747774781, 0, 1, 645, 644, 19, 8.23%, 0, 0, 2, 13.58
1747774786, 0, 1, 648, 647, 19, 8.23%, 0, 0, 2, 13.35
1747774791, 0, 1, 651, 650, 19, 8.23%, 0, 0, 2, 11.39
1747774796, 0, 1, 653, 652, 19, 8.23%, 0, 0, 2, 12.41
1747774802, 0, 1, 655, 654, 19, 8.23%, 0, 0, 2, 13.57
1747774807, 0, 1, 657, 656, 19, 8.23%, 0, 0, 2, 14.28
1747774812, 0, 1, 660, 659, 19, 8.23%, 0, 0, 2, 12.77
1747774817, 0, 1, 663, 662, 19, 8.23%, 0, 0, 2, 11.95
1747774822, 0, 1, 664, 663, 19, 8.23%, 0, 0, 2, 14.10
1747774827, 0, 1, 665, 664, 19, 8.23%, 0, 0, 2, 15.56
1747774832, 0, 1, 667, 666, 19, 8.23%, 0, 0, 2, 12.62
1747774838, 0, 1, 670, 669, 19, 8.23%, 0, 0, 2, 12.12
1747774843, 0, 1, 674, 673, 19, 8.23%, 0, 0, 2, 11.36
1747774853, 0, 1, 677, 676, 19, 8.23%, 0, 0, 2, 7.67
1747774858, 0, 1, 678, 677, 19, 8.23%, 0, 0, 2, 7.47
1747774863, 0, 1, 679, 678, 19, 8.24%, 0, 0, 2, 8.45
1747774868, 0, 1, 680, 679, 19, 8.24%, 0, 0, 2, 6.67
1747774873, 0, 1, 681, 680, 19, 8.24%, 0, 0, 2, 7.96
1747774878, 0, 1, 682, 681, 19, 8.24%, 0, 0, 2, 7.59
1747774883, 0, 1, 684, 683, 19, 8.24%, 0, 0, 2, 6.24
1747774889, 0, 1, 685, 684, 19, 8.24%, 0, 0, 2, 7.55
1747774899, 0, 1, 686, 685, 19, 8.24%, 0, 0, 2, 9.41
1747774904, 0, 1, 687, 686, 19, 8.24%, 0, 0, 2, 8.10
1747774909, 0, 1, 688, 687, 19, 8.24%, 0, 0, 2, 9.00
1747774925, 0, 1, 689, 688, 19, 8.24%, 0, 0, 2, 6.80
1747774930, 0, 1, 690, 689, 19, 8.24%, 0, 0, 2, 8.34
1747774935, 0, 1, 691, 690, 19, 8.24%, 0, 0, 2, 8.32
1747774940, 0, 1, 693, 692, 19, 8.24%, 0, 0, 2, 6.51
1747774956, 0, 1, 694, 693, 19, 8.24%, 0, 0, 2, 9.39
1747774961, 0, 1, 695, 694, 19, 8.24%, 0, 0, 2, 9.02
1747774966, 0, 2, 696, 695, 24, 8.24%, 0, 0, 2, 8.92
1747774971, 0, 2, 697, 696, 24, 8.24%, 0, 0, 2, 7.98
1747774981, 0, 3, 698, 697, 24, 8.24%, 0, 0, 2, 6.95
1747774991, 0, 3, 699, 698, 24, 8.24%, 0, 0, 2, 8.38
1747774996, 0, 3, 700, 699, 24, 8.24%, 0, 0, 2, 8.46
1747775002, 0, 3, 701, 700, 24, 8.24%, 0, 0, 2, 9.19
1747775012, 0, 3, 702, 701, 24, 8.24%, 0, 0, 2, 9.71
1747775017, 0, 3, 703, 702, 24, 8.24%, 0, 0, 2, 8.11
1747775032, 0, 3, 704, 703, 24, 8.24%, 0, 0, 2, 8.45
1747775043, 0, 3, 706, 705, 24, 8.24%, 0, 0, 2, 9.19
1747775053, 0, 3, 707, 706, 24, 8.24%, 0, 0, 2, 8.12
1747775058, 0, 3, 708, 707, 24, 8.24%, 0, 0, 2, 7.13
1747775069, 0, 3, 709, 708, 24, 8.24%, 0, 0, 2, 9.40
1747775095, 0, 3, 710, 709, 24, 8.24%, 0, 0, 2, 8.75
1747775100, 0, 3, 712, 711, 24, 8.24%, 0, 0, 2, 10.81
1747775125, 0, 3, 713, 712, 24, 8.24%, 0, 0, 2, 9.36
1747775136, 0, 3, 714, 713, 24, 8.24%, 0, 0, 2, 9.54
1747775141, 0, 3, 715, 714, 24, 8.24%, 0, 0, 2, 7.26
1747775146, 0, 3, 716, 715, 24, 8.24%, 0, 0, 2, 7.84
1747775151, 0, 3, 718, 717, 24, 8.24%, 0, 0, 2, 6.08
1747775171, 0, 3, 719, 718, 24, 8.24%, 0, 0, 2, 8.54
1747775177, 0, 3, 720, 719, 24, 8.24%, 0, 0, 2, 7.44
1747775187, 0, 3, 721, 720, 24, 8.24%, 0, 0, 2, 8.23
1747775192, 0, 4, 721, 720, 25, 8.24%, 0, 0, 2, 8.47
1747775197, 0, 4, 722, 721, 25, 8.24%, 0, 0, 2, 7.57
1747775202, 0, 4, 724, 723, 25, 8.24%, 0, 0, 2, 6.18
1747775207, 0, 4, 726, 725, 25, 8.24%, 0, 0, 2, 7.31
1747775218, 0, 4, 727, 726, 25, 8.24%, 0, 0, 2, 6.86
1747775223, 0, 4, 729, 728, 25, 8.24%, 0, 0, 2, 8.05
1747775228, 0, 4, 730, 729, 25, 8.40%, 0, 0, 2, 8.95
1747775238, 0, 4, 731, 730, 25, 8.40%, 0, 0, 2, 8.12
1747775243, 0, 4, 732, 731, 25, 8.40%, 0, 0, 2, 8.21
1747775249, 0, 4, 733, 732, 25, 8.42%, 0, 0, 2, 7.75
1747775259, 0, 4, 734, 733, 25, 8.42%, 0, 0, 2, 9.21
1747775264, 0, 4, 735, 734, 25, 8.42%, 0, 0, 2, 7.72
1747775274, 0, 4, 736, 735, 25, 8.42%, 0, 0, 2, 7.19
1747775279, 0, 4, 738, 737, 25, 8.55%, 0, 0, 2, 5.21
1747775290, 0, 4, 739, 738, 25, 8.55%, 0, 0, 2, 7.86
1747775295, 0, 4, 740, 739, 25, 8.55%, 0, 0, 2, 7.01
1747775311, 0, 4, 741, 740, 25, 8.55%, 0, 0, 2, 7.64
1747775321, 0, 4, 742, 741, 25, 8.55%, 0, 0, 2, 8.47
1747775326, 0, 4, 743, 742, 25, 8.55%, 0, 0, 2, 8.26
1747775336, 0, 4, 744, 743, 25, 8.55%, 0, 0, 2, 7.46
1747775341, 0, 4, 745, 744, 25, 8.55%, 0, 0, 2, 7.83
1747775347, 0, 4, 747, 746, 25, 8.55%, 0, 0, 2, 8.25
1747775352, 0, 4, 748, 747, 25, 8.55%, 0, 0, 2, 7.75
1747775362, 0, 4, 749, 748, 25, 8.55%, 0, 0, 2, 7.82
1747775372, 0, 4, 751, 750, 25, 8.55%, 0, 0, 2, 9.13
1747775377, 0, 4, 752, 751, 25, 8.56%, 0, 0, 2, 7.30
1747775383, 0, 4, 753, 752, 25, 8.56%, 0, 0, 2, 7.94
1747775393, 0, 4, 754, 753, 25, 8.56%, 0, 0, 2, 9.09
1747775398, 0, 4, 755, 754, 25, 8.56%, 0, 0, 2, 8.22
1747775419, 0, 4, 756, 755, 25, 8.56%, 0, 0, 2, 8.30
1747775424, 0, 4, 757, 756, 25, 8.56%, 0, 0, 2, 8.03
1747775429, 0, 4, 758, 757, 25, 8.56%, 0, 0, 2, 8.09
1747775434, 0, 5, 758, 757, 23, 8.56%, 0, 0, 2, 8.60
1747775439, 0, 7, 758, 757, 23, 8.56%, 0, 0, 2, 9.06
1747775444, 0, 9, 758, 757, 23, 8.56%, 0, 0, 2, 9.20
1747775449, 0, 10, 759, 758, 23, 8.56%, 0, 0, 2, 8.02
1747775455, 0, 10, 760, 759, 23, 8.56%, 0, 0, 2, 8.20
1747775460, 0, 10, 761, 760, 23, 8.56%, 0, 0, 2, 8.49
1747775475, 0, 10, 762, 761, 23, 8.56%, 0, 0, 2, 7.62
1747775485, 0, 10, 764, 763, 23, 8.58%, 0, 0, 2, 5.45
1747775491, 0, 10, 765, 764, 23, 8.58%, 0, 0, 2, 6.27
1747775501, 0, 10, 766, 765, 23, 8.58%, 0, 0, 2, 7.24
1747775527, 0, 10, 767, 766, 23, 8.58%, 0, 0, 2, 7.85
1747775532, 0, 10, 768, 767, 23, 8.58%, 0, 0, 2, 6.78
1747775537, 0, 10, 769, 768, 23, 8.58%, 0, 0, 2, 6.28
1747775543, 0, 10, 770, 769, 23, 8.59%, 0, 0, 2, 5.70
1747775563, 0, 10, 771, 770, 23, 8.59%, 0, 0, 2, 8.10
1747775583, 0, 10, 772, 771, 23, 8.59%, 0, 0, 2, 9.34
1747775619, 0, 10, 773, 772, 23, 8.59%, 0, 0, 2, 6.86
1747775640, 0, 10, 774, 773, 23, 8.59%, 0, 0, 2, 8.75
1747775645, 0, 10, 775, 774, 23, 8.59%, 0, 0, 2, 7.76
1747775650, 0, 10, 777, 776, 23, 8.59%, 0, 0, 2, 7.20
1747775655, 0, 10, 778, 777, 23, 8.59%, 0, 0, 2, 6.72
1747775671, 0, 12, 778, 777, 26, 8.59%, 0, 0, 2, 9.13
1747775676, 0, 15, 780, 779, 26, 8.59%, 0, 0, 2, 6.56
1747775702, 0, 16, 780, 779, 26, 8.59%, 0, 0, 2, 8.83
1747775707, 0, 17, 780, 779, 26, 8.59%, 0, 0, 2, 9.05
1747775712, 0, 17, 781, 780, 26, 8.59%, 0, 0, 2, 6.53
1747775717, 0, 17, 782, 781, 26, 8.59%, 0, 0, 2, 5.52
1747775727, 0, 17, 783, 782, 26, 8.60%, 0, 0, 2, 5.87
1747775743, 0, 17, 785, 784, 26, 8.62%, 0, 0, 2, 7.10
1747775748, 0, 17, 786, 785, 26, 8.68%, 0, 0, 2, 7.32
1747775764, 0, 17, 787, 786, 26, 8.78%, 0, 0, 2, 5.48
1747775774, 0, 17, 788, 787, 26, 8.78%, 0, 0, 2, 6.19
1747775780, 0, 17, 789, 788, 26, 8.78%, 0, 0, 2, 6.66
1747775785, 0, 17, 790, 789, 26, 8.78%, 0, 0, 2, 6.52
1747775795, 0, 17, 791, 790, 26, 8.78%, 0, 0, 2, 6.14
1747775800, 0, 17, 792, 791, 26, 8.78%, 0, 0, 2, 7.26
1747775805, 0, 17, 793, 792, 26, 8.78%, 0, 0, 2, 6.91
1747775810, 0, 17, 794, 793, 26, 8.79%, 0, 0, 2, 4.68
1747775816, 0, 17, 795, 794, 26, 8.79%, 0, 0, 2, 5.53
1747775821, 0, 17, 797, 796, 26, 8.79%, 0, 0, 2, 6.28
1747775831, 0, 17, 798, 797, 26, 8.79%, 0, 0, 2, 7.78
1747775836, 0, 17, 799, 798, 26, 8.79%, 0, 0, 2, 7.09
1747775846, 0, 17, 800, 799, 26, 8.79%, 0, 0, 2, 6.63
1747775862, 0, 17, 801, 800, 26, 8.79%, 0, 0, 2, 6.71
1747775867, 0, 17, 802, 801, 26, 8.79%, 0, 0, 2, 6.37
1747775872, 0, 17, 803, 802, 26, 8.79%, 0, 0, 2, 4.77
1747775898, 0, 17, 805, 804, 26, 8.79%, 0, 0, 2, 5.65
1747775913, 0, 17, 806, 805, 26, 8.79%, 0, 0, 2, 8.97
1747775918, 0, 17, 807, 806, 26, 8.95%, 0, 0, 2, 6.80
1747775924, 0, 17, 808, 807, 26, 8.95%, 0, 0, 2, 5.57
1747775929, 0, 17, 809, 808, 26, 8.95%, 0, 0, 2, 6.69
1747775934, 0, 17, 810, 809, 26, 8.95%, 0, 0, 2, 5.26
1747775939, 0, 17, 811, 810, 26, 8.95%, 0, 0, 2, 4.74
1747775945, 0, 17, 812, 811, 26, 8.95%, 0, 0, 2, 4.26
1747775950, 0, 17, 813, 812, 26, 8.95%, 0, 0, 2, 6.71
1747775955, 0, 17, 814, 813, 26, 8.95%, 0, 0, 2, 4.79
1747775965, 0, 17, 816, 815, 26, 8.95%, 0, 0, 2, 7.15
1747775975, 0, 17, 817, 816, 26, 8.95%, 0, 0, 2, 5.61
1747775995, 0, 17, 818, 817, 26, 8.95%, 0, 0, 2, 6.42
1747776001, 0, 18, 818, 817, 25, 8.95%, 0, 0, 2, 8.66
1747776006, 0, 18, 819, 818, 25, 8.95%, 0, 0, 2, 8.73
1747776016, 0, 18, 820, 819, 25, 8.95%, 0, 0, 2, 7.45
1747776031, 0, 19, 821, 820, 25, 8.95%, 0, 0, 2, 8.19
1747776042, 0, 19, 823, 822, 25, 8.97%, 0, 0, 2, 6.37
1747776053, 0, 19, 824, 823, 25, 8.97%, 0, 0, 2, 5.59
1747776058, 0, 19, 825, 824, 25, 8.97%, 0, 0, 2, 4.20
1747776063, 0, 19, 826, 825, 25, 8.97%, 0, 0, 2, 5.16
1747776068, 0, 19, 827, 826, 25, 8.97%, 0, 0, 2, 4.44
1747776073, 0, 19, 828, 827, 25, 8.97%, 0, 0, 2, 4.53
1747776079, 0, 19, 830, 829, 25, 8.97%, 0, 0, 2, 4.50
1747776089, 0, 19, 831, 830, 25, 8.97%, 0, 0, 2, 5.10
1747776094, 0, 19, 832, 831, 25, 8.97%, 0, 0, 2, 4.71
1747776105, 0, 19, 833, 832, 25, 8.97%, 0, 0, 2, 6.11
1747776115, 0, 19, 834, 833, 25, 8.97%, 0, 0, 2, 5.60
1747776120, 0, 19, 835, 834, 25, 8.97%, 0, 0, 2, 7.12
1747776125, 0, 19, 836, 835, 25, 8.97%, 0, 0, 2, 5.26
1747776136, 0, 19, 837, 836, 25, 8.97%, 0, 0, 2, 5.25
1747776141, 0, 19, 838, 837, 25, 8.97%, 0, 0, 2, 5.72
1747776146, 0, 19, 839, 838, 25, 8.98%, 0, 0, 2, 5.46
1747776156, 0, 19, 840, 839, 25, 8.98%, 0, 0, 2, 5.63
1747776167, 0, 19, 841, 840, 25, 8.98%, 0, 0, 2, 7.18
1747776177, 0, 19, 842, 841, 25, 8.98%, 0, 0, 2, 5.75
1747776182, 0, 19, 843, 842, 25, 8.99%, 0, 0, 2, 7.66
1747776202, 0, 19, 844, 843, 25, 8.99%, 0, 0, 2, 7.16
1747776207, 0, 19, 845, 844, 25, 8.99%, 0, 0, 2, 5.84
1747776213, 0, 19, 846, 845, 25, 8.99%, 0, 0, 2, 6.02
1747776218, 0, 19, 847, 846, 25, 8.99%, 0, 0, 2, 7.06
1747776228, 0, 19, 848, 847, 25, 8.99%, 0, 0, 2, 5.89
1747776233, 0, 19, 849, 848, 25, 8.99%, 0, 0, 2, 6.46
1747776239, 0, 19, 851, 850, 25, 8.99%, 0, 0, 2, 4.91
1747776249, 0, 19, 852, 851, 25, 8.99%, 0, 0, 2, 5.32
1747776254, 0, 19, 853, 852, 25, 8.99%, 0, 0, 2, 5.07
1747776269, 0, 19, 854, 853, 25, 8.99%, 0, 0, 2, 6.00
1747776280, 0, 19, 855, 854, 25, 8.99%, 0, 0, 2, 5.76
1747776285, 0, 19, 856, 855, 25, 8.99%, 0, 0, 2, 5.52
1747776290, 0, 19, 857, 856, 25, 8.99%, 0, 0, 2, 6.00
1747776295, 0, 19, 858, 857, 25, 8.99%, 0, 0, 2, 7.05
1747776305, 0, 19, 859, 858, 25, 8.99%, 0, 0, 2, 6.54
1747776311, 0, 19, 860, 859, 25, 8.99%, 0, 0, 2, 5.41
1747776331, 0, 19, 862, 861, 25, 8.99%, 0, 0, 2, 7.46
1747776336, 0, 19, 863, 862, 25, 8.99%, 0, 0, 2, 5.29
1747776362, 0, 20, 863, 862, 29, 8.99%, 0, 0, 2, 7.90
1747776367, 0, 21, 864, 863, 29, 8.99%, 0, 0, 2, 7.05
1747776372, 0, 21, 865, 864, 29, 8.99%, 0, 0, 2, 5.56
1747776377, 0, 21, 866, 865, 29, 8.99%, 0, 0, 2, 3.94
1747776403, 0, 21, 867, 866, 29, 8.99%, 0, 0, 2, 6.59
1747776409, 0, 21, 868, 867, 29, 8.99%, 0, 0, 2, 5.62
1747776419, 0, 21, 869, 868, 29, 8.99%, 0, 0, 2, 5.41
1747776424, 0, 21, 870, 869, 29, 8.99%, 0, 0, 2, 4.41
1747776430, 0, 21, 871, 870, 29, 8.99%, 0, 0, 2, 5.44
1747776445, 0, 21, 872, 871, 29, 8.99%, 0, 0, 2, 6.42
1747776451, 0, 21, 873, 872, 29, 8.99%, 0, 0, 2, 5.17
1747776456, 0, 21, 874, 873, 29, 8.99%, 0, 0, 2, 4.89
1747776466, 0, 21, 875, 874, 29, 8.99%, 0, 0, 2, 4.71
1747776471, 0, 21, 876, 875, 29, 8.99%, 0, 0, 2, 5.97
1747776487, 0, 21, 877, 876, 29, 8.99%, 0, 0, 2, 5.63
1747776498, 0, 21, 878, 877, 29, 8.99%, 0, 0, 2, 5.04
1747776503, 0, 21, 879, 878, 29, 8.99%, 0, 0, 2, 6.22
1747776509, 0, 21, 880, 879, 29, 8.99%, 0, 0, 2, 7.30
1747776519, 0, 21, 881, 880, 29, 8.99%, 0, 0, 2, 5.29
1747776530, 0, 21, 882, 881, 29, 8.99%, 0, 0, 2, 5.68
1747776546, 0, 21, 883, 882, 29, 8.99%, 0, 0, 2, 6.63
1747776556, 0, 21, 884, 883, 29, 8.99%, 0, 0, 2, 7.14
1747776561, 0, 21, 885, 884, 29, 8.99%, 0, 0, 2, 5.44
1747776571, 0, 21, 886, 885, 29, 8.99%, 0, 0, 2, 4.18
1747776592, 0, 21, 887, 886, 29, 8.99%, 0, 0, 2, 6.90
1747776603, 0, 21, 888, 887, 29, 8.99%, 0, 0, 2, 5.11
1747776619, 0, 21, 889, 888, 29, 8.99%, 0, 0, 2, 6.15
1747776629, 0, 21, 890, 889, 29, 9.00%, 0, 0, 2, 6.06
1747776635, 0, 21, 891, 890, 29, 9.00%, 0, 0, 2, 4.41
1747776640, 0, 21, 892, 891, 29, 9.00%, 0, 0, 2, 5.16
1747776661, 0, 21, 893, 892, 29, 9.00%, 0, 0, 2, 5.02
1747776666, 0, 21, 894, 893, 29, 9.00%, 0, 0, 2, 7.14
1747776676, 0, 21, 895, 894, 29, 9.00%, 0, 0, 2, 6.98
1747776681, 0, 21, 896, 895, 29, 9.00%, 0, 0, 2, 5.18
1747776692, 0, 21, 897, 896, 29, 9.00%, 0, 0, 2, 4.11
1747776697, 0, 21, 898, 897, 29, 9.01%, 0, 0, 2, 5.25
1747776728, 0, 22, 899, 898, 30, 9.01%, 0, 0, 2, 1.55
1747776744, 0, 22, 900, 899, 30, 9.01%, 0, 0, 2, 1.72
1747776759, 0, 22, 901, 900, 30, 9.01%, 0, 0, 2, 5.84
1747776770, 0, 22, 902, 901, 30, 9.01%, 0, 0, 2, 4.92
1747776775, 0, 22, 903, 902, 30, 9.01%, 0, 0, 2, 4.75
1747776785, 0, 22, 904, 903, 30, 9.01%, 0, 0, 2, 7.37
1747776795, 0, 22, 905, 904, 30, 9.01%, 0, 0, 2, 7.39
1747776806, 0, 22, 906, 905, 30, 9.01%, 0, 0, 2, 5.86
1747776811, 0, 22, 907, 906, 30, 9.01%, 0, 0, 2, 4.75
1747776826, 0, 22, 908, 907, 30, 9.01%, 0, 0, 2, 6.29
1747776832, 0, 22, 909, 908, 30, 9.01%, 0, 0, 2, 6.51
1747776842, 0, 22, 911, 910, 30, 9.01%, 0, 0, 2, 4.64
1747776858, 0, 22, 912, 911, 30, 9.01%, 0, 0, 2, 5.67
1747776873, 0, 22, 913, 912, 30, 9.01%, 0, 0, 2, 7.57
1747776884, 0, 22, 914, 913, 30, 9.01%, 0, 0, 2, 7.47
1747776910, 0, 22, 915, 914, 30, 9.01%, 0, 0, 2, 4.78
1747776931, 0, 22, 916, 915, 30, 9.01%, 0, 0, 2, 6.41
1747776952, 0, 22, 917, 916, 30, 9.01%, 0, 0, 2, 5.13
1747776963, 0, 22, 918, 917, 30, 9.01%, 0, 0, 2, 5.35
1747776973, 0, 22, 919, 918, 30, 9.01%, 0, 0, 2, 4.44
1747776994, 0, 22, 920, 919, 30, 9.01%, 0, 0, 2, 7.04
1747777015, 0, 22, 921, 920, 30, 9.01%, 0, 0, 2, 5.81
1747777025, 0, 22, 922, 921, 30, 9.01%, 0, 0, 2, 5.61
1747777030, 0, 22, 923, 922, 30, 9.01%, 0, 0, 2, 6.09
1747777041, 0, 22, 924, 923, 30, 9.01%, 0, 0, 2, 4.73
1747777051, 0, 22, 925, 924, 30, 9.01%, 0, 0, 2, 6.03
1747777056, 0, 22, 926, 925, 30, 9.01%, 0, 0, 2, 4.34
1747777067, 0, 23, 926, 925, 31, 9.01%, 0, 0, 2, 8.08
1747777072, 0, 23, 927, 926, 31, 9.01%, 0, 0, 2, 5.59
1747777082, 0, 24, 927, 926, 31, 9.01%, 0, 0, 2, 7.75
1747777087, 0, 24, 928, 927, 31, 9.01%, 0, 0, 2, 5.99
1747777097, 0, 25, 929, 928, 31, 9.01%, 0, 0, 2, 6.80
1747777113, 0, 26, 929, 928, 31, 9.01%, 0, 0, 2, 7.58
1747777124, 0, 27, 930, 929, 31, 9.01%, 0, 0, 2, 5.35
1747777129, 0, 27, 931, 930, 31, 9.01%, 0, 0, 2, 6.60
1747777139, 0, 27, 932, 931, 31, 9.01%, 0, 0, 2, 6.63
1747777145, 0, 27, 934, 933, 31, 9.01%, 0, 0, 2, 6.78
1747777155, 0, 27, 935, 934, 31, 9.01%, 0, 0, 2, 6.01
1747777170, 0, 27, 936, 935, 31, 9.01%, 0, 0, 2, 5.53
1747777175, 0, 27, 937, 936, 31, 9.01%, 0, 0, 2, 5.82
1747777186, 0, 27, 938, 937, 31, 9.01%, 0, 0, 2, 6.77
1747777223, 0, 27, 940, 939, 31, 9.01%, 0, 0, 2, 5.64
1747777228, 0, 27, 941, 940, 31, 9.01%, 0, 0, 2, 4.10
1747777239, 0, 27, 942, 941, 31, 9.01%, 0, 0, 2, 5.60
1747777254, 0, 27, 943, 942, 31, 9.01%, 0, 0, 2, 8.30
1747777265, 0, 27, 944, 943, 31, 9.01%, 0, 0, 2, 5.84
1747777275, 0, 27, 945, 944, 31, 9.01%, 0, 0, 2, 6.91
1747777306, 0, 27, 947, 946, 31, 9.01%, 0, 0, 2, 6.52
1747777343, 0, 27, 948, 947, 31, 9.01%, 0, 0, 2, 6.31
1747777348, 0, 27, 949, 948, 31, 9.01%, 0, 0, 2, 4.61
1747777368, 0, 27, 950, 949, 31, 9.01%, 0, 0, 2, 6.05
1747777400, 0, 27, 951, 950, 31, 9.01%, 0, 0, 2, 7.01
1747777405, 0, 27, 952, 951, 31, 9.01%, 0, 0, 2, 5.66
1747777431, 0, 27, 953, 952, 31, 9.01%, 0, 0, 2, 6.50
1747777436, 0, 28, 953, 952, 31, 9.01%, 0, 0, 2, 6.14
1747777446, 0, 29, 953, 952, 31, 9.01%, 0, 0, 2, 6.75
1747777451, 0, 29, 954, 953, 31, 9.01%, 0, 0, 2, 4.91
1747777456, 0, 29, 955, 954, 31, 9.01%, 0, 0, 2, 5.87
1747777462, 0, 29, 957, 956, 31, 9.01%, 0, 0, 2, 4.78
1747777482, 0, 29, 958, 957, 31, 9.01%, 0, 0, 2, 5.55
1747777493, 0, 29, 959, 958, 31, 9.01%, 0, 0, 2, 5.11
1747777503, 0, 29, 960, 959, 31, 9.01%, 0, 0, 2, 6.94
1747777513, 0, 29, 961, 960, 31, 9.01%, 0, 0, 2, 5.09
1747777519, 0, 29, 962, 961, 31, 9.01%, 0, 0, 2, 3.61
1747777529, 0, 29, 963, 962, 31, 9.01%, 0, 0, 2, 5.07
1747777545, 0, 29, 964, 963, 31, 9.01%, 0, 0, 2, 6.96
1747777550, 0, 29, 965, 964, 31, 9.01%, 0, 0, 2, 5.15
1747777560, 0, 29, 966, 965, 31, 9.01%, 0, 0, 2, 4.67
1747777575, 0, 29, 967, 966, 31, 9.01%, 0, 0, 2, 4.55
1747777581, 0, 29, 968, 967, 31, 9.01%, 0, 0, 2, 3.75
1747777591, 0, 29, 969, 968, 31, 9.01%, 0, 0, 2, 5.07
1747777669, 0, 29, 970, 969, 31, 9.01%, 0, 0, 2, 7.57
1747777674, 0, 29, 971, 970, 31, 9.01%, 0, 0, 2, 7.51
1747777720, 0, 29, 972, 971, 31, 9.01%, 0, 0, 2, 5.67
1747777736, 0, 31, 972, 971, 32, 9.01%, 0, 0, 2, 8.56
1747777747, 0, 32, 972, 971, 32, 9.01%, 0, 0, 2, 7.72
1747777752, 0, 33, 972, 971, 32, 9.01%, 0, 0, 2, 7.85
1747777757, 0, 33, 973, 972, 32, 9.01%, 0, 0, 2, 8.92
1747777767, 0, 34, 974, 973, 32, 9.01%, 0, 0, 2, 5.61
1747777783, 0, 35, 975, 974, 32, 9.01%, 0, 0, 2, 7.11
1747777788, 0, 35, 976, 975, 32, 9.01%, 0, 0, 2, 5.87
1747777793, 0, 35, 977, 976, 32, 9.01%, 0, 0, 2, 4.77
1747777809, 0, 35, 978, 977, 32, 9.01%, 0, 0, 2, 8.04
1747777814, 0, 35, 979, 978, 32, 9.01%, 0, 0, 2, 8.91
1747777829, 0, 35, 980, 979, 32, 9.02%, 0, 0, 2, 5.43
1747777845, 0, 35, 981, 980, 32, 9.02%, 0, 0, 2, 5.25
1747777887, 0, 35, 982, 981, 32, 9.02%, 0, 0, 2, 6.65
1747777923, 0, 35, 983, 982, 32, 9.02%, 0, 0, 2, 6.63
1747777929, 0, 35, 984, 983, 32, 9.02%, 0, 0, 2, 4.61
1747777944, 0, 35, 985, 984, 32, 9.02%, 0, 0, 2, 5.63
1747777960, 0, 35, 986, 985, 32, 9.06%, 0, 0, 2, 5.72
1747777970, 0, 35, 987, 986, 32, 9.06%, 0, 0, 2, 5.10
1747777986, 0, 35, 988, 987, 32, 9.06%, 0, 0, 2, 7.01
1747777996, 0, 35, 989, 988, 32, 9.06%, 0, 0, 2, 4.93
1747778048, 0, 35, 990, 989, 32, 9.06%, 0, 0, 2, 5.86
1747778073, 0, 37, 991, 990, 32, 9.06%, 0, 0, 2, 1.46
1747778079, 0, 37, 992, 991, 32, 9.06%, 0, 0, 2, 1.58
1747778105, 0, 37, 993, 992, 32, 9.06%, 0, 0, 2, 6.94
1747778115, 0, 37, 994, 993, 32, 9.06%, 0, 0, 2, 5.46
1747778131, 0, 37, 995, 994, 32, 9.06%, 0, 0, 2, 5.05
1747778142, 0, 37, 996, 995, 32, 9.06%, 0, 0, 2, 1.47
1747778152, 0, 37, 997, 996, 32, 9.06%, 0, 0, 2, 1.66
1747778173, 0, 37, 998, 997, 32, 9.06%, 0, 0, 2, 5.35
1747778189, 0, 37, 999, 998, 32, 9.06%, 0, 0, 2, 5.09
1747778199, 0, 37, 1000, 999, 32, 9.06%, 0, 0, 2, 4.55
1747778210, 0, 37, 1001, 1000, 32, 9.06%, 0, 0, 2, 5.67
1747778221, 0, 37, 1002, 1001, 32, 9.06%, 0, 0, 2, 5.35
1747778226, 0, 37, 1003, 1002, 32, 9.06%, 0, 0, 2, 3.75
1747778267, 0, 37, 1004, 1003, 32, 9.06%, 0, 0, 2, 5.27
1747778283, 0, 37, 1005, 1004, 32, 9.06%, 0, 0, 2, 5.25
1747778324, 0, 37, 1006, 1005, 32, 9.06%, 0, 0, 2, 4.89
1747778335, 0, 37, 1007, 1006, 32, 9.06%, 0, 0, 2, 5.80
1747778392, 0, 37, 1008, 1007, 32, 9.06%, 0, 0, 2, 5.06
1747778403, 0, 38, 1008, 1007, 31, 9.06%, 0, 0, 2, 6.65
1747778408, 0, 39, 1008, 1007, 31, 9.06%, 0, 0, 2, 7.00
1747778414, 0, 39, 1009, 1008, 31, 9.06%, 0, 0, 2, 6.98
1747778429, 0, 40, 1009, 1008, 31, 9.06%, 0, 0, 2, 7.07
1747778440, 0, 41, 1009, 1008, 31, 9.06%, 0, 0, 2, 8.53
1747778445, 0, 43, 1009, 1008, 31, 9.06%, 0, 0, 2, 7.70
1747778450, 0, 44, 1009, 1008, 31, 9.06%, 0, 0, 2, 7.30
1747778456, 0, 44, 1010, 1009, 31, 9.06%, 0, 0, 2, 5.58
1747778471, 0, 44, 1011, 1010, 31, 9.06%, 0, 0, 2, 5.56
1747778493, 0, 45, 1012, 1011, 34, 9.06%, 0, 0, 2, 1.30
1747778503, 0, 45, 1013, 1012, 34, 9.06%, 0, 0, 2, 7.92
1747778529, 0, 45, 1014, 1013, 34, 9.06%, 0, 0, 2, 1.35
1747778540, 0, 45, 1015, 1014, 34, 9.06%, 0, 0, 2, 1.47
1747778561, 0, 45, 1016, 1015, 34, 9.06%, 0, 0, 2, 1.41
1747778607, 0, 45, 1017, 1016, 34, 9.06%, 0, 0, 2, 1.38
1747778628, 0, 45, 1018, 1017, 34, 9.06%, 0, 0, 2, 7.71
1747778644, 0, 45, 1019, 1018, 34, 9.06%, 0, 0, 2, 5.94
1747778670, 0, 45, 1020, 1019, 34, 9.06%, 0, 0, 2, 1.47
1747778702, 0, 45, 1021, 1020, 34, 9.06%, 0, 0, 2, 5.72
1747778734, 0, 45, 1022, 1021, 34, 9.06%, 0, 0, 2, 6.41
1747778761, 0, 45, 1023, 1022, 34, 9.06%, 0, 0, 2, 4.87
1747778793, 0, 45, 1024, 1023, 34, 9.06%, 0, 0, 2, 1.33
1747778819, 0, 45, 1025, 1024, 34, 9.06%, 0, 0, 2, 4.87
1747778824, 0, 46, 1026, 1025, 34, 9.06%, 0, 0, 2, 3.87
1747778840, 0, 46, 1027, 1026, 34, 9.06%, 0, 0, 2, 6.42
1747778866, 0, 47, 1027, 1026, 34, 9.06%, 0, 0, 2, 8.36
1747778877, 0, 48, 1027, 1026, 34, 9.06%, 0, 0, 2, 7.22
1747778882, 0, 50, 1027, 1026, 34, 9.06%, 0, 0, 2, 7.70
1747778888, 0, 51, 1027, 1026, 34, 9.06%, 0, 0, 2, 7.63
1747778893, 0, 52, 1027, 1026, 34, 9.06%, 0, 0, 2, 8.47
1747778903, 0, 53, 1027, 1026, 34, 9.06%, 0, 0, 2, 1.64
1747778908, 0, 56, 1027, 1026, 34, 9.06%, 0, 0, 2, 10.19
1747778918, 0, 57, 1027, 1026, 34, 9.06%, 0, 0, 2, 6.23
1747778923, 0, 58, 1027, 1026, 34, 9.06%, 0, 0, 2, 7.77
1747778934, 0, 59, 1027, 1026, 34, 9.06%, 0, 0, 2, 7.22
1747778940, 0, 60, 1027, 1026, 34, 9.06%, 0, 0, 2, 7.63
1747778945, 0, 61, 1027, 1026, 34, 9.06%, 0, 0, 2, 8.06
1747778956, 0, 62, 1027, 1026, 34, 9.06%, 0, 0, 2, 6.77
1747778961, 0, 63, 1027, 1026, 34, 9.06%, 0, 0, 2, 7.24
1747778966, 0, 63, 1028, 1027, 34, 9.06%, 0, 0, 2, 6.13
1747778981, 0, 64, 1028, 1027, 34, 9.06%, 0, 0, 2, 8.17
1747778987, 0, 65, 1028, 1027, 34, 9.06%, 0, 0, 2, 8.45
1747778997, 0, 66, 1028, 1027, 34, 9.06%, 0, 0, 2, 7.75
1747779002, 0, 66, 1029, 1028, 34, 9.06%, 0, 0, 2, 1.62
1747779013, 0, 67, 1029, 1028, 34, 9.06%, 0, 0, 2, 8.11
1747779023, 0, 68, 1029, 1028, 34, 9.06%, 0, 0, 2, 4.84
1747779033, 0, 70, 1030, 1029, 34, 9.06%, 0, 0, 2, 5.00
1747779038, 0, 70, 1031, 1030, 34, 9.06%, 0, 0, 2, 6.26
1747779064, 0, 71, 1031, 1030, 34, 9.06%, 0, 0, 2, 7.92
1747779075, 0, 72, 1031, 1030, 34, 9.06%, 0, 0, 2, 7.77
1747779080, 0, 74, 1031, 1030, 34, 9.06%, 0, 0, 2, 7.24
1747779085, 0, 74, 1032, 1031, 34, 9.06%, 0, 0, 2, 5.22
1747779100, 0, 75, 1032, 1031, 34, 9.06%, 0, 0, 2, 9.07
1747779111, 0, 76, 1032, 1031, 34, 9.06%, 0, 0, 2, 8.32
1747779116, 0, 77, 1033, 1032, 34, 9.06%, 0, 0, 2, 8.72
1747779137, 0, 78, 1034, 1033, 34, 9.06%, 0, 0, 2, 5.80
1747779152, 0, 78, 1035, 1034, 34, 9.06%, 0, 0, 2, 6.17
1747779173, 0, 79, 1035, 1034, 34, 9.06%, 0, 0, 2, 2.43
1747779179, 0, 80, 1035, 1034, 34, 9.06%, 0, 0, 2, 5.63
1747779189, 0, 81, 1035, 1034, 34, 9.06%, 0, 0, 2, 6.94
1747779194, 0, 82, 1035, 1034, 34, 9.06%, 0, 0, 2, 7.40
1747779199, 0, 83, 1035, 1034, 34, 9.06%, 0, 0, 2, 8.15
1747779205, 0, 83, 1036, 1035, 34, 9.06%, 0, 0, 2, 1.39
1747779221, 0, 83, 1037, 1036, 34, 9.06%, 0, 0, 2, 6.69
1747779232, 0, 83, 1038, 1037, 34, 9.06%, 0, 0, 2, 6.74
1747779253, 0, 83, 1039, 1038, 34, 9.06%, 0, 0, 2, 1.38
1747779279, 0, 83, 1040, 1039, 34, 9.06%, 0, 0, 2, 1.28
1747779305, 0, 83, 1041, 1040, 34, 9.06%, 0, 0, 2, 9.45
1747779378, 0, 83, 1042, 1041, 34, 9.06%, 0, 0, 2, 1.36
1747779394, 0, 83, 1043, 1042, 34, 9.06%, 0, 0, 2, 5.20
1747779482, 0, 83, 1044, 1043, 34, 9.06%, 0, 0, 2, 8.73
1747779503, 0, 84, 1044, 1043, 34, 9.06%, 0, 0, 2, 7.37
1747779509, 0, 85, 1044, 1043, 34, 9.06%, 0, 0, 2, 7.27
1747779520, 0, 86, 1044, 1043, 34, 9.06%, 0, 0, 2, 6.73
1747779530, 0, 87, 1044, 1043, 34, 9.06%, 0, 0, 2, 6.97
1747779535, 0, 88, 1044, 1043, 34, 9.06%, 0, 0, 2, 7.63
1747779541, 0, 89, 1044, 1043, 34, 9.06%, 0, 0, 2, 7.93
1747779546, 0, 89, 1045, 1044, 34, 9.06%, 0, 0, 2, 5.65
1747779561, 0, 90, 1045, 1044, 34, 9.06%, 0, 0, 2, 6.67
1747779572, 0, 91, 1045, 1044, 34, 9.06%, 0, 0, 2, 7.47
1747779577, 0, 92, 1045, 1044, 34, 9.06%, 0, 0, 2, 7.11
1747779582, 0, 92, 1046, 1045, 34, 9.06%, 0, 0, 2, 5.98
1747779602, 0, 94, 1046, 1045, 34, 9.06%, 0, 0, 2, 8.08
1747779608, 0, 95, 1046, 1045, 34, 9.06%, 0, 0, 2, 6.90
1747779618, 0, 96, 1046, 1045, 34, 9.06%, 0, 0, 2, 6.50
1747779628, 0, 96, 1047, 1046, 34, 9.06%, 0, 0, 2, 6.08
1747779634, 0, 97, 1047, 1046, 34, 9.06%, 0, 0, 2, 7.11
1747779644, 0, 101, 1047, 1046, 34, 9.06%, 0, 0, 2, 7.79
1747779655, 0, 102, 1047, 1046, 34, 9.06%, 0, 0, 2, 6.74
1747779660, 0, 103, 1047, 1046, 34, 9.06%, 0, 0, 2, 6.22
1747779670, 0, 104, 1047, 1046, 34, 9.06%, 0, 0, 2, 7.26
1747779675, 0, 105, 1047, 1046, 34, 9.06%, 0, 0, 2, 7.79
1747779681, 0, 106, 1047, 1046, 34, 9.06%, 0, 0, 2, 7.78
1747779691, 0, 107, 1047, 1046, 34, 9.06%, 0, 0, 2, 8.05
1747779696, 0, 108, 1047, 1046, 34, 9.06%, 0, 0, 2, 7.47
1747779707, 0, 110, 1047, 1046, 34, 9.06%, 0, 0, 2, 5.90
1747779712, 0, 111, 1047, 1046, 34, 9.06%, 0, 0, 2, 7.05
1747779717, 0, 111, 1048, 1047, 34, 9.06%, 0, 0, 2, 6.03
1747779727, 0, 112, 1048, 1047, 34, 9.06%, 0, 0, 2, 7.68
1747779737, 0, 113, 1048, 1047, 34, 9.06%, 0, 0, 2, 9.19
1747779743, 0, 114, 1048, 1047, 34, 9.06%, 0, 0, 2, 7.76
1747779748, 0, 115, 1048, 1047, 34, 9.06%, 0, 0, 2, 7.70
1747779753, 0, 116, 1048, 1047, 34, 9.06%, 0, 0, 2, 7.79
1747779763, 0, 117, 1048, 1047, 34, 9.06%, 0, 0, 2, 7.61
1747779768, 0, 118, 1049, 1048, 34, 9.06%, 0, 0, 2, 6.83
1747779789, 0, 119, 1049, 1048, 35, 9.06%, 0, 0, 2, 7.23
1747779800, 0, 120, 1050, 1049, 35, 9.06%, 0, 0, 2, 6.41
1747779820, 0, 120, 1051, 1050, 35, 9.06%, 0, 0, 2, 1.15
1747779836, 0, 120, 1052, 1051, 35, 9.06%, 0, 0, 2, 1.30
1747779868, 0, 120, 1053, 1052, 35, 9.06%, 0, 0, 2, 6.32
1747779883, 0, 120, 1054, 1053, 35, 9.06%, 0, 0, 2, 5.69
1747779919, 0, 120, 1055, 1054, 35, 9.06%, 0, 0, 2, 1.68
1747779997, 0, 120, 1056, 1055, 35, 9.06%, 0, 0, 2, 7.27
1747780107, 0, 121, 1056, 1055, 35, 9.06%, 0, 0, 2, 6.98
1747780117, 0, 124, 1056, 1055, 35, 9.06%, 0, 0, 2, 8.14
1747780122, 0, 125, 1056, 1055, 35, 9.06%, 0, 0, 2, 8.21
1747780127, 0, 126, 1056, 1055, 35, 9.06%, 0, 0, 2, 7.43
1747780137, 0, 128, 1056, 1055, 35, 9.06%, 0, 0, 2, 10.17
1747780143, 0, 128, 1057, 1056, 35, 9.06%, 0, 0, 2, 9.33
1747780153, 0, 129, 1057, 1056, 35, 9.06%, 0, 0, 2, 7.84
1747780164, 0, 130, 1057, 1056, 35, 9.06%, 0, 0, 2, 7.26
1747780169, 0, 133, 1057, 1056, 35, 9.06%, 0, 0, 2, 7.75
1747780179, 0, 134, 1057, 1056, 35, 9.06%, 0, 0, 2, 9.48
1747780190, 0, 135, 1057, 1056, 35, 9.06%, 0, 0, 2, 8.42
1747780195, 0, 136, 1057, 1056, 35, 9.06%, 0, 0, 2, 9.93
1747780205, 0, 138, 1057, 1056, 35, 9.06%, 0, 0, 2, 7.58
1747780210, 0, 139, 1057, 1056, 35, 9.06%, 0, 0, 2, 7.65
1747780221, 0, 140, 1058, 1057, 35, 9.06%, 0, 0, 2, 5.64
1747780231, 0, 140, 1059, 1058, 35, 9.06%, 0, 0, 2, 6.66
1747780257, 0, 141, 1059, 1058, 35, 9.06%, 0, 0, 2, 6.81
1747780268, 0, 142, 1059, 1058, 35, 9.06%, 0, 0, 2, 6.80
1747780278, 0, 143, 1059, 1058, 35, 9.06%, 0, 0, 2, 7.38
1747780283, 0, 144, 1059, 1058, 35, 9.06%, 0, 0, 2, 8.15
1747780293, 0, 145, 1060, 1059, 35, 9.06%, 0, 0, 2, 6.28
1747780315, 0, 145, 1061, 1060, 35, 9.06%, 0, 0, 2, 4.94
1747780325, 0, 145, 1062, 1061, 35, 9.06%, 0, 0, 2, 4.02
1747780367, 0, 145, 1063, 1062, 35, 9.06%, 0, 0, 2, 1.48
1747780382, 0, 145, 1064, 1063, 35, 9.06%, 0, 0, 2, 7.98
1747780393, 0, 145, 1065, 1064, 35, 9.06%, 0, 0, 2, 7.48
1747780408, 0, 145, 1066, 1065, 35, 9.06%, 0, 0, 2, 3.79
1747780434, 0, 145, 1067, 1066, 35, 9.06%, 0, 0, 2, 5.24
1747780440, 0, 145, 1068, 1067, 35, 9.06%, 0, 0, 2, 5.38
1747780461, 0, 145, 1069, 1068, 35, 9.06%, 0, 0, 2, 6.27
1747780481, 0, 145, 1070, 1069, 35, 9.06%, 0, 0, 2, 6.02
1747780487, 0, 145, 1071, 1070, 35, 9.06%, 0, 0, 2, 4.29
1747780533, 0, 145, 1072, 1071, 35, 9.06%, 0, 0, 2, 5.13
1747780601, 0, 146, 1072, 1071, 35, 9.06%, 0, 0, 2, 7.21
1747780611, 0, 147, 1072, 1071, 35, 9.06%, 0, 0, 2, 7.67
1747780617, 0, 148, 1072, 1071, 35, 9.06%, 0, 0, 2, 6.97
1747780627, 0, 149, 1072, 1071, 35, 9.06%, 0, 0, 2, 6.52
1747780632, 0, 150, 1072, 1071, 35, 9.06%, 0, 0, 2, 7.36
1747780642, 0, 152, 1072, 1071, 35, 9.06%, 0, 0, 2, 6.84
1747780652, 0, 153, 1072, 1071, 35, 9.06%, 0, 0, 2, 6.33
1747780658, 0, 155, 1072, 1071, 35, 9.06%, 0, 0, 2, 7.20
1747780669, 0, 156, 1072, 1071, 35, 9.06%, 0, 0, 2, 7.29
1747780674, 0, 158, 1072, 1071, 35, 9.06%, 0, 0, 2, 5.91
1747780685, 0, 159, 1072, 1071, 35, 9.06%, 0, 0, 2, 6.24
1747780695, 0, 160, 1072, 1071, 35, 9.06%, 0, 0, 2, 6.75
1747780700, 0, 162, 1072, 1071, 35, 9.06%, 0, 0, 2, 6.53
1747780711, 0, 163, 1072, 1071, 35, 9.06%, 0, 0, 2, 1.78
1747780721, 0, 164, 1072, 1071, 35, 9.06%, 0, 0, 2, 7.60
1747780726, 0, 165, 1072, 1071, 35, 9.06%, 0, 0, 2, 6.81
1747780737, 0, 167, 1072, 1071, 35, 9.06%, 0, 0, 2, 6.94
1747780747, 0, 168, 1072, 1071, 35, 9.06%, 0, 0, 2, 13.24
1747780803, 0, 168, 1073, 1072, 35, 9.06%, 0, 0, 3, 12.46
1747780819, 0, 168, 1074, 1073, 35, 9.06%, 0, 0, 3, 12.19
1747780916, 0, 168, 1075, 1074, 35, 9.06%, 0, 0, 3, 11.73
1747780958, 0, 168, 1076, 1075, 35, 9.06%, 0, 0, 3, 11.81
1747781014, 0, 168, 1077, 1076, 35, 9.06%, 0, 0, 3, 11.71
1747781034, 0, 168, 1078, 1077, 35, 9.06%, 0, 0, 3, 11.19
1747781044, 0, 168, 1079, 1078, 35, 9.06%, 0, 0, 3, 11.03
1747781224, 0, 168, 1080, 1079, 35, 9.06%, 0, 0, 3, 11.25
1747781255, 0, 169, 1080, 1078, 34, 9.06%, 0, 0, 3, 8.95
1747781260, 0, 170, 1080, 1078, 34, 9.06%, 0, 0, 3, 7.72
1747781270, 0, 171, 1080, 1078, 34, 9.06%, 0, 0, 3, 6.76
1747781275, 0, 172, 1080, 1078, 34, 9.06%, 0, 0, 3, 7.18
1747781286, 0, 174, 1080, 1078, 34, 9.06%, 0, 0, 3, 6.96
1747781292, 0, 176, 1080, 1078, 34, 9.06%, 0, 0, 3, 8.02
1747781302, 0, 177, 1080, 1078, 34, 9.06%, 0, 0, 3, 6.70
1747781313, 0, 179, 1080, 1078, 34, 9.06%, 0, 0, 3, 6.67
1747781318, 0, 180, 1080, 1078, 34, 9.06%, 0, 0, 3, 7.07
1747781328, 0, 181, 1080, 1078, 34, 9.06%, 0, 0, 3, 6.66
1747781334, 0, 182, 1080, 1078, 34, 9.06%, 0, 0, 3, 8.18
1747781345, 0, 183, 1080, 1078, 34, 9.06%, 0, 0, 3, 6.41
1747781350, 0, 184, 1080, 1078, 34, 9.06%, 0, 0, 3, 7.16
1747781360, 0, 186, 1080, 1078, 34, 9.06%, 0, 0, 3, 7.18
1747781365, 0, 187, 1080, 1078, 34, 9.06%, 0, 0, 3, 7.25
1747781375, 0, 188, 1080, 1078, 34, 9.06%, 0, 0, 3, 5.64
1747781386, 0, 189, 1080, 1078, 34, 9.06%, 0, 0, 3, 6.40
1747781391, 0, 190, 1080, 1078, 34, 9.06%, 0, 0, 3, 6.39
1747781401, 0, 191, 1080, 1078, 34, 9.06%, 0, 0, 3, 1.37
1747781406, 0, 192, 1080, 1078, 34, 9.06%, 0, 0, 3, 9.90
1747781417, 0, 194, 1080, 1078, 34, 9.06%, 0, 0, 3, 7.26
1747781427, 0, 196, 1080, 1078, 34, 9.06%, 0, 0, 3, 7.21
1747781432, 0, 197, 1080, 1078, 34, 9.06%, 0, 0, 3, 8.46
1747781437, 0, 197, 1081, 1079, 34, 9.06%, 0, 0, 3, 7.80
1747781601, 0, 198, 1081, 1078, 33, 9.06%, 0, 0, 3, 9.67
1747781612, 0, 201, 1081, 1078, 33, 9.06%, 0, 0, 3, 9.84
1747781622, 0, 202, 1081, 1078, 33, 9.06%, 0, 0, 3, 2.88
1747781627, 0, 203, 1081, 1078, 33, 9.06%, 0, 0, 3, 5.92
1747781638, 0, 204, 1081, 1078, 33, 9.06%, 0, 0, 3, 6.77
1747781648, 0, 205, 1081, 1078, 33, 9.06%, 0, 0, 3, 7.55
1747781653, 0, 206, 1081, 1078, 33, 9.06%, 0, 0, 3, 6.91
1747781663, 0, 207, 1081, 1078, 33, 9.06%, 0, 0, 3, 7.68
1747781669, 0, 208, 1081, 1078, 33, 9.06%, 0, 0, 3, 6.55
1747781679, 0, 209, 1082, 1079, 33, 9.06%, 0, 0, 3, 6.02
1747781690, 0, 209, 1083, 1080, 33, 9.06%, 0, 0, 3, 5.20
1747781721, 0, 210, 1083, 1080, 33, 9.06%, 0, 0, 3, 6.25
1747781726, 0, 210, 1084, 1081, 33, 9.06%, 0, 0, 3, 5.44
1747781737, 0, 210, 1085, 1082, 33, 9.06%, 0, 0, 3, 6.79
1747781758, 0, 211, 1085, 1082, 33, 9.06%, 0, 0, 3, 7.65
1747781768, 0, 213, 1085, 1082, 33, 9.06%, 0, 0, 3, 6.50
1747781778, 0, 214, 1085, 1082, 33, 9.06%, 0, 0, 3, 6.08
1747781789, 0, 215, 1085, 1082, 33, 9.06%, 0, 0, 3, 5.84
1747781799, 0, 216, 1085, 1082, 33, 9.06%, 0, 0, 3, 6.99
1747781809, 0, 217, 1085, 1082, 33, 9.06%, 0, 0, 3, 7.73
1747781815, 0, 218, 1085, 1082, 33, 9.06%, 0, 0, 3, 7.54
1747781820, 0, 220, 1085, 1082, 33, 9.06%, 0, 0, 3, 6.46
1747781830, 0, 220, 1086, 1083, 33, 9.06%, 0, 0, 3, 4.55
1747781846, 0, 222, 1086, 1083, 33, 9.06%, 0, 0, 3, 5.80
1747781851, 0, 223, 1086, 1083, 33, 9.06%, 0, 0, 3, 9.13
1747781862, 0, 224, 1086, 1083, 33, 9.06%, 0, 0, 3, 7.98
1747781867, 0, 226, 1086, 1083, 33, 9.06%, 0, 0, 3, 7.59
1747781877, 0, 227, 1086, 1083, 33, 9.06%, 0, 0, 3, 7.32
1747781882, 0, 229, 1086, 1083, 33, 9.06%, 0, 0, 3, 6.93
1747781893, 0, 230, 1086, 1083, 33, 9.06%, 0, 0, 3, 6.09
1747781904, 0, 231, 1086, 1083, 33, 9.06%, 0, 0, 3, 7.34
1747781909, 0, 232, 1086, 1083, 33, 9.06%, 0, 0, 3, 7.42
1747781919, 0, 234, 1086, 1083, 33, 9.06%, 0, 0, 3, 6.88
1747781930, 0, 235, 1086, 1083, 33, 9.06%, 0, 0, 3, 6.28
1747781935, 0, 235, 1087, 1084, 33, 9.06%, 0, 0, 3, 6.78
1747781950, 0, 236, 1087, 1084, 33, 9.06%, 0, 0, 3, 6.37
1747781955, 0, 237, 1087, 1084, 33, 9.06%, 0, 0, 3, 6.94
1747781966, 0, 238, 1087, 1084, 33, 9.06%, 0, 0, 3, 7.23
1747781971, 0, 239, 1087, 1084, 33, 9.06%, 0, 0, 3, 7.22
1747781982, 0, 240, 1087, 1084, 33, 9.06%, 0, 0, 3, 6.09
1747781988, 0, 240, 1088, 1085, 33, 9.06%, 0, 0, 3, 4.28
1747782003, 0, 242, 1088, 1085, 33, 9.06%, 0, 0, 3, 6.74
1747782014, 0, 244, 1088, 1085, 33, 9.06%, 0, 0, 3, 7.00
1747782019, 0, 245, 1088, 1085, 33, 9.06%, 0, 0, 3, 8.00
1747782029, 0, 246, 1088, 1085, 33, 9.06%, 0, 0, 3, 6.34
1747782035, 0, 249, 1088, 1085, 33, 9.06%, 0, 0, 3, 8.52
1747782117, 0, 250, 1088, 1084, 33, 9.06%, 0, 0, 3, 1.20
1747782122, 0, 252, 1088, 1084, 33, 9.06%, 0, 0, 3, 8.45
1747782133, 0, 253, 1088, 1084, 33, 9.06%, 0, 0, 3, 8.17
1747782138, 0, 254, 1088, 1084, 33, 9.06%, 0, 0, 3, 10.24
1747782143, 0, 255, 1088, 1084, 33, 9.06%, 0, 0, 3, 9.19
1747782153, 0, 257, 1088, 1084, 33, 9.06%, 0, 0, 3, 7.66
1747782158, 0, 258, 1088, 1084, 33, 9.06%, 0, 0, 3, 7.47
1747782164, 0, 258, 1089, 1085, 33, 9.06%, 0, 0, 3, 1.57
1747782180, 0, 260, 1089, 1085, 33, 9.06%, 0, 0, 3, 7.67
1747782190, 0, 261, 1089, 1085, 33, 9.06%, 0, 0, 3, 6.65
1747782201, 0, 262, 1089, 1085, 33, 9.06%, 0, 0, 3, 6.66
1747782211, 0, 263, 1089, 1085, 33, 9.06%, 0, 0, 3, 6.00
1747782216, 0, 264, 1089, 1085, 33, 9.06%, 0, 0, 3, 7.19
1747782227, 0, 265, 1089, 1085, 33, 9.06%, 0, 0, 3, 6.81
1747782237, 0, 266, 1089, 1085, 33, 9.06%, 0, 0, 3, 6.44
1747782242, 0, 267, 1089, 1085, 33, 9.06%, 0, 0, 3, 7.22
1747782253, 0, 268, 1089, 1085, 33, 9.06%, 0, 0, 3, 7.56
1747782258, 0, 269, 1089, 1085, 33, 9.06%, 0, 0, 3, 7.40
1747782268, 0, 270, 1089, 1085, 33, 9.06%, 0, 0, 3, 6.21
1747782278, 0, 271, 1089, 1085, 33, 9.06%, 0, 0, 3, 7.81
1747782283, 0, 273, 1089, 1085, 33, 9.06%, 0, 0, 3, 7.81
1747782293, 0, 274, 1089, 1085, 33, 9.06%, 0, 0, 3, 6.30
1747782304, 0, 276, 1089, 1085, 33, 9.06%, 0, 0, 3, 6.81
1747782309, 0, 277, 1089, 1085, 33, 9.06%, 0, 0, 3, 7.70
1747782320, 0, 278, 1089, 1085, 33, 9.06%, 0, 0, 3, 7.33
1747782325, 0, 279, 1089, 1085, 33, 9.06%, 0, 0, 3, 7.50
1747782336, 0, 282, 1089, 1085, 33, 9.06%, 0, 0, 3, 6.49
1747782341, 0, 283, 1089, 1085, 33, 9.06%, 0, 0, 3, 7.63
1747782351, 0, 284, 1089, 1085, 33, 9.06%, 0, 0, 3, 2.42
1747782356, 0, 285, 1089, 1085, 33, 9.06%, 0, 0, 3, 9.95
1747782366, 0, 286, 1089, 1085, 33, 9.06%, 0, 0, 3, 6.90
1747782376, 0, 288, 1089, 1085, 33, 9.06%, 0, 0, 3, 6.55
1747782387, 0, 293, 1089, 1085, 33, 9.06%, 0, 0, 3, 6.86
1747782397, 0, 294, 1089, 1085, 33, 9.06%, 0, 0, 3, 10.50
1747782402, 0, 295, 1089, 1085, 33, 9.06%, 0, 0, 3, 7.63
1747782413, 0, 296, 1089, 1085, 33, 9.06%, 0, 0, 3, 6.94
1747782418, 0, 297, 1089, 1085, 33, 9.06%, 0, 0, 3, 7.48
1747782428, 0, 298, 1089, 1085, 33, 9.06%, 0, 0, 3, 7.59
1747782433, 0, 299, 1089, 1085, 33, 9.06%, 0, 0, 3, 7.36
1747782438, 0, 300, 1089, 1085, 33, 9.06%, 0, 0, 3, 7.85
1747782449, 0, 301, 1089, 1085, 33, 9.06%, 0, 0, 3, 4.59
1747782460, 0, 302, 1089, 1085, 33, 9.06%, 0, 0, 3, 6.81
1747782470, 0, 303, 1089, 1085, 33, 9.06%, 0, 0, 3, 7.37
1747782475, 0, 304, 1089, 1085, 33, 9.06%, 0, 0, 3, 7.77
1747782486, 0, 306, 1089, 1085, 33, 9.06%, 0, 0, 3, 6.99
1747782496, 0, 308, 1089, 1085, 33, 9.06%, 0, 0, 3, 6.47
1747782501, 0, 309, 1089, 1085, 33, 9.06%, 0, 0, 3, 7.17
1747782511, 0, 310, 1089, 1085, 33, 9.06%, 0, 0, 3, 7.02
1747782517, 0, 311, 1089, 1085, 33, 9.06%, 0, 0, 3, 7.45
1747782527, 0, 312, 1089, 1085, 33, 9.06%, 0, 0, 3, 7.02
1747782532, 0, 313, 1089, 1085, 33, 9.06%, 0, 0, 3, 7.28
1747782543, 0, 314, 1089, 1085, 33, 9.06%, 0, 0, 3, 7.71
1747782548, 0, 316, 1089, 1085, 33, 9.06%, 0, 0, 3, 7.84
1747782558, 0, 317, 1089, 1085, 33, 9.06%, 0, 0, 3, 8.40
1747782563, 0, 319, 1089, 1085, 33, 9.06%, 0, 0, 3, 7.37
1747782574, 0, 320, 1089, 1085, 33, 9.06%, 0, 0, 3, 7.63
1747782584, 0, 321, 1089, 1085, 33, 9.06%, 0, 0, 3, 6.71
1747782595, 0, 322, 1089, 1085, 33, 9.06%, 0, 0, 3, 5.90
1747782600, 0, 324, 1089, 1085, 33, 9.06%, 0, 0, 3, 7.47
1747782610, 0, 325, 1089, 1085, 33, 9.06%, 0, 0, 3, 7.04
1747782615, 0, 325, 1090, 1086, 33, 9.06%, 0, 0, 3, 5.62
1747782631, 0, 326, 1090, 1086, 33, 9.06%, 0, 0, 3, 6.80
1747782636, 0, 327, 1090, 1086, 33, 9.06%, 0, 0, 3, 7.25
1747782647, 0, 328, 1090, 1086, 33, 9.06%, 0, 0, 3, 6.98
1747782652, 0, 328, 1091, 1087, 33, 9.06%, 0, 0, 3, 1.30
1747782668, 0, 329, 1091, 1087, 33, 9.06%, 0, 0, 3, 8.09
1747782673, 0, 330, 1091, 1087, 33, 9.06%, 0, 0, 3, 7.22
1747782684, 0, 331, 1091, 1087, 33, 9.06%, 0, 0, 3, 7.49
1747782689, 0, 332, 1091, 1087, 33, 9.06%, 0, 0, 3, 7.25
1747782700, 0, 333, 1091, 1087, 33, 9.06%, 0, 0, 3, 7.25
1747782710, 0, 334, 1091, 1087, 33, 9.06%, 0, 0, 3, 6.68
1747782715, 0, 336, 1091, 1087, 33, 9.06%, 0, 0, 3, 6.63
1747782726, 0, 336, 1092, 1088, 33, 9.06%, 0, 0, 3, 4.81
1747782742, 0, 337, 1092, 1088, 33, 9.06%, 0, 0, 3, 7.78
1747782747, 0, 338, 1092, 1088, 33, 9.06%, 0, 0, 3, 1.47
1747782757, 0, 339, 1092, 1088, 33, 9.06%, 0, 0, 3, 7.44
1747782763, 0, 340, 1092, 1088, 33, 9.06%, 0, 0, 3, 6.97
1747782773, 0, 341, 1092, 1088, 33, 9.06%, 0, 0, 3, 6.17
1747782783, 0, 342, 1092, 1088, 33, 9.06%, 0, 0, 3, 7.11
1747782793, 0, 343, 1092, 1088, 33, 9.06%, 0, 0, 3, 8.90
1747782798, 0, 344, 1092, 1088, 33, 9.06%, 0, 0, 3, 7.94
1747782804, 0, 345, 1092, 1088, 33, 9.06%, 0, 0, 3, 10.21
1747782809, 0, 345, 1093, 1089, 33, 9.08%, 0, 0, 3, 1.33
1747782815, 0, 345, 1094, 1090, 33, 9.08%, 0, 0, 3, 1.40
1747782825, 0, 345, 1095, 1091, 33, 9.08%, 0, 0, 3, 1.44
1747782846, 0, 345, 1096, 1092, 33, 9.08%, 0, 0, 3, 1.42
1747782882, 0, 345, 1097, 1093, 33, 9.11%, 0, 0, 3, 6.29
1747782892, 0, 345, 1098, 1094, 33, 9.11%, 0, 0, 3, 6.42
1747782902, 0, 345, 1099, 1095, 33, 9.11%, 0, 0, 3, 5.95
1747782928, 0, 345, 1100, 1096, 33, 9.11%, 0, 0, 3, 4.55
1747782960, 0, 345, 1101, 1097, 33, 9.11%, 0, 0, 3, 5.12
1747783069, 0, 345, 1102, 1098, 33, 9.11%, 0, 0, 3, 5.36
1747783090, 0, 345, 1103, 1099, 33, 9.11%, 0, 0, 3, 1.25
1747783106, 0, 345, 1104, 1100, 33, 9.11%, 0, 0, 3, 3.45
1747783149, 0, 346, 1104, 1100, 28, 9.11%, 0, 0, 3, 7.65
1747783159, 0, 349, 1104, 1100, 28, 9.11%, 0, 0, 3, 10.01
1747783169, 0, 350, 1104, 1100, 28, 9.11%, 0, 0, 3, 8.36
1747783175, 0, 350, 1105, 1101, 28, 9.11%, 0, 0, 3, 1.45
1747783191, 0, 351, 1105, 1101, 28, 9.11%, 0, 0, 3, 7.20
1747783196, 0, 352, 1105, 1101, 28, 9.11%, 0, 0, 3, 1.43
1747783207, 0, 353, 1106, 1102, 28, 9.11%, 0, 0, 3, 1.07
1747783228, 0, 353, 1107, 1103, 28, 9.11%, 0, 0, 3, 1.22
1747783245, 0, 353, 1108, 1104, 28, 9.11%, 0, 0, 3, 1.18
1747783271, 0, 353, 1109, 1105, 28, 9.11%, 0, 0, 3, 5.13
1747783276, 0, 353, 1110, 1106, 28, 9.16%, 0, 0, 3, 4.49
1747783292, 0, 353, 1111, 1107, 28, 9.16%, 0, 0, 3, 1.14
1747783334, 0, 353, 1112, 1108, 28, 9.16%, 0, 0, 3, 1.43
1747783344, 0, 353, 1113, 1109, 28, 9.16%, 0, 0, 3, 7.01
1747783350, 0, 353, 1114, 1110, 28, 9.16%, 0, 0, 3, 1.42
1747783375, 0, 353, 1115, 1111, 28, 9.16%, 0, 0, 3, 2.07
1747783465, 0, 353, 1116, 1112, 28, 9.16%, 0, 0, 3, 1.23
1747783491, 0, 353, 1117, 1113, 28, 9.16%, 0, 0, 3, 10.18
1747783524, 0, 353, 1118, 1114, 28, 9.16%, 0, 0, 3, 1.22
1747783567, 0, 353, 1119, 1115, 28, 9.16%, 0, 0, 3, 4.77
1747783573, 0, 353, 1119, 1115, 28, 9.16%, 0, 1, 3, 3.81
1747783583, 0, 353, 1120, 1116, 28, 9.19%, 0, 1, 3, 4.89
1747783593, 0, 355, 1120, 1116, 28, 9.19%, 0, 1, 3, 6.83
1747783598, 0, 355, 1121, 1117, 28, 9.19%, 0, 1, 3, 5.63
1747783614, 0, 356, 1121, 1117, 28, 9.19%, 0, 1, 3, 7.01
1747783625, 0, 357, 1122, 1118, 28, 9.19%, 0, 1, 3, 6.29
1747783641, 0, 357, 1123, 1119, 28, 9.19%, 0, 1, 3, 2.26
1747783677, 0, 358, 1123, 1119, 28, 9.19%, 0, 1, 3, 7.93
1747783682, 0, 359, 1123, 1119, 28, 9.19%, 0, 1, 3, 9.64
1747783693, 0, 360, 1123, 1119, 28, 9.19%, 0, 1, 3, 1.26
1747783698, 0, 360, 1125, 1121, 28, 9.19%, 0, 1, 3, 1.03
1747783741, 0, 362, 1126, 1122, 28, 9.19%, 0, 1, 3, 1.13
1747783766, 0, 363, 1126, 1122, 28, 9.19%, 0, 1, 3, 7.34
1747783772, 0, 364, 1126, 1122, 28, 9.19%, 0, 1, 3, 3.74
1747783782, 0, 365, 1126, 1122, 28, 9.19%, 0, 1, 3, 6.55
1747783792, 0, 366, 1126, 1122, 28, 9.19%, 0, 1, 3, 7.35
1747783797, 0, 367, 1126, 1122, 28, 9.19%, 0, 1, 3, 6.94
1747783808, 0, 368, 1126, 1122, 28, 9.19%, 0, 1, 3, 6.57
1747783818, 0, 369, 1126, 1122, 28, 9.19%, 0, 1, 3, 7.07
1747783823, 0, 370, 1126, 1122, 28, 9.19%, 0, 1, 3, 7.53
1747783834, 0, 371, 1126, 1122, 28, 9.19%, 0, 1, 3, 6.81
1747783844, 0, 372, 1126, 1122, 28, 9.19%, 0, 1, 3, 7.87
1747783850, 0, 373, 1126, 1122, 28, 9.19%, 0, 1, 3, 1.30
1747783860, 0, 374, 1126, 1122, 28, 9.19%, 0, 1, 3, 4.87
1747783870, 0, 375, 1126, 1122, 28, 9.19%, 0, 1, 3, 5.95
1747783881, 0, 377, 1126, 1122, 28, 9.19%, 0, 1, 3, 10.71
1747783886, 0, 378, 1126, 1122, 28, 9.19%, 0, 1, 3, 8.87
1747783897, 0, 380, 1126, 1122, 28, 9.19%, 0, 1, 3, 7.30
1747783908, 0, 381, 1126, 1122, 28, 9.19%, 0, 1, 3, 7.81
1747783913, 0, 383, 1126, 1122, 28, 9.19%, 0, 1, 3, 7.65
1747783923, 0, 384, 1126, 1122, 28, 9.19%, 0, 1, 3, 8.13
1747783928, 0, 384, 1127, 1123, 28, 9.19%, 0, 1, 3, 6.02
1747783938, 0, 385, 1127, 1123, 28, 9.19%, 0, 1, 3, 7.07
1747783949, 0, 386, 1127, 1123, 28, 9.19%, 0, 1, 3, 7.33
1747783959, 0, 389, 1127, 1123, 28, 9.19%, 0, 1, 3, 4.11
1747783965, 0, 391, 1127, 1123, 28, 9.19%, 0, 1, 3, 6.67
1747783975, 0, 392, 1127, 1123, 28, 9.19%, 0, 1, 3, 7.77
1747783980, 0, 393, 1127, 1123, 28, 9.19%, 0, 1, 3, 1.97
1747783991, 0, 394, 1127, 1123, 28, 9.19%, 0, 1, 3, 8.82
1747784001, 0, 395, 1127, 1123, 28, 9.19%, 0, 1, 3, 6.88
1747784011, 0, 396, 1127, 1123, 28, 9.19%, 0, 1, 3, 8.50
1747784016, 0, 398, 1127, 1123, 28, 9.19%, 0, 1, 3, 8.05
1747784027, 0, 399, 1127, 1123, 28, 9.19%, 0, 1, 3, 6.99
1747784032, 0, 399, 1128, 1124, 28, 9.19%, 0, 1, 3, 1.20
1747784053, 0, 400, 1128, 1124, 28, 9.19%, 0, 1, 3, 4.85
1747784058, 0, 402, 1128, 1124, 28, 9.19%, 0, 1, 3, 1.29
1747784069, 0, 403, 1128, 1124, 28, 9.19%, 0, 1, 3, 6.60
1747784079, 0, 404, 1128, 1124, 28, 9.19%, 0, 1, 3, 1.24
1747784090, 0, 405, 1128, 1124, 28, 9.19%, 0, 1, 3, 6.78
1747784095, 0, 406, 1128, 1124, 28, 9.19%, 0, 1, 3, 7.42
1747784105, 0, 407, 1128, 1124, 28, 9.19%, 0, 1, 3, 6.79
1747784111, 0, 407, 1129, 1125, 28, 9.19%, 0, 1, 3, 1.17
1747784131, 0, 409, 1129, 1125, 28, 9.19%, 0, 1, 3, 10.32
1747784142, 0, 410, 1130, 1126, 28, 9.44%, 0, 1, 3, 1.48
1747784163, 0, 412, 1131, 1127, 27, 9.44%, 0, 1, 3, 5.51
1747784184, 0, 413, 1131, 1127, 27, 9.44%, 0, 1, 3, 5.94
1747784195, 0, 414, 1131, 1127, 27, 9.44%, 0, 1, 3, 6.95
1747784205, 0, 415, 1131, 1127, 27, 9.44%, 0, 1, 3, 6.35
1747784211, 0, 416, 1131, 1127, 27, 9.44%, 0, 1, 3, 7.33
1747784221, 0, 417, 1131, 1127, 27, 9.44%, 0, 1, 3, 6.21
1747784231, 0, 418, 1131, 1127, 27, 9.44%, 0, 1, 3, 6.89
1747784242, 0, 419, 1131, 1127, 27, 9.44%, 0, 1, 3, 7.31
1747784247, 0, 420, 1131, 1127, 27, 9.44%, 0, 1, 3, 9.32
1747784257, 0, 421, 1131, 1127, 27, 9.44%, 0, 1, 3, 6.49
1747784263, 0, 422, 1131, 1127, 27, 9.44%, 0, 1, 3, 1.36
1747784273, 0, 423, 1131, 1127, 27, 9.44%, 0, 1, 3, 1.38
1747784278, 0, 423, 1132, 1128, 27, 9.44%, 0, 1, 3, 1.58
1747784300, 0, 424, 1132, 1128, 27, 9.44%, 0, 1, 3, 6.84
1747784305, 0, 426, 1132, 1128, 27, 9.44%, 0, 1, 3, 6.56
1747784316, 0, 427, 1132, 1128, 27, 9.44%, 0, 1, 3, 7.45
1747784321, 0, 427, 1133, 1129, 27, 9.44%, 0, 1, 3, 1.37
1747784341, 0, 428, 1133, 1129, 27, 9.44%, 0, 1, 3, 4.75
1747784352, 0, 429, 1133, 1129, 27, 9.44%, 0, 1, 3, 6.65
1747784362, 0, 430, 1133, 1129, 27, 9.44%, 0, 1, 3, 8.71
1747784367, 0, 431, 1133, 1129, 27, 9.44%, 0, 1, 3, 8.17
1747784378, 0, 431, 1134, 1130, 27, 9.44%, 0, 1, 3, 1.21
1747784383, 0, 431, 1135, 1131, 27, 9.44%, 0, 1, 3, 1.70
1747784419, 0, 432, 1135, 1131, 27, 9.44%, 0, 1, 3, 9.45
1747784425, 0, 433, 1135, 1131, 27, 9.44%, 0, 1, 3, 2.40
1747784435, 0, 434, 1135, 1131, 27, 9.44%, 0, 1, 3, 6.61
1747784445, 0, 435, 1135, 1131, 27, 9.44%, 0, 1, 3, 9.46
1747784450, 0, 436, 1135, 1131, 27, 9.44%, 0, 1, 3, 5.16
1747784461, 0, 437, 1135, 1131, 27, 9.44%, 0, 1, 3, 1.31
1747784466, 0, 438, 1135, 1131, 27, 9.44%, 0, 1, 3, 6.74
1747784477, 0, 439, 1135, 1131, 27, 9.44%, 0, 1, 3, 1.06
1747784487, 0, 440, 1135, 1131, 27, 9.44%, 0, 1, 3, 5.66
1747784497, 0, 442, 1135, 1131, 27, 9.44%, 0, 1, 3, 6.77
1747784508, 0, 443, 1135, 1131, 27, 9.44%, 0, 1, 3, 6.96
1747784513, 0, 444, 1135, 1131, 27, 9.44%, 0, 1, 3, 6.65
1747784523, 0, 446, 1136, 1132, 27, 9.44%, 0, 1, 3, 8.15
1747784539, 0, 448, 1136, 1132, 27, 9.44%, 0, 1, 3, 6.62
1747784549, 0, 450, 1136, 1132, 27, 9.44%, 0, 1, 3, 6.89
1747784554, 0, 453, 1136, 1132, 27, 9.44%, 0, 1, 3, 7.57
1747784565, 0, 454, 1136, 1132, 27, 9.44%, 0, 1, 3, 5.96
1747784575, 0, 455, 1136, 1132, 27, 9.44%, 0, 1, 3, 6.09
1747784585, 0, 456, 1136, 1132, 27, 9.44%, 0, 1, 3, 6.61
1747784596, 0, 457, 1136, 1132, 27, 9.44%, 0, 1, 3, 9.52
1747784607, 0, 457, 1137, 1133, 27, 9.44%, 0, 1, 3, 2.01
1747784617, 0, 457, 1138, 1134, 27, 9.44%, 0, 1, 3, 4.99
1747784632, 0, 457, 1139, 1135, 27, 9.44%, 0, 1, 3, 6.64
1747784648, 0, 457, 1140, 1136, 27, 9.44%, 0, 1, 3, 5.19
1747784674, 0, 457, 1141, 1137, 27, 9.44%, 0, 1, 3, 1.04
1747784768, 0, 457, 1142, 1138, 27, 9.44%, 0, 1, 3, 6.12
1747784915, 0, 458, 1142, 1138, 28, 9.44%, 0, 1, 3, 7.48
1747784925, 0, 459, 1142, 1138, 28, 9.44%, 0, 1, 3, 1.35
1747784931, 0, 461, 1142, 1138, 28, 9.44%, 0, 1, 3, 8.46
1747784942, 0, 462, 1142, 1138, 28, 9.44%, 0, 1, 3, 1.38
1747784952, 0, 463, 1142, 1138, 28, 9.44%, 0, 1, 3, 7.58
1747784957, 0, 464, 1142, 1138, 28, 9.44%, 0, 1, 3, 6.14
1747784968, 0, 465, 1142, 1138, 28, 9.44%, 0, 1, 3, 6.13
1747784974, 0, 466, 1142, 1138, 28, 9.44%, 0, 1, 3, 7.61
1747784984, 0, 467, 1142, 1138, 28, 9.44%, 0, 1, 3, 9.38
1747784989, 0, 468, 1142, 1138, 28, 9.44%, 0, 1, 3, 8.09
1747785000, 0, 469, 1142, 1138, 28, 9.44%, 0, 1, 3, 1.56
1747785005, 0, 470, 1142, 1138, 28, 9.44%, 0, 1, 3, 9.26
1747785016, 0, 471, 1142, 1138, 28, 9.44%, 0, 1, 3, 8.12
1747785026, 0, 472, 1142, 1138, 28, 9.44%, 0, 1, 3, 7.59
1747785032, 0, 472, 1143, 1139, 28, 9.44%, 0, 1, 3, 1.09
1747785052, 0, 473, 1143, 1139, 28, 9.44%, 0, 1, 3, 5.65
1747785062, 0, 474, 1143, 1139, 28, 9.44%, 0, 1, 3, 6.67
1747785068, 0, 475, 1143, 1139, 28, 9.44%, 0, 1, 3, 7.21
1747785078, 0, 476, 1143, 1139, 28, 9.44%, 0, 1, 3, 8.46
1747785088, 0, 477, 1143, 1139, 28, 9.44%, 0, 1, 3, 5.85
1747785093, 0, 479, 1143, 1139, 28, 9.44%, 0, 1, 3, 6.30
1747785103, 0, 480, 1143, 1139, 28, 9.44%, 0, 1, 3, 6.66
1747785113, 0, 481, 1143, 1139, 28, 9.44%, 0, 1, 3, 1.06
1747785124, 0, 484, 1143, 1139, 28, 9.44%, 0, 1, 3, 1.98
1747785135, 0, 485, 1143, 1139, 28, 9.44%, 0, 1, 3, 1.20
1747785140, 0, 486, 1143, 1139, 28, 9.44%, 0, 1, 3, 7.18
1747785151, 0, 487, 1143, 1139, 28, 9.44%, 0, 1, 3, 5.71
1747785161, 0, 488, 1143, 1139, 28, 9.44%, 0, 1, 3, 6.26
1747785172, 0, 489, 1143, 1139, 28, 9.44%, 0, 1, 3, 7.02
1747785182, 0, 490, 1143, 1139, 28, 9.44%, 0, 1, 3, 8.55
1747785187, 0, 491, 1143, 1139, 28, 9.44%, 0, 1, 3, 7.55
1747785197, 0, 492, 1143, 1139, 28, 9.44%, 0, 1, 3, 7.85
1747785202, 0, 493, 1143, 1139, 28, 9.44%, 0, 1, 3, 7.31
1747785213, 0, 494, 1143, 1139, 28, 9.44%, 0, 1, 3, 6.99
1747785218, 0, 496, 1143, 1139, 28, 9.44%, 0, 1, 3, 7.32
1747785229, 0, 497, 1144, 1140, 28, 9.45%, 0, 1, 3, 7.04
1747785249, 0, 498, 1144, 1140, 29, 9.45%, 0, 1, 3, 7.68
1747785260, 0, 499, 1145, 1141, 29, 9.45%, 0, 1, 3, 8.01
1747785275, 0, 501, 1145, 1141, 29, 9.45%, 0, 1, 3, 5.14
1747785286, 0, 502, 1145, 1141, 29, 9.45%, 0, 1, 3, 6.60
1747785297, 0, 503, 1145, 1141, 29, 9.45%, 0, 1, 3, 6.54
1747785307, 0, 504, 1145, 1141, 29, 9.45%, 0, 1, 3, 6.89
1747785317, 0, 505, 1145, 1141, 29, 9.45%, 0, 1, 3, 7.02
1747785322, 0, 506, 1145, 1141, 29, 9.45%, 0, 1, 3, 10.37
1747785332, 0, 507, 1145, 1141, 29, 9.45%, 0, 1, 3, 1.29
1747785343, 0, 508, 1145, 1141, 29, 9.45%, 0, 1, 3, 9.09
1747785353, 0, 510, 1146, 1142, 29, 9.45%, 0, 1, 3, 1.91
1747785380, 0, 511, 1146, 1142, 29, 9.45%, 0, 1, 3, 2.02
1747785390, 0, 512, 1146, 1142, 29, 9.45%, 0, 1, 3, 7.56
1747785396, 0, 514, 1146, 1142, 29, 9.45%, 0, 1, 3, 7.26
1747785406, 0, 515, 1146, 1142, 29, 9.45%, 0, 1, 3, 10.21
1747785417, 0, 517, 1146, 1142, 29, 9.45%, 0, 1, 3, 8.21
1747785428, 0, 517, 1147, 1143, 29, 9.45%, 0, 1, 3, 1.29
1747785444, 0, 518, 1147, 1143, 29, 9.45%, 0, 1, 3, 7.58
1747785454, 0, 519, 1147, 1143, 29, 9.45%, 0, 1, 3, 7.62
1747785465, 0, 520, 1147, 1143, 29, 9.45%, 0, 1, 3, 7.55
1747785470, 0, 521, 1147, 1143, 29, 9.45%, 0, 1, 3, 6.88
1747785480, 0, 522, 1147, 1143, 29, 9.45%, 0, 1, 3, 9.18
1747785491, 0, 523, 1147, 1143, 29, 9.45%, 0, 1, 3, 9.59
1747785501, 0, 525, 1147, 1143, 29, 9.45%, 0, 1, 3, 1.06
1747785507, 0, 526, 1147, 1143, 29, 9.45%, 0, 1, 3, 5.14
1747785517, 0, 529, 1147, 1143, 29, 9.45%, 0, 1, 3, 6.43
1747785527, 0, 530, 1147, 1143, 29, 9.45%, 0, 1, 3, 5.75
1747785532, 0, 531, 1147, 1143, 29, 9.45%, 0, 1, 3, 6.88
1747785543, 0, 532, 1147, 1143, 29, 9.45%, 0, 1, 3, 3.75
1747785553, 0, 533, 1147, 1143, 29, 9.45%, 0, 1, 3, 6.76
1747785563, 0, 534, 1147, 1143, 29, 9.45%, 0, 1, 3, 11.28
1747785568, 0, 535, 1147, 1143, 29, 9.45%, 0, 1, 3, 5.51
1747785579, 0, 536, 1147, 1143, 29, 9.45%, 0, 1, 3, 7.58
1747785590, 0, 537, 1147, 1143, 29, 9.45%, 0, 1, 3, 8.38
1747785600, 0, 539, 1147, 1143, 29, 9.45%, 0, 1, 3, 1.48
1747785605, 0, 540, 1147, 1143, 29, 9.45%, 0, 1, 3, 7.89
1747785616, 0, 540, 1148, 1144, 29, 9.45%, 0, 1, 3, 1.57
1747785638, 0, 541, 1148, 1144, 29, 9.45%, 0, 1, 3, 7.33
1747785643, 0, 546, 1148, 1144, 29, 9.45%, 0, 1, 3, 6.98
1747785654, 0, 547, 1148, 1144, 29, 9.45%, 0, 1, 3, 7.37
1747785664, 0, 548, 1148, 1144, 29, 9.45%, 0, 1, 3, 7.57
1747785670, 0, 549, 1148, 1144, 29, 9.45%, 0, 1, 3, 6.23
1747785680, 0, 549, 1149, 1145, 29, 9.45%, 0, 1, 3, 4.17
1747785696, 0, 551, 1149, 1145, 29, 9.45%, 0, 1, 3, 7.04
1747785701, 0, 553, 1149, 1145, 29, 9.45%, 0, 1, 3, 11.34
1747785711, 0, 553, 1150, 1146, 29, 9.45%, 0, 1, 3, 7.49
1747785721, 0, 554, 1150, 1146, 30, 9.45%, 0, 1, 3, 6.26
1747785732, 0, 555, 1150, 1146, 30, 9.45%, 0, 1, 3, 6.48
1747785743, 0, 556, 1150, 1146, 30, 9.45%, 0, 1, 3, 7.15
1747785748, 0, 557, 1150, 1146, 30, 9.45%, 0, 1, 3, 6.69
1747785758, 0, 559, 1150, 1146, 30, 9.45%, 0, 1, 3, 6.14
1747785768, 0, 560, 1150, 1146, 30, 9.45%, 0, 1, 3, 5.56
1747785779, 0, 561, 1150, 1146, 30, 9.45%, 0, 1, 3, 7.37
1747785790, 0, 562, 1150, 1146, 30, 9.45%, 0, 1, 3, 1.41
1747785801, 0, 563, 1150, 1146, 30, 9.45%, 0, 1, 3, 6.23
1747785806, 0, 564, 1150, 1146, 30, 9.45%, 0, 1, 3, 11.11
1747785817, 0, 565, 1150, 1146, 30, 9.45%, 0, 1, 3, 8.16
1747785828, 0, 566, 1150, 1146, 30, 9.45%, 0, 1, 3, 6.41
1747785838, 0, 567, 1150, 1146, 30, 9.45%, 0, 1, 3, 6.20
1747785844, 0, 568, 1151, 1147, 30, 9.45%, 0, 1, 3, 1.53
1747785865, 0, 571, 1151, 1147, 31, 9.45%, 0, 1, 3, 1.34
1747785875, 0, 572, 1151, 1147, 31, 9.45%, 0, 1, 3, 7.32
1747785886, 0, 573, 1151, 1147, 31, 9.45%, 0, 1, 3, 7.83
1747785891, 0, 574, 1151, 1147, 31, 9.45%, 0, 1, 3, 9.25
1747785901, 0, 575, 1151, 1147, 31, 9.45%, 0, 1, 3, 13.33
1747785912, 0, 576, 1151, 1147, 31, 9.45%, 0, 1, 3, 9.84
1747785922, 0, 577, 1151, 1147, 31, 9.45%, 0, 1, 3, 6.65
1747785927, 0, 578, 1151, 1147, 31, 9.45%, 0, 1, 3, 1.35
1747785938, 0, 579, 1151, 1147, 31, 9.45%, 0, 1, 3, 1.31
1747785949, 0, 580, 1151, 1147, 31, 9.45%, 0, 1, 3, 5.78
1747785955, 0, 581, 1151, 1147, 31, 9.45%, 0, 1, 3, 7.00
1747785965, 0, 583, 1151, 1147, 31, 9.45%, 0, 1, 3, 6.82
1747785975, 0, 584, 1151, 1147, 31, 9.45%, 0, 1, 3, 8.14
1747785980, 0, 587, 1151, 1147, 31, 9.45%, 0, 1, 3, 6.93
1747785991, 0, 588, 1151, 1147, 31, 9.45%, 0, 1, 3, 2.53
1747786001, 0, 589, 1151, 1147, 31, 9.45%, 0, 1, 3, 6.52
1747786012, 0, 590, 1151, 1147, 31, 9.45%, 0, 1, 3, 6.69
1747786017, 0, 591, 1151, 1147, 31, 9.45%, 0, 1, 3, 8.31
1747786028, 0, 592, 1151, 1147, 31, 9.45%, 0, 1, 3, 1.21
1747786033, 0, 593, 1151, 1147, 31, 9.45%, 0, 1, 3, 8.22
1747786043, 0, 594, 1151, 1147, 31, 9.45%, 0, 1, 3, 8.58
1747786054, 0, 596, 1151, 1147, 31, 9.45%, 0, 1, 3, 6.83
1747786064, 0, 597, 1151, 1147, 31, 9.45%, 0, 1, 3, 7.05
1747786069, 0, 598, 1151, 1147, 31, 9.45%, 0, 1, 3, 6.63
1747786080, 0, 599, 1151, 1147, 31, 9.45%, 0, 1, 3, 8.92
1747786085, 0, 600, 1151, 1147, 31, 9.45%, 0, 1, 3, 8.91
1747786096, 0, 601, 1151, 1147, 31, 9.45%, 0, 1, 3, 5.77
1747786106, 0, 602, 1151, 1147, 31, 9.45%, 0, 1, 3, 8.99
1747786111, 0, 603, 1151, 1147, 31, 9.45%, 0, 1, 3, 7.41
1747786122, 0, 604, 1152, 1148, 31, 9.45%, 0, 1, 3, 1.04
1747786149, 0, 606, 1152, 1148, 31, 9.45%, 0, 1, 3, 6.86
1747786154, 0, 608, 1152, 1148, 31, 9.45%, 0, 1, 3, 9.46
1747786165, 0, 609, 1152, 1148, 31, 9.45%, 0, 1, 3, 1.37
1747786175, 0, 612, 1152, 1148, 31, 9.45%, 0, 1, 3, 6.05
1747786185, 0, 613, 1152, 1148, 31, 9.45%, 0, 1, 3, 7.50
1747786190, 0, 614, 1152, 1148, 31, 9.45%, 0, 1, 3, 9.62
1747786201, 0, 616, 1152, 1148, 31, 9.45%, 0, 1, 3, 7.85
1747786206, 0, 617, 1152, 1148, 31, 9.45%, 0, 1, 3, 7.28
1747786217, 0, 618, 1152, 1148, 31, 9.45%, 0, 1, 3, 1.49
1747786227, 0, 619, 1152, 1148, 31, 9.45%, 0, 1, 3, 5.18
1747786232, 0, 619, 1153, 1149, 31, 9.45%, 0, 1, 3, 5.40
1747786248, 0, 620, 1153, 1149, 31, 9.45%, 0, 1, 3, 5.54
1747786258, 0, 622, 1153, 1149, 31, 9.45%, 0, 1, 3, 7.64
1747786270, 0, 623, 1153, 1149, 31, 9.45%, 0, 1, 3, 6.62
1747786280, 0, 624, 1153, 1149, 31, 9.45%, 0, 1, 3, 7.08
1747786285, 0, 626, 1153, 1149, 31, 9.45%, 0, 1, 3, 6.88
1747786296, 0, 627, 1153, 1149, 31, 9.45%, 0, 1, 3, 3.24
1747786307, 0, 627, 1154, 1150, 31, 9.45%, 0, 1, 3, 4.28
1747786322, 0, 628, 1154, 1150, 31, 9.45%, 0, 1, 3, 4.94
1747786333, 0, 629, 1154, 1150, 31, 9.45%, 0, 1, 3, 6.49
1747786343, 0, 631, 1154, 1150, 31, 9.45%, 0, 1, 3, 6.67
1747786348, 0, 631, 1155, 1151, 31, 9.45%, 0, 1, 3, 6.23
1747786369, 0, 632, 1155, 1151, 31, 9.45%, 0, 1, 3, 8.44
1747786374, 0, 633, 1155, 1151, 31, 9.45%, 0, 1, 3, 12.40
1747786390, 0, 634, 1155, 1151, 31, 9.45%, 0, 1, 3, 7.18
1747786400, 0, 635, 1155, 1151, 31, 9.45%, 0, 1, 3, 1.11
1747786406, 0, 638, 1155, 1151, 31, 9.45%, 0, 1, 3, 6.09
1747786416, 0, 639, 1155, 1151, 31, 9.45%, 0, 1, 3, 6.48
1747786426, 0, 640, 1155, 1151, 31, 9.45%, 0, 1, 3, 9.06
1747786437, 0, 642, 1155, 1151, 31, 9.45%, 0, 1, 3, 9.64
1747786447, 0, 643, 1155, 1151, 31, 9.45%, 0, 1, 3, 9.47
1747786452, 0, 644, 1155, 1151, 31, 9.45%, 0, 1, 3, 11.43
1747786462, 0, 645, 1155, 1151, 31, 9.45%, 0, 1, 3, 7.99
1747786473, 0, 646, 1155, 1151, 31, 9.45%, 0, 1, 3, 9.52
1747786483, 0, 647, 1155, 1151, 31, 9.45%, 0, 1, 3, 8.15
1747786494, 0, 648, 1155, 1151, 31, 9.45%, 0, 1, 3, 8.53
1747786499, 0, 649, 1155, 1151, 31, 9.45%, 0, 1, 3, 7.34
1747786509, 0, 650, 1155, 1151, 31, 9.45%, 0, 1, 3, 7.06
1747786520, 0, 651, 1155, 1151, 31, 9.45%, 0, 1, 3, 6.98
1747786531, 0, 652, 1155, 1151, 31, 9.45%, 0, 1, 3, 7.71
1747786541, 0, 653, 1155, 1151, 31, 9.45%, 0, 1, 3, 6.81
1747786547, 0, 654, 1155, 1151, 31, 9.45%, 0, 1, 3, 5.99
1747786557, 0, 655, 1155, 1151, 31, 9.45%, 0, 2, 3, 7.81
1747786567, 0, 656, 1155, 1151, 31, 9.45%, 0, 2, 3, 1.34
1747786578, 0, 658, 1155, 1151, 31, 9.45%, 0, 2, 3, 5.42
1747786588, 0, 660, 1155, 1151, 31, 9.45%, 0, 2, 3, 6.48
1747786598, 0, 661, 1155, 1151, 31, 9.45%, 0, 2, 3, 6.59
1747786609, 0, 662, 1155, 1151, 31, 9.45%, 0, 2, 3, 1.60
1747786620, 0, 663, 1155, 1151, 31, 9.45%, 0, 2, 3, 4.11
1747786630, 0, 666, 1156, 1152, 31, 9.45%, 0, 2, 3, 7.16
1747786658, 0, 667, 1156, 1152, 31, 9.45%, 0, 2, 3, 5.82
1747786663, 0, 668, 1156, 1152, 31, 9.45%, 0, 2, 3, 6.84
1747786674, 0, 671, 1156, 1152, 31, 9.45%, 0, 2, 3, 10.68
1747786685, 0, 672, 1156, 1152, 31, 9.45%, 0, 2, 3, 2.82
1747786690, 0, 672, 1157, 1153, 31, 9.45%, 0, 2, 3, 4.32
1747786712, 0, 675, 1157, 1153, 31, 9.45%, 0, 2, 3, 5.67
1747786722, 0, 676, 1157, 1153, 31, 9.45%, 0, 2, 3, 12.26
1747786732, 0, 677, 1157, 1153, 31, 9.45%, 0, 2, 3, 1.25
1747786743, 0, 678, 1157, 1153, 31, 9.45%, 0, 2, 3, 5.18
1747786753, 0, 679, 1157, 1153, 31, 9.45%, 1, 2, 3, 6.60
1747786759, 0, 680, 1157, 1153, 31, 9.45%, 1, 2, 3, 6.72
1747786774, 0, 681, 1157, 1153, 31, 9.45%, 1, 2, 3, 2.70
1747786780, 0, 683, 1157, 1153, 31, 9.45%, 1, 2, 3, 5.09
1747786790, 0, 684, 1157, 1153, 31, 9.45%, 1, 2, 3, 6.83
1747786801, 0, 685, 1157, 1153, 31, 9.45%, 1, 2, 3, 2.98
1747786807, 0, 686, 1157, 1153, 31, 9.45%, 1, 2, 3, 4.44
1747786823, 0, 687, 1157, 1153, 31, 9.45%, 1, 2, 3, 6.44
1747786828, 0, 688, 1157, 1153, 31, 9.45%, 1, 2, 3, 6.90
1747786839, 0, 689, 1157, 1153, 31, 9.45%, 1, 2, 3, 11.65
1747786849, 0, 690, 1157, 1153, 31, 9.45%, 1, 2, 3, 6.13
1747786855, 0, 691, 1157, 1153, 31, 9.45%, 1, 2, 3, 8.17
1747786865, 0, 692, 1157, 1153, 31, 9.45%, 1, 2, 3, 6.80
1747786876, 0, 696, 1157, 1153, 31, 9.45%, 1, 2, 3, 3.69
1747786886, 0, 697, 1157, 1153, 31, 9.45%, 1, 2, 3, 5.80
1747786897, 0, 699, 1157, 1153, 31, 9.45%, 1, 2, 3, 4.98
1747786908, 0, 701, 1157, 1153, 31, 9.45%, 1, 2, 3, 5.89
1747786918, 0, 702, 1157, 1153, 31, 9.45%, 1, 2, 3, 6.32
1747786929, 0, 703, 1157, 1153, 31, 9.45%, 1, 2, 3, 6.43
1747786934, 0, 704, 1157, 1153, 31, 9.45%, 1, 2, 3, 6.75
1747786945, 0, 705, 1157, 1153, 31, 9.45%, 1, 2, 3, 1.56
1747786955, 0, 706, 1157, 1153, 31, 9.45%, 1, 2, 3, 5.38
1747786965, 0, 707, 1157, 1153, 31, 9.45%, 1, 2, 3, 6.43
1747786970, 0, 708, 1157, 1153, 31, 9.45%, 1, 2, 3, 6.59
1747786981, 0, 709, 1157, 1153, 31, 9.45%, 1, 2, 3, 1.20
1747786991, 0, 711, 1157, 1153, 31, 9.45%, 1, 2, 3, 8.88
1747787002, 0, 713, 1157, 1153, 31, 9.45%, 1, 2, 3, 7.47
1747787008, 0, 714, 1157, 1153, 31, 9.45%, 1, 2, 3, 6.83
1747787018, 0, 715, 1157, 1153, 31, 9.45%, 1, 2, 3, 5.91
1747787028, 0, 716, 1157, 1153, 31, 9.45%, 1, 2, 3, 6.28
1747787044, 0, 717, 1157, 1153, 31, 9.45%, 1, 2, 3, 4.89
1747787054, 0, 720, 1157, 1153, 31, 9.45%, 1, 2, 3, 5.47
1747787060, 0, 721, 1157, 1153, 31, 9.45%, 1, 2, 3, 6.78
1747787070, 0, 722, 1157, 1153, 31, 9.45%, 1, 2, 3, 4.23
1747787081, 0, 723, 1157, 1153, 31, 9.45%, 1, 2, 3, 9.95
1747787091, 0, 724, 1157, 1153, 31, 9.45%, 1, 2, 3, 1.15
1747787102, 0, 726, 1157, 1153, 31, 9.45%, 1, 2, 3, 8.03
1747787112, 0, 727, 1157, 1153, 31, 9.45%, 1, 2, 3, 6.91
1747787118, 0, 728, 1157, 1153, 31, 9.45%, 1, 2, 3, 7.26
1747787129, 0, 729, 1157, 1153, 31, 9.45%, 1, 2, 3, 6.84
1747787139, 0, 730, 1157, 1153, 31, 9.45%, 1, 2, 3, 4.84
1747787144, 0, 732, 1157, 1153, 31, 9.45%, 1, 2, 3, 5.23
1747787154, 0, 733, 1157, 1153, 31, 9.45%, 1, 2, 3, 6.35
1747787165, 0, 734, 1157, 1153, 31, 9.45%, 1, 2, 3, 5.43
1747787175, 0, 735, 1157, 1153, 31, 9.45%, 1, 2, 3, 6.06
1747787186, 0, 736, 1157, 1153, 31, 9.45%, 1, 2, 3, 6.13
1747787197, 0, 737, 1157, 1153, 31, 9.45%, 1, 2, 3, 9.05
1747787207, 0, 738, 1157, 1153, 31, 9.45%, 1, 2, 3, 8.94
1747787213, 0, 739, 1157, 1153, 31, 9.45%, 1, 2, 3, 1.22
1747787223, 0, 741, 1157, 1153, 31, 9.45%, 1, 2, 3, 1.06
1747787234, 0, 743, 1157, 1153, 31, 9.45%, 1, 2, 3, 7.33
1747787245, 0, 744, 1157, 1153, 31, 9.45%, 1, 2, 3, 1.37
1747787255, 0, 745, 1157, 1153, 31, 9.45%, 1, 2, 3, 4.97
1747787266, 0, 746, 1157, 1153, 31, 9.45%, 1, 2, 3, 5.60
1747787276, 0, 747, 1157, 1153, 31, 9.45%, 1, 2, 3, 5.76
1747787282, 0, 748, 1157, 1153, 31, 9.45%, 1, 2, 3, 6.44
1747787293, 0, 749, 1157, 1153, 31, 9.45%, 1, 2, 3, 7.56
1747787304, 0, 750, 1157, 1153, 31, 9.45%, 1, 2, 3, 8.47
1747787314, 0, 751, 1157, 1153, 31, 9.45%, 1, 2, 3, 1.27
1747787324, 0, 752, 1157, 1153, 31, 9.45%, 1, 2, 3, 7.33
1747787330, 0, 755, 1157, 1153, 31, 9.45%, 1, 2, 3, 6.87
1747787340, 0, 757, 1157, 1153, 31, 9.45%, 1, 2, 3, 6.68
1747787357, 0, 758, 1157, 1153, 31, 9.45%, 2, 2, 3, 4.18
1747787368, 0, 759, 1157, 1153, 31, 9.45%, 2, 2, 3, 4.87
1747787378, 0, 761, 1157, 1153, 31, 9.45%, 2, 2, 3, 6.46
1747787389, 0, 762, 1157, 1153, 31, 9.45%, 2, 2, 3, 5.70
1747787399, 0, 763, 1157, 1153, 31, 9.45%, 2, 2, 3, 6.40
1747787410, 0, 765, 1158, 1154, 31, 9.45%, 2, 2, 3, 7.41
1747787426, 0, 767, 1158, 1154, 31, 9.45%, 2, 2, 3, 7.39
1747787432, 0, 768, 1158, 1154, 31, 9.45%, 2, 2, 3, 6.57
1747787442, 0, 771, 1158, 1154, 31, 9.45%, 2, 2, 3, 6.98
1747787447, 0, 772, 1158, 1154, 31, 9.45%, 2, 2, 3, 11.07
1747787457, 0, 776, 1158, 1154, 31, 9.45%, 2, 2, 3, 3.52
1747787468, 0, 778, 1158, 1154, 31, 9.45%, 2, 2, 3, 6.39
1747787478, 0, 779, 1158, 1154, 31, 9.45%, 2, 2, 3, 12.58
1747787489, 0, 781, 1158, 1154, 31, 9.45%, 2, 2, 3, 8.16
1747787499, 0, 782, 1158, 1154, 31, 9.45%, 2, 2, 3, 6.43
1747787504, 0, 783, 1158, 1154, 31, 9.45%, 2, 2, 3, 7.53
1747787514, 0, 785, 1158, 1154, 31, 9.45%, 2, 2, 3, 6.20
1747787525, 0, 786, 1158, 1154, 31, 9.45%, 2, 2, 3, 6.43
1747787535, 0, 787, 1158, 1154, 31, 9.45%, 2, 2, 3, 10.00
1747787546, 0, 788, 1158, 1154, 31, 9.45%, 2, 2, 3, 5.30
1747787556, 0, 789, 1158, 1154, 31, 9.45%, 2, 2, 3, 6.71
1747787562, 0, 790, 1158, 1154, 31, 9.45%, 2, 2, 3, 2.34
1747787572, 0, 791, 1158, 1154, 31, 9.45%, 2, 2, 3, 5.96
1747787583, 0, 792, 1158, 1154, 31, 9.45%, 2, 2, 3, 1.21
1747787593, 0, 793, 1158, 1154, 31, 9.45%, 2, 2, 3, 8.53
1747787603, 0, 794, 1158, 1154, 31, 9.45%, 2, 2, 3, 1.30
1747787608, 0, 795, 1158, 1154, 31, 9.45%, 2, 2, 3, 9.47
1747787619, 0, 796, 1158, 1154, 31, 9.45%, 2, 2, 3, 1.40
1747787629, 0, 797, 1158, 1154, 31, 9.45%, 2, 2, 3, 9.08
1747787639, 0, 798, 1158, 1154, 31, 9.45%, 2, 2, 3, 8.19
1747787644, 0, 799, 1158, 1154, 31, 9.45%, 2, 2, 3, 7.48
1747787655, 0, 800, 1158, 1154, 31, 9.45%, 3, 2, 3, 1.20
1747787665, 0, 801, 1158, 1154, 31, 9.45%, 3, 2, 3, 6.96
1747787681, 0, 802, 1158, 1154, 31, 9.45%, 3, 2, 3, 4.67
1747787686, 0, 804, 1158, 1154, 31, 9.45%, 3, 2, 3, 6.94
1747787696, 0, 805, 1158, 1154, 31, 9.45%, 3, 2, 3, 4.90
1747787706, 0, 806, 1158, 1154, 31, 9.45%, 3, 2, 3, 6.53
1747787784, 0, 806, 1159, 1155, 31, 9.45%, 3, 2, 3, 4.01
1747787825, 0, 806, 1160, 1156, 31, 9.45%, 3, 2, 3, 4.06
1747787830, 0, 806, 1162, 1158, 31, 9.45%, 3, 2, 3, 4.29
1747787840, 0, 806, 1163, 1159, 31, 9.45%, 3, 2, 3, 5.18
1747788122, 0, 806, 1164, 1160, 31, 9.45%, 3, 2, 3, 5.38
1747788450, 0, 806, 1165, 1161, 31, 9.45%, 3, 2, 3, 3.99
1747788465, 0, 806, 1166, 1162, 31, 9.45%, 3, 2, 3, 4.23
1747788471, 0, 806, 1167, 1163, 31, 9.45%, 3, 2, 3, 4.13
1747788496, 0, 806, 1168, 1164, 31, 9.45%, 3, 2, 3, 10.03
1747788640, 0, 806, 1169, 1165, 31, 9.45%, 3, 2, 3, 4.36
1747788671, 0, 807, 1169, 1164, 33, 9.45%, 3, 2, 3, 8.28
1747788682, 0, 809, 1169, 1164, 33, 9.45%, 3, 2, 3, 8.14
1747788692, 0, 811, 1169, 1164, 33, 9.45%, 3, 2, 3, 5.11
1747788703, 0, 812, 1169, 1164, 33, 9.45%, 3, 2, 3, 6.10
1747788713, 0, 814, 1169, 1164, 33, 9.45%, 3, 2, 3, 4.36
1747788723, 0, 817, 1169, 1164, 33, 9.45%, 3, 2, 3, 5.75
1747788734, 0, 819, 1169, 1164, 33, 9.45%, 3, 2, 3, 5.58
1747788744, 0, 820, 1169, 1164, 33, 9.45%, 3, 2, 3, 7.12
1747788754, 0, 821, 1169, 1164, 33, 9.45%, 3, 2, 3, 5.62
1747788764, 0, 822, 1169, 1164, 33, 9.45%, 3, 2, 3, 6.18
1747788775, 0, 823, 1169, 1164, 33, 9.45%, 3, 2, 3, 6.51
1747788785, 0, 824, 1169, 1164, 33, 9.45%, 3, 2, 3, 8.73
1747788796, 0, 825, 1169, 1164, 33, 9.45%, 3, 2, 3, 8.37
1747788801, 0, 826, 1169, 1164, 33, 9.45%, 3, 2, 3, 1.30
1747788811, 0, 827, 1169, 1164, 33, 9.45%, 3, 2, 3, 8.91
1747788821, 0, 828, 1169, 1164, 33, 9.45%, 3, 2, 3, 7.04
1747788826, 0, 829, 1169, 1164, 33, 9.45%, 3, 2, 3, 3.49
1747788837, 0, 830, 1169, 1164, 33, 9.45%, 3, 2, 3, 5.59
1747788847, 0, 831, 1169, 1164, 33, 9.45%, 3, 2, 3, 10.69
1747788858, 0, 832, 1169, 1164, 33, 9.45%, 3, 2, 3, 7.10
1747788868, 0, 834, 1169, 1164, 33, 9.45%, 3, 2, 3, 5.49
1747788874, 0, 834, 1170, 1165, 33, 9.45%, 3, 2, 3, 1.15
1747788895, 0, 836, 1170, 1165, 33, 9.45%, 3, 2, 3, 1.16
1747788905, 0, 838, 1170, 1165, 33, 9.45%, 3, 2, 3, 8.13
1747788910, 0, 840, 1170, 1165, 33, 9.45%, 3, 2, 3, 7.52
1747788926, 0, 841, 1171, 1166, 33, 9.45%, 3, 2, 3, 4.79
1747788946, 0, 842, 1171, 1166, 33, 9.45%, 3, 2, 3, 7.45
1747788957, 0, 843, 1171, 1166, 33, 9.45%, 3, 2, 3, 7.10
1747788967, 0, 844, 1171, 1166, 33, 9.45%, 3, 2, 3, 10.21
1747788978, 0, 846, 1171, 1166, 33, 9.45%, 3, 2, 3, 1.40
1747788988, 0, 847, 1171, 1166, 33, 9.45%, 3, 2, 3, 4.71
1747788998, 0, 848, 1171, 1166, 33, 9.45%, 3, 2, 3, 5.55
1747789009, 0, 849, 1171, 1166, 33, 9.45%, 3, 2, 3, 6.30
1747789020, 0, 850, 1171, 1166, 33, 9.45%, 3, 2, 3, 6.32
1747789030, 0, 851, 1171, 1166, 33, 9.45%, 3, 2, 3, 9.57
1747789036, 0, 852, 1171, 1166, 33, 9.45%, 3, 2, 3, 7.96
1747789047, 0, 853, 1171, 1166, 33, 9.45%, 3, 2, 3, 1.87
1747789058, 0, 854, 1171, 1166, 33, 9.45%, 3, 2, 3, 6.20
1747789064, 0, 855, 1171, 1166, 33, 9.45%, 3, 2, 3, 5.99
1747789074, 0, 856, 1171, 1166, 33, 9.45%, 3, 2, 3, 2.71
1747789085, 0, 858, 1171, 1166, 33, 9.45%, 3, 2, 3, 5.27
1747789100, 0, 859, 1171, 1166, 33, 9.45%, 3, 2, 3, 5.99
1747789110, 0, 860, 1171, 1166, 33, 9.45%, 3, 2, 3, 6.37
1747789116, 0, 861, 1171, 1166, 33, 9.45%, 3, 2, 3, 6.50
1747789131, 0, 863, 1171, 1166, 33, 9.45%, 3, 2, 3, 7.85
1747789136, 0, 864, 1171, 1166, 33, 9.45%, 3, 2, 3, 7.52
1747789147, 0, 865, 1171, 1166, 33, 9.45%, 3, 2, 3, 8.07
1747789157, 0, 866, 1171, 1166, 33, 9.45%, 3, 2, 3, 4.71
1747789167, 0, 867, 1171, 1166, 33, 9.45%, 3, 2, 3, 6.55
1747789173, 0, 868, 1171, 1166, 33, 9.45%, 3, 2, 3, 6.15
1747789183, 0, 869, 1171, 1166, 33, 9.45%, 3, 2, 3, 1.19
1747789194, 0, 870, 1171, 1166, 33, 9.45%, 3, 2, 3, 8.77
1747789204, 0, 871, 1171, 1166, 33, 9.45%, 3, 2, 3, 7.33
1747789209, 0, 873, 1171, 1166, 33, 9.45%, 3, 2, 3, 6.76
1747789220, 0, 874, 1171, 1166, 33, 9.45%, 3, 2, 3, 4.82
1747789230, 0, 875, 1171, 1166, 33, 9.45%, 3, 2, 3, 1.15
1747789240, 0, 876, 1171, 1166, 33, 9.45%, 3, 2, 3, 9.77
1747789251, 0, 877, 1171, 1166, 33, 9.45%, 3, 2, 3, 6.79
1747789261, 0, 878, 1171, 1166, 33, 9.45%, 3, 2, 3, 10.36
1747789267, 0, 878, 1172, 1167, 33, 9.45%, 3, 2, 3, 1.27
1747789277, 0, 878, 1173, 1168, 33, 9.45%, 3, 2, 3, 6.40
1747789304, 0, 879, 1173, 1168, 33, 9.45%, 3, 2, 3, 7.49
1747789315, 0, 880, 1173, 1168, 33, 9.45%, 3, 2, 3, 6.34
1747789326, 0, 881, 1173, 1168, 33, 9.45%, 3, 2, 3, 1.42
1747789336, 0, 882, 1173, 1168, 33, 9.45%, 3, 2, 3, 6.13
1747789347, 0, 883, 1173, 1168, 33, 9.45%, 3, 2, 3, 6.82
1747789358, 0, 884, 1173, 1168, 33, 9.45%, 3, 2, 3, 6.48
1747789363, 0, 885, 1173, 1168, 33, 9.45%, 3, 2, 3, 6.66
1747789373, 0, 886, 1173, 1168, 33, 9.45%, 3, 2, 3, 1.13
1747789384, 0, 888, 1173, 1168, 33, 9.45%, 3, 2, 3, 1.61
1747789394, 0, 889, 1173, 1168, 33, 9.45%, 3, 2, 3, 5.31
1747789404, 0, 890, 1173, 1168, 33, 9.45%, 3, 2, 3, 5.26
1747789415, 0, 891, 1173, 1168, 33, 9.45%, 3, 2, 3, 7.84
1747789420, 0, 894, 1173, 1168, 33, 9.45%, 3, 2, 3, 8.62
1747789425, 0, 896, 1173, 1168, 33, 9.45%, 3, 2, 3, 7.80
1747789435, 0, 897, 1173, 1168, 33, 9.45%, 3, 2, 3, 7.87
1747789446, 0, 898, 1173, 1168, 33, 9.45%, 3, 2, 3, 7.41
1747789456, 0, 900, 1173, 1168, 33, 9.45%, 3, 2, 3, 6.92
1747789462, 0, 901, 1173, 1168, 33, 9.45%, 3, 2, 3, 7.34
1747789472, 0, 902, 1173, 1168, 33, 9.45%, 3, 2, 3, 2.01
1747789483, 0, 904, 1173, 1168, 33, 9.45%, 3, 2, 3, 1.30
1747789493, 0, 905, 1173, 1168, 33, 9.45%, 3, 2, 3, 8.32
1747789503, 0, 906, 1173, 1168, 33, 9.45%, 3, 2, 3, 6.17
1747789514, 0, 907, 1173, 1168, 33, 9.45%, 3, 2, 3, 6.24
1747789524, 0, 908, 1173, 1168, 33, 9.45%, 3, 2, 3, 5.92
1747789530, 0, 908, 1174, 1169, 33, 9.45%, 3, 2, 3, 1.02
1747789556, 0, 909, 1174, 1169, 33, 9.45%, 3, 2, 3, 8.37
1747789562, 0, 911, 1174, 1169, 33, 9.45%, 3, 2, 3, 7.00
1747789573, 0, 913, 1174, 1169, 33, 9.45%, 3, 2, 3, 5.48
1747789583, 0, 914, 1174, 1169, 33, 9.45%, 3, 2, 3, 4.90
1747789594, 0, 915, 1174, 1169, 33, 9.45%, 3, 2, 3, 1.39
1747789604, 0, 917, 1174, 1169, 33, 9.45%, 3, 2, 3, 9.07
1747789615, 0, 918, 1174, 1169, 33, 9.45%, 3, 2, 3, 9.69
1747789620, 0, 919, 1175, 1170, 33, 9.45%, 3, 2, 3, 7.33
1747789646, 0, 920, 1175, 1170, 33, 9.45%, 3, 2, 3, 8.00
1747789651, 0, 921, 1175, 1170, 33, 9.45%, 3, 2, 3, 4.50
1747789661, 0, 922, 1175, 1170, 33, 9.45%, 3, 2, 3, 5.67
1747789671, 0, 923, 1175, 1170, 33, 9.45%, 3, 2, 3, 7.87
1747789677, 0, 924, 1175, 1170, 33, 9.45%, 3, 2, 3, 8.14
1747789687, 0, 925, 1175, 1170, 33, 9.45%, 3, 2, 3, 6.39
1747789697, 0, 926, 1175, 1170, 33, 9.45%, 3, 2, 3, 7.72
1747789703, 0, 927, 1175, 1170, 33, 9.45%, 3, 2, 3, 8.12
1747789708, 0, 928, 1175, 1170, 33, 9.45%, 3, 2, 3, 1.39
1747789719, 0, 929, 1175, 1170, 33, 9.45%, 3, 2, 3, 5.65
1747789730, 0, 931, 1175, 1170, 33, 9.45%, 3, 2, 3, 5.64
1747789741, 0, 932, 1175, 1170, 33, 9.45%, 3, 2, 3, 6.96
1747789751, 0, 933, 1175, 1170, 33, 9.45%, 3, 2, 3, 8.54
1747789757, 0, 934, 1175, 1170, 33, 9.45%, 3, 2, 3, 7.21
1747789767, 0, 935, 1175, 1170, 33, 9.45%, 3, 2, 3, 10.29
1747789778, 0, 936, 1175, 1170, 33, 9.45%, 3, 2, 3, 9.09
1747789788, 0, 937, 1175, 1170, 33, 9.45%, 3, 2, 3, 6.79
1747789798, 0, 938, 1175, 1170, 33, 9.45%, 3, 2, 3, 6.96
1747789808, 0, 939, 1175, 1170, 33, 9.45%, 3, 2, 3, 7.54
1747789814, 0, 940, 1175, 1170, 33, 9.45%, 3, 2, 3, 8.14
1747789819, 0, 941, 1175, 1170, 33, 9.45%, 3, 2, 3, 7.28
1747789830, 0, 943, 1175, 1170, 33, 9.45%, 3, 2, 3, 7.30
1747789840, 0, 944, 1175, 1170, 33, 9.45%, 3, 2, 3, 6.17
1747789851, 0, 945, 1175, 1170, 33, 9.45%, 3, 2, 3, 2.24
1747789856, 0, 946, 1175, 1170, 33, 9.45%, 3, 2, 3, 5.17
1747789871, 0, 950, 1175, 1170, 33, 9.45%, 3, 2, 3, 6.69
1747789882, 0, 951, 1175, 1170, 33, 9.45%, 3, 2, 3, 6.49
1747789888, 0, 952, 1175, 1170, 33, 9.45%, 3, 2, 3, 7.36
1747789899, 0, 953, 1175, 1170, 33, 9.45%, 3, 2, 3, 1.25
1747789910, 0, 954, 1175, 1170, 33, 9.45%, 3, 2, 3, 8.11
1747789920, 0, 956, 1175, 1170, 33, 9.45%, 3, 2, 3, 9.74
1747789925, 0, 957, 1175, 1170, 33, 9.45%, 3, 2, 3, 2.04
1747789935, 0, 958, 1175, 1170, 33, 9.45%, 3, 2, 3, 7.90
1747789946, 0, 959, 1175, 1170, 33, 9.45%, 3, 2, 3, 6.86
1747789957, 0, 962, 1175, 1170, 33, 9.45%, 3, 2, 3, 7.87
1747789962, 0, 963, 1175, 1170, 33, 9.45%, 3, 2, 3, 7.90
1747789972, 0, 964, 1175, 1170, 33, 9.45%, 3, 2, 3, 7.06
1747789982, 0, 965, 1175, 1170, 33, 9.45%, 3, 2, 3, 5.75
1747789987, 0, 966, 1175, 1170, 33, 9.45%, 3, 2, 3, 6.61
1747790003, 0, 968, 1176, 1171, 33, 9.46%, 3, 2, 3, 5.10
1747790028, 0, 969, 1176, 1171, 34, 9.46%, 3, 2, 3, 3.95
1747790039, 0, 971, 1176, 1171, 34, 9.46%, 3, 2, 3, 6.15
1747790049, 0, 972, 1176, 1171, 34, 9.46%, 3, 2, 3, 1.88
1747790060, 0, 973, 1176, 1171, 34, 9.46%, 3, 2, 3, 4.33
1747790070, 0, 974, 1176, 1171, 34, 9.46%, 3, 2, 3, 5.07
1747790081, 0, 975, 1176, 1171, 34, 9.46%, 3, 2, 3, 5.15
1747790092, 0, 976, 1176, 1171, 34, 9.46%, 3, 2, 3, 7.20
1747790102, 0, 977, 1176, 1171, 34, 9.46%, 3, 2, 3, 1.88
1747790112, 0, 978, 1176, 1171, 34, 9.46%, 3, 2, 3, 8.49
1747790123, 0, 979, 1176, 1171, 34, 9.46%, 3, 2, 3, 6.51
1747790128, 0, 980, 1176, 1171, 34, 9.46%, 3, 2, 3, 9.61
1747790139, 0, 981, 1176, 1171, 34, 9.46%, 3, 2, 3, 5.10
1747790144, 0, 982, 1176, 1171, 34, 9.46%, 3, 2, 3, 8.62
1747790155, 0, 983, 1176, 1171, 34, 9.46%, 3, 2, 3, 8.93
1747790160, 0, 984, 1176, 1171, 34, 9.46%, 3, 2, 3, 2.67
1747790165, 0, 985, 1176, 1171, 34, 9.46%, 3, 2, 3, 8.37
1747790170, 0, 986, 1176, 1171, 34, 9.46%, 3, 2, 3, 8.56
1747790175, 0, 987, 1176, 1171, 34, 9.46%, 3, 2, 3, 19.42
1747790180, 0, 988, 1176, 1171, 34, 9.46%, 3, 2, 3, 5.09
1747790185, 0, 989, 1176, 1171, 34, 9.46%, 3, 2, 3, 8.08
1747790190, 0, 990, 1176, 1171, 34, 9.46%, 3, 2, 3, 10.74
1747790196, 0, 991, 1176, 1171, 34, 9.46%, 3, 2, 3, 11.82
1747790206, 0, 993, 1176, 1171, 34, 9.46%, 3, 2, 3, 4.21
1747790211, 0, 994, 1176, 1171, 34, 9.46%, 3, 2, 3, 8.33
1747790216, 0, 996, 1176, 1171, 34, 9.46%, 3, 2, 3, 2.36
1747790221, 0, 998, 1176, 1171, 34, 9.46%, 3, 2, 3, 7.53
1747790226, 0, 998, 1177, 1172, 34, 9.46%, 3, 2, 3, 9.59
1747790237, 0, 999, 1177, 1172, 34, 9.46%, 3, 2, 3, 9.10
1747790242, 0, 1001, 1177, 1172, 34, 9.46%, 3, 2, 3, 8.61
1747790247, 0, 1002, 1177, 1172, 34, 9.46%, 3, 2, 3, 11.31
1747790252, 0, 1003, 1177, 1172, 34, 9.46%, 3, 2, 3, 10.16
1747790257, 0, 1004, 1177, 1172, 34, 9.46%, 3, 2, 3, 17.79
1747790262, 0, 1005, 1177, 1172, 34, 9.46%, 3, 2, 3, 17.28
1747790268, 0, 1006, 1177, 1172, 34, 9.46%, 3, 2, 3, 7.60
1747790273, 0, 1007, 1177, 1172, 34, 9.46%, 3, 2, 3, 17.27
1747790283, 0, 1009, 1177, 1172, 34, 9.46%, 3, 2, 3, 6.87
1747790288, 0, 1010, 1177, 1172, 34, 9.46%, 3, 2, 3, 8.89
1747790293, 0, 1011, 1177, 1172, 34, 9.46%, 3, 2, 3, 9.70
1747790298, 0, 1012, 1177, 1172, 34, 9.46%, 3, 2, 3, 15.95
1747790304, 0, 1013, 1177, 1172, 34, 9.46%, 3, 2, 3, 12.49
1747790309, 0, 1014, 1177, 1172, 34, 9.46%, 3, 2, 3, 2.31
1747790314, 0, 1015, 1177, 1172, 34, 9.46%, 3, 2, 3, 3.46
1747790319, 0, 1016, 1177, 1172, 34, 9.46%, 3, 2, 3, 11.20
1747790324, 0, 1017, 1177, 1172, 34, 9.46%, 3, 2, 3, 12.34
1747790330, 0, 1018, 1177, 1172, 34, 9.46%, 3, 2, 3, 2.53
1747790340, 0, 1020, 1177, 1172, 34, 9.46%, 3, 2, 3, 10.14
1747790350, 0, 1021, 1177, 1172, 34, 9.46%, 3, 2, 3, 12.05
1747790355, 0, 1022, 1177, 1172, 34, 9.46%, 3, 2, 3, 11.44
1747790360, 0, 1024, 1177, 1172, 34, 9.46%, 3, 2, 3, 12.37
1747790365, 0, 1025, 1177, 1172, 34, 9.46%, 3, 2, 3, 10.83
1747790370, 0, 1026, 1177, 1172, 34, 9.46%, 3, 2, 3, 10.90
1747790376, 0, 1028, 1177, 1172, 34, 9.46%, 3, 2, 3, 2.33
1747790381, 0, 1030, 1177, 1172, 34, 9.46%, 3, 2, 3, 13.11
1747790386, 0, 1031, 1177, 1172, 34, 9.46%, 3, 2, 3, 10.55
1747790391, 0, 1032, 1177, 1172, 34, 9.46%, 3, 2, 3, 14.35
1747790396, 0, 1033, 1177, 1172, 34, 9.46%, 3, 2, 3, 12.10
1747790401, 0, 1034, 1177, 1172, 34, 9.46%, 3, 2, 3, 11.33
1747790407, 0, 1035, 1177, 1172, 34, 9.46%, 3, 2, 3, 13.96
1747790412, 0, 1036, 1177, 1172, 34, 9.46%, 3, 2, 3, 10.78
1747790438, 0, 1036, 1178, 1173, 34, 9.46%, 3, 2, 3, 4.29
1747791206, 0, 1036, 1179, 1174, 34, 9.46%, 3, 2, 3, 3.34
1747791480, 0, 1036, 1180, 1175, 34, 9.46%, 3, 2, 3, 9.12
1747791811, 0, 1037, 1180, 1174, 34, 9.46%, 3, 2, 3, 1.05
1747791821, 0, 1038, 1180, 1174, 34, 9.46%, 3, 2, 3, 6.63
1747791826, 0, 1039, 1180, 1174, 34, 9.46%, 3, 2, 3, 7.66
1747791843, 0, 1040, 1181, 1175, 34, 9.46%, 3, 2, 3, 1.67
1747791854, 0, 1040, 1182, 1176, 34, 9.46%, 3, 2, 3, 1.28
1747791902, 0, 1041, 1182, 1176, 34, 9.46%, 3, 2, 3, 2.05
1747791913, 0, 1042, 1182, 1176, 34, 9.46%, 3, 2, 3, 4.34
1747791923, 0, 1043, 1182, 1176, 34, 9.46%, 3, 2, 3, 5.90
1747791934, 0, 1044, 1182, 1176, 34, 9.46%, 3, 2, 3, 6.40
1747791944, 0, 1045, 1182, 1176, 34, 9.46%, 3, 2, 3, 8.00
1747791949, 0, 1046, 1182, 1176, 34, 9.46%, 3, 2, 3, 7.77
1747791955, 0, 1046, 1183, 1177, 34, 9.46%, 3, 2, 3, 1.19
1747791976, 0, 1046, 1184, 1178, 34, 9.46%, 3, 2, 3, 6.33
1747792003, 0, 1046, 1185, 1179, 34, 9.46%, 3, 2, 3, 1.19
1747792052, 0, 1046, 1185, 1179, 34, 9.46%, 4, 2, 3, 1.26
1747792063, 0, 1048, 1185, 1179, 34, 9.46%, 4, 2, 3, 5.03
1747792068, 0, 1049, 1185, 1179, 34, 9.46%, 4, 2, 3, 6.44
1747792078, 0, 1050, 1185, 1179, 34, 9.46%, 4, 2, 3, 7.46
1747792089, 0, 1051, 1185, 1179, 34, 9.46%, 4, 2, 3, 3.63
1747792099, 0, 1052, 1185, 1179, 34, 9.46%, 4, 2, 3, 6.04
1747792115, 0, 1053, 1185, 1179, 34, 9.46%, 4, 2, 3, 9.52
1747792120, 0, 1054, 1185, 1179, 34, 9.46%, 4, 2, 3, 8.09
1747792136, 0, 1056, 1185, 1179, 34, 9.46%, 4, 2, 3, 4.52
1747792147, 0, 1057, 1185, 1179, 34, 9.46%, 4, 2, 3, 4.48
1747792157, 0, 1059, 1185, 1179, 34, 9.46%, 4, 2, 3, 7.32
1747792168, 0, 1060, 1185, 1179, 34, 9.46%, 4, 2, 3, 1.32
1747792179, 0, 1061, 1185, 1179, 34, 9.46%, 4, 2, 3, 6.08
1747792185, 0, 1062, 1186, 1180, 34, 9.46%, 4, 2, 3, 5.79
1747792211, 0, 1064, 1186, 1180, 34, 9.46%, 4, 2, 3, 10.33
1747792216, 0, 1064, 1187, 1181, 34, 9.46%, 4, 2, 3, 2.37
1747792243, 0, 1065, 1187, 1181, 34, 9.46%, 4, 2, 3, 7.17
1747792259, 0, 1066, 1187, 1181, 34, 9.46%, 4, 2, 3, 4.49
1747792269, 0, 1068, 1187, 1181, 34, 9.46%, 4, 2, 3, 6.20
1747792274, 0, 1069, 1187, 1181, 34, 9.46%, 4, 2, 3, 8.51
1747792285, 0, 1074, 1187, 1181, 34, 9.46%, 4, 2, 3, 4.07
1747792295, 0, 1076, 1187, 1181, 34, 9.46%, 4, 2, 3, 6.22
1747792306, 0, 1077, 1187, 1181, 34, 9.46%, 4, 2, 3, 1.28
1747792316, 0, 1078, 1187, 1181, 34, 9.46%, 4, 2, 3, 8.17
1747792321, 0, 1079, 1187, 1181, 34, 9.46%, 4, 2, 3, 6.98
1747792332, 0, 1080, 1187, 1181, 34, 9.46%, 4, 2, 3, 2.08
1747792343, 0, 1081, 1187, 1181, 34, 9.46%, 4, 2, 3, 3.51
1747793201, 0, 1081, 1188, 1182, 34, 9.46%, 4, 2, 4, 2.59
1747795005, 0, 1081, 1189, 1183, 34, 9.46%, 4, 2, 4, 2.27
1747795196, 0, 1081, 1190, 1184, 34, 9.48%, 4, 2, 4, 2.59
1747795439, 0, 1081, 1191, 1185, 34, 9.48%, 4, 2, 4, 1.76
1747796501, 0, 1083, 1191, 1184, 33, 9.48%, 4, 2, 4, 6.93
1747796511, 0, 1084, 1191, 1184, 33, 9.48%, 4, 2, 4, 1.59
1747796522, 0, 1085, 1191, 1184, 33, 9.48%, 4, 2, 4, 8.22
1747796533, 0, 1086, 1191, 1184, 33, 9.48%, 4, 2, 4, 1.39
1747796543, 0, 1087, 1191, 1184, 33, 9.48%, 4, 2, 4, 1.97
1747796548, 0, 1087, 1192, 1185, 33, 9.48%, 4, 2, 4, 1.48
1747796553, 0, 1087, 1193, 1186, 33, 9.48%, 4, 2, 4, 8.17
1747796559, 0, 1087, 1193, 1186, 33, 9.48%, 4, 3, 4, 1.02
1747796590, 0, 1089, 1193, 1186, 33, 9.48%, 4, 3, 4, 7.65
1747796600, 0, 1090, 1193, 1186, 33, 9.48%, 4, 3, 4, 1.64
1747796610, 0, 1091, 1193, 1186, 33, 9.48%, 4, 3, 4, 8.16
1747796616, 0, 1093, 1193, 1186, 33, 9.48%, 4, 3, 4, 7.66
1747796626, 0, 1094, 1193, 1186, 33, 9.48%, 4, 3, 4, 10.91
1747796637, 0, 1095, 1193, 1186, 33, 9.48%, 4, 3, 4, 5.03
1747796647, 0, 1096, 1193, 1186, 33, 9.48%, 4, 3, 4, 5.61
1747796658, 0, 1098, 1193, 1186, 33, 9.48%, 4, 3, 4, 1.24
1747796669, 0, 1099, 1193, 1186, 33, 9.48%, 4, 3, 4, 3.98
1747796679, 0, 1101, 1193, 1186, 33, 9.48%, 4, 3, 4, 6.82
1747796684, 0, 1102, 1193, 1186, 33, 9.48%, 4, 3, 4, 6.87
1747796700, 0, 1104, 1193, 1186, 33, 9.48%, 4, 3, 4, 2.33
1747796711, 0, 1105, 1193, 1186, 33, 9.48%, 4, 3, 4, 6.60
1747796716, 0, 1106, 1193, 1186, 33, 9.48%, 4, 3, 4, 6.71
1747796727, 0, 1107, 1193, 1186, 33, 9.48%, 4, 3, 4, 1.58
1747796737, 0, 1108, 1193, 1186, 33, 9.48%, 4, 3, 4, 7.75
1747796748, 0, 1109, 1193, 1186, 33, 9.48%, 4, 3, 4, 3.45
1747796780, 0, 1109, 1194, 1187, 33, 9.48%, 4, 3, 4, 2.89
1747796994, 0, 1109, 1194, 1187, 33, 9.48%, 4, 4, 4, 1.18
1747797089, 0, 1109, 1195, 1188, 33, 9.48%, 4, 4, 4, 1.54
1747797297, 0, 1109, 1196, 1189, 33, 9.48%, 4, 4, 4, 2.83
1747797935, 0, 1109, 1197, 1190, 33, 9.48%, 4, 4, 4, 2.08
1747798069, 0, 1109, 1197, 1190, 33, 9.48%, 4, 5, 4, 1.63
1747798556, 0, 1109, 1198, 1191, 33, 9.48%, 4, 5, 4, 1.36
1747798874, 0, 1109, 1199, 1192, 33, 9.48%, 4, 5, 4, 1.20
1747799211, 0, 1109, 1199, 1192, 33, 9.48%, 4, 6, 4, 1.15
1747800228, 0, 1109, 1200, 1193, 33, 9.48%, 4, 6, 4, 1.18
1747800670, 0, 1109, 1201, 1194, 33, 9.48%, 4, 6, 4, 1.37
1747801319, 0, 1109, 1201, 1194, 33, 9.48%, 4, 7, 4, 1.81
1747801934, 0, 1109, 1202, 1195, 33, 9.48%, 4, 7, 4, 1.22
1747801993, 0, 1109, 1203, 1196, 33, 9.48%, 4, 7, 4, 1.71
1747802004, 0, 1110, 1203, 1195, 33, 9.48%, 4, 7, 4, 5.68
1747802020, 0, 1111, 1203, 1195, 33, 9.48%, 4, 7, 4, 1.39
1747802025, 0, 1112, 1203, 1195, 33, 9.48%, 4, 7, 4, 7.52
1747802035, 0, 1113, 1203, 1195, 33, 9.48%, 4, 7, 4, 7.38
1747802047, 0, 1116, 1203, 1195, 33, 9.48%, 4, 7, 4, 7.03
1747802057, 0, 1117, 1203, 1195, 33, 9.48%, 4, 7, 4, 7.13
1747802068, 0, 1118, 1203, 1195, 33, 9.48%, 4, 7, 4, 4.22
1747802078, 0, 1119, 1203, 1195, 33, 9.48%, 4, 7, 4, 4.84
1747802088, 0, 1120, 1203, 1195, 33, 9.48%, 4, 7, 4, 6.18
1747802094, 0, 1121, 1203, 1195, 33, 9.48%, 4, 7, 4, 9.60
1747802099, 0, 1122, 1203, 1195, 33, 9.48%, 4, 7, 4, 9.10
1747802109, 0, 1123, 1203, 1195, 33, 9.48%, 4, 7, 4, 9.60
1747802114, 0, 1124, 1203, 1195, 33, 9.48%, 4, 7, 4, 9.39
1747802120, 0, 1125, 1203, 1195, 33, 9.48%, 4, 7, 4, 13.93
1747802125, 0, 1126, 1203, 1195, 33, 9.48%, 4, 7, 4, 12.13
1747802130, 0, 1128, 1203, 1195, 33, 9.48%, 4, 7, 4, 11.10
1747802135, 0, 1128, 1204, 1196, 33, 9.48%, 4, 7, 4, 8.57
1747802146, 0, 1129, 1204, 1196, 33, 9.48%, 4, 7, 4, 8.18
1747802157, 0, 1130, 1204, 1196, 33, 9.48%, 4, 7, 4, 9.52
1747802162, 0, 1131, 1204, 1196, 33, 9.48%, 4, 7, 4, 12.12
1747802167, 0, 1132, 1204, 1196, 33, 9.48%, 4, 7, 4, 3.41
1747802172, 0, 1134, 1204, 1196, 33, 9.48%, 4, 7, 4, 7.39
1747802177, 0, 1135, 1204, 1196, 33, 9.48%, 4, 7, 4, 8.49
1747802183, 0, 1136, 1204, 1196, 33, 9.48%, 5, 7, 4, 10.25
1747802188, 0, 1137, 1204, 1196, 33, 9.48%, 5, 7, 4, 10.53
1747802193, 0, 1139, 1204, 1196, 33, 9.48%, 5, 7, 4, 3.81
1747802203, 0, 1140, 1204, 1196, 33, 9.48%, 5, 7, 4, 6.06
1747802208, 0, 1142, 1204, 1196, 33, 9.48%, 5, 7, 4, 7.68
1747802213, 0, 1143, 1204, 1196, 33, 9.48%, 5, 7, 4, 9.40
1747802224, 0, 1144, 1204, 1196, 33, 9.48%, 5, 7, 4, 11.26
1747802229, 0, 1145, 1204, 1196, 33, 9.48%, 5, 7, 4, 2.40
1747802234, 0, 1147, 1204, 1196, 33, 9.48%, 5, 7, 4, 12.10
1747802240, 0, 1148, 1204, 1196, 33, 9.48%, 5, 7, 4, 3.18
1747802245, 0, 1149, 1204, 1196, 33, 9.48%, 5, 7, 4, 8.47
1747802250, 0, 1150, 1204, 1196, 33, 9.48%, 5, 7, 4, 9.25
1747802255, 0, 1151, 1204, 1196, 33, 9.48%, 5, 7, 4, 9.54
1747802260, 0, 1152, 1204, 1196, 33, 9.48%, 5, 7, 4, 13.61
1747802266, 0, 1153, 1204, 1196, 33, 9.48%, 5, 7, 4, 10.75
1747802271, 0, 1154, 1204, 1196, 33, 9.48%, 5, 7, 4, 11.16
1747802276, 0, 1156, 1204, 1196, 33, 9.48%, 5, 7, 4, 3.27
1747802287, 0, 1157, 1204, 1196, 33, 9.48%, 5, 7, 4, 8.45
1747802292, 0, 1158, 1204, 1196, 33, 9.48%, 5, 7, 4, 8.04
1747802297, 0, 1159, 1204, 1196, 33, 9.48%, 5, 7, 4, 9.48
1747802302, 0, 1161, 1204, 1196, 33, 9.48%, 5, 7, 4, 9.17
1747802307, 0, 1161, 1205, 1197, 33, 9.48%, 5, 7, 4, 9.48
1747802317, 0, 1162, 1206, 1198, 33, 9.48%, 5, 7, 4, 8.15
1747802327, 0, 1162, 1208, 1200, 33, 9.48%, 5, 7, 4, 6.42
1747802332, 0, 1162, 1210, 1202, 33, 9.48%, 5, 7, 4, 4.84
1747802337, 0, 1162, 1211, 1203, 33, 9.48%, 5, 7, 4, 4.78
1747802358, 0, 1162, 1212, 1204, 33, 9.48%, 5, 7, 4, 4.33
1747802363, 0, 1162, 1214, 1206, 33, 9.48%, 5, 7, 4, 4.18
1747802420, 0, 1162, 1215, 1207, 33, 9.48%, 5, 7, 4, 5.65
1747802964, 0, 1162, 1216, 1208, 33, 9.48%, 5, 7, 4, 4.21
1747803206, 0, 1162, 1217, 1209, 33, 9.48%, 5, 7, 4, 4.66
1747803222, 0, 1162, 1218, 1210, 33, 9.48%, 5, 7, 4, 4.46
1747803273, 0, 1163, 1218, 1209, 29, 9.48%, 5, 7, 4, 7.33
1747803283, 0, 1164, 1218, 1209, 29, 9.48%, 5, 7, 4, 10.33
1747803288, 0, 1165, 1218, 1209, 29, 9.48%, 5, 7, 4, 8.18
1747803299, 0, 1166, 1218, 1209, 29, 9.48%, 5, 7, 4, 7.78
1747803310, 0, 1167, 1218, 1209, 29, 9.48%, 5, 7, 4, 3.48
1747803320, 0, 1168, 1218, 1209, 29, 9.48%, 5, 7, 4, 6.36
1747803331, 0, 1169, 1218, 1209, 29, 9.48%, 5, 7, 4, 5.69
1747803341, 0, 1171, 1218, 1209, 29, 9.48%, 5, 7, 4, 8.53
1747803351, 0, 1172, 1218, 1209, 29, 9.48%, 5, 7, 4, 7.23
1747803362, 0, 1174, 1218, 1209, 29, 9.48%, 5, 7, 4, 4.43
1747803372, 0, 1175, 1218, 1209, 29, 9.48%, 5, 7, 4, 4.25
1747803424, 0, 1175, 1219, 1210, 29, 9.48%, 5, 7, 4, 2.50
1747803503, 0, 1175, 1220, 1211, 29, 9.48%, 5, 7, 4, 3.05
1747804017, 0, 1175, 1221, 1212, 29, 9.48%, 5, 7, 4, 2.48
1747804023, 0, 1175, 1222, 1213, 29, 9.48%, 5, 7, 4, 2.56
1747804033, 0, 1175, 1223, 1214, 29, 9.48%, 5, 7, 4, 2.20
1747804293, 0, 1175, 1224, 1215, 29, 9.48%, 5, 7, 4, 1.83
1747804559, 0, 1175, 1225, 1216, 29, 9.48%, 5, 7, 4, 2.44
1747804889, 0, 1175, 1226, 1217, 29, 9.48%, 5, 7, 4, 3.60
1747805557, 0, 1176, 1226, 1216, 28, 9.48%, 5, 7, 4, 7.33
1747805568, 0, 1178, 1226, 1216, 28, 9.48%, 5, 7, 4, 7.18
1747805578, 0, 1178, 1227, 1217, 28, 9.48%, 5, 7, 4, 5.83
1747805583, 0, 1178, 1228, 1218, 28, 9.48%, 5, 7, 4, 4.34
1747805609, 0, 1178, 1229, 1219, 28, 9.48%, 5, 7, 4, 2.90
1747805614, 0, 1178, 1230, 1220, 28, 9.48%, 5, 7, 4, 2.61
1747805619, 0, 1178, 1231, 1221, 28, 9.48%, 5, 7, 4, 2.58
1747805624, 0, 1178, 1232, 1222, 28, 9.48%, 5, 7, 4, 2.49
1747805630, 0, 1178, 1233, 1223, 28, 9.48%, 5, 7, 4, 2.35
1747805635, 0, 1178, 1234, 1224, 28, 9.48%, 5, 7, 4, 2.36
1747805640, 0, 1178, 1235, 1225, 28, 9.48%, 5, 7, 4, 2.37
1747805650, 0, 1178, 1236, 1226, 28, 9.48%, 5, 7, 4, 2.48
1747805655, 0, 1178, 1237, 1227, 28, 9.48%, 5, 7, 4, 2.50
1747805712, 0, 1178, 1239, 1229, 28, 9.48%, 5, 7, 4, 2.79
1747805718, 0, 1178, 1240, 1230, 28, 9.48%, 5, 7, 4, 2.68
1747805728, 0, 1178, 1241, 1231, 28, 9.49%, 5, 7, 4, 2.38
1747805796, 0, 1178, 1243, 1233, 28, 9.49%, 5, 7, 4, 2.82
1747805801, 0, 1178, 1244, 1234, 28, 9.49%, 5, 7, 4, 2.70
1747805811, 0, 1178, 1245, 1235, 28, 9.49%, 5, 7, 4, 2.37
1747805816, 0, 1178, 1246, 1236, 28, 9.49%, 5, 7, 4, 2.34
1747805821, 0, 1178, 1247, 1237, 28, 9.49%, 5, 7, 4, 2.39
1747806094, 0, 1178, 1249, 1239, 28, 9.49%, 5, 7, 4, 3.91
1747806114, 0, 1178, 1250, 1240, 28, 9.49%, 5, 7, 4, 4.59
1747806120, 0, 1178, 1251, 1241, 28, 9.49%, 5, 7, 4, 3.97
1747806130, 0, 1178, 1252, 1242, 28, 9.49%, 5, 7, 4, 3.94
1747806161, 0, 1178, 1253, 1243, 28, 9.49%, 5, 7, 4, 4.37
1747806347, 0, 1178, 1254, 1244, 28, 9.49%, 5, 7, 4, 4.09
1747806506, 0, 1178, 1255, 1245, 28, 9.49%, 5, 7, 4, 5.19
1747806589, 0, 1178, 1257, 1247, 28, 9.49%, 5, 7, 4, 4.17
1747806594, 0, 1178, 1258, 1248, 28, 9.49%, 5, 7, 4, 4.01
1747806614, 0, 1178, 1259, 1249, 28, 9.49%, 5, 7, 4, 4.24
1747806846, 0, 1180, 1259, 1248, 34, 9.49%, 5, 7, 4, 10.49
1747806851, 0, 1182, 1259, 1248, 34, 9.49%, 5, 7, 4, 10.05
1747806856, 0, 1183, 1259, 1248, 34, 9.49%, 5, 7, 4, 10.92
1747806861, 0, 1184, 1259, 1248, 34, 9.49%, 5, 7, 4, 10.80
1747806866, 0, 1185, 1259, 1248, 34, 9.49%, 5, 7, 4, 10.33
1747806872, 0, 1186, 1259, 1248, 34, 9.49%, 5, 7, 4, 6.73
1747806877, 0, 1187, 1259, 1248, 34, 9.49%, 5, 7, 4, 6.66
1747806882, 0, 1188, 1259, 1248, 34, 9.49%, 5, 7, 4, 9.52
1747806887, 0, 1189, 1259, 1248, 34, 9.49%, 5, 7, 4, 10.02
1747806985, 0, 1189, 1260, 1249, 34, 9.49%, 5, 7, 5, 4.99
1747807263, 0, 1189, 1262, 1251, 34, 9.49%, 5, 7, 5, 3.79
1747807736, 0, 1190, 1262, 1250, 34, 9.49%, 5, 7, 5, 11.74
1747807742, 0, 1191, 1262, 1250, 34, 9.49%, 5, 7, 5, 9.87
1747807747, 0, 1194, 1262, 1250, 34, 9.49%, 5, 7, 5, 10.63
1747807752, 0, 1195, 1262, 1250, 34, 9.49%, 5, 7, 5, 2.24
1747807757, 0, 1197, 1262, 1250, 34, 9.49%, 5, 7, 5, 10.72
1747807767, 0, 1199, 1262, 1250, 34, 9.49%, 5, 7, 5, 10.42
1747807772, 0, 1200, 1262, 1250, 34, 9.49%, 5, 7, 5, 10.94
1747807778, 0, 1201, 1262, 1250, 34, 9.49%, 5, 7, 5, 9.24
1747807783, 0, 1202, 1262, 1250, 34, 9.49%, 5, 7, 5, 8.87
1747807788, 0, 1203, 1262, 1250, 34, 9.49%, 5, 7, 5, 8.53
1747807793, 0, 1204, 1262, 1250, 34, 9.49%, 5, 7, 5, 10.84
1747807798, 0, 1205, 1262, 1250, 34, 9.49%, 5, 7, 5, 9.82
1747807809, 0, 1207, 1262, 1250, 34, 9.49%, 5, 7, 5, 9.95
1747807814, 0, 1208, 1262, 1250, 34, 9.49%, 5, 7, 5, 9.99
1747807819, 0, 1209, 1262, 1250, 34, 9.49%, 5, 7, 5, 8.90
1747807825, 0, 1210, 1262, 1250, 34, 9.49%, 5, 7, 5, 1.96
1747807835, 0, 1212, 1262, 1250, 34, 9.49%, 5, 7, 5, 6.45
1747807840, 0, 1214, 1262, 1250, 34, 9.49%, 5, 7, 5, 8.51
1747807845, 0, 1216, 1262, 1250, 34, 9.49%, 5, 7, 5, 8.31
1747807855, 0, 1217, 1262, 1250, 34, 9.49%, 5, 7, 5, 9.58
1747807860, 0, 1219, 1262, 1250, 34, 9.49%, 5, 7, 5, 13.15
1747807866, 0, 1220, 1262, 1250, 34, 9.49%, 5, 7, 5, 2.28
1747807871, 0, 1221, 1262, 1250, 34, 9.49%, 5, 7, 5, 8.04
1747807876, 0, 1222, 1262, 1250, 34, 9.49%, 5, 7, 5, 9.77
1747807881, 0, 1223, 1262, 1250, 34, 9.49%, 5, 7, 5, 10.31
1747807886, 0, 1224, 1262, 1250, 34, 9.49%, 5, 7, 5, 10.66
1747807891, 0, 1225, 1262, 1250, 34, 9.49%, 5, 7, 5, 12.61
1747807896, 0, 1226, 1262, 1250, 34, 9.49%, 5, 7, 5, 11.86
1747807902, 0, 1227, 1262, 1250, 34, 9.49%, 5, 7, 5, 4.24
1747807907, 0, 1228, 1262, 1250, 34, 9.49%, 5, 7, 5, 8.13
1747807918, 0, 1229, 1262, 1250, 34, 9.49%, 5, 7, 5, 8.74
1747807923, 0, 1230, 1262, 1250, 34, 9.49%, 5, 7, 5, 8.62
1747807928, 0, 1231, 1262, 1250, 34, 9.49%, 5, 7, 5, 9.00
1747807933, 0, 1232, 1262, 1250, 34, 9.49%, 5, 7, 5, 9.46
1747807939, 0, 1233, 1262, 1250, 34, 9.49%, 5, 7, 5, 9.73
1747807949, 0, 1234, 1262, 1250, 34, 9.49%, 5, 7, 5, 10.96
1747807954, 0, 1235, 1262, 1250, 34, 9.49%, 5, 7, 5, 10.98
1747807959, 0, 1236, 1262, 1250, 34, 9.49%, 5, 7, 5, 2.04
1747807964, 0, 1237, 1262, 1250, 34, 9.49%, 5, 7, 5, 14.45
1747807969, 0, 1238, 1262, 1250, 34, 9.49%, 5, 7, 5, 11.90
1747807975, 0, 1239, 1262, 1250, 34, 9.49%, 5, 7, 5, 13.64
1747807980, 0, 1240, 1262, 1250, 34, 9.49%, 5, 7, 5, 11.59
1747807990, 0, 1241, 1262, 1250, 34, 9.49%, 5, 7, 5, 10.64
1747807995, 0, 1243, 1262, 1250, 34, 9.49%, 5, 7, 5, 4.39
1747808000, 0, 1244, 1262, 1250, 34, 9.49%, 5, 7, 5, 7.86
1747808005, 0, 1245, 1262, 1250, 34, 9.49%, 5, 7, 5, 9.78
1747808011, 0, 1246, 1262, 1250, 34, 9.49%, 5, 7, 5, 16.34
1747808016, 0, 1247, 1262, 1250, 34, 9.49%, 5, 7, 5, 13.66
1747808021, 0, 1248, 1262, 1250, 34, 9.49%, 5, 7, 5, 5.90
1747808026, 0, 1249, 1262, 1250, 34, 9.49%, 5, 7, 5, 7.87
1747808031, 0, 1250, 1262, 1250, 34, 9.49%, 5, 7, 5, 7.92
1747808042, 0, 1251, 1262, 1250, 34, 9.49%, 5, 7, 5, 8.22
1747808047, 0, 1252, 1262, 1250, 34, 9.49%, 5, 7, 5, 7.45
1747808052, 0, 1253, 1262, 1250, 34, 9.49%, 5, 7, 5, 8.66
1747808063, 0, 1254, 1262, 1250, 34, 9.49%, 5, 7, 5, 10.72
1747808068, 0, 1255, 1262, 1250, 34, 9.49%, 5, 7, 5, 9.84
1747808073, 0, 1256, 1262, 1250, 34, 9.49%, 5, 7, 5, 9.95
1747808078, 0, 1257, 1262, 1250, 34, 9.49%, 5, 7, 5, 10.13
1747808084, 0, 1258, 1262, 1250, 34, 9.49%, 5, 7, 5, 11.71
1747808089, 0, 1259, 1262, 1250, 34, 9.49%, 5, 7, 5, 6.40
1747808146, 0, 1259, 1263, 1251, 34, 9.49%, 5, 7, 6, 4.87
1747808884, 0, 1260, 1263, 1250, 33, 9.49%, 5, 7, 6, 13.67
1747808889, 0, 1261, 1263, 1250, 33, 9.49%, 5, 7, 6, 18.46
1747808899, 0, 1262, 1263, 1250, 33, 9.49%, 5, 7, 6, 11.53
1747808904, 1, 0, 1263, 1250, 33, 9.49%, 5, 7, 6, 10.13
1747808910, 1, 1, 1263, 1250, 33, 9.49%, 5, 7, 6, 9.17
1747808915, 1, 2, 1263, 1250, 33, 9.49%, 5, 7, 6, 9.39
1747808920, 1, 3, 1263, 1250, 33, 9.49%, 5, 7, 6, 8.97
1747808925, 1, 4, 1264, 1251, 33, 9.49%, 5, 7, 6, 10.44
1747808941, 1, 5, 1264, 1251, 33, 9.49%, 5, 7, 6, 13.52
1747808946, 1, 6, 1264, 1251, 33, 9.49%, 5, 7, 6, 14.28
1747808951, 1, 7, 1264, 1251, 33, 9.49%, 5, 7, 6, 11.16
1747808956, 1, 9, 1264, 1251, 33, 9.49%, 5, 7, 6, 10.22
1747808961, 1, 9, 1265, 1252, 33, 9.49%, 5, 7, 6, 1.69
1747808977, 1, 11, 1265, 1252, 33, 9.49%, 5, 7, 6, 11.17
1747808988, 1, 12, 1265, 1252, 33, 9.49%, 5, 7, 6, 7.43
1747808993, 1, 13, 1265, 1252, 33, 9.49%, 5, 7, 6, 7.57
1747808998, 1, 14, 1265, 1252, 33, 9.49%, 5, 7, 6, 7.79
1747809004, 1, 15, 1265, 1252, 33, 9.49%, 5, 7, 6, 9.32
1747809014, 1, 16, 1265, 1252, 33, 9.49%, 5, 7, 6, 8.68
1747809019, 1, 17, 1265, 1252, 33, 9.49%, 5, 7, 6, 9.06
1747809024, 1, 18, 1265, 1252, 33, 9.49%, 5, 7, 6, 9.92
1747809029, 1, 19, 1265, 1252, 33, 9.49%, 5, 7, 6, 9.56
1747809040, 1, 20, 1265, 1252, 33, 9.49%, 5, 7, 6, 8.15
1747809045, 1, 20, 1266, 1253, 33, 9.49%, 5, 7, 6, 8.72
1747809056, 1, 21, 1266, 1253, 33, 9.49%, 5, 7, 6, 9.87
1747809061, 1, 22, 1266, 1253, 33, 9.49%, 5, 7, 6, 11.00
1747809066, 1, 23, 1266, 1253, 33, 9.49%, 5, 7, 6, 2.39
1747809071, 1, 24, 1266, 1253, 33, 9.49%, 5, 7, 6, 6.21
1747809076, 1, 25, 1266, 1253, 33, 9.49%, 5, 7, 6, 9.13
1747809086, 1, 26, 1266, 1253, 33, 9.49%, 5, 7, 6, 9.84
1747809092, 1, 27, 1266, 1253, 33, 9.49%, 5, 7, 6, 12.52
1747809097, 1, 28, 1266, 1253, 33, 9.49%, 5, 7, 6, 10.38
1747809102, 1, 29, 1266, 1253, 33, 9.49%, 5, 7, 6, 10.59
1747809107, 1, 31, 1266, 1253, 33, 9.49%, 5, 7, 6, 12.04
1747809118, 1, 33, 1266, 1253, 33, 9.49%, 5, 7, 6, 5.64
1747809123, 1, 34, 1266, 1253, 33, 9.49%, 5, 7, 6, 8.23
1747809128, 1, 36, 1266, 1253, 33, 9.49%, 5, 7, 6, 9.15
1747809133, 1, 39, 1266, 1253, 33, 9.49%, 5, 7, 6, 15.89
1747809143, 1, 40, 1266, 1253, 33, 9.49%, 5, 7, 6, 10.93
1747809148, 1, 41, 1266, 1253, 33, 9.49%, 5, 7, 6, 12.46
1747809154, 1, 42, 1266, 1253, 33, 9.49%, 5, 7, 6, 11.90
1747809159, 1, 43, 1266, 1253, 33, 9.49%, 5, 7, 6, 4.59
1747809164, 1, 44, 1266, 1253, 33, 9.49%, 5, 7, 6, 8.25
1747809169, 1, 45, 1266, 1253, 33, 9.49%, 5, 7, 6, 9.87
1747809175, 1, 46, 1266, 1253, 33, 9.49%, 5, 7, 6, 9.94
1747809180, 1, 47, 1266, 1253, 33, 9.49%, 5, 7, 6, 9.62
1747809185, 1, 48, 1266, 1253, 33, 9.49%, 5, 7, 6, 10.55
1747809195, 1, 49, 1266, 1253, 33, 9.49%, 5, 7, 6, 9.28
1747809201, 1, 50, 1266, 1253, 33, 9.49%, 5, 7, 6, 7.69
1747809206, 1, 51, 1266, 1253, 33, 9.49%, 5, 7, 6, 9.72
1747809216, 1, 52, 1266, 1253, 33, 9.49%, 5, 7, 6, 8.11
1747809221, 1, 53, 1266, 1253, 33, 9.49%, 5, 7, 6, 8.80
1747809227, 1, 54, 1266, 1253, 33, 9.49%, 5, 7, 6, 8.12
1747809237, 1, 54, 1267, 1254, 33, 9.49%, 5, 7, 6, 9.13
1747809242, 1, 55, 1267, 1254, 33, 9.49%, 5, 7, 6, 9.32
1747809247, 1, 56, 1267, 1254, 33, 9.49%, 5, 7, 6, 9.74
1747809252, 1, 58, 1267, 1254, 33, 9.49%, 5, 7, 6, 9.97
1747809263, 1, 60, 1267, 1254, 33, 9.49%, 5, 7, 6, 9.93
1747809268, 1, 61, 1267, 1254, 33, 9.49%, 5, 7, 6, 10.19
1747809273, 1, 62, 1267, 1254, 33, 9.49%, 5, 7, 6, 2.70
1747809278, 1, 63, 1267, 1254, 33, 9.49%, 5, 7, 6, 4.65
1747809288, 1, 66, 1267, 1254, 33, 9.49%, 5, 7, 6, 8.51
1747809294, 1, 67, 1267, 1254, 33, 9.49%, 5, 7, 6, 9.52
1747809299, 1, 68, 1267, 1254, 33, 9.49%, 5, 7, 6, 9.03
1747809304, 1, 69, 1267, 1254, 33, 9.49%, 5, 7, 6, 10.43
1747809309, 1, 70, 1267, 1254, 33, 9.49%, 5, 7, 6, 10.83
1747809314, 1, 71, 1267, 1254, 33, 9.49%, 5, 7, 6, 9.07
1747809324, 1, 72, 1267, 1254, 33, 9.49%, 5, 7, 6, 16.13
1747809330, 1, 74, 1267, 1254, 33, 9.49%, 5, 7, 6, 10.81
1747809335, 1, 77, 1267, 1254, 33, 9.49%, 5, 7, 6, 10.61
1747809340, 1, 78, 1267, 1254, 33, 9.49%, 5, 7, 6, 11.67
1747809345, 1, 79, 1267, 1254, 33, 9.49%, 5, 7, 6, 11.93
1747809350, 1, 80, 1267, 1254, 33, 9.49%, 5, 7, 6, 10.63
1747809361, 1, 81, 1267, 1254, 33, 9.49%, 5, 7, 6, 9.26
1747809366, 1, 83, 1267, 1254, 33, 9.49%, 5, 7, 6, 8.40
1747809371, 1, 84, 1267, 1254, 33, 9.49%, 5, 7, 6, 9.68
1747809376, 1, 85, 1267, 1254, 33, 9.49%, 5, 7, 6, 11.29
1747809382, 1, 86, 1267, 1254, 33, 9.49%, 5, 7, 6, 11.51
1747809387, 1, 87, 1267, 1254, 33, 9.49%, 5, 7, 6, 10.87
1747809397, 1, 88, 1267, 1254, 33, 9.49%, 5, 7, 6, 10.95
1747809402, 1, 89, 1267, 1254, 33, 9.49%, 5, 7, 6, 9.54
1747809407, 1, 90, 1267, 1254, 33, 9.49%, 5, 7, 6, 11.48
1747809412, 1, 91, 1267, 1254, 33, 9.49%, 5, 7, 6, 14.82
1747809418, 1, 92, 1268, 1255, 33, 9.49%, 5, 7, 6, 1.97
1747809433, 1, 93, 1268, 1255, 34, 9.49%, 5, 7, 6, 2.07
1747809438, 1, 94, 1268, 1255, 34, 9.49%, 5, 7, 6, 15.44
1747809551, 1, 95, 1268, 1254, 34, 9.49%, 5, 7, 6, 14.86
1747809556, 1, 96, 1268, 1254, 34, 9.49%, 5, 7, 6, 11.43
1747809562, 1, 96, 1269, 1255, 34, 9.49%, 5, 7, 6, 1.86
1747809572, 1, 97, 1269, 1255, 34, 9.49%, 5, 7, 6, 2.19
1747809577, 1, 98, 1269, 1255, 34, 9.49%, 5, 7, 6, 18.39
1747809582, 1, 98, 1270, 1256, 34, 9.49%, 5, 7, 6, 9.77
1747809593, 1, 99, 1270, 1256, 34, 9.49%, 5, 7, 6, 11.02
1747809598, 1, 101, 1270, 1256, 34, 9.49%, 5, 7, 6, 11.73
1747809609, 1, 103, 1270, 1256, 34, 9.49%, 5, 7, 6, 10.42
1747809614, 1, 104, 1270, 1256, 34, 9.49%, 5, 7, 6, 8.72
1747809619, 1, 104, 1271, 1257, 34, 9.49%, 5, 7, 6, 9.76
1747809624, 1, 105, 1271, 1257, 34, 9.49%, 5, 7, 6, 9.41
1747809629, 1, 106, 1271, 1257, 34, 9.49%, 5, 7, 6, 10.18
1747809635, 1, 107, 1271, 1257, 34, 9.49%, 5, 7, 6, 9.59
1747809645, 1, 109, 1271, 1257, 34, 9.49%, 5, 7, 6, 10.62
1747809650, 1, 110, 1271, 1257, 34, 9.49%, 5, 7, 6, 14.30
1747809655, 1, 111, 1271, 1257, 34, 9.49%, 5, 7, 6, 10.29
1747809660, 1, 112, 1271, 1257, 34, 9.49%, 5, 7, 6, 10.10
1747809665, 1, 114, 1271, 1257, 34, 9.49%, 5, 7, 6, 10.50
1747809676, 1, 116, 1271, 1257, 34, 9.49%, 5, 7, 6, 9.19
1747809681, 1, 117, 1271, 1257, 34, 9.49%, 5, 7, 6, 8.38
1747809686, 1, 118, 1271, 1257, 34, 9.49%, 5, 7, 6, 9.07
1747809691, 1, 119, 1271, 1257, 34, 9.49%, 5, 7, 6, 9.61
1747809701, 1, 120, 1271, 1257, 34, 9.49%, 5, 7, 6, 10.56
1747809707, 1, 121, 1271, 1257, 34, 9.49%, 5, 7, 6, 9.17
1747809712, 1, 122, 1271, 1257, 34, 9.49%, 5, 7, 6, 9.30
1747809717, 1, 123, 1271, 1257, 34, 9.49%, 5, 7, 6, 9.65
1747809722, 1, 124, 1271, 1257, 34, 9.49%, 5, 7, 6, 9.67
1747809727, 1, 126, 1271, 1257, 34, 9.49%, 5, 7, 6, 9.94
1747809738, 1, 127, 1271, 1257, 34, 9.49%, 5, 7, 6, 8.99
1747809743, 1, 128, 1271, 1257, 34, 9.49%, 5, 7, 6, 8.75
1747809748, 1, 130, 1272, 1258, 34, 9.54%, 5, 7, 6, 7.86
1747809759, 1, 130, 1273, 1259, 34, 9.54%, 5, 7, 6, 9.38
1747809774, 1, 131, 1273, 1259, 33, 9.54%, 5, 7, 6, 11.87
1747809779, 1, 134, 1273, 1259, 33, 9.54%, 5, 7, 6, 11.78
1747809784, 1, 135, 1273, 1259, 33, 9.54%, 5, 7, 6, 18.14
1747809795, 1, 136, 1273, 1259, 33, 9.54%, 5, 7, 6, 11.37
1747809800, 1, 137, 1273, 1259, 33, 9.54%, 5, 7, 6, 10.49
1747809805, 1, 139, 1273, 1259, 33, 9.54%, 5, 7, 6, 12.56
1747809810, 1, 140, 1273, 1259, 33, 9.54%, 5, 7, 6, 11.43
1747809815, 1, 145, 1273, 1259, 33, 9.54%, 5, 7, 6, 10.26
1747809820, 1, 147, 1273, 1259, 33, 9.54%, 5, 7, 6, 9.79
1747809826, 1, 149, 1273, 1259, 33, 9.54%, 5, 7, 6, 9.47
1747809831, 1, 150, 1273, 1259, 33, 9.54%, 5, 7, 6, 12.48
1747809836, 1, 152, 1273, 1259, 33, 9.54%, 5, 7, 6, 10.28
1747809842, 1, 153, 1273, 1259, 33, 9.54%, 5, 7, 6, 10.60
1747809847, 1, 154, 1273, 1259, 33, 9.54%, 5, 7, 6, 2.16
1747809852, 1, 155, 1273, 1259, 33, 9.54%, 5, 7, 6, 7.01
1747809862, 1, 156, 1273, 1259, 33, 9.54%, 5, 7, 6, 10.07
1747809867, 1, 157, 1273, 1259, 33, 9.54%, 6, 7, 6, 7.13
1747809873, 1, 158, 1273, 1259, 33, 9.54%, 6, 7, 6, 10.60
1747809878, 1, 159, 1273, 1259, 33, 9.54%, 6, 7, 6, 2.31
1747809883, 1, 160, 1273, 1259, 33, 9.54%, 6, 7, 6, 8.00
1747809889, 1, 161, 1273, 1259, 33, 9.54%, 6, 7, 6, 9.68
1747809894, 1, 162, 1273, 1259, 33, 9.54%, 6, 7, 6, 13.54
1747809899, 1, 164, 1273, 1259, 33, 9.54%, 6, 7, 6, 14.77
1747809904, 1, 165, 1273, 1259, 33, 9.54%, 6, 7, 6, 11.87
1747809910, 1, 168, 1273, 1259, 33, 9.54%, 6, 7, 6, 10.85
1747809915, 1, 171, 1273, 1259, 33, 9.54%, 6, 7, 6, 9.08
1747809920, 1, 172, 1273, 1259, 33, 9.54%, 6, 7, 6, 10.71
1747809925, 1, 172, 1274, 1260, 33, 9.54%, 6, 7, 6, 2.04
1747809936, 1, 174, 1274, 1260, 33, 9.54%, 6, 7, 6, 5.72
1747809941, 1, 175, 1274, 1260, 33, 9.54%, 6, 7, 6, 8.58
1747809946, 1, 176, 1274, 1260, 33, 9.54%, 6, 7, 6, 9.91
1747809957, 1, 178, 1274, 1260, 33, 9.54%, 6, 7, 6, 2.21
1747809962, 1, 179, 1274, 1260, 33, 9.54%, 6, 7, 6, 11.20
1747809967, 1, 180, 1274, 1260, 33, 9.54%, 6, 7, 6, 11.85
1747809972, 1, 181, 1274, 1260, 33, 9.54%, 7, 7, 6, 11.63
1747809978, 1, 184, 1274, 1260, 33, 9.54%, 7, 7, 6, 10.72
1747809983, 1, 185, 1274, 1260, 33, 9.54%, 7, 7, 6, 9.98
1747809993, 1, 186, 1274, 1260, 33, 9.54%, 7, 7, 6, 10.29
1747809998, 1, 187, 1274, 1260, 33, 9.54%, 7, 7, 6, 10.97
1747810003, 1, 188, 1274, 1260, 33, 9.54%, 7, 7, 6, 9.67
1747810009, 1, 189, 1274, 1260, 33, 9.54%, 7, 7, 6, 10.77
1747810014, 1, 191, 1274, 1260, 33, 9.54%, 7, 7, 6, 11.06
1747810019, 1, 193, 1274, 1260, 33, 9.54%, 7, 7, 6, 9.90
1747810024, 1, 194, 1274, 1260, 33, 9.54%, 7, 7, 6, 10.57
1747810029, 1, 195, 1274, 1260, 33, 9.54%, 7, 7, 6, 10.02
1747810034, 1, 196, 1274, 1260, 33, 9.54%, 7, 7, 6, 3.17
1747810039, 1, 197, 1274, 1260, 33, 9.54%, 7, 7, 6, 6.89
1747810050, 1, 198, 1274, 1260, 33, 9.54%, 7, 7, 6, 8.72
1747810055, 1, 201, 1274, 1260, 33, 9.54%, 7, 7, 6, 10.02
1747810060, 1, 203, 1274, 1260, 33, 9.54%, 7, 7, 6, 11.47
1747810065, 1, 206, 1274, 1260, 33, 9.54%, 7, 7, 6, 10.05
1747810070, 1, 207, 1274, 1260, 33, 9.54%, 7, 7, 6, 10.33
1747810076, 1, 209, 1274, 1260, 33, 9.54%, 7, 7, 6, 8.28
1747810081, 1, 210, 1274, 1260, 33, 9.54%, 7, 7, 6, 1.80
1747810086, 1, 212, 1274, 1260, 33, 9.54%, 7, 7, 6, 3.18
1747810091, 1, 213, 1274, 1260, 33, 9.54%, 7, 7, 6, 13.81
1747810102, 1, 214, 1274, 1260, 33, 9.54%, 7, 7, 6, 13.04
1747810107, 1, 215, 1274, 1260, 33, 9.54%, 7, 7, 6, 12.10
1747810112, 1, 218, 1274, 1260, 33, 9.54%, 7, 7, 6, 13.54
1747810117, 1, 219, 1274, 1260, 33, 9.54%, 7, 7, 6, 11.42
1747810122, 1, 220, 1274, 1260, 33, 9.54%, 7, 7, 6, 9.84
1747810127, 1, 221, 1274, 1260, 33, 9.54%, 7, 7, 6, 11.50
1747810132, 1, 222, 1274, 1260, 33, 9.54%, 7, 7, 6, 14.80
1747810143, 1, 224, 1274, 1260, 33, 9.54%, 7, 7, 6, 12.04
1747810148, 1, 225, 1274, 1260, 33, 9.54%, 7, 7, 6, 10.48
1747810153, 1, 226, 1274, 1260, 33, 9.54%, 7, 7, 6, 10.35
1747810158, 1, 226, 1275, 1261, 33, 9.54%, 7, 7, 6, 7.07
1747810164, 1, 226, 1276, 1262, 33, 9.54%, 7, 7, 6, 5.60
1747810184, 1, 227, 1276, 1262, 33, 9.54%, 7, 7, 6, 8.92
1747810189, 1, 228, 1276, 1262, 33, 9.54%, 7, 7, 6, 13.28
1747810195, 1, 229, 1276, 1262, 33, 9.54%, 7, 7, 6, 12.12
1747810200, 1, 230, 1276, 1262, 33, 9.54%, 7, 7, 6, 12.05
1747810205, 1, 231, 1276, 1262, 33, 9.54%, 7, 7, 6, 10.74
1747810210, 1, 232, 1276, 1262, 33, 9.54%, 7, 7, 6, 10.48
1747810215, 1, 233, 1276, 1262, 33, 9.54%, 7, 7, 6, 10.79
1747810221, 1, 234, 1276, 1262, 33, 9.54%, 8, 7, 6, 11.19
1747810226, 1, 235, 1276, 1262, 33, 9.54%, 8, 7, 6, 13.86
1747810231, 1, 236, 1276, 1262, 33, 9.54%, 8, 7, 6, 12.51
1747810237, 1, 237, 1276, 1262, 33, 9.54%, 8, 7, 6, 2.62
1747810247, 1, 238, 1277, 1263, 33, 9.54%, 8, 7, 6, 1.43
1747810263, 1, 239, 1277, 1263, 33, 9.54%, 8, 7, 6, 10.70
1747810268, 1, 240, 1277, 1263, 33, 9.54%, 8, 7, 6, 2.51
1747810273, 1, 241, 1277, 1263, 33, 9.54%, 8, 7, 6, 15.07
1747810278, 1, 242, 1277, 1263, 33, 9.54%, 8, 7, 6, 2.97
1747810283, 1, 244, 1277, 1263, 33, 9.54%, 8, 7, 6, 9.04
1747810289, 1, 245, 1277, 1263, 33, 9.54%, 8, 7, 6, 10.40
1747810294, 1, 246, 1277, 1263, 33, 9.54%, 8, 7, 6, 11.51
1747810299, 1, 247, 1277, 1263, 33, 9.54%, 8, 7, 6, 8.86
1747810304, 1, 248, 1277, 1263, 33, 9.54%, 8, 7, 6, 9.39
1747810310, 1, 249, 1277, 1263, 33, 9.54%, 8, 7, 6, 10.35
1747810315, 1, 250, 1277, 1263, 33, 9.54%, 8, 7, 6, 9.31
1747810320, 1, 251, 1277, 1263, 33, 9.54%, 8, 7, 6, 10.07
1747810326, 1, 252, 1277, 1263, 33, 9.54%, 8, 7, 6, 10.45
1747810331, 1, 253, 1277, 1263, 33, 9.54%, 8, 7, 6, 9.50
1747810341, 1, 254, 1277, 1263, 33, 9.54%, 8, 7, 6, 8.99
1747810346, 1, 255, 1277, 1263, 33, 9.54%, 8, 7, 6, 11.21
1747810351, 1, 256, 1277, 1263, 33, 9.54%, 8, 7, 6, 10.04
1747810357, 1, 257, 1277, 1263, 33, 9.54%, 8, 7, 6, 11.43
1747810367, 1, 259, 1277, 1263, 33, 9.54%, 8, 7, 6, 9.73
1747810372, 1, 260, 1277, 1263, 33, 9.54%, 8, 7, 6, 9.10
1747810377, 1, 261, 1277, 1263, 33, 9.54%, 8, 7, 6, 3.62
1747810383, 1, 262, 1277, 1263, 33, 9.54%, 8, 7, 6, 9.09
1747810388, 1, 263, 1278, 1264, 33, 9.54%, 8, 7, 6, 9.16
1747810398, 1, 263, 1279, 1265, 33, 9.54%, 8, 7, 6, 5.41
1747810419, 1, 264, 1279, 1265, 33, 9.54%, 8, 7, 6, 9.83
1747810424, 1, 265, 1279, 1265, 33, 9.54%, 8, 7, 6, 9.85
1747810429, 1, 266, 1279, 1265, 33, 9.54%, 8, 7, 6, 9.97
1747810435, 1, 267, 1279, 1265, 33, 9.54%, 8, 7, 6, 10.06
1747810440, 1, 268, 1279, 1265, 33, 9.54%, 8, 7, 6, 12.13
1747810445, 1, 269, 1279, 1265, 33, 9.54%, 8, 7, 6, 3.06
1747810450, 1, 270, 1279, 1265, 33, 9.54%, 8, 7, 6, 13.67
1747810460, 1, 272, 1279, 1265, 33, 9.54%, 8, 7, 6, 9.57
1747810466, 1, 273, 1279, 1265, 33, 9.54%, 8, 7, 6, 9.82
1747810471, 1, 274, 1279, 1265, 33, 9.54%, 8, 7, 6, 9.79
1747810476, 1, 276, 1279, 1265, 33, 9.54%, 8, 7, 6, 3.58
1747810481, 1, 277, 1279, 1265, 33, 9.54%, 8, 7, 6, 13.25
1747810486, 1, 278, 1279, 1265, 33, 9.54%, 8, 7, 6, 15.91
1747810492, 1, 279, 1279, 1265, 33, 9.54%, 8, 7, 6, 5.29
1747810497, 1, 280, 1279, 1265, 33, 9.54%, 8, 7, 6, 9.21
1747810502, 1, 281, 1279, 1265, 33, 9.54%, 8, 7, 6, 11.24
1747810507, 1, 282, 1279, 1265, 33, 9.54%, 8, 7, 6, 9.95
1747810512, 1, 283, 1279, 1265, 33, 9.54%, 8, 7, 6, 11.31
1747810517, 1, 285, 1279, 1265, 33, 9.54%, 8, 7, 6, 10.12
1747810523, 1, 286, 1279, 1265, 33, 9.54%, 8, 7, 6, 10.11
1747810528, 1, 287, 1279, 1265, 33, 9.54%, 8, 7, 6, 10.91
1747810533, 1, 288, 1279, 1265, 33, 9.54%, 8, 7, 6, 9.60
1747810544, 1, 289, 1279, 1265, 33, 9.54%, 8, 7, 6, 9.80
1747810549, 1, 290, 1279, 1265, 33, 9.54%, 9, 7, 6, 9.56
1747810554, 1, 291, 1279, 1265, 33, 9.54%, 9, 7, 6, 10.80
1747810559, 1, 292, 1279, 1265, 33, 9.54%, 9, 7, 6, 2.14
1747810565, 1, 294, 1279, 1265, 33, 9.54%, 9, 7, 6, 5.13
1747810575, 1, 297, 1279, 1265, 33, 9.54%, 9, 7, 6, 11.71
1747810580, 1, 298, 1279, 1265, 33, 9.54%, 9, 7, 6, 16.10
1747810585, 1, 298, 1279, 1265, 33, 9.54%, 10, 7, 6, 4.58
1747810590, 1, 299, 1279, 1265, 33, 9.54%, 10, 7, 6, 6.48
1747810596, 1, 300, 1279, 1265, 33, 9.54%, 10, 7, 6, 8.57
1747810601, 1, 302, 1279, 1265, 33, 9.54%, 10, 7, 6, 9.26
1747810606, 1, 303, 1279, 1265, 33, 9.54%, 10, 7, 6, 9.84
1747810611, 1, 304, 1279, 1265, 33, 9.54%, 10, 7, 6, 10.84
1747810616, 1, 306, 1279, 1265, 33, 9.54%, 10, 7, 6, 9.69
1747810627, 1, 307, 1279, 1265, 33, 9.54%, 10, 7, 6, 10.44
1747810632, 1, 308, 1279, 1265, 33, 9.54%, 10, 7, 6, 10.16
1747810637, 1, 309, 1279, 1265, 33, 9.54%, 10, 7, 6, 9.99
1747810642, 1, 310, 1279, 1265, 33, 9.54%, 10, 7, 6, 8.87
1747810647, 1, 311, 1279, 1265, 33, 9.54%, 10, 7, 6, 11.28
1747810653, 1, 314, 1279, 1265, 33, 9.54%, 10, 7, 6, 9.23
1747810658, 1, 315, 1279, 1265, 33, 9.54%, 10, 7, 6, 11.05
1747810663, 1, 316, 1279, 1265, 33, 9.54%, 10, 7, 6, 3.10
1747810673, 1, 318, 1279, 1265, 33, 9.54%, 10, 7, 6, 9.12
1747810678, 1, 319, 1279, 1265, 33, 9.54%, 10, 7, 6, 10.66
1747810683, 1, 320, 1279, 1265, 33, 9.54%, 10, 7, 6, 9.69
1747810689, 1, 321, 1279, 1265, 33, 9.54%, 10, 7, 6, 8.34
1747810694, 1, 322, 1279, 1265, 33, 9.54%, 10, 7, 6, 9.52
1747810704, 1, 323, 1279, 1265, 33, 9.54%, 10, 7, 6, 8.76
1747810709, 1, 324, 1279, 1265, 33, 9.54%, 10, 7, 6, 11.15
1747810715, 1, 325, 1279, 1265, 33, 9.54%, 10, 7, 6, 2.98
1747810720, 1, 326, 1279, 1265, 33, 9.54%, 10, 7, 6, 8.58
1747810725, 1, 328, 1279, 1265, 33, 9.54%, 10, 7, 6, 10.19
1747810735, 1, 330, 1279, 1265, 33, 9.54%, 10, 7, 6, 12.56
1747810740, 1, 331, 1279, 1265, 33, 9.54%, 10, 7, 6, 11.20
1747810745, 1, 332, 1279, 1265, 33, 9.54%, 10, 7, 6, 13.64
1747810751, 1, 333, 1279, 1265, 33, 9.54%, 10, 7, 6, 14.06
1747810756, 1, 334, 1279, 1265, 33, 9.54%, 10, 7, 6, 14.19
1747810761, 1, 335, 1279, 1265, 33, 9.54%, 10, 7, 6, 12.96
1747810766, 1, 336, 1279, 1265, 33, 9.54%, 10, 7, 6, 1.80
1747810771, 1, 337, 1279, 1265, 33, 9.54%, 10, 7, 6, 11.52
1747810776, 1, 340, 1279, 1265, 33, 9.54%, 10, 7, 6, 10.16
1747810782, 1, 341, 1279, 1265, 33, 9.54%, 10, 7, 6, 11.08
1747810792, 1, 342, 1279, 1265, 33, 9.54%, 10, 7, 6, 9.47
1747810797, 1, 343, 1280, 1266, 33, 9.54%, 10, 7, 6, 1.99
1747810813, 1, 344, 1280, 1266, 33, 9.54%, 10, 7, 6, 9.30
1747810818, 1, 345, 1280, 1266, 33, 9.54%, 10, 7, 6, 8.88
1747810823, 1, 346, 1280, 1266, 33, 9.54%, 10, 7, 6, 9.28
1747810829, 1, 347, 1280, 1266, 33, 9.54%, 10, 7, 6, 17.94
1747810834, 1, 348, 1280, 1266, 33, 9.54%, 10, 7, 6, 10.75
1747810839, 1, 349, 1280, 1266, 33, 9.54%, 10, 7, 6, 16.39
1747810844, 1, 350, 1280, 1266, 33, 9.54%, 10, 7, 6, 13.47
1747810849, 1, 351, 1280, 1266, 33, 9.54%, 10, 7, 6, 10.77
1747810859, 1, 352, 1280, 1266, 33, 9.54%, 10, 7, 6, 9.42
1747810865, 1, 353, 1280, 1266, 33, 9.54%, 10, 7, 6, 12.02
1747810870, 1, 354, 1280, 1266, 33, 9.54%, 10, 7, 6, 11.13
1747810875, 1, 355, 1280, 1266, 33, 9.54%, 10, 7, 6, 10.18
1747810880, 1, 356, 1280, 1266, 33, 9.54%, 10, 7, 6, 9.04
1747810885, 1, 357, 1280, 1266, 33, 9.54%, 10, 7, 6, 9.35
1747810890, 1, 358, 1280, 1266, 33, 9.54%, 10, 7, 6, 9.96
1747810895, 1, 360, 1280, 1266, 33, 9.54%, 10, 7, 6, 8.67
1747810906, 1, 361, 1280, 1266, 33, 9.54%, 10, 7, 6, 9.65
1747810911, 1, 362, 1280, 1266, 33, 9.54%, 10, 7, 6, 9.58
1747810916, 1, 363, 1280, 1266, 33, 9.54%, 10, 7, 6, 9.94
1747810921, 1, 364, 1280, 1266, 33, 9.54%, 10, 7, 6, 9.79
1747810926, 1, 365, 1280, 1266, 33, 9.54%, 10, 7, 6, 8.86
1747810937, 1, 366, 1280, 1266, 33, 9.54%, 10, 7, 6, 9.51
1747810942, 1, 367, 1280, 1266, 33, 9.54%, 10, 7, 6, 9.71
1747810947, 1, 369, 1280, 1266, 33, 9.54%, 10, 7, 6, 3.71
1747810952, 1, 371, 1280, 1266, 33, 9.54%, 10, 7, 6, 10.45
1747810957, 1, 372, 1280, 1266, 33, 9.54%, 10, 7, 6, 8.73
1747810962, 1, 375, 1280, 1266, 33, 9.54%, 10, 7, 6, 8.80
1747810967, 1, 376, 1280, 1266, 33, 9.54%, 10, 7, 6, 9.68
1747810973, 1, 377, 1280, 1266, 33, 9.54%, 10, 7, 6, 3.81
1747810983, 1, 378, 1280, 1266, 33, 9.54%, 10, 7, 6, 9.14
1747810988, 1, 379, 1280, 1266, 33, 9.54%, 10, 7, 6, 9.34
1747810993, 1, 380, 1280, 1266, 33, 9.54%, 10, 7, 6, 9.14
1747810998, 1, 381, 1280, 1266, 33, 9.54%, 10, 7, 6, 11.58
1747811003, 1, 382, 1280, 1266, 33, 9.54%, 10, 7, 6, 9.39
1747811009, 1, 383, 1280, 1266, 33, 9.54%, 10, 7, 6, 8.44
1747811019, 1, 385, 1280, 1266, 33, 9.54%, 10, 7, 6, 9.46
1747811024, 1, 387, 1280, 1266, 33, 9.54%, 10, 7, 6, 16.45
1747811085, 1, 388, 1280, 1265, 33, 9.54%, 10, 7, 6, 17.79
1747811090, 1, 389, 1280, 1265, 33, 9.54%, 10, 7, 6, 9.33
1747811095, 1, 391, 1280, 1265, 33, 9.54%, 10, 7, 6, 12.49
1747811101, 1, 392, 1280, 1265, 33, 9.54%, 10, 7, 6, 10.80
1747811106, 1, 393, 1280, 1265, 33, 9.54%, 10, 7, 6, 15.60
1747811111, 1, 394, 1280, 1265, 33, 9.54%, 10, 7, 6, 6.75
1747811116, 1, 397, 1280, 1265, 33, 9.54%, 10, 7, 6, 9.44
1747811127, 1, 398, 1280, 1265, 33, 9.54%, 10, 7, 6, 9.46
1747811132, 1, 399, 1280, 1265, 33, 9.54%, 10, 7, 6, 10.33
1747811137, 1, 400, 1280, 1265, 33, 9.54%, 10, 7, 6, 12.26
1747811142, 1, 401, 1280, 1265, 33, 9.54%, 10, 7, 6, 11.27
1747811148, 1, 406, 1280, 1265, 33, 9.54%, 10, 7, 6, 2.67
1747811153, 1, 407, 1280, 1265, 33, 9.54%, 10, 7, 6, 8.50
1747811158, 1, 408, 1280, 1265, 33, 9.54%, 10, 7, 6, 9.83
1747811168, 1, 409, 1280, 1265, 33, 9.54%, 10, 7, 6, 8.44
1747811174, 1, 410, 1280, 1265, 33, 9.54%, 10, 7, 6, 9.77
1747811179, 1, 411, 1281, 1266, 33, 9.54%, 10, 7, 6, 2.05
1747811189, 1, 412, 1281, 1266, 33, 9.54%, 10, 7, 6, 9.06
1747811200, 1, 414, 1281, 1266, 33, 9.54%, 10, 7, 6, 10.97
1747811210, 1, 415, 1281, 1266, 33, 9.54%, 10, 7, 6, 9.91
1747811215, 1, 417, 1281, 1266, 33, 9.54%, 10, 7, 6, 9.76
1747811220, 1, 418, 1281, 1266, 33, 9.54%, 10, 7, 6, 12.13
1747811225, 1, 420, 1281, 1266, 33, 9.54%, 10, 7, 6, 13.73
1747811231, 1, 425, 1281, 1266, 33, 9.54%, 10, 7, 6, 8.99
1747811241, 1, 426, 1281, 1266, 33, 9.54%, 10, 7, 6, 9.45
1747811246, 1, 428, 1281, 1266, 33, 9.54%, 10, 7, 6, 8.10
1747811251, 1, 429, 1281, 1266, 33, 9.54%, 10, 7, 6, 9.97
1747811256, 1, 430, 1281, 1266, 33, 9.54%, 10, 7, 6, 9.87
1747811261, 1, 431, 1281, 1266, 33, 9.54%, 10, 7, 6, 8.59
1747811267, 1, 432, 1281, 1266, 33, 9.54%, 10, 7, 6, 10.57
1747811277, 1, 434, 1281, 1266, 33, 9.54%, 10, 7, 6, 9.78
1747811282, 1, 435, 1281, 1266, 33, 9.54%, 10, 7, 6, 9.26
1747811287, 1, 436, 1281, 1266, 33, 9.54%, 10, 7, 6, 10.77
1747811292, 1, 437, 1281, 1266, 33, 9.54%, 10, 7, 6, 15.78
1747811298, 1, 438, 1281, 1266, 33, 9.54%, 10, 7, 6, 11.22
1747811303, 1, 439, 1281, 1266, 33, 9.54%, 10, 7, 6, 9.82
1747811308, 1, 440, 1281, 1266, 33, 9.54%, 11, 7, 6, 8.58
1747811313, 1, 441, 1281, 1266, 33, 9.54%, 11, 7, 6, 10.73
1747811318, 1, 442, 1282, 1267, 33, 9.55%, 11, 7, 6, 10.06
1747811334, 1, 443, 1282, 1267, 33, 9.55%, 11, 7, 6, 12.04
1747811339, 1, 444, 1282, 1267, 33, 9.55%, 11, 7, 6, 3.00
1747811345, 1, 445, 1282, 1267, 33, 9.55%, 11, 7, 6, 7.46
1747811350, 1, 446, 1282, 1267, 33, 9.55%, 11, 7, 6, 10.03
1747811356, 1, 447, 1283, 1268, 33, 9.55%, 11, 7, 6, 10.73
1747811371, 1, 448, 1283, 1268, 32, 9.55%, 11, 7, 6, 8.78
1747811377, 1, 449, 1283, 1268, 32, 9.55%, 11, 7, 6, 10.19
1747811387, 1, 451, 1283, 1268, 32, 9.55%, 11, 7, 6, 10.04
1747811392, 1, 452, 1283, 1268, 32, 9.55%, 11, 7, 6, 13.06
1747811397, 1, 453, 1283, 1268, 32, 9.55%, 11, 7, 6, 4.59
1747811402, 1, 454, 1283, 1268, 32, 9.55%, 11, 7, 6, 8.21
1747811408, 1, 455, 1283, 1268, 32, 9.55%, 11, 7, 6, 8.96
1747811413, 1, 456, 1283, 1268, 32, 9.55%, 11, 7, 6, 9.98
1747811418, 1, 457, 1283, 1268, 32, 9.55%, 11, 7, 6, 10.97
1747811423, 1, 458, 1283, 1268, 32, 9.55%, 11, 7, 6, 9.50
1747811428, 1, 459, 1283, 1268, 32, 9.55%, 11, 7, 6, 10.73
1747811433, 1, 460, 1283, 1268, 32, 9.55%, 11, 7, 6, 14.82
1747811438, 1, 461, 1283, 1268, 32, 9.55%, 11, 7, 6, 12.12
1747811443, 1, 463, 1283, 1268, 32, 9.55%, 11, 7, 6, 10.78
1747811448, 1, 464, 1283, 1268, 32, 9.55%, 11, 7, 6, 10.82
1747811459, 1, 465, 1283, 1268, 32, 9.55%, 11, 7, 6, 12.93
1747811464, 1, 466, 1283, 1268, 32, 9.55%, 11, 7, 6, 10.85
1747811469, 1, 467, 1283, 1268, 32, 9.55%, 11, 7, 6, 9.60
1747811474, 1, 468, 1283, 1268, 32, 9.55%, 11, 7, 6, 2.35
1747811479, 1, 469, 1283, 1268, 32, 9.55%, 12, 7, 6, 15.09
1747811485, 1, 470, 1283, 1268, 32, 9.55%, 12, 7, 6, 12.09
1747811490, 1, 471, 1283, 1268, 32, 9.55%, 12, 7, 6, 9.56
1747811501, 1, 472, 1283, 1268, 32, 9.55%, 12, 7, 6, 7.77
1747811506, 1, 474, 1283, 1268, 32, 9.55%, 12, 7, 6, 8.96
1747811511, 1, 476, 1283, 1268, 32, 9.55%, 12, 7, 6, 11.00
1747811516, 1, 478, 1283, 1268, 32, 9.55%, 12, 7, 6, 10.54
1747811521, 1, 480, 1283, 1268, 32, 9.55%, 12, 7, 6, 11.05
1747811526, 1, 481, 1283, 1268, 32, 9.55%, 13, 7, 6, 2.06
1747811532, 1, 482, 1283, 1268, 32, 9.55%, 13, 7, 6, 12.94
1747811537, 1, 483, 1283, 1268, 32, 9.55%, 13, 7, 6, 11.07
1747811542, 1, 484, 1283, 1268, 32, 9.55%, 13, 7, 6, 15.64
1747811547, 1, 485, 1283, 1268, 32, 9.55%, 13, 7, 6, 11.99
1747811558, 1, 486, 1283, 1268, 32, 9.55%, 13, 7, 6, 10.68
1747811563, 1, 488, 1283, 1268, 32, 9.55%, 13, 7, 6, 2.24
1747811568, 1, 489, 1283, 1268, 32, 9.55%, 13, 7, 6, 8.42
1747811573, 1, 491, 1283, 1268, 32, 9.55%, 13, 7, 6, 11.05
1747811584, 1, 492, 1284, 1269, 32, 9.55%, 13, 7, 6, 1.98
1747811599, 1, 493, 1284, 1269, 32, 9.55%, 13, 7, 6, 2.21
1747811604, 1, 496, 1284, 1269, 32, 9.55%, 13, 7, 6, 8.47
1747811610, 1, 497, 1284, 1269, 32, 9.55%, 13, 7, 6, 8.94
1747811615, 1, 498, 1284, 1269, 32, 9.55%, 13, 7, 6, 10.49
1747811620, 1, 499, 1284, 1269, 32, 9.55%, 13, 7, 6, 10.42
1747811626, 1, 500, 1284, 1269, 32, 9.55%, 13, 7, 6, 11.85
1747811631, 1, 502, 1284, 1269, 32, 9.55%, 13, 7, 6, 9.43
1747811636, 1, 503, 1284, 1269, 32, 9.55%, 13, 7, 6, 9.94
1747811641, 1, 504, 1284, 1269, 32, 9.55%, 14, 7, 6, 10.36
1747811646, 1, 505, 1284, 1269, 32, 9.55%, 14, 7, 6, 9.99
1747811651, 1, 506, 1284, 1269, 32, 9.55%, 14, 7, 6, 4.65
1747811656, 1, 507, 1284, 1269, 32, 9.55%, 14, 7, 6, 8.91
1747811667, 1, 509, 1284, 1269, 32, 9.55%, 14, 7, 6, 5.02
1747811672, 1, 510, 1284, 1269, 32, 9.55%, 14, 7, 6, 7.32
1747811677, 1, 511, 1284, 1269, 32, 9.55%, 14, 7, 6, 9.37
1747811683, 1, 512, 1284, 1269, 32, 9.55%, 14, 7, 6, 12.87
1747811688, 1, 513, 1284, 1269, 32, 9.55%, 14, 7, 6, 18.02
1747811693, 1, 514, 1284, 1269, 32, 9.55%, 15, 7, 6, 11.09
1747811699, 1, 515, 1284, 1269, 32, 9.55%, 15, 7, 6, 11.38
1747811704, 1, 516, 1284, 1269, 32, 9.55%, 15, 7, 6, 5.63
1747811714, 1, 519, 1284, 1269, 32, 9.55%, 15, 7, 6, 11.03
1747811719, 1, 520, 1284, 1269, 32, 9.55%, 15, 7, 6, 11.03
1747811724, 1, 523, 1284, 1269, 32, 9.55%, 15, 7, 6, 10.92
1747811734, 1, 524, 1284, 1269, 32, 9.55%, 15, 7, 6, 9.79
1747811740, 1, 525, 1284, 1269, 32, 9.55%, 15, 7, 6, 8.68
1747811745, 1, 527, 1284, 1269, 32, 9.55%, 15, 7, 6, 15.50
1747811785, 1, 528, 1284, 1268, 32, 9.55%, 15, 7, 6, 6.94
1747811791, 1, 529, 1284, 1268, 32, 9.55%, 15, 7, 6, 8.40
1747811796, 1, 530, 1284, 1268, 32, 9.55%, 16, 7, 6, 9.64
1747811801, 1, 531, 1284, 1268, 32, 9.55%, 16, 7, 6, 3.80
1747811806, 1, 534, 1284, 1268, 32, 9.55%, 16, 7, 6, 6.67
1747811811, 1, 535, 1284, 1268, 32, 9.55%, 16, 7, 6, 9.26
1747811821, 1, 537, 1284, 1268, 32, 9.55%, 16, 7, 6, 12.04
1747811832, 1, 538, 1284, 1268, 32, 9.55%, 16, 7, 6, 13.53
1747811837, 1, 541, 1284, 1268, 32, 9.55%, 16, 7, 6, 17.67
1747811842, 1, 543, 1284, 1268, 32, 9.55%, 16, 7, 6, 16.65
1747811847, 1, 544, 1284, 1268, 32, 9.55%, 16, 7, 6, 14.71
1747811852, 1, 545, 1284, 1268, 32, 9.55%, 16, 7, 6, 10.69
1747811862, 1, 546, 1284, 1268, 32, 9.55%, 16, 7, 6, 9.90
1747811868, 1, 548, 1284, 1268, 32, 9.55%, 16, 7, 6, 14.11
1747811873, 1, 550, 1284, 1268, 32, 9.55%, 16, 7, 6, 17.38
1747811878, 1, 551, 1284, 1268, 32, 9.55%, 16, 7, 6, 13.00
1747811883, 1, 552, 1284, 1268, 32, 9.55%, 16, 7, 6, 10.90
1747811888, 1, 554, 1284, 1268, 32, 9.55%, 16, 7, 6, 9.65
1747811893, 1, 555, 1284, 1268, 32, 9.55%, 16, 7, 6, 10.00
1747811899, 1, 556, 1284, 1268, 32, 9.55%, 16, 7, 6, 11.42
1747811904, 1, 557, 1284, 1268, 32, 9.55%, 16, 7, 6, 15.70
1747811909, 1, 558, 1284, 1268, 32, 9.55%, 16, 7, 6, 2.57
1747811914, 1, 561, 1284, 1268, 32, 9.55%, 16, 7, 6, 2.20
1747811920, 1, 563, 1284, 1268, 32, 9.55%, 16, 7, 6, 2.39
1747811925, 1, 564, 1284, 1268, 32, 9.55%, 16, 7, 6, 8.05
1747811930, 1, 565, 1284, 1268, 32, 9.55%, 16, 7, 6, 10.41
1747811935, 1, 566, 1284, 1268, 32, 9.55%, 16, 7, 6, 13.65
1747811941, 1, 567, 1285, 1269, 32, 9.55%, 16, 7, 6, 11.11
1747811952, 1, 568, 1285, 1269, 32, 9.55%, 16, 7, 6, 7.09
1747811962, 1, 569, 1285, 1269, 32, 9.55%, 16, 7, 6, 8.76
1747811967, 1, 570, 1285, 1269, 32, 9.55%, 16, 7, 6, 10.21
1747811972, 1, 571, 1285, 1269, 32, 9.55%, 16, 7, 6, 19.23
1747811978, 1, 572, 1285, 1269, 32, 9.55%, 16, 7, 6, 1.97
1747811983, 1, 573, 1285, 1269, 32, 9.55%, 16, 7, 6, 11.01
1747811988, 1, 574, 1285, 1269, 32, 9.55%, 16, 7, 6, 9.69
1747811993, 1, 575, 1285, 1269, 32, 9.55%, 16, 7, 6, 11.24
1747811998, 1, 577, 1285, 1269, 32, 9.55%, 16, 7, 6, 11.37
1747812004, 1, 578, 1285, 1269, 32, 9.55%, 16, 7, 6, 8.66
1747812009, 1, 579, 1285, 1269, 32, 9.55%, 16, 7, 6, 9.77
1747812019, 1, 580, 1285, 1269, 32, 9.55%, 16, 7, 6, 9.37
1747812024, 1, 581, 1285, 1269, 32, 9.55%, 16, 7, 6, 9.00
1747812030, 1, 582, 1285, 1269, 32, 9.55%, 16, 7, 6, 9.27
1747812035, 1, 584, 1285, 1269, 32, 9.55%, 16, 7, 6, 8.74
1747812040, 1, 586, 1285, 1269, 32, 9.55%, 16, 7, 6, 9.03
1747812050, 1, 587, 1285, 1269, 32, 9.55%, 16, 7, 6, 8.71
1747812055, 1, 588, 1285, 1269, 32, 9.55%, 16, 7, 6, 9.98
1747812060, 1, 589, 1285, 1269, 32, 9.55%, 16, 7, 6, 9.92
1747812065, 1, 590, 1285, 1269, 32, 9.55%, 16, 7, 6, 11.52
1747812071, 1, 591, 1285, 1269, 32, 9.55%, 16, 7, 6, 11.12
1747812076, 1, 593, 1285, 1269, 32, 9.55%, 16, 7, 6, 12.35
1747812081, 1, 594, 1285, 1269, 32, 9.55%, 16, 7, 6, 12.00
1747812086, 1, 595, 1285, 1269, 32, 9.55%, 16, 7, 6, 4.82
1747812092, 1, 596, 1285, 1269, 32, 9.55%, 16, 7, 6, 6.50
1747812097, 1, 597, 1285, 1269, 32, 9.55%, 16, 7, 6, 8.18
1747812102, 1, 598, 1285, 1269, 32, 9.55%, 16, 7, 6, 8.79
1747812107, 1, 599, 1285, 1269, 32, 9.55%, 16, 7, 6, 14.49
1747812117, 1, 600, 1285, 1269, 32, 9.55%, 16, 7, 6, 4.75
1747812122, 1, 602, 1285, 1269, 32, 9.55%, 16, 7, 6, 8.14
1747812127, 1, 603, 1285, 1269, 32, 9.55%, 16, 7, 6, 9.29
1747812133, 1, 605, 1285, 1269, 32, 9.55%, 16, 7, 6, 10.88
1747812138, 1, 606, 1285, 1269, 32, 9.55%, 16, 7, 6, 9.55
1747812143, 1, 607, 1285, 1269, 32, 9.55%, 16, 7, 6, 10.03
1747812148, 1, 608, 1285, 1269, 32, 9.55%, 16, 7, 6, 9.80
1747812159, 1, 609, 1285, 1269, 32, 9.55%, 16, 7, 6, 10.62
1747812164, 1, 610, 1285, 1269, 32, 9.55%, 16, 7, 6, 9.93
1747812169, 1, 611, 1285, 1269, 32, 9.55%, 16, 7, 6, 10.45
1747812174, 1, 612, 1285, 1269, 32, 9.55%, 16, 7, 6, 10.39
1747812179, 1, 614, 1285, 1269, 32, 9.55%, 16, 7, 6, 9.94
1747812185, 1, 615, 1285, 1269, 32, 9.55%, 16, 7, 6, 11.22
1747812190, 1, 617, 1285, 1269, 32, 9.55%, 16, 7, 6, 12.50
1747812195, 1, 618, 1285, 1269, 32, 9.55%, 16, 7, 6, 10.40
1747812200, 1, 619, 1285, 1269, 32, 9.55%, 16, 7, 6, 10.34
1747812205, 1, 620, 1285, 1269, 32, 9.55%, 16, 7, 6, 9.80
1747812210, 1, 621, 1285, 1269, 32, 9.55%, 16, 7, 6, 17.57
1747812216, 1, 622, 1285, 1269, 32, 9.55%, 16, 7, 6, 12.09
1747812221, 1, 623, 1285, 1269, 32, 9.55%, 16, 7, 6, 11.05
1747812226, 1, 624, 1285, 1269, 32, 9.55%, 16, 7, 6, 16.97
1747812231, 1, 625, 1285, 1269, 32, 9.55%, 16, 7, 6, 11.75
1747812241, 1, 626, 1285, 1269, 32, 9.55%, 16, 7, 6, 8.90
1747812246, 1, 627, 1285, 1269, 32, 9.55%, 16, 7, 6, 9.16
1747812251, 1, 628, 1285, 1269, 32, 9.55%, 16, 7, 6, 1.72
1747812256, 1, 629, 1285, 1269, 32, 9.55%, 16, 7, 6, 5.59
1747812262, 1, 630, 1285, 1269, 32, 9.55%, 16, 7, 6, 8.27
1747812267, 1, 631, 1285, 1269, 32, 9.55%, 16, 7, 6, 10.60
1747812272, 1, 632, 1285, 1269, 32, 9.55%, 16, 7, 6, 10.93
1747812282, 1, 633, 1285, 1269, 32, 9.55%, 16, 7, 6, 10.46
1747812287, 1, 634, 1285, 1269, 32, 9.55%, 16, 7, 6, 20.94
1747812292, 1, 635, 1285, 1269, 32, 9.55%, 17, 7, 6, 15.31
1747812298, 1, 636, 1285, 1269, 32, 9.55%, 17, 7, 6, 2.41
1747812303, 1, 638, 1285, 1269, 32, 9.55%, 17, 7, 6, 17.01
1747812308, 1, 639, 1285, 1269, 32, 9.55%, 17, 7, 6, 13.09
1747812313, 1, 640, 1285, 1269, 32, 9.55%, 17, 7, 6, 10.37
1747812319, 1, 641, 1285, 1269, 32, 9.55%, 17, 7, 6, 2.31
1747812330, 1, 642, 1285, 1269, 32, 9.55%, 17, 7, 6, 5.45
1747812340, 1, 644, 1285, 1269, 32, 9.55%, 17, 7, 6, 6.09
1747812345, 1, 645, 1285, 1269, 32, 9.55%, 17, 7, 6, 6.93
1747812356, 1, 646, 1285, 1269, 32, 9.55%, 17, 7, 6, 10.34
1747812367, 1, 647, 1285, 1269, 32, 9.55%, 17, 7, 6, 8.74
1747812377, 1, 648, 1285, 1269, 32, 9.55%, 17, 7, 6, 1.25
1747812387, 1, 650, 1285, 1269, 32, 9.55%, 17, 7, 6, 6.52
1747812398, 1, 651, 1285, 1269, 32, 9.55%, 17, 7, 6, 7.67
1747812408, 1, 652, 1285, 1269, 32, 9.55%, 17, 7, 6, 6.83
1747812418, 1, 652, 1286, 1270, 32, 9.57%, 17, 7, 6, 4.02
1747812429, 1, 653, 1286, 1270, 33, 9.57%, 17, 7, 6, 6.08
1747812439, 1, 654, 1286, 1270, 33, 9.57%, 17, 7, 6, 5.83
1747812444, 1, 655, 1286, 1270, 33, 9.57%, 17, 7, 6, 6.84
1747812455, 1, 656, 1286, 1270, 33, 9.57%, 17, 7, 6, 8.19
1747812465, 1, 659, 1286, 1270, 33, 9.57%, 17, 7, 6, 6.15
1747812470, 1, 659, 1287, 1271, 33, 9.57%, 17, 7, 6, 5.92
1747812487, 1, 660, 1287, 1271, 33, 9.57%, 17, 7, 6, 6.71
1747812498, 1, 661, 1287, 1271, 33, 9.57%, 17, 7, 6, 10.85
1747812503, 1, 662, 1287, 1271, 33, 9.57%, 17, 7, 6, 9.48
1747812514, 1, 663, 1287, 1271, 33, 9.57%, 17, 7, 6, 7.03
1747812519, 1, 665, 1287, 1271, 33, 9.57%, 18, 7, 6, 6.97
1747812530, 1, 666, 1287, 1271, 33, 9.57%, 18, 7, 6, 6.88
1747812541, 1, 667, 1287, 1271, 33, 9.57%, 18, 7, 6, 6.44
1747812551, 1, 668, 1287, 1271, 33, 9.57%, 18, 7, 6, 6.85
1747812562, 1, 669, 1287, 1271, 33, 9.57%, 18, 7, 6, 13.55
1747812567, 1, 670, 1287, 1271, 33, 9.57%, 18, 7, 6, 4.39
1747812578, 1, 672, 1287, 1271, 33, 9.57%, 18, 7, 6, 5.80
1747812588, 1, 673, 1287, 1271, 33, 9.57%, 18, 7, 6, 6.21
1747812598, 1, 674, 1287, 1271, 33, 9.57%, 18, 7, 6, 5.38
1747812609, 1, 675, 1287, 1271, 33, 9.57%, 18, 7, 6, 5.93
1747812619, 1, 677, 1288, 1272, 33, 9.58%, 18, 7, 6, 1.17
1747812646, 1, 678, 1288, 1272, 34, 9.58%, 18, 7, 6, 3.54
1747812651, 1, 678, 1288, 1272, 34, 9.58%, 19, 7, 6, 7.11
1747812657, 1, 679, 1288, 1272, 34, 9.58%, 19, 7, 6, 9.58
1747812662, 1, 680, 1288, 1272, 34, 9.58%, 19, 7, 6, 9.42
1747812667, 1, 682, 1288, 1272, 34, 9.58%, 19, 7, 6, 10.62
1747812672, 1, 683, 1288, 1272, 34, 9.58%, 19, 7, 6, 8.76
1747812677, 1, 684, 1288, 1272, 34, 9.58%, 19, 7, 6, 9.49
1747812682, 1, 685, 1288, 1272, 34, 9.58%, 19, 7, 6, 9.96
1747812687, 1, 687, 1288, 1272, 34, 9.58%, 19, 7, 6, 10.09
1747812698, 1, 688, 1289, 1273, 34, 9.58%, 19, 7, 6, 2.07
1747812713, 1, 689, 1289, 1273, 34, 9.58%, 19, 7, 6, 9.18
1747812719, 1, 690, 1289, 1273, 34, 9.58%, 19, 7, 6, 10.00
1747812724, 1, 692, 1289, 1273, 34, 9.58%, 19, 7, 6, 10.81
1747812729, 1, 693, 1289, 1273, 34, 9.58%, 19, 7, 6, 12.00
1747812734, 1, 694, 1289, 1273, 34, 9.58%, 19, 7, 6, 9.99
1747812739, 1, 695, 1289, 1273, 34, 9.58%, 19, 7, 6, 16.93
1747812744, 1, 696, 1289, 1273, 34, 9.58%, 19, 7, 6, 2.36
1747812754, 1, 697, 1289, 1273, 34, 9.58%, 19, 7, 6, 8.11
1747812760, 1, 698, 1289, 1273, 34, 9.58%, 19, 7, 6, 9.75
1747812765, 1, 699, 1289, 1273, 34, 9.58%, 19, 7, 6, 9.41
1747812770, 1, 700, 1289, 1273, 34, 9.58%, 19, 7, 6, 9.94
1747812775, 1, 703, 1289, 1273, 34, 9.58%, 19, 7, 6, 9.50
1747812780, 1, 704, 1289, 1273, 34, 9.58%, 19, 7, 6, 9.35
1747812790, 1, 705, 1289, 1273, 34, 9.58%, 19, 7, 6, 9.49
1747812795, 1, 706, 1289, 1273, 34, 9.58%, 19, 7, 6, 19.23
1747812801, 1, 707, 1289, 1273, 34, 9.58%, 19, 7, 6, 12.96
1747812806, 1, 709, 1289, 1273, 34, 9.58%, 19, 7, 6, 2.32
1747812811, 1, 711, 1289, 1273, 34, 9.58%, 19, 7, 6, 7.71
1747812816, 1, 713, 1289, 1273, 34, 9.58%, 19, 7, 6, 9.53
1747812821, 1, 714, 1289, 1273, 34, 9.58%, 19, 7, 6, 9.50
1747812826, 1, 715, 1289, 1273, 34, 9.58%, 19, 7, 6, 11.50
1747812831, 1, 718, 1289, 1273, 34, 9.58%, 19, 7, 6, 10.91
1747812836, 1, 719, 1289, 1273, 34, 9.58%, 19, 7, 6, 12.17
1747812841, 1, 720, 1289, 1273, 34, 9.58%, 19, 7, 6, 10.78
1747812847, 1, 721, 1289, 1273, 34, 9.58%, 19, 7, 6, 11.10
1747812852, 1, 722, 1289, 1273, 34, 9.58%, 19, 7, 6, 11.94
1747812857, 1, 723, 1289, 1273, 34, 9.58%, 19, 7, 6, 12.56
1747812862, 1, 724, 1289, 1273, 34, 9.58%, 19, 7, 6, 10.55
1747812868, 1, 725, 1289, 1273, 34, 9.58%, 19, 7, 6, 9.79
1747812873, 1, 726, 1289, 1273, 34, 9.58%, 19, 7, 6, 10.10
1747812878, 1, 727, 1289, 1273, 34, 9.58%, 19, 7, 6, 9.70
1747812883, 1, 729, 1289, 1273, 34, 9.58%, 19, 7, 6, 9.75
1747812940, 1, 729, 1290, 1274, 34, 9.58%, 19, 7, 6, 19.17
1747812950, 1, 729, 1291, 1275, 34, 9.58%, 19, 7, 6, 18.96
1747812981, 1, 730, 1291, 1274, 34, 9.58%, 19, 7, 6, 2.70
1747812986, 1, 731, 1291, 1274, 34, 9.58%, 19, 7, 6, 6.71
1747812996, 1, 732, 1291, 1274, 34, 9.58%, 19, 7, 6, 9.42
1747813001, 1, 733, 1291, 1274, 34, 9.58%, 20, 7, 6, 9.97
1747813006, 1, 734, 1291, 1274, 34, 9.58%, 20, 7, 6, 9.75
1747813011, 1, 736, 1291, 1274, 34, 9.58%, 20, 7, 6, 9.75
1747813017, 1, 737, 1291, 1274, 34, 9.58%, 20, 7, 6, 10.48
1747813022, 1, 738, 1291, 1274, 34, 9.58%, 21, 7, 6, 9.97
1747813032, 1, 740, 1291, 1274, 34, 9.58%, 21, 7, 6, 11.00
1747813042, 1, 741, 1291, 1274, 34, 9.58%, 21, 7, 6, 9.93
1747813047, 1, 742, 1291, 1274, 34, 9.58%, 21, 7, 6, 9.33
1747813053, 1, 743, 1291, 1274, 34, 9.58%, 21, 7, 6, 9.88
1747813058, 1, 744, 1291, 1274, 34, 9.58%, 21, 7, 6, 9.37
1747813063, 1, 746, 1291, 1274, 34, 9.58%, 21, 7, 6, 10.02
1747813068, 1, 747, 1291, 1274, 34, 9.58%, 21, 7, 6, 9.89
1747813078, 1, 750, 1291, 1274, 34, 9.58%, 21, 7, 6, 10.19
1747813084, 1, 751, 1291, 1274, 34, 9.58%, 21, 7, 6, 9.91
1747813089, 1, 753, 1291, 1274, 34, 9.58%, 21, 7, 6, 10.27
1747813094, 1, 754, 1291, 1274, 34, 9.58%, 21, 7, 6, 9.76
1747813099, 1, 755, 1291, 1274, 34, 9.58%, 21, 7, 6, 10.85
1747813105, 1, 756, 1291, 1274, 34, 9.58%, 21, 7, 6, 6.18
1747813110, 1, 758, 1291, 1274, 34, 9.58%, 21, 7, 6, 9.22
1747813115, 1, 760, 1291, 1274, 34, 9.58%, 21, 7, 6, 10.52
1747813120, 1, 762, 1291, 1274, 34, 9.58%, 21, 7, 6, 11.96
1747813125, 1, 763, 1291, 1274, 34, 9.58%, 21, 7, 6, 9.88
1747813131, 1, 764, 1291, 1274, 34, 9.58%, 21, 7, 6, 4.28
1747813136, 1, 765, 1291, 1274, 34, 9.58%, 21, 7, 6, 9.48
1747813146, 1, 766, 1291, 1274, 34, 9.58%, 21, 7, 6, 10.08
1747813151, 1, 767, 1291, 1274, 34, 9.58%, 21, 7, 6, 10.41
1747813157, 1, 768, 1291, 1274, 34, 9.58%, 21, 7, 6, 10.52
1747813162, 1, 769, 1291, 1274, 34, 9.58%, 21, 7, 6, 10.38
1747813167, 1, 770, 1291, 1274, 34, 9.58%, 21, 7, 6, 9.10
1747813172, 1, 771, 1291, 1274, 34, 9.58%, 21, 7, 6, 9.39
1747813177, 1, 774, 1291, 1274, 34, 9.58%, 21, 7, 6, 8.89
1747813182, 1, 776, 1291, 1274, 34, 9.58%, 21, 7, 6, 10.22
1747813187, 1, 777, 1291, 1274, 34, 9.58%, 21, 7, 6, 11.11
1747813193, 1, 778, 1291, 1274, 34, 9.58%, 21, 7, 6, 11.38
1747813198, 1, 779, 1291, 1274, 34, 9.58%, 21, 7, 6, 10.80
1747813203, 1, 780, 1291, 1274, 34, 9.58%, 21, 7, 6, 11.04
1747813208, 1, 781, 1291, 1274, 34, 9.58%, 21, 7, 6, 12.03
1747813213, 1, 782, 1291, 1274, 34, 9.58%, 21, 7, 6, 10.03
1747813218, 1, 782, 1291, 1274, 34, 9.58%, 22, 7, 6, 10.17
1747813224, 1, 784, 1291, 1274, 34, 9.58%, 22, 7, 6, 10.02
1747813229, 1, 785, 1291, 1274, 34, 9.58%, 23, 7, 6, 10.60
1747813234, 1, 786, 1291, 1274, 34, 9.58%, 23, 7, 6, 10.57
1747813239, 1, 787, 1291, 1274, 34, 9.58%, 23, 7, 6, 10.17
1747813244, 1, 787, 1292, 1275, 34, 9.58%, 23, 7, 6, 7.18
1747813254, 1, 788, 1292, 1275, 34, 9.58%, 23, 7, 6, 7.81
1747813265, 1, 789, 1292, 1275, 34, 9.58%, 23, 7, 6, 9.98
1747813270, 1, 790, 1292, 1275, 34, 9.58%, 23, 7, 6, 11.28
1747813275, 1, 792, 1292, 1275, 34, 9.58%, 23, 7, 6, 17.20
1747813280, 1, 793, 1292, 1275, 34, 9.58%, 23, 7, 6, 12.77
1747813286, 1, 794, 1292, 1275, 34, 9.58%, 23, 7, 6, 12.12
1747813291, 1, 796, 1292, 1275, 34, 9.58%, 23, 7, 6, 11.56
1747813296, 1, 797, 1292, 1275, 34, 9.58%, 23, 7, 6, 4.09
1747813301, 1, 798, 1292, 1275, 34, 9.58%, 23, 7, 6, 7.12
1747813307, 1, 799, 1292, 1275, 34, 9.58%, 23, 7, 6, 9.05
1747813317, 1, 800, 1292, 1275, 34, 9.58%, 23, 7, 6, 9.34
1747813322, 1, 801, 1292, 1275, 34, 9.58%, 23, 7, 6, 9.69
1747813328, 1, 802, 1292, 1275, 34, 9.58%, 23, 7, 6, 5.74
1747813339, 1, 803, 1292, 1275, 34, 9.58%, 23, 7, 6, 5.80
1747813349, 1, 804, 1292, 1275, 34, 9.58%, 23, 7, 6, 7.89
1747813354, 1, 805, 1292, 1275, 34, 9.58%, 23, 7, 6, 6.86
1747813365, 1, 806, 1292, 1275, 34, 9.58%, 23, 7, 6, 8.05
1747813370, 1, 807, 1292, 1275, 34, 9.58%, 23, 7, 6, 6.97
1747813381, 1, 808, 1292, 1275, 34, 9.58%, 23, 7, 6, 1.17
1747813391, 1, 809, 1292, 1275, 34, 9.58%, 23, 7, 6, 7.39
1747813401, 1, 810, 1292, 1275, 34, 9.58%, 23, 7, 6, 9.60
1747813412, 1, 811, 1292, 1275, 34, 9.58%, 23, 7, 6, 1.25
1747813422, 1, 812, 1292, 1275, 34, 9.58%, 23, 7, 6, 5.04
1747813427, 1, 813, 1292, 1275, 34, 9.58%, 23, 7, 6, 6.18
1747813438, 1, 814, 1292, 1275, 34, 9.58%, 23, 7, 6, 7.60
1747813448, 1, 815, 1292, 1275, 34, 9.58%, 23, 7, 6, 8.45
1747813459, 1, 816, 1292, 1275, 34, 9.58%, 23, 7, 6, 6.71
1747813469, 1, 818, 1292, 1275, 34, 9.58%, 23, 7, 6, 6.10
1747813480, 1, 820, 1292, 1275, 34, 9.58%, 23, 7, 6, 9.19
1747813490, 1, 821, 1292, 1275, 34, 9.58%, 23, 7, 6, 8.89
1747813500, 1, 822, 1292, 1275, 34, 9.58%, 23, 7, 6, 7.41
1747813506, 1, 824, 1292, 1275, 34, 9.58%, 23, 7, 6, 7.43
1747813516, 1, 826, 1292, 1275, 34, 9.58%, 23, 8, 6, 1.00
1747813527, 1, 827, 1292, 1275, 34, 9.58%, 23, 8, 6, 6.83
1747813537, 1, 828, 1292, 1275, 34, 9.58%, 23, 8, 6, 1.36
1747813547, 1, 830, 1292, 1275, 34, 9.58%, 23, 8, 6, 6.86
1747813558, 1, 831, 1292, 1275, 34, 9.58%, 23, 8, 6, 6.92
1747813569, 1, 832, 1292, 1275, 34, 9.58%, 23, 8, 6, 1.64
1747813580, 1, 833, 1292, 1275, 34, 9.58%, 23, 8, 6, 5.34
1747813586, 1, 834, 1292, 1275, 34, 9.58%, 23, 8, 6, 6.06
1747813597, 1, 835, 1292, 1275, 34, 9.58%, 23, 8, 6, 6.07
1747813607, 1, 836, 1292, 1275, 34, 9.58%, 23, 8, 6, 6.12
1747813618, 1, 837, 1292, 1275, 34, 9.58%, 23, 8, 6, 7.54
1747813623, 1, 838, 1292, 1275, 34, 9.58%, 23, 8, 6, 6.90
1747813628, 1, 838, 1293, 1276, 34, 9.58%, 23, 8, 6, 6.52
1747813643, 1, 839, 1293, 1276, 34, 9.58%, 23, 8, 6, 6.07
1747813654, 1, 840, 1293, 1276, 34, 9.58%, 23, 8, 6, 1.88
1747813665, 1, 842, 1293, 1276, 34, 9.58%, 23, 8, 6, 4.45
1747813680, 1, 843, 1293, 1276, 34, 9.58%, 23, 8, 6, 9.45
1747813690, 1, 844, 1293, 1276, 34, 9.58%, 23, 8, 6, 6.75
1747813701, 1, 845, 1293, 1276, 34, 9.58%, 23, 8, 6, 5.71
1747813711, 1, 846, 1293, 1276, 34, 9.58%, 23, 8, 6, 6.52
1747813721, 1, 847, 1293, 1276, 34, 9.58%, 23, 8, 6, 6.01
1747813732, 1, 848, 1293, 1276, 34, 9.58%, 23, 8, 6, 6.43
1747813980, 1, 849, 1293, 1275, 33, 9.58%, 23, 8, 6, 8.02
1747813991, 1, 850, 1293, 1275, 33, 9.58%, 23, 8, 6, 7.17
1747814002, 1, 851, 1293, 1275, 33, 9.58%, 23, 8, 6, 1.86
1747814013, 1, 852, 1293, 1275, 33, 9.58%, 23, 8, 6, 7.66
1747814028, 1, 854, 1293, 1275, 33, 9.58%, 23, 8, 6, 5.44
1747814033, 1, 855, 1293, 1275, 33, 9.58%, 23, 8, 6, 6.57
1747814044, 1, 856, 1293, 1275, 33, 9.58%, 23, 8, 6, 6.81
1747814054, 1, 857, 1293, 1275, 33, 9.58%, 23, 8, 6, 7.92
1747814060, 1, 858, 1293, 1275, 33, 9.58%, 23, 8, 6, 1.25
1747814071, 1, 859, 1293, 1275, 33, 9.58%, 23, 8, 6, 6.67
1747814081, 1, 862, 1293, 1275, 33, 9.58%, 23, 8, 6, 2.72
1747814092, 1, 864, 1293, 1275, 33, 9.58%, 23, 8, 6, 5.71
1747814102, 1, 865, 1293, 1275, 33, 9.58%, 23, 8, 6, 6.94
1747814113, 1, 867, 1293, 1275, 33, 9.58%, 23, 8, 6, 6.13
1747814123, 1, 868, 1293, 1275, 33, 9.58%, 23, 8, 6, 6.36
1747814133, 1, 869, 1293, 1275, 33, 9.58%, 23, 8, 6, 9.59
1747814144, 1, 870, 1293, 1275, 33, 9.58%, 23, 8, 6, 1.43
1747814154, 1, 872, 1293, 1275, 33, 9.58%, 23, 8, 6, 5.03
1747814165, 1, 873, 1293, 1275, 33, 9.58%, 23, 8, 6, 9.26
1747814176, 1, 874, 1293, 1275, 33, 9.58%, 23, 8, 6, 1.45
1747814187, 1, 875, 1293, 1275, 33, 9.58%, 23, 8, 6, 5.02
1747814192, 1, 876, 1293, 1275, 33, 9.58%, 23, 8, 6, 5.82
1747814207, 1, 877, 1293, 1275, 33, 9.58%, 23, 8, 6, 5.99
1747814212, 1, 878, 1293, 1275, 33, 9.58%, 23, 8, 6, 6.61
1747814223, 1, 879, 1293, 1275, 33, 9.58%, 23, 8, 6, 7.51
1747814233, 1, 881, 1293, 1275, 33, 9.58%, 23, 8, 6, 1.26
1747814238, 1, 881, 1293, 1275, 33, 9.58%, 24, 8, 6, 7.68
1747814243, 1, 883, 1293, 1275, 33, 9.58%, 24, 8, 6, 9.82
1747814254, 1, 884, 1293, 1275, 33, 9.58%, 24, 8, 6, 7.22
1747814259, 1, 887, 1293, 1275, 33, 9.58%, 24, 8, 6, 7.51
1747814269, 1, 888, 1293, 1275, 33, 9.58%, 24, 8, 6, 9.55
1747814274, 1, 889, 1293, 1275, 33, 9.58%, 24, 8, 6, 8.55
1747814803, 1, 889, 1294, 1276, 33, 9.58%, 24, 8, 6, 2.77
1747815709, 1, 889, 1295, 1277, 33, 9.58%, 24, 8, 6, 4.29
1747815734, 1, 889, 1296, 1278, 33, 9.58%, 24, 8, 6, 4.24
1747815867, 1, 889, 1297, 1279, 33, 9.58%, 24, 8, 6, 5.67
1747815997, 1, 889, 1298, 1280, 33, 9.58%, 24, 8, 6, 4.46
1747816028, 1, 890, 1298, 1279, 33, 9.58%, 24, 8, 6, 10.54
1747816033, 1, 891, 1298, 1279, 33, 9.58%, 24, 8, 6, 10.58
1747816038, 1, 892, 1298, 1279, 33, 9.58%, 24, 8, 6, 12.56
1747816043, 1, 894, 1298, 1279, 33, 9.58%, 24, 8, 6, 10.59
1747816048, 1, 895, 1298, 1279, 33, 9.58%, 24, 8, 6, 10.93
1747816054, 1, 896, 1298, 1279, 33, 9.58%, 24, 8, 6, 1.94
1747816059, 1, 897, 1298, 1279, 33, 9.58%, 24, 8, 6, 12.84
1747816064, 1, 898, 1298, 1279, 33, 9.58%, 24, 8, 6, 15.73
1747816074, 1, 899, 1298, 1279, 33, 9.58%, 25, 8, 6, 11.00
1747816079, 1, 901, 1298, 1279, 33, 9.58%, 25, 8, 6, 15.43
1747816090, 1, 902, 1298, 1279, 33, 9.58%, 25, 8, 6, 11.42
1747816095, 1, 903, 1298, 1279, 33, 9.58%, 25, 8, 6, 15.13
1747816100, 1, 904, 1298, 1279, 33, 9.58%, 25, 8, 6, 11.92
1747816105, 1, 905, 1298, 1279, 33, 9.58%, 25, 8, 6, 10.40
1747816110, 1, 906, 1298, 1279, 33, 9.58%, 25, 8, 6, 12.23
1747816116, 1, 908, 1298, 1279, 33, 9.58%, 25, 8, 6, 11.11
1747816121, 1, 910, 1298, 1279, 33, 9.58%, 25, 8, 6, 3.30
1747816126, 1, 911, 1298, 1279, 33, 9.58%, 25, 8, 6, 8.85
1747816131, 1, 914, 1298, 1279, 33, 9.58%, 25, 8, 6, 10.61
1747816136, 1, 916, 1298, 1279, 33, 9.58%, 25, 8, 6, 8.97
1747816141, 1, 917, 1298, 1279, 33, 9.58%, 25, 8, 6, 10.68
1747816152, 1, 919, 1298, 1279, 33, 9.58%, 25, 8, 6, 4.01
1747816162, 1, 920, 1299, 1280, 33, 9.58%, 25, 8, 6, 5.66
1747816183, 1, 921, 1299, 1280, 34, 9.58%, 25, 8, 6, 5.62
1747816194, 1, 922, 1299, 1280, 34, 9.58%, 25, 8, 6, 6.32
1747816200, 1, 923, 1300, 1281, 34, 9.58%, 25, 8, 6, 1.16
1747816216, 1, 923, 1301, 1282, 34, 9.58%, 25, 8, 6, 1.48
1747816241, 1, 923, 1301, 1282, 34, 9.58%, 26, 8, 6, 6.91
1747816252, 1, 924, 1301, 1282, 34, 9.58%, 26, 8, 6, 8.25
1747816263, 1, 925, 1301, 1282, 34, 9.58%, 26, 8, 6, 4.25
1747816273, 1, 926, 1301, 1282, 34, 9.58%, 26, 8, 6, 5.86
1747816284, 1, 928, 1301, 1282, 34, 9.58%, 26, 8, 6, 6.70
1747816289, 1, 929, 1301, 1282, 34, 9.58%, 26, 8, 6, 7.08
1747816294, 1, 929, 1302, 1283, 34, 9.58%, 26, 8, 6, 1.24
1747816320, 1, 931, 1302, 1283, 34, 9.58%, 26, 8, 6, 3.17
1747816325, 1, 932, 1302, 1283, 34, 9.58%, 26, 8, 6, 5.23
1747816341, 1, 933, 1302, 1283, 34, 9.58%, 26, 8, 6, 5.52
1747816352, 1, 934, 1302, 1283, 34, 9.58%, 26, 8, 6, 9.80
1747816357, 1, 936, 1302, 1283, 34, 9.58%, 26, 8, 6, 1.26
1747816367, 1, 937, 1302, 1283, 34, 9.58%, 26, 8, 6, 6.08
