# unix_time, cycles_done, cur_path, paths_total, pending_total, pending_favs, map_size, unique_crashes, unique_hangs, max_depth, execs_per_sec
1747817486, 0, 0, 1, 1, 1, 3.78%, 0, 0, 1, 57.55
1747817491, 0, 0, 34, 34, 1, 4.88%, 0, 0, 2, 78.36
1747817496, 0, 0, 60, 60, 1, 4.89%, 0, 0, 2, 81.52
1747817501, 0, 0, 86, 86, 1, 4.92%, 0, 0, 2, 78.15
1747817506, 0, 0, 102, 102, 1, 4.93%, 0, 0, 2, 80.10
1747817512, 0, 0, 117, 117, 1, 4.93%, 0, 0, 2, 81.46
1747817517, 0, 0, 126, 126, 1, 4.93%, 0, 0, 2, 79.48
1747817522, 0, 0, 133, 133, 1, 5.00%, 0, 0, 2, 57.22
1747817527, 0, 0, 138, 138, 1, 5.00%, 0, 0, 2, 53.00
1747817532, 0, 0, 145, 145, 1, 5.01%, 0, 0, 2, 52.52
1747817537, 0, 0, 151, 151, 1, 5.01%, 0, 0, 2, 50.84
1747817542, 0, 0, 157, 157, 1, 5.01%, 0, 0, 2, 51.52
1747817547, 0, 0, 159, 159, 1, 5.01%, 0, 0, 2, 52.83
1747817552, 0, 0, 162, 162, 1, 5.01%, 0, 0, 2, 53.01
1747817557, 0, 0, 168, 168, 1, 5.01%, 0, 0, 2, 50.92
1747817562, 0, 0, 171, 171, 1, 5.01%, 0, 0, 2, 52.70
1747817567, 0, 0, 173, 173, 1, 5.01%, 0, 0, 2, 52.31
1747817572, 0, 0, 177, 177, 1, 5.01%, 0, 0, 2, 51.81
1747817577, 0, 0, 178, 178, 1, 5.01%, 0, 0, 2, 53.42
1747817582, 0, 0, 180, 180, 1, 5.01%, 0, 0, 2, 53.54
1747817588, 0, 0, 184, 184, 1, 5.01%, 0, 0, 2, 51.97
1747817593, 0, 0, 186, 186, 1, 5.01%, 0, 0, 2, 52.58
1747817598, 0, 0, 189, 189, 1, 5.01%, 0, 0, 2, 53.45
1747817603, 0, 0, 190, 190, 1, 5.01%, 0, 0, 2, 53.89
1747817608, 0, 0, 192, 192, 1, 5.01%, 0, 0, 2, 53.41
1747817613, 0, 0, 194, 194, 1, 5.01%, 0, 0, 2, 53.64
1747817618, 0, 0, 195, 195, 1, 5.01%, 0, 0, 2, 53.57
1747817623, 0, 0, 197, 197, 1, 5.01%, 0, 0, 2, 52.28
1747817628, 0, 0, 199, 199, 1, 5.02%, 0, 0, 2, 52.35
1747817638, 0, 0, 204, 204, 1, 5.02%, 0, 0, 2, 52.15
1747817648, 0, 0, 207, 207, 1, 5.02%, 0, 0, 2, 52.44
1747817658, 0, 0, 208, 208, 1, 5.02%, 0, 0, 2, 53.04
1747817664, 0, 0, 212, 212, 1, 5.02%, 0, 0, 2, 52.37
1747817669, 0, 0, 213, 213, 1, 5.02%, 0, 0, 2, 53.12
1747817674, 0, 0, 214, 214, 1, 5.02%, 0, 0, 2, 53.71
1747817679, 0, 0, 216, 216, 1, 5.03%, 0, 0, 2, 53.71
1747817689, 0, 0, 218, 218, 1, 5.03%, 0, 0, 2, 53.14
1747817694, 0, 0, 220, 220, 1, 5.03%, 0, 0, 2, 53.21
1747817699, 0, 0, 222, 222, 1, 5.03%, 0, 0, 2, 52.60
1747817704, 0, 0, 224, 224, 1, 5.03%, 0, 0, 2, 52.56
1747817725, 0, 0, 226, 226, 1, 5.03%, 0, 0, 2, 52.96
1747817730, 0, 0, 227, 227, 1, 5.03%, 0, 0, 2, 53.25
1747817740, 0, 0, 229, 229, 1, 5.03%, 0, 0, 2, 52.36
1747817755, 0, 0, 230, 230, 1, 5.03%, 0, 0, 2, 53.98
1747817791, 0, 0, 231, 231, 1, 5.03%, 0, 0, 2, 53.65
1747817796, 0, 0, 233, 233, 1, 5.03%, 0, 0, 2, 53.71
1747817806, 0, 0, 235, 235, 1, 5.03%, 0, 0, 2, 53.66
1747817817, 0, 2, 243, 242, 15, 5.03%, 0, 0, 2, 44.03
1747817822, 0, 2, 256, 255, 15, 5.03%, 0, 0, 2, 36.77
1747817827, 0, 2, 264, 263, 15, 5.03%, 0, 0, 2, 36.18
1747817832, 0, 2, 277, 276, 15, 5.08%, 0, 0, 2, 35.56
1747817837, 0, 2, 287, 286, 15, 5.10%, 0, 0, 2, 35.59
1747817842, 0, 2, 296, 295, 15, 5.10%, 0, 0, 2, 35.96
1747817847, 0, 2, 304, 303, 15, 5.10%, 0, 0, 2, 35.48
1747817852, 0, 2, 312, 311, 15, 5.10%, 0, 0, 2, 35.72
1747817857, 0, 2, 319, 318, 15, 5.10%, 0, 0, 2, 35.12
1747817863, 0, 2, 322, 321, 15, 5.10%, 0, 0, 2, 36.66
1747817868, 0, 2, 328, 327, 15, 5.10%, 0, 0, 2, 35.94
1747817873, 0, 2, 335, 334, 15, 5.10%, 0, 0, 2, 35.62
1747817878, 0, 2, 338, 337, 15, 5.10%, 0, 0, 2, 36.02
1747817883, 0, 2, 339, 338, 15, 5.10%, 0, 0, 2, 37.29
1747817893, 0, 2, 341, 340, 15, 5.10%, 0, 0, 2, 37.03
1747817898, 0, 2, 342, 341, 15, 5.10%, 0, 0, 2, 37.07
1747817904, 0, 2, 344, 343, 15, 5.11%, 0, 0, 2, 36.58
1747817909, 0, 2, 348, 347, 15, 5.12%, 0, 0, 2, 36.00
1747817914, 0, 2, 350, 349, 15, 5.12%, 0, 0, 2, 36.69
1747817919, 0, 2, 352, 351, 15, 5.12%, 0, 0, 2, 37.35
1747817929, 0, 2, 354, 353, 15, 5.12%, 0, 0, 2, 36.68
1747817939, 0, 2, 356, 355, 15, 5.12%, 0, 0, 2, 36.33
1747817944, 0, 2, 359, 358, 15, 5.12%, 0, 0, 2, 36.74
1747817949, 0, 2, 363, 362, 15, 5.13%, 0, 0, 2, 35.75
1747817960, 0, 3, 367, 366, 17, 5.13%, 0, 0, 2, 33.78
1747817965, 0, 3, 369, 368, 17, 5.13%, 0, 0, 2, 33.24
1747817970, 0, 3, 373, 372, 17, 5.13%, 0, 0, 2, 32.55
1747817975, 0, 3, 376, 375, 17, 5.13%, 0, 0, 2, 32.69
1747817980, 0, 3, 377, 376, 17, 5.13%, 0, 0, 2, 33.56
1747817990, 0, 3, 380, 379, 17, 5.13%, 0, 0, 2, 32.83
1747817995, 0, 3, 381, 380, 17, 5.13%, 0, 0, 2, 33.68
1747818000, 0, 3, 383, 382, 17, 5.13%, 0, 0, 2, 33.36
1747818006, 0, 3, 385, 384, 17, 5.13%, 0, 0, 2, 33.69
1747818011, 0, 3, 388, 387, 17, 5.13%, 0, 0, 2, 33.47
1747818016, 0, 3, 390, 389, 17, 5.13%, 0, 0, 2, 33.38
1747818021, 0, 3, 392, 391, 17, 5.13%, 0, 0, 2, 33.80
1747818026, 0, 3, 394, 393, 17, 5.13%, 0, 0, 2, 33.71
1747818041, 0, 3, 397, 396, 17, 5.13%, 0, 0, 2, 33.37
1747818046, 0, 3, 399, 398, 17, 5.13%, 0, 0, 2, 33.79
1747818052, 0, 3, 400, 399, 17, 5.13%, 0, 0, 2, 33.64
1747818062, 0, 3, 403, 402, 17, 5.13%, 0, 0, 2, 33.60
1747818072, 0, 3, 405, 404, 17, 5.13%, 0, 0, 2, 33.78
1747818077, 0, 3, 406, 405, 17, 5.13%, 0, 0, 2, 33.45
1747818082, 0, 3, 408, 407, 17, 5.13%, 0, 0, 2, 33.85
1747818092, 0, 5, 419, 418, 17, 5.13%, 0, 0, 2, 27.73
1747818097, 0, 5, 431, 430, 17, 5.13%, 0, 0, 2, 25.71
1747818103, 0, 5, 443, 442, 17, 5.15%, 0, 0, 2, 25.25
1747818108, 0, 5, 453, 452, 17, 5.15%, 0, 0, 2, 25.42
1747818113, 0, 5, 465, 464, 17, 5.15%, 0, 0, 2, 24.50
1747818118, 0, 5, 472, 471, 17, 5.15%, 0, 0, 2, 25.56
1747818123, 0, 5, 479, 478, 17, 5.15%, 0, 0, 2, 24.69
1747818128, 0, 5, 484, 483, 17, 5.15%, 0, 0, 2, 25.51
1747818133, 0, 5, 492, 491, 17, 5.15%, 0, 0, 2, 25.35
1747818138, 0, 5, 495, 494, 17, 5.15%, 0, 0, 2, 25.44
1747818144, 0, 5, 499, 498, 17, 5.15%, 0, 0, 2, 25.80
1747818149, 0, 5, 503, 502, 17, 5.15%, 0, 0, 2, 25.71
1747818154, 0, 5, 508, 507, 17, 5.15%, 0, 0, 2, 25.25
1747818159, 0, 5, 511, 510, 17, 5.15%, 0, 0, 2, 25.92
1747818164, 0, 5, 513, 512, 17, 5.15%, 0, 0, 2, 25.51
1747818169, 0, 5, 518, 517, 17, 5.15%, 0, 0, 2, 24.84
1747818175, 0, 5, 521, 520, 17, 5.15%, 0, 0, 2, 25.31
1747818180, 0, 5, 524, 523, 17, 5.15%, 0, 0, 2, 25.92
1747818185, 0, 5, 526, 525, 17, 5.15%, 0, 0, 2, 25.63
1747818190, 0, 5, 529, 528, 17, 5.15%, 0, 0, 2, 25.51
1747818195, 0, 5, 530, 529, 17, 5.15%, 0, 0, 2, 25.99
1747818200, 0, 5, 531, 530, 17, 5.15%, 0, 0, 2, 26.05
1747818205, 0, 5, 536, 535, 17, 5.15%, 0, 0, 2, 25.30
1747818211, 0, 5, 537, 536, 17, 5.15%, 0, 0, 2, 26.05
1747818216, 0, 5, 539, 538, 17, 5.15%, 0, 0, 2, 25.79
1747818221, 0, 5, 540, 539, 17, 5.15%, 0, 0, 2, 25.73
1747818226, 0, 5, 542, 541, 17, 5.15%, 0, 0, 2, 25.83
1747818231, 0, 5, 543, 542, 17, 5.15%, 0, 0, 2, 25.88
1747818236, 0, 5, 545, 544, 17, 5.16%, 0, 0, 2, 25.53
1747818262, 0, 5, 548, 547, 17, 5.16%, 0, 0, 2, 25.86
1747818272, 0, 5, 549, 548, 17, 5.16%, 0, 0, 2, 26.06
1747818277, 0, 5, 550, 549, 17, 5.25%, 0, 0, 2, 25.83
1747818283, 0, 5, 551, 550, 17, 5.25%, 0, 0, 2, 25.92
1747818293, 0, 6, 553, 552, 14, 5.26%, 0, 0, 2, 25.54
1747818298, 0, 6, 555, 554, 14, 5.26%, 0, 0, 2, 25.59
1747818303, 0, 6, 556, 555, 14, 5.26%, 0, 0, 2, 25.69
1747818308, 0, 6, 558, 557, 14, 5.26%, 0, 0, 2, 25.50
1747818313, 0, 6, 559, 558, 14, 5.26%, 0, 0, 2, 25.71
1747818323, 0, 6, 560, 559, 14, 5.26%, 0, 0, 2, 25.71
1747818333, 0, 6, 561, 560, 14, 5.26%, 0, 0, 2, 25.78
1747818338, 0, 6, 562, 561, 14, 5.26%, 0, 0, 2, 25.76
1747818343, 0, 6, 563, 562, 14, 5.26%, 0, 0, 2, 25.82
1747818354, 0, 6, 565, 564, 14, 5.26%, 0, 0, 2, 25.90
1747818359, 0, 6, 567, 566, 14, 5.26%, 0, 0, 2, 25.79
1747818364, 0, 6, 568, 567, 14, 5.26%, 0, 0, 2, 25.84
1747818369, 0, 6, 569, 568, 14, 5.26%, 0, 0, 2, 25.75
1747818374, 0, 6, 570, 569, 14, 5.26%, 0, 0, 2, 25.83
1747818390, 0, 6, 571, 570, 14, 5.26%, 0, 0, 2, 26.29
1747818395, 0, 6, 572, 571, 14, 5.26%, 0, 0, 2, 26.02
1747818400, 0, 6, 573, 572, 14, 5.26%, 0, 0, 2, 25.83
1747818415, 0, 6, 574, 573, 14, 5.26%, 0, 0, 2, 25.58
1747818420, 0, 6, 575, 574, 14, 5.26%, 0, 0, 2, 25.44
1747818431, 0, 6, 576, 575, 14, 5.26%, 0, 0, 2, 25.49
1747818461, 0, 7, 583, 582, 14, 5.37%, 0, 0, 2, 22.80
1747818466, 0, 7, 593, 592, 14, 5.37%, 0, 0, 2, 20.74
1747818472, 0, 7, 602, 601, 14, 5.37%, 0, 0, 2, 20.15
1747818477, 0, 7, 608, 607, 14, 5.37%, 0, 0, 2, 20.11
1747818482, 0, 7, 616, 615, 14, 5.37%, 0, 0, 2, 20.15
1747818487, 0, 7, 621, 620, 14, 5.37%, 0, 0, 2, 20.04
1747818492, 0, 7, 627, 626, 14, 5.37%, 0, 0, 2, 20.23
1747818497, 0, 7, 633, 632, 14, 5.37%, 0, 0, 2, 19.82
1747818502, 0, 7, 637, 636, 14, 5.37%, 0, 0, 2, 20.19
1747818507, 0, 7, 643, 642, 14, 5.57%, 0, 0, 2, 20.24
1747818512, 0, 7, 648, 647, 14, 5.57%, 0, 0, 2, 20.29
1747818517, 0, 7, 651, 650, 14, 5.57%, 0, 0, 2, 20.38
1747818522, 0, 7, 654, 653, 14, 5.57%, 0, 0, 2, 20.38
1747818527, 0, 7, 657, 656, 14, 5.57%, 0, 0, 2, 20.14
1747818532, 0, 7, 661, 660, 14, 5.57%, 0, 0, 2, 20.15
1747818538, 0, 7, 665, 664, 14, 5.57%, 0, 0, 2, 20.06
1747818543, 0, 7, 668, 667, 14, 5.57%, 0, 0, 2, 20.03
1747818548, 0, 7, 670, 669, 14, 5.57%, 0, 0, 2, 20.21
1747818553, 0, 7, 671, 670, 14, 5.57%, 0, 0, 2, 20.48
1747818568, 0, 7, 672, 671, 14, 5.57%, 0, 0, 2, 20.38
1747818573, 0, 7, 673, 672, 14, 5.57%, 0, 0, 2, 20.57
1747818578, 0, 7, 675, 674, 14, 5.57%, 0, 0, 2, 20.21
1747818583, 0, 7, 677, 676, 14, 5.57%, 0, 0, 2, 20.29
1747818588, 0, 7, 679, 678, 14, 5.57%, 0, 0, 2, 20.46
1747818598, 0, 7, 681, 680, 14, 5.57%, 0, 0, 2, 20.48
1747818604, 0, 7, 683, 682, 14, 5.57%, 0, 0, 2, 20.08
1747818609, 0, 7, 684, 683, 14, 5.57%, 0, 0, 2, 20.39
1747818619, 0, 7, 686, 685, 14, 5.57%, 0, 0, 2, 19.86
1747818624, 0, 7, 687, 686, 14, 5.57%, 0, 0, 2, 20.33
1747818634, 0, 7, 690, 689, 14, 5.57%, 0, 0, 2, 20.34
1747818639, 0, 7, 691, 690, 14, 5.57%, 0, 0, 2, 20.53
1747818650, 0, 7, 696, 695, 14, 5.57%, 0, 0, 2, 20.28
1747818655, 0, 7, 701, 700, 14, 5.57%, 0, 0, 2, 20.28
1747818660, 0, 7, 703, 702, 14, 5.57%, 0, 0, 2, 20.37
1747818670, 0, 7, 706, 705, 14, 5.57%, 0, 0, 2, 20.00
1747818675, 0, 7, 707, 706, 14, 5.57%, 0, 0, 2, 20.33
1747818686, 0, 7, 709, 708, 14, 5.57%, 0, 0, 2, 20.54
1747818691, 0, 7, 711, 710, 14, 5.57%, 0, 0, 2, 20.46
1747818696, 0, 7, 713, 712, 14, 5.57%, 0, 0, 2, 19.99
1747818701, 0, 7, 714, 713, 14, 5.57%, 0, 0, 2, 20.18
1747818716, 0, 9, 719, 718, 9, 5.57%, 0, 0, 2, 30.41
1747818721, 0, 9, 721, 720, 9, 5.63%, 0, 0, 2, 31.56
1747818727, 0, 9, 725, 724, 9, 5.63%, 0, 0, 2, 31.51
1747818732, 0, 9, 727, 726, 9, 5.63%, 0, 0, 2, 30.18
1747818737, 0, 9, 731, 730, 9, 5.63%, 0, 0, 2, 29.67
1747818742, 0, 9, 733, 732, 9, 5.63%, 0, 0, 2, 29.86
1747818752, 0, 9, 734, 733, 9, 5.63%, 0, 0, 2, 30.03
1747818757, 0, 9, 737, 736, 9, 5.63%, 0, 0, 2, 29.65
1747818762, 0, 9, 738, 737, 9, 5.63%, 0, 0, 2, 29.85
1747818767, 0, 9, 739, 738, 9, 5.63%, 0, 0, 2, 29.97
1747818773, 0, 9, 740, 739, 9, 5.63%, 0, 0, 2, 30.02
1747818778, 0, 9, 742, 741, 9, 5.63%, 0, 0, 2, 30.04
1747818783, 0, 9, 743, 742, 9, 5.63%, 0, 0, 2, 29.92
1747818793, 0, 9, 745, 744, 9, 5.63%, 0, 0, 2, 29.71
1747818798, 0, 9, 746, 745, 9, 5.63%, 0, 0, 2, 23.62
1747818803, 0, 9, 747, 746, 9, 5.63%, 0, 0, 2, 19.19
1747818823, 0, 9, 749, 748, 9, 5.63%, 0, 0, 2, 18.14
1747818829, 0, 9, 750, 749, 9, 5.63%, 0, 0, 2, 18.08
1747818844, 0, 9, 751, 750, 9, 5.63%, 0, 0, 2, 17.91
1747818854, 0, 9, 752, 751, 9, 5.63%, 0, 0, 2, 18.10
1747818864, 0, 9, 753, 752, 9, 5.63%, 0, 0, 2, 17.99
1747818869, 0, 9, 754, 753, 9, 5.63%, 0, 0, 2, 20.99
1747818874, 0, 9, 756, 755, 9, 5.63%, 0, 0, 2, 27.61
1747818884, 0, 9, 757, 756, 9, 5.63%, 0, 0, 2, 29.80
1747818889, 0, 10, 760, 759, 8, 5.64%, 0, 0, 2, 29.22
1747818894, 0, 10, 766, 765, 8, 5.64%, 0, 0, 2, 27.44
1747818899, 0, 10, 773, 772, 8, 5.64%, 0, 0, 2, 27.02
1747818905, 0, 10, 776, 775, 8, 5.64%, 0, 0, 2, 27.49
1747818910, 0, 10, 779, 778, 8, 5.64%, 0, 0, 2, 27.54
1747818915, 0, 10, 781, 780, 8, 5.64%, 0, 0, 2, 27.64
1747818920, 0, 10, 784, 783, 8, 5.64%, 0, 0, 2, 26.97
1747818925, 0, 10, 786, 785, 8, 5.64%, 0, 0, 2, 27.54
1747818930, 0, 10, 789, 788, 8, 5.64%, 0, 0, 2, 27.31
1747818935, 0, 10, 793, 792, 8, 5.64%, 0, 0, 2, 27.16
1747818940, 0, 10, 795, 794, 8, 5.64%, 0, 0, 2, 27.18
1747818951, 0, 10, 797, 796, 8, 5.64%, 0, 0, 2, 27.57
1747818956, 0, 10, 799, 798, 8, 5.64%, 0, 0, 2, 27.13
1747818961, 0, 10, 801, 800, 8, 5.64%, 0, 0, 2, 27.40
1747818966, 0, 10, 803, 802, 8, 5.64%, 0, 0, 2, 27.52
1747818976, 0, 10, 804, 803, 8, 5.64%, 0, 0, 2, 27.71
1747818982, 0, 10, 808, 807, 8, 5.65%, 0, 0, 2, 27.36
1747818987, 0, 10, 809, 808, 8, 5.65%, 0, 0, 2, 27.63
1747819002, 0, 10, 810, 809, 8, 5.65%, 0, 0, 2, 28.08
1747819007, 0, 10, 813, 812, 8, 5.65%, 0, 0, 2, 27.71
1747819018, 0, 10, 814, 813, 8, 5.65%, 0, 0, 2, 27.89
1747819028, 0, 10, 815, 814, 8, 5.93%, 0, 0, 2, 27.80
1747819054, 0, 10, 816, 815, 8, 5.93%, 0, 0, 2, 27.66
1747819059, 0, 11, 816, 815, 10, 5.93%, 0, 0, 2, 27.21
1747819064, 0, 12, 817, 816, 10, 5.93%, 0, 0, 2, 27.47
1747819069, 0, 12, 818, 817, 10, 5.93%, 0, 0, 2, 27.46
1747819074, 0, 12, 819, 818, 10, 5.93%, 0, 0, 2, 27.40
1747819094, 0, 12, 821, 820, 10, 5.93%, 0, 0, 2, 27.53
1747819109, 0, 12, 822, 821, 10, 5.93%, 0, 0, 2, 27.46
1747819120, 0, 12, 823, 822, 10, 5.93%, 0, 0, 2, 27.31
1747819125, 0, 12, 824, 823, 10, 5.93%, 0, 0, 2, 27.55
1747819130, 0, 12, 825, 824, 10, 5.93%, 0, 0, 2, 27.41
1747819181, 0, 12, 826, 825, 10, 5.93%, 0, 0, 2, 27.76
1747819196, 0, 12, 827, 826, 10, 5.93%, 0, 0, 2, 27.17
1747819212, 0, 13, 827, 826, 10, 5.93%, 0, 0, 2, 27.77
1747819217, 0, 13, 828, 827, 10, 5.93%, 0, 0, 2, 27.51
1747819222, 0, 13, 830, 829, 10, 5.93%, 0, 0, 2, 27.30
1747819232, 0, 13, 831, 830, 10, 5.93%, 0, 0, 2, 27.51
1747819237, 0, 13, 832, 831, 10, 5.98%, 0, 0, 2, 27.08
1747819242, 0, 13, 833, 832, 10, 5.98%, 0, 0, 2, 26.77
1747819247, 0, 13, 834, 833, 10, 6.02%, 0, 0, 2, 26.73
1747819273, 0, 13, 835, 834, 10, 6.02%, 0, 0, 2, 27.28
1747819278, 0, 13, 836, 835, 10, 6.02%, 0, 0, 2, 27.16
1747819314, 0, 13, 837, 836, 10, 6.02%, 0, 0, 2, 26.85
1747819339, 0, 13, 838, 837, 10, 6.02%, 0, 0, 2, 27.41
1747819365, 0, 14, 839, 838, 11, 6.02%, 0, 0, 2, 27.17
1747819370, 0, 14, 844, 843, 11, 6.02%, 0, 0, 2, 24.51
1747819375, 0, 14, 848, 847, 11, 6.02%, 0, 0, 2, 24.18
1747819380, 0, 14, 850, 849, 11, 6.02%, 0, 0, 2, 24.42
1747819385, 0, 14, 852, 851, 11, 6.02%, 0, 0, 2, 24.96
1747819390, 0, 14, 854, 853, 11, 6.02%, 0, 0, 2, 24.32
1747819400, 0, 14, 856, 855, 11, 6.02%, 0, 0, 2, 24.60
1747819406, 0, 14, 857, 856, 11, 6.02%, 0, 0, 2, 24.70
1747819411, 0, 14, 859, 858, 11, 6.02%, 0, 0, 2, 24.72
1747819416, 0, 14, 860, 859, 11, 6.02%, 0, 0, 2, 24.44
1747819421, 0, 14, 863, 862, 11, 6.22%, 0, 0, 2, 24.22
1747819426, 0, 14, 865, 864, 11, 6.22%, 0, 0, 2, 24.60
1747819431, 0, 14, 866, 865, 11, 6.22%, 0, 0, 2, 25.28
1747819441, 0, 14, 867, 866, 11, 6.22%, 0, 0, 2, 24.92
1747819452, 0, 14, 868, 867, 11, 6.22%, 0, 0, 2, 24.81
1747819457, 0, 14, 869, 868, 11, 6.22%, 0, 0, 2, 24.48
1747819472, 0, 14, 870, 869, 11, 6.22%, 0, 0, 2, 24.57
1747819487, 0, 14, 872, 871, 11, 6.22%, 0, 0, 2, 24.61
1747819513, 0, 14, 873, 872, 11, 6.22%, 0, 0, 2, 25.05
1747819523, 0, 14, 874, 873, 11, 6.22%, 0, 0, 2, 24.64
1747819528, 0, 14, 875, 874, 11, 6.22%, 0, 0, 2, 24.35
1747819543, 0, 16, 875, 874, 13, 6.22%, 0, 0, 2, 24.88
1747819549, 0, 16, 878, 877, 13, 6.22%, 0, 0, 2, 24.03
1747819579, 0, 16, 879, 878, 13, 6.22%, 0, 0, 2, 24.42
1747819584, 0, 16, 881, 880, 13, 6.22%, 0, 0, 2, 23.96
1747819605, 0, 16, 882, 881, 13, 6.22%, 0, 0, 2, 24.62
1747819615, 0, 16, 883, 882, 13, 6.23%, 0, 0, 2, 24.45
1747819625, 0, 16, 884, 883, 13, 6.23%, 0, 0, 2, 25.24
1747819650, 0, 16, 885, 884, 13, 6.23%, 0, 0, 2, 25.29
1747819696, 0, 16, 886, 885, 13, 6.23%, 0, 0, 2, 24.58
1747819706, 0, 16, 887, 886, 13, 6.23%, 0, 0, 2, 24.43
1747819716, 0, 19, 887, 886, 14, 6.23%, 0, 0, 2, 24.85
1747819722, 0, 21, 887, 886, 14, 6.23%, 0, 0, 2, 24.99
1747819727, 0, 22, 887, 886, 14, 6.23%, 0, 0, 2, 25.16
1747819732, 0, 25, 888, 887, 14, 6.23%, 0, 0, 2, 24.61
1747819742, 0, 26, 889, 888, 14, 6.23%, 0, 0, 2, 23.93
1747819752, 0, 26, 890, 889, 14, 6.23%, 0, 0, 2, 24.38
1747819757, 0, 26, 891, 890, 14, 6.23%, 0, 0, 2, 23.52
1747819783, 0, 27, 891, 890, 14, 6.23%, 0, 0, 2, 24.05
1747819788, 0, 28, 891, 890, 14, 6.23%, 0, 0, 2, 24.17
1747819793, 0, 30, 891, 890, 14, 6.23%, 0, 0, 2, 24.61
1747819798, 0, 32, 891, 890, 14, 6.23%, 0, 0, 2, 24.74
1747819803, 0, 32, 892, 891, 14, 6.23%, 0, 0, 2, 24.39
1747819808, 0, 33, 892, 891, 14, 6.23%, 0, 0, 2, 24.31
1747819813, 0, 33, 893, 892, 14, 6.23%, 0, 0, 2, 23.80
1747819818, 0, 33, 894, 893, 14, 6.23%, 0, 0, 2, 24.65
1747819834, 0, 34, 894, 893, 14, 6.23%, 0, 0, 2, 24.42
1747819839, 0, 35, 895, 894, 14, 6.23%, 0, 0, 2, 24.65
1747819849, 0, 36, 896, 895, 14, 6.24%, 0, 0, 2, 24.50
1747819859, 0, 37, 896, 895, 15, 6.24%, 0, 0, 2, 25.09
1747819864, 0, 38, 896, 895, 15, 6.24%, 0, 0, 2, 24.94
1747819869, 0, 39, 897, 896, 15, 6.24%, 0, 0, 2, 24.28
1747819874, 0, 39, 898, 897, 15, 6.24%, 0, 0, 2, 24.26
1747819880, 0, 39, 899, 898, 15, 6.24%, 0, 0, 2, 24.88
1747819890, 0, 39, 901, 900, 15, 6.24%, 0, 0, 2, 24.32
1747819926, 0, 39, 903, 902, 15, 6.24%, 0, 0, 2, 23.94
1747819936, 0, 39, 904, 903, 15, 6.24%, 0, 0, 2, 24.43
1747820037, 0, 40, 904, 903, 15, 6.24%, 0, 0, 2, 24.27
1747820042, 0, 41, 904, 903, 15, 6.24%, 0, 0, 2, 24.61
1747820047, 0, 42, 904, 903, 15, 6.24%, 0, 0, 2, 24.70
1747820052, 0, 43, 904, 903, 15, 6.24%, 0, 0, 2, 24.84
1747820057, 0, 44, 904, 903, 15, 6.24%, 0, 0, 2, 25.47
1747820063, 0, 45, 904, 903, 15, 6.24%, 0, 0, 2, 24.97
1747820068, 0, 46, 904, 903, 15, 6.24%, 0, 0, 2, 25.15
1747820073, 0, 46, 905, 904, 15, 6.24%, 0, 0, 2, 24.72
1747820078, 0, 46, 906, 905, 15, 6.24%, 0, 0, 2, 24.15
1747820088, 0, 47, 906, 905, 15, 6.24%, 0, 0, 2, 25.23
1747820098, 0, 48, 907, 906, 15, 6.24%, 0, 0, 2, 24.44
1747820109, 0, 49, 907, 906, 15, 6.24%, 0, 0, 2, 24.87
1747820114, 0, 51, 907, 906, 15, 6.24%, 0, 0, 2, 24.93
1747820119, 0, 52, 907, 906, 15, 6.24%, 0, 0, 2, 24.93
1747820124, 0, 53, 907, 906, 15, 6.24%, 0, 0, 2, 24.69
1747820129, 0, 54, 907, 906, 15, 6.24%, 0, 0, 2, 25.12
1747820134, 0, 55, 907, 906, 15, 6.24%, 0, 0, 2, 25.08
1747820139, 0, 56, 907, 906, 15, 6.24%, 0, 0, 2, 24.71
1747820144, 0, 57, 907, 906, 15, 6.24%, 0, 0, 2, 24.72
1747820149, 0, 58, 907, 906, 15, 6.24%, 0, 0, 2, 24.13
1747820154, 0, 58, 908, 907, 15, 6.24%, 0, 0, 2, 24.65
1747820159, 0, 59, 908, 907, 15, 6.24%, 0, 0, 2, 24.47
1747820164, 0, 60, 908, 907, 15, 6.24%, 0, 0, 2, 24.64
1747820169, 0, 62, 908, 907, 15, 6.24%, 0, 0, 2, 24.84
1747820174, 0, 62, 909, 908, 15, 6.24%, 0, 0, 2, 24.37
1747820179, 0, 63, 909, 908, 15, 6.24%, 0, 0, 2, 24.57
1747820184, 0, 64, 909, 908, 15, 6.24%, 0, 0, 2, 24.97
1747820190, 0, 66, 909, 908, 15, 6.24%, 0, 0, 2, 24.55
1747820195, 0, 67, 909, 908, 15, 6.24%, 0, 0, 2, 24.49
1747820200, 0, 68, 909, 908, 15, 6.24%, 0, 0, 2, 24.86
1747820205, 0, 71, 909, 908, 15, 6.24%, 0, 0, 2, 24.80
1747820210, 0, 71, 911, 910, 15, 6.42%, 0, 0, 2, 23.96
1747820225, 0, 72, 911, 910, 13, 6.42%, 0, 0, 2, 24.50
1747820230, 0, 74, 911, 910, 13, 6.42%, 0, 0, 2, 25.08
1747820235, 0, 74, 912, 911, 13, 6.42%, 0, 0, 2, 23.88
1747820240, 0, 74, 913, 912, 13, 6.42%, 0, 0, 2, 24.46
1747820251, 0, 74, 914, 913, 13, 6.42%, 0, 0, 2, 24.44
1747820256, 0, 74, 915, 914, 13, 6.42%, 0, 0, 2, 23.99
1747820271, 0, 74, 916, 915, 13, 6.42%, 0, 0, 2, 24.13
1747820291, 0, 74, 917, 916, 13, 6.42%, 0, 0, 2, 23.45
1747820337, 0, 74, 918, 917, 13, 6.42%, 0, 0, 2, 23.46
1747820408, 0, 76, 918, 917, 13, 6.42%, 0, 0, 2, 24.57
1747820413, 0, 78, 918, 917, 13, 6.42%, 0, 0, 2, 25.06
1747820419, 0, 80, 918, 917, 13, 6.42%, 0, 0, 2, 24.98
1747820424, 0, 81, 918, 917, 13, 6.42%, 0, 0, 2, 24.62
1747820429, 0, 82, 918, 917, 13, 6.42%, 0, 0, 2, 23.56
1747820434, 0, 83, 918, 917, 13, 6.42%, 0, 0, 2, 23.92
1747820439, 0, 84, 919, 918, 13, 6.42%, 0, 0, 2, 24.50
1747820449, 0, 85, 919, 918, 13, 6.42%, 0, 0, 2, 24.80
1747820455, 0, 86, 919, 918, 13, 6.42%, 0, 0, 2, 24.46
1747820460, 0, 87, 919, 918, 13, 6.42%, 0, 0, 2, 24.92
1747820465, 0, 88, 920, 919, 13, 6.42%, 0, 0, 2, 23.97
1747820475, 0, 89, 920, 919, 13, 6.42%, 0, 0, 2, 24.68
1747820480, 0, 90, 920, 919, 13, 6.42%, 0, 0, 2, 24.37
1747820485, 0, 91, 921, 920, 13, 6.42%, 0, 0, 2, 24.47
1747820495, 0, 93, 922, 921, 13, 6.43%, 0, 0, 2, 23.93
1747820505, 0, 94, 922, 921, 13, 6.43%, 0, 0, 2, 24.38
1747820510, 0, 95, 922, 921, 13, 6.43%, 0, 0, 2, 24.20
1747820515, 0, 96, 922, 921, 13, 6.43%, 0, 0, 2, 24.84
1747820520, 0, 97, 922, 921, 13, 6.43%, 0, 0, 2, 24.78
1747820525, 0, 99, 922, 921, 13, 6.43%, 0, 0, 2, 24.60
1747820531, 0, 100, 922, 921, 13, 6.43%, 0, 0, 2, 24.88
1747820536, 0, 100, 923, 922, 13, 6.43%, 0, 0, 2, 24.16
1747820546, 0, 101, 923, 922, 13, 6.43%, 0, 0, 2, 23.71
1747820551, 0, 102, 923, 922, 13, 6.43%, 0, 0, 2, 24.26
1747820556, 0, 103, 923, 922, 13, 6.43%, 0, 0, 2, 24.79
1747820561, 0, 104, 923, 922, 13, 6.43%, 0, 0, 2, 24.52
1747820566, 0, 106, 923, 922, 13, 6.43%, 0, 0, 2, 25.15
1747820571, 0, 108, 923, 922, 13, 6.43%, 0, 0, 2, 23.71
1747820576, 0, 108, 925, 924, 13, 6.43%, 0, 0, 2, 23.71
1747820591, 0, 111, 925, 924, 13, 6.43%, 0, 0, 2, 24.23
1747820596, 0, 112, 925, 924, 13, 6.43%, 0, 0, 2, 24.16
1747820601, 0, 114, 925, 924, 13, 6.43%, 0, 0, 2, 24.60
1747820607, 0, 114, 926, 925, 13, 6.43%, 0, 0, 2, 23.90
1747820612, 0, 115, 926, 925, 13, 6.43%, 0, 0, 2, 24.22
1747820617, 0, 116, 926, 925, 13, 6.43%, 0, 0, 2, 25.03
1747820622, 0, 117, 926, 925, 13, 6.43%, 0, 0, 2, 24.09
1747820627, 0, 118, 926, 925, 13, 6.43%, 0, 0, 2, 24.92
1747820632, 0, 119, 926, 925, 13, 6.43%, 0, 0, 2, 24.71
1747820637, 0, 120, 926, 925, 13, 6.43%, 0, 0, 2, 24.48
1747820642, 0, 121, 926, 925, 13, 6.43%, 0, 0, 2, 24.97
1747820647, 0, 122, 926, 925, 13, 6.43%, 0, 0, 2, 24.57
1747820652, 0, 124, 926, 925, 13, 6.43%, 0, 0, 2, 23.80
1747820663, 0, 126, 926, 925, 13, 6.43%, 0, 0, 2, 25.19
1747820673, 0, 129, 928, 927, 13, 6.43%, 0, 0, 2, 23.65
1747820678, 0, 129, 930, 929, 13, 6.43%, 0, 0, 2, 22.89
1747820693, 0, 129, 931, 930, 13, 6.43%, 0, 0, 2, 23.75
1747820714, 0, 129, 932, 931, 13, 6.43%, 0, 0, 2, 23.46
1747820729, 0, 129, 933, 932, 13, 6.43%, 0, 0, 2, 24.22
1747820734, 0, 129, 934, 933, 13, 6.49%, 0, 0, 2, 23.89
1747820765, 0, 129, 935, 934, 13, 6.49%, 0, 0, 2, 23.33
1747820810, 0, 129, 936, 935, 13, 6.49%, 0, 0, 2, 23.95
1747820816, 0, 129, 937, 936, 13, 6.49%, 0, 0, 2, 23.91
1747820846, 0, 130, 937, 936, 13, 6.49%, 0, 0, 2, 24.56
1747820851, 0, 131, 937, 936, 13, 6.49%, 0, 0, 2, 24.45
1747820856, 0, 132, 938, 937, 13, 6.49%, 0, 0, 2, 23.64
1747820867, 0, 133, 938, 937, 13, 6.49%, 0, 0, 2, 23.91
1747820872, 0, 135, 938, 937, 13, 6.49%, 0, 0, 2, 24.06
1747820877, 0, 136, 938, 937, 13, 6.49%, 0, 0, 2, 24.36
1747820882, 0, 138, 938, 937, 13, 6.49%, 0, 0, 2, 25.12
1747820887, 0, 139, 938, 937, 13, 6.49%, 0, 0, 2, 24.84
1747820892, 0, 140, 938, 937, 13, 6.49%, 0, 0, 2, 25.20
1747820897, 0, 141, 938, 937, 13, 6.49%, 0, 0, 2, 24.88
1747820902, 0, 142, 938, 937, 13, 6.49%, 0, 0, 2, 24.27
1747820907, 0, 143, 938, 937, 13, 6.49%, 0, 0, 2, 24.47
1747820912, 0, 144, 938, 937, 13, 6.49%, 0, 0, 2, 24.66
1747820917, 0, 145, 938, 937, 13, 6.49%, 0, 0, 2, 24.48
1747820922, 0, 146, 938, 937, 13, 6.49%, 0, 0, 2, 24.36
1747820927, 0, 147, 938, 937, 13, 6.49%, 0, 0, 2, 24.26
1747820932, 0, 150, 938, 937, 13, 6.49%, 0, 0, 2, 24.02
1747820938, 0, 151, 938, 937, 13, 6.49%, 0, 0, 2, 24.40
1747820948, 0, 152, 938, 937, 13, 6.49%, 0, 0, 2, 24.34
1747820953, 0, 153, 938, 937, 13, 6.49%, 0, 0, 2, 24.22
1747820958, 0, 154, 938, 937, 13, 6.49%, 0, 0, 2, 25.35
1747820963, 0, 156, 938, 937, 13, 6.49%, 0, 0, 2, 24.99
1747820968, 0, 157, 938, 937, 13, 6.49%, 0, 0, 2, 25.08
1747820973, 0, 158, 938, 937, 13, 6.49%, 0, 0, 2, 25.05
1747820978, 0, 159, 938, 937, 13, 6.49%, 0, 0, 2, 25.10
1747820983, 0, 160, 938, 937, 13, 6.49%, 0, 0, 2, 25.33
1747820988, 0, 162, 938, 937, 13, 6.49%, 0, 0, 2, 24.76
1747820993, 0, 163, 938, 937, 13, 6.49%, 0, 0, 2, 24.89
1747820998, 0, 164, 939, 938, 13, 6.54%, 0, 0, 2, 23.25
1747821009, 0, 165, 939, 938, 12, 6.54%, 0, 0, 2, 24.96
1747821014, 0, 166, 939, 938, 12, 6.54%, 0, 0, 2, 25.10
1747821019, 0, 168, 939, 938, 12, 6.54%, 0, 0, 2, 25.47
1747821024, 0, 169, 939, 938, 12, 6.54%, 0, 0, 2, 24.98
1747821029, 0, 171, 939, 938, 12, 6.54%, 0, 0, 2, 24.09
1747821034, 0, 172, 939, 938, 12, 6.54%, 0, 0, 2, 24.50
1747821039, 0, 173, 939, 938, 12, 6.54%, 0, 0, 2, 24.07
1747821044, 0, 174, 940, 939, 12, 6.54%, 0, 0, 2, 23.90
1747821054, 0, 175, 940, 939, 12, 6.54%, 0, 0, 2, 24.22
1747821059, 0, 176, 940, 939, 12, 6.54%, 0, 0, 2, 24.20
1747821064, 0, 177, 940, 939, 12, 6.54%, 0, 0, 2, 24.09
1747821070, 0, 179, 940, 939, 12, 6.54%, 0, 0, 2, 23.94
1747821075, 0, 181, 940, 939, 12, 6.54%, 0, 0, 2, 24.37
1747821080, 0, 182, 940, 939, 12, 6.54%, 0, 0, 2, 24.31
1747821085, 0, 183, 940, 939, 12, 6.54%, 0, 0, 2, 24.30
1747821090, 0, 185, 940, 939, 12, 6.54%, 0, 0, 2, 24.53
1747821095, 0, 186, 940, 939, 12, 6.54%, 0, 0, 2, 24.49
1747821100, 0, 187, 940, 939, 12, 6.54%, 0, 0, 2, 24.34
1747821106, 0, 188, 940, 939, 12, 6.54%, 0, 0, 2, 24.28
1747821111, 0, 189, 940, 939, 12, 6.54%, 0, 0, 2, 24.54
1747821116, 0, 190, 940, 939, 12, 6.54%, 0, 0, 2, 24.84
1747821121, 0, 193, 940, 939, 12, 6.54%, 0, 0, 2, 25.10
1747821126, 0, 194, 940, 939, 12, 6.54%, 0, 0, 2, 24.63
1747821131, 0, 194, 941, 940, 12, 6.54%, 0, 0, 2, 24.23
1747821136, 0, 194, 942, 941, 12, 6.54%, 0, 0, 2, 23.70
1747821141, 0, 194, 943, 942, 12, 6.54%, 0, 0, 2, 23.59
1747821157, 0, 194, 944, 943, 12, 6.54%, 0, 0, 2, 23.36
1747821187, 0, 194, 945, 944, 12, 6.54%, 0, 0, 2, 23.59
1747821197, 0, 194, 946, 945, 12, 6.54%, 0, 0, 2, 24.10
1747821228, 0, 194, 947, 946, 12, 6.54%, 0, 0, 2, 23.08
1747821238, 0, 194, 948, 947, 12, 6.54%, 0, 0, 2, 23.58
1747821243, 0, 194, 949, 948, 12, 6.54%, 0, 0, 2, 23.31
1747821253, 0, 194, 950, 949, 12, 6.54%, 0, 0, 2, 23.36
1747821304, 0, 195, 950, 949, 12, 6.54%, 0, 0, 2, 24.18
1747821310, 0, 196, 951, 950, 12, 6.54%, 0, 0, 2, 23.94
1747821320, 0, 196, 952, 951, 12, 6.54%, 0, 0, 2, 23.28
1747821330, 0, 197, 952, 951, 12, 6.54%, 0, 0, 2, 24.61
1747821335, 0, 198, 952, 951, 12, 6.54%, 0, 0, 2, 23.95
1747821340, 0, 198, 953, 952, 12, 6.54%, 0, 0, 2, 23.62
1747821351, 0, 199, 953, 952, 12, 6.54%, 0, 0, 2, 23.85
1747821356, 0, 200, 953, 952, 12, 6.54%, 0, 0, 2, 24.56
1747821361, 0, 201, 953, 952, 12, 6.54%, 0, 0, 2, 24.32
1747821366, 0, 202, 953, 952, 12, 6.54%, 0, 0, 2, 23.91
1747821371, 0, 203, 953, 952, 12, 6.54%, 0, 0, 2, 24.40
1747821376, 0, 204, 954, 953, 12, 6.54%, 0, 0, 2, 23.47
1747821381, 0, 204, 955, 954, 12, 6.55%, 0, 0, 2, 23.99
1747821386, 0, 204, 956, 955, 12, 6.55%, 0, 0, 2, 24.11
1747821392, 0, 204, 957, 956, 12, 6.55%, 0, 0, 2, 23.21
1747821463, 0, 205, 957, 956, 13, 6.55%, 0, 0, 2, 24.27
1747821468, 0, 207, 957, 956, 13, 6.55%, 0, 0, 2, 24.66
1747821473, 0, 208, 957, 956, 13, 6.55%, 0, 0, 2, 24.82
1747821478, 0, 209, 957, 956, 13, 6.55%, 0, 0, 2, 25.03
1747821484, 0, 210, 957, 956, 13, 6.55%, 0, 0, 2, 25.31
1747821489, 0, 211, 957, 956, 13, 6.55%, 0, 0, 2, 24.53
1747821494, 0, 214, 957, 956, 13, 6.55%, 0, 0, 2, 25.32
1747821499, 0, 216, 957, 956, 13, 6.55%, 0, 0, 2, 24.86
1747821504, 0, 218, 957, 956, 13, 6.55%, 0, 0, 2, 24.55
1747821509, 0, 219, 957, 956, 13, 6.55%, 0, 0, 2, 25.14
1747821514, 0, 220, 957, 956, 13, 6.55%, 0, 0, 2, 25.09
1747821519, 0, 221, 957, 956, 13, 6.55%, 0, 0, 2, 24.98
1747821525, 0, 222, 957, 956, 13, 6.55%, 0, 0, 2, 24.67
1747821530, 0, 224, 957, 956, 13, 6.55%, 0, 0, 2, 24.87
1747821535, 0, 225, 958, 957, 13, 6.55%, 0, 0, 2, 23.94
1747821545, 0, 227, 958, 957, 13, 6.55%, 0, 0, 2, 24.47
1747821550, 0, 227, 959, 958, 13, 6.55%, 0, 0, 2, 23.85
1747821555, 0, 227, 961, 960, 13, 6.55%, 0, 0, 2, 22.74
1747821560, 0, 227, 962, 961, 13, 6.55%, 0, 0, 2, 23.11
1747821606, 0, 227, 963, 962, 13, 6.55%, 0, 0, 2, 23.20
1747821683, 0, 227, 964, 963, 13, 6.55%, 0, 0, 2, 24.03
1747821718, 0, 228, 965, 964, 13, 6.55%, 0, 0, 2, 23.56
1747821724, 0, 228, 966, 965, 13, 6.55%, 0, 0, 2, 23.24
1747821729, 0, 228, 967, 966, 13, 6.55%, 0, 0, 2, 23.47
1747821754, 0, 228, 968, 967, 13, 6.55%, 0, 0, 2, 23.78
1747821765, 0, 228, 969, 968, 13, 6.55%, 0, 0, 2, 23.77
1747821770, 0, 228, 970, 969, 13, 6.55%, 0, 0, 2, 22.56
1747821785, 0, 228, 971, 970, 13, 6.55%, 0, 0, 2, 23.40
1747821816, 0, 228, 972, 971, 13, 6.55%, 0, 0, 2, 23.86
1747821892, 0, 229, 972, 971, 13, 6.55%, 0, 0, 2, 24.24
1747821897, 0, 230, 972, 971, 13, 6.55%, 0, 0, 2, 24.42
1747821902, 0, 230, 973, 972, 13, 6.55%, 0, 0, 2, 23.96
1747821907, 0, 231, 973, 972, 13, 6.55%, 0, 0, 2, 23.87
1747821912, 0, 233, 973, 972, 13, 6.55%, 0, 0, 2, 24.09
1747821917, 0, 234, 973, 972, 13, 6.55%, 0, 0, 2, 24.59
1747821922, 0, 234, 974, 973, 13, 6.55%, 0, 0, 2, 22.51
1747821927, 0, 234, 975, 974, 13, 6.55%, 0, 0, 2, 23.61
1747821932, 0, 234, 976, 975, 13, 6.55%, 0, 0, 2, 23.50
1747821937, 0, 234, 977, 976, 13, 6.55%, 0, 0, 2, 23.36
1747821963, 0, 234, 978, 977, 13, 6.55%, 0, 0, 2, 22.71
1747822029, 0, 234, 979, 978, 13, 6.55%, 0, 0, 2, 22.68
1747822034, 0, 234, 980, 979, 13, 6.55%, 0, 0, 2, 22.97
1747822055, 0, 234, 981, 980, 13, 6.55%, 0, 0, 2, 23.70
1747822095, 0, 235, 981, 980, 13, 6.55%, 0, 0, 2, 23.88
1747822100, 0, 236, 981, 980, 13, 6.55%, 0, 0, 2, 23.74
1747822105, 0, 237, 981, 980, 13, 6.55%, 0, 0, 2, 24.28
1747822111, 0, 238, 981, 980, 13, 6.55%, 0, 0, 2, 24.95
1747822116, 0, 239, 981, 980, 13, 6.55%, 0, 0, 2, 23.85
1747822121, 0, 240, 981, 980, 13, 6.55%, 0, 0, 2, 23.75
1747822126, 0, 241, 981, 980, 13, 6.55%, 0, 0, 2, 24.23
1747822131, 0, 241, 983, 982, 13, 6.55%, 0, 0, 2, 20.63
1747822136, 0, 241, 984, 983, 13, 6.55%, 0, 0, 2, 21.69
1747822142, 0, 241, 985, 984, 13, 6.55%, 0, 0, 2, 22.14
1747822147, 0, 241, 986, 985, 13, 6.55%, 0, 0, 2, 22.39
1747822152, 0, 241, 987, 986, 13, 6.58%, 0, 0, 2, 22.17
1747822157, 0, 241, 988, 987, 13, 6.58%, 0, 0, 2, 22.99
1747822202, 0, 241, 989, 988, 13, 6.58%, 0, 0, 2, 23.37
1747822207, 0, 241, 990, 989, 13, 6.58%, 0, 0, 2, 22.83
1747822274, 0, 241, 991, 990, 13, 6.58%, 0, 0, 2, 23.00
1747822284, 0, 241, 992, 991, 13, 6.58%, 0, 0, 2, 22.94
1747822310, 0, 243, 992, 991, 14, 6.58%, 0, 0, 2, 24.74
1747822315, 0, 245, 992, 991, 14, 6.58%, 0, 0, 2, 24.53
1747822320, 0, 246, 992, 991, 14, 6.58%, 0, 0, 2, 23.95
1747822325, 0, 247, 992, 991, 14, 6.58%, 0, 0, 2, 24.52
1747822330, 0, 248, 992, 991, 14, 6.58%, 0, 0, 2, 24.88
1747822335, 0, 249, 992, 991, 14, 6.58%, 0, 0, 2, 25.11
1747822340, 0, 251, 992, 991, 14, 6.58%, 0, 0, 2, 24.67
1747822345, 0, 253, 992, 991, 14, 6.58%, 0, 0, 2, 25.08
1747822351, 0, 254, 992, 991, 14, 6.58%, 0, 0, 2, 24.92
1747822356, 0, 256, 992, 991, 14, 6.58%, 0, 0, 2, 25.34
1747822361, 0, 257, 992, 991, 14, 6.58%, 0, 0, 2, 24.55
1747822366, 0, 258, 992, 991, 14, 6.58%, 0, 0, 2, 24.77
1747822371, 0, 259, 992, 991, 14, 6.58%, 0, 0, 2, 24.61
1747822376, 0, 260, 992, 991, 14, 6.58%, 0, 0, 2, 24.76
1747822381, 0, 261, 992, 991, 14, 6.58%, 0, 0, 2, 24.22
1747822386, 0, 262, 992, 991, 14, 6.58%, 0, 0, 2, 23.65
1747822391, 0, 262, 993, 992, 14, 6.58%, 0, 0, 2, 22.64
1747822396, 0, 263, 993, 992, 14, 6.58%, 0, 0, 2, 24.61
1747822402, 0, 265, 993, 992, 14, 6.58%, 0, 0, 2, 24.51
1747822407, 0, 266, 993, 992, 14, 6.58%, 0, 0, 2, 25.26
1747822412, 0, 267, 993, 992, 14, 6.58%, 0, 0, 2, 25.40
1747822417, 0, 268, 993, 992, 14, 6.58%, 0, 0, 2, 25.13
1747822422, 0, 269, 993, 992, 14, 6.58%, 0, 0, 2, 24.53
1747822427, 0, 271, 993, 992, 14, 6.58%, 0, 0, 2, 24.90
1747822432, 0, 272, 993, 992, 14, 6.58%, 0, 0, 2, 25.03
1747822437, 0, 273, 993, 992, 14, 6.58%, 0, 0, 2, 24.53
1747822443, 0, 274, 993, 992, 14, 6.58%, 0, 0, 2, 23.97
1747822448, 0, 276, 993, 992, 14, 6.58%, 0, 0, 2, 23.99
1747822453, 0, 278, 993, 992, 14, 6.58%, 0, 0, 2, 24.58
1747822458, 0, 279, 993, 992, 14, 6.58%, 0, 0, 2, 24.63
1747822463, 0, 280, 993, 992, 14, 6.58%, 0, 0, 2, 24.48
1747822468, 0, 280, 994, 993, 14, 6.58%, 0, 0, 2, 24.26
1747822473, 0, 283, 994, 993, 14, 6.58%, 0, 0, 2, 24.27
1747822478, 0, 285, 995, 994, 14, 6.58%, 0, 0, 2, 23.17
1747822483, 0, 285, 996, 995, 14, 6.58%, 0, 0, 2, 22.62
1747822489, 0, 285, 998, 997, 14, 6.58%, 0, 0, 2, 21.91
1747822499, 0, 285, 999, 998, 14, 6.58%, 0, 0, 2, 21.94
1747822504, 0, 285, 1000, 999, 14, 6.58%, 0, 0, 2, 22.39
1747822530, 0, 285, 1001, 1000, 14, 6.58%, 0, 0, 2, 22.94
1747822576, 0, 285, 1002, 1001, 14, 6.58%, 0, 0, 2, 22.87
1747822596, 0, 285, 1003, 1002, 14, 6.58%, 0, 0, 2, 23.00
1747822601, 0, 285, 1004, 1003, 14, 6.58%, 0, 0, 2, 22.72
1747822662, 0, 286, 1004, 1003, 14, 6.58%, 0, 0, 2, 23.63
1747822667, 0, 287, 1004, 1003, 14, 6.58%, 0, 0, 2, 23.25
1747822673, 0, 288, 1004, 1003, 14, 6.58%, 0, 0, 2, 23.79
1747822678, 0, 289, 1004, 1003, 14, 6.58%, 0, 0, 2, 24.22
1747822683, 0, 290, 1004, 1003, 14, 6.58%, 0, 0, 2, 24.41
1747822688, 0, 291, 1004, 1003, 14, 6.58%, 0, 0, 2, 24.88
1747822693, 0, 292, 1004, 1003, 14, 6.58%, 0, 0, 2, 23.32
1747822698, 0, 293, 1004, 1003, 14, 6.58%, 0, 0, 2, 23.92
1747822703, 0, 295, 1004, 1003, 14, 6.58%, 0, 0, 2, 24.42
1747822708, 0, 296, 1004, 1003, 14, 6.58%, 0, 0, 2, 24.69
1747822714, 0, 296, 1006, 1005, 14, 6.58%, 0, 0, 2, 22.97
1747822734, 0, 297, 1007, 1006, 14, 6.58%, 0, 0, 2, 22.75
1747822744, 0, 298, 1007, 1006, 14, 6.58%, 0, 0, 2, 22.89
1747822749, 0, 299, 1007, 1006, 14, 6.58%, 0, 0, 2, 24.10
1747822754, 0, 300, 1007, 1006, 14, 6.58%, 0, 0, 2, 24.57
1747822759, 0, 302, 1007, 1006, 14, 6.58%, 0, 0, 2, 24.21
1747822764, 0, 303, 1007, 1006, 14, 6.58%, 0, 0, 2, 24.37
1747822769, 0, 304, 1007, 1006, 14, 6.58%, 0, 0, 2, 25.16
1747822775, 0, 305, 1007, 1006, 14, 6.58%, 0, 0, 2, 25.22
1747822780, 0, 306, 1007, 1006, 14, 6.58%, 0, 0, 2, 24.87
1747822785, 0, 307, 1007, 1006, 14, 6.58%, 0, 0, 2, 24.18
1747822790, 0, 308, 1007, 1006, 14, 6.58%, 0, 0, 2, 24.20
1747822795, 0, 309, 1007, 1006, 14, 6.58%, 0, 0, 2, 23.88
1747822800, 0, 311, 1007, 1006, 14, 6.58%, 0, 0, 2, 24.42
1747822810, 0, 314, 1007, 1006, 14, 6.58%, 0, 0, 2, 23.72
1747822815, 0, 315, 1007, 1006, 14, 6.58%, 0, 0, 2, 24.57
1747822820, 0, 317, 1007, 1006, 14, 6.58%, 0, 0, 2, 23.88
1747822826, 0, 318, 1007, 1006, 14, 6.58%, 0, 0, 2, 23.55
1747822831, 0, 319, 1007, 1006, 14, 6.58%, 0, 0, 2, 24.14
1747822836, 0, 320, 1007, 1006, 14, 6.58%, 0, 0, 2, 23.89
1747822841, 0, 321, 1007, 1006, 14, 6.58%, 0, 0, 2, 24.28
1747822846, 0, 323, 1007, 1006, 14, 6.58%, 0, 0, 2, 23.17
1747822851, 0, 324, 1007, 1006, 14, 6.58%, 0, 0, 2, 23.60
1747822856, 0, 325, 1007, 1006, 14, 6.58%, 0, 0, 2, 23.34
1747822861, 0, 326, 1007, 1006, 14, 6.58%, 0, 0, 2, 24.10
1747822866, 0, 327, 1007, 1006, 14, 6.58%, 0, 0, 2, 24.67
1747822871, 0, 328, 1007, 1006, 14, 6.58%, 0, 0, 2, 25.20
1747822877, 0, 331, 1007, 1006, 14, 6.58%, 0, 0, 2, 25.55
1747822882, 0, 333, 1007, 1006, 14, 6.58%, 0, 0, 2, 24.50
1747822887, 0, 334, 1007, 1006, 14, 6.58%, 0, 0, 2, 23.40
1747822892, 0, 335, 1007, 1006, 14, 6.58%, 0, 0, 2, 24.62
1747822897, 0, 336, 1007, 1006, 14, 6.58%, 0, 0, 2, 24.19
1747822902, 0, 337, 1007, 1006, 14, 6.58%, 0, 0, 2, 24.34
1747822907, 0, 339, 1007, 1006, 14, 6.58%, 0, 0, 2, 23.90
1747822912, 0, 341, 1007, 1006, 14, 6.58%, 0, 0, 2, 24.68
1747822917, 0, 342, 1007, 1006, 14, 6.58%, 0, 0, 2, 24.66
1747822922, 0, 342, 1008, 1007, 14, 6.58%, 0, 0, 2, 23.24
1747822932, 0, 342, 1009, 1008, 14, 6.58%, 0, 0, 2, 22.81
1747822943, 0, 343, 1009, 1008, 14, 6.58%, 0, 0, 2, 24.00
1747822948, 0, 344, 1009, 1008, 14, 6.58%, 0, 0, 2, 24.85
1747822953, 0, 345, 1009, 1008, 14, 6.58%, 0, 0, 2, 24.81
1747822958, 0, 346, 1009, 1008, 14, 6.58%, 0, 0, 2, 24.74
1747822963, 0, 347, 1009, 1008, 14, 6.58%, 0, 0, 2, 24.37
1747822968, 0, 348, 1009, 1008, 14, 6.58%, 0, 0, 2, 24.78
1747822973, 0, 349, 1009, 1008, 14, 6.58%, 0, 0, 2, 24.35
1747822978, 0, 350, 1009, 1008, 14, 6.58%, 0, 0, 2, 24.56
1747822983, 0, 351, 1009, 1008, 14, 6.58%, 0, 0, 2, 24.44
1747822988, 0, 352, 1009, 1008, 14, 6.58%, 0, 0, 2, 25.39
1747822993, 0, 353, 1009, 1008, 14, 6.58%, 0, 0, 2, 24.83
1747822999, 0, 354, 1009, 1008, 14, 6.58%, 0, 0, 2, 23.72
1747823004, 0, 355, 1009, 1008, 14, 6.58%, 0, 0, 2, 23.93
1747823009, 0, 356, 1009, 1008, 14, 6.58%, 0, 0, 2, 22.97
1747823014, 0, 357, 1009, 1008, 14, 6.58%, 0, 0, 2, 22.34
1747823019, 0, 358, 1009, 1008, 14, 6.58%, 0, 0, 2, 24.54
1747823024, 0, 358, 1011, 1010, 14, 6.58%, 0, 0, 2, 22.69
1747823029, 0, 358, 1012, 1011, 14, 6.58%, 0, 0, 2, 21.69
1747823044, 0, 358, 1013, 1012, 14, 6.58%, 0, 0, 2, 21.71
1747823116, 0, 358, 1014, 1013, 14, 6.58%, 0, 0, 2, 22.90
1747823162, 0, 358, 1015, 1014, 14, 6.58%, 0, 0, 2, 22.22
1747823167, 0, 358, 1016, 1015, 14, 6.58%, 0, 0, 2, 21.46
1747823208, 0, 359, 1016, 1015, 14, 6.58%, 0, 0, 2, 21.69
1747823213, 0, 360, 1016, 1015, 14, 6.58%, 0, 0, 2, 22.38
1747823218, 0, 361, 1016, 1015, 14, 6.58%, 0, 0, 2, 21.71
1747823223, 0, 362, 1016, 1015, 14, 6.58%, 0, 0, 2, 21.70
1747823233, 0, 363, 1016, 1015, 14, 6.58%, 0, 0, 2, 22.35
1747823239, 0, 363, 1018, 1017, 14, 6.58%, 0, 0, 2, 21.50
1747823254, 0, 364, 1018, 1017, 14, 6.58%, 0, 0, 2, 22.95
1747823259, 0, 366, 1018, 1017, 14, 6.58%, 0, 0, 2, 24.87
1747823264, 0, 368, 1018, 1017, 14, 6.58%, 0, 0, 2, 24.13
1747823270, 0, 369, 1018, 1017, 14, 6.58%, 0, 0, 2, 24.42
1747823275, 0, 370, 1018, 1017, 14, 6.58%, 0, 0, 2, 23.46
1747823280, 0, 371, 1018, 1017, 14, 6.58%, 0, 0, 2, 22.06
1747823290, 0, 373, 1019, 1018, 14, 6.58%, 0, 0, 2, 21.79
1747823300, 0, 374, 1019, 1018, 14, 6.58%, 0, 0, 2, 21.75
1747823306, 0, 375, 1019, 1018, 14, 6.58%, 0, 0, 2, 23.55
1747823311, 0, 376, 1019, 1018, 14, 6.58%, 0, 0, 2, 23.66
1747823316, 0, 376, 1020, 1019, 14, 6.58%, 0, 0, 2, 22.79
1747823321, 0, 377, 1020, 1019, 14, 6.58%, 0, 0, 2, 23.02
1747823326, 0, 378, 1020, 1019, 14, 6.58%, 0, 0, 2, 23.10
1747823336, 0, 380, 1020, 1019, 14, 6.58%, 0, 0, 2, 24.26
1747823341, 0, 382, 1020, 1019, 14, 6.58%, 0, 0, 2, 25.11
1747823346, 0, 383, 1020, 1019, 14, 6.58%, 0, 0, 2, 24.96
1747823351, 0, 384, 1020, 1019, 14, 6.58%, 0, 0, 2, 24.50
1747823357, 0, 385, 1020, 1019, 14, 6.58%, 0, 0, 2, 24.26
1747823362, 0, 387, 1020, 1019, 14, 6.58%, 0, 0, 2, 25.05
1747823367, 0, 388, 1020, 1019, 14, 6.58%, 0, 0, 2, 23.03
1747823372, 0, 389, 1021, 1020, 14, 6.58%, 0, 0, 2, 20.77
1747823382, 0, 389, 1022, 1021, 14, 6.58%, 0, 0, 2, 20.78
1747823397, 0, 390, 1022, 1021, 14, 6.58%, 0, 0, 2, 24.26
1747823402, 0, 392, 1022, 1021, 14, 6.58%, 0, 0, 2, 24.15
1747823408, 0, 393, 1022, 1021, 14, 6.58%, 0, 0, 2, 24.69
1747823413, 0, 394, 1022, 1021, 14, 6.58%, 0, 0, 2, 22.44
1747823418, 0, 395, 1022, 1021, 14, 6.58%, 0, 0, 2, 21.81
1747823423, 0, 395, 1023, 1022, 14, 6.58%, 0, 0, 2, 21.56
1747823428, 0, 396, 1023, 1022, 14, 6.58%, 0, 0, 2, 23.12
1747823433, 0, 397, 1023, 1022, 14, 6.58%, 0, 0, 2, 24.07
1747823438, 0, 399, 1023, 1022, 14, 6.58%, 0, 0, 2, 24.36
1747823443, 0, 400, 1023, 1022, 14, 6.58%, 0, 0, 2, 24.93
1747823448, 0, 401, 1023, 1022, 14, 6.58%, 0, 0, 2, 24.39
1747823453, 0, 402, 1024, 1023, 14, 6.58%, 0, 0, 2, 23.55
1747823459, 0, 402, 1025, 1024, 14, 6.58%, 0, 0, 2, 21.05
1747823474, 0, 402, 1026, 1025, 14, 6.58%, 0, 0, 2, 21.60
1747823505, 0, 403, 1026, 1025, 14, 6.58%, 0, 0, 2, 23.61
1747823510, 0, 404, 1027, 1026, 14, 6.58%, 0, 0, 2, 22.81
1747823515, 0, 404, 1028, 1027, 14, 6.58%, 0, 0, 2, 21.70
1747823535, 0, 405, 1028, 1027, 14, 6.58%, 0, 0, 2, 23.98
1747823540, 0, 406, 1029, 1028, 14, 6.58%, 0, 0, 2, 21.95
1747823550, 0, 407, 1029, 1028, 14, 6.58%, 0, 0, 2, 24.12
1747823555, 0, 408, 1029, 1028, 14, 6.58%, 0, 0, 2, 24.42
1747823560, 0, 411, 1029, 1028, 14, 6.58%, 0, 0, 2, 24.36
1747823566, 0, 412, 1030, 1029, 14, 6.58%, 0, 0, 2, 22.43
1747823576, 0, 413, 1030, 1029, 14, 6.58%, 0, 0, 2, 22.46
1747823581, 0, 416, 1030, 1029, 14, 6.58%, 0, 0, 2, 24.58
1747823586, 0, 416, 1031, 1030, 14, 6.58%, 0, 0, 2, 22.17
1747823596, 0, 416, 1032, 1031, 14, 6.58%, 0, 0, 2, 22.17
1747823606, 0, 418, 1032, 1031, 14, 6.58%, 0, 0, 2, 21.77
1747823611, 0, 419, 1032, 1031, 14, 6.58%, 0, 0, 2, 22.15
1747823617, 0, 420, 1032, 1031, 14, 6.58%, 0, 0, 2, 23.59
1747823622, 0, 421, 1032, 1031, 14, 6.58%, 0, 0, 2, 24.47
1747823627, 0, 422, 1032, 1031, 14, 6.58%, 0, 0, 2, 24.58
1747823632, 0, 423, 1032, 1031, 14, 6.58%, 0, 0, 2, 24.12
1747823642, 0, 424, 1032, 1031, 14, 6.58%, 0, 0, 2, 24.42
1747823647, 0, 425, 1032, 1031, 14, 6.58%, 0, 0, 2, 24.99
1747823652, 0, 426, 1032, 1031, 14, 6.58%, 0, 0, 2, 23.75
1747823658, 0, 428, 1032, 1031, 14, 6.58%, 0, 0, 2, 22.31
1747823663, 0, 429, 1032, 1031, 14, 6.58%, 0, 0, 2, 23.89
1747823668, 0, 430, 1032, 1031, 14, 6.58%, 0, 0, 2, 24.03
1747823673, 0, 431, 1032, 1031, 14, 6.58%, 0, 0, 2, 24.62
1747823678, 0, 432, 1032, 1031, 14, 6.58%, 0, 0, 2, 24.82
1747823683, 0, 433, 1032, 1031, 14, 6.58%, 0, 0, 2, 25.35
1747823688, 0, 434, 1032, 1031, 14, 6.58%, 0, 0, 2, 24.53
1747823693, 0, 435, 1032, 1031, 14, 6.58%, 0, 0, 2, 24.11
1747823698, 0, 436, 1032, 1031, 14, 6.58%, 0, 0, 2, 24.90
1747823703, 0, 439, 1032, 1031, 14, 6.58%, 0, 0, 2, 36.72
1747824289, 0, 440, 1032, 1030, 14, 6.58%, 0, 0, 2, 29.56
1747824294, 0, 441, 1032, 1030, 14, 6.58%, 0, 0, 2, 26.05
1747824299, 0, 442, 1032, 1030, 14, 6.58%, 0, 0, 2, 23.27
1747824304, 0, 444, 1034, 1032, 14, 6.58%, 0, 0, 3, 20.14
1747824330, 0, 445, 1034, 1032, 14, 6.58%, 0, 0, 3, 23.66
1747824335, 0, 446, 1034, 1032, 14, 6.58%, 0, 0, 3, 24.75
1747824340, 0, 447, 1034, 1032, 14, 6.58%, 0, 0, 3, 24.56
1747824345, 0, 448, 1034, 1032, 14, 6.58%, 0, 0, 3, 24.14
1747824350, 0, 449, 1035, 1033, 14, 6.58%, 0, 0, 3, 22.06
1747824360, 0, 450, 1035, 1033, 14, 6.58%, 0, 0, 3, 22.59
1747824365, 0, 451, 1035, 1033, 14, 6.58%, 0, 0, 3, 22.95
1747824370, 0, 452, 1035, 1033, 14, 6.58%, 0, 0, 3, 22.66
1747824376, 0, 453, 1035, 1033, 14, 6.58%, 0, 0, 3, 23.56
1747824381, 0, 453, 1036, 1034, 14, 6.58%, 0, 0, 3, 21.70
1747824386, 0, 453, 1037, 1035, 14, 6.58%, 0, 0, 3, 21.18
1747824401, 0, 454, 1037, 1035, 14, 6.58%, 0, 0, 3, 22.93
1747824406, 0, 456, 1037, 1035, 14, 6.58%, 0, 0, 3, 22.84
1747824411, 0, 457, 1037, 1035, 14, 6.58%, 0, 0, 3, 22.56
1747824416, 0, 458, 1037, 1035, 14, 6.58%, 0, 0, 3, 24.57
1747824422, 0, 459, 1037, 1035, 14, 6.58%, 0, 0, 3, 24.37
1747824432, 0, 460, 1037, 1035, 14, 6.58%, 0, 0, 3, 23.74
1747824437, 0, 463, 1038, 1036, 14, 6.58%, 0, 0, 3, 21.92
1747824447, 0, 464, 1038, 1036, 14, 6.58%, 0, 0, 3, 23.56
1747824452, 0, 467, 1038, 1036, 14, 6.58%, 0, 0, 3, 22.70
1747824457, 0, 468, 1038, 1036, 14, 6.58%, 0, 0, 3, 23.37
1747824463, 0, 469, 1038, 1036, 14, 6.58%, 0, 0, 3, 22.74
1747824468, 0, 470, 1038, 1036, 14, 6.58%, 0, 0, 3, 22.64
1747824473, 0, 471, 1038, 1036, 14, 6.58%, 0, 0, 3, 24.34
1747824478, 0, 472, 1038, 1036, 14, 6.58%, 0, 0, 3, 24.79
1747824483, 0, 473, 1038, 1036, 14, 6.58%, 0, 0, 3, 24.78
1747824488, 0, 474, 1038, 1036, 14, 6.58%, 0, 0, 3, 24.60
1747824493, 0, 475, 1038, 1036, 14, 6.58%, 0, 0, 3, 25.06
1747824498, 0, 476, 1038, 1036, 14, 6.58%, 0, 0, 3, 24.30
1747824503, 0, 477, 1038, 1036, 14, 6.58%, 0, 0, 3, 24.03
1747824509, 0, 478, 1038, 1036, 14, 6.58%, 0, 0, 3, 25.31
1747824514, 0, 479, 1038, 1036, 14, 6.58%, 0, 0, 3, 24.72
1747824519, 0, 481, 1038, 1036, 14, 6.58%, 0, 0, 3, 24.56
1747824524, 0, 482, 1038, 1036, 14, 6.58%, 0, 0, 3, 24.77
1747824534, 0, 483, 1038, 1036, 14, 6.58%, 0, 0, 3, 22.59
1747824539, 0, 486, 1038, 1036, 14, 6.58%, 0, 0, 3, 24.44
1747824544, 0, 487, 1038, 1036, 14, 6.58%, 0, 0, 3, 24.63
1747824549, 0, 488, 1038, 1036, 14, 6.58%, 0, 0, 3, 24.76
1747824554, 0, 489, 1038, 1036, 14, 6.58%, 0, 0, 3, 23.98
1747824559, 0, 490, 1038, 1036, 14, 6.58%, 0, 0, 3, 24.48
1747824564, 0, 491, 1038, 1036, 14, 6.58%, 0, 0, 3, 23.07
1747824570, 0, 492, 1038, 1036, 14, 6.58%, 0, 0, 3, 23.67
1747824575, 0, 494, 1038, 1036, 14, 6.58%, 0, 0, 3, 24.66
1747824580, 0, 495, 1038, 1036, 14, 6.58%, 0, 0, 3, 24.76
1747824585, 0, 496, 1038, 1036, 14, 6.58%, 0, 0, 3, 25.25
1747824590, 0, 497, 1038, 1036, 14, 6.58%, 0, 0, 3, 24.60
1747824595, 0, 498, 1038, 1036, 14, 6.58%, 0, 0, 3, 25.02
1747824600, 0, 499, 1038, 1036, 14, 6.58%, 0, 0, 3, 24.62
1747824605, 0, 500, 1038, 1036, 14, 6.58%, 0, 0, 3, 25.05
1747824610, 0, 501, 1038, 1036, 14, 6.58%, 0, 0, 3, 24.49
1747824615, 0, 501, 1039, 1037, 14, 6.58%, 0, 0, 3, 24.43
1747824621, 0, 503, 1039, 1037, 14, 6.58%, 0, 0, 3, 24.74
1747824626, 0, 504, 1039, 1037, 14, 6.58%, 0, 0, 3, 24.12
1747824631, 0, 505, 1039, 1037, 14, 6.58%, 0, 0, 3, 23.38
1747824636, 0, 506, 1039, 1037, 14, 6.58%, 0, 0, 3, 22.73
1747824641, 0, 507, 1039, 1037, 14, 6.58%, 0, 0, 3, 23.61
1747824646, 0, 509, 1039, 1037, 14, 6.58%, 0, 0, 3, 23.53
1747824656, 0, 511, 1039, 1037, 14, 6.58%, 0, 0, 3, 24.27
1747824662, 0, 512, 1039, 1037, 14, 6.58%, 0, 0, 3, 24.13
1747824667, 0, 513, 1039, 1037, 14, 6.58%, 0, 0, 3, 21.63
1747824672, 0, 515, 1039, 1037, 14, 6.58%, 0, 0, 3, 23.81
1747824677, 0, 516, 1039, 1037, 14, 6.58%, 0, 0, 3, 24.81
1747824682, 0, 519, 1039, 1037, 14, 6.58%, 0, 0, 3, 24.30
1747824687, 0, 520, 1039, 1037, 14, 6.58%, 0, 0, 3, 24.43
1747824692, 0, 521, 1039, 1037, 14, 6.58%, 0, 0, 3, 24.43
1747824697, 0, 522, 1039, 1037, 14, 6.58%, 0, 0, 3, 23.09
1747824702, 0, 522, 1041, 1039, 14, 6.58%, 0, 0, 3, 20.51
1747824723, 0, 524, 1041, 1039, 14, 6.58%, 0, 0, 3, 24.19
1747824728, 0, 526, 1041, 1039, 14, 6.58%, 0, 0, 3, 21.52
1747824733, 0, 529, 1041, 1039, 14, 6.58%, 0, 0, 3, 22.14
1747824738, 0, 530, 1041, 1039, 14, 6.58%, 0, 0, 3, 23.16
1747824743, 0, 531, 1041, 1039, 14, 6.58%, 0, 0, 3, 24.76
1747824748, 0, 533, 1041, 1039, 14, 6.58%, 0, 0, 3, 23.36
1747824754, 0, 534, 1041, 1039, 14, 6.58%, 0, 0, 3, 22.82
1747824759, 0, 535, 1041, 1039, 14, 6.58%, 0, 0, 3, 21.81
1747824764, 0, 537, 1041, 1039, 14, 6.58%, 0, 0, 3, 22.96
1747824769, 0, 538, 1041, 1039, 14, 6.58%, 0, 0, 3, 24.51
1747824774, 0, 539, 1041, 1039, 14, 6.58%, 0, 0, 3, 23.23
1747824784, 0, 540, 1043, 1041, 14, 6.58%, 0, 0, 3, 21.73
1747824795, 0, 540, 1044, 1042, 14, 6.58%, 0, 0, 3, 21.12
1747824805, 0, 540, 1045, 1043, 14, 6.58%, 0, 0, 3, 22.08
1747824866, 0, 540, 1046, 1044, 14, 6.58%, 0, 0, 3, 22.10
1747824922, 0, 540, 1047, 1045, 14, 6.58%, 0, 0, 3, 21.62
1747824968, 0, 540, 1048, 1046, 14, 6.58%, 0, 0, 3, 12.92
1747824984, 0, 541, 1048, 1046, 14, 6.58%, 0, 0, 3, 14.31
1747824989, 0, 543, 1048, 1046, 14, 6.58%, 0, 0, 3, 14.52
1747824999, 0, 544, 1048, 1046, 14, 6.58%, 0, 0, 3, 15.00
1747825009, 0, 546, 1048, 1046, 14, 6.58%, 0, 0, 3, 14.54
1747825014, 0, 547, 1048, 1046, 14, 6.58%, 0, 0, 3, 14.51
1747825024, 0, 547, 1049, 1047, 14, 6.58%, 0, 0, 3, 12.50
1747825030, 0, 547, 1050, 1048, 14, 6.58%, 0, 0, 3, 11.85
1747825055, 0, 548, 1050, 1048, 14, 6.58%, 0, 0, 3, 13.45
1747825065, 0, 549, 1050, 1048, 14, 6.58%, 0, 0, 3, 15.03
1747825076, 0, 550, 1050, 1048, 14, 6.58%, 0, 0, 3, 14.94
1747825081, 0, 551, 1050, 1048, 14, 6.58%, 0, 0, 3, 14.89
1747825091, 0, 552, 1050, 1048, 14, 6.58%, 0, 0, 3, 14.82
1747825101, 0, 553, 1050, 1048, 14, 6.58%, 0, 0, 3, 13.09
1747825112, 0, 554, 1050, 1048, 14, 6.58%, 0, 0, 3, 12.99
1747825122, 0, 555, 1050, 1048, 14, 6.58%, 0, 0, 3, 14.77
1747825127, 0, 557, 1050, 1048, 14, 6.58%, 0, 0, 3, 14.86
1747825138, 0, 558, 1050, 1048, 14, 6.58%, 0, 0, 3, 12.90
1747825148, 0, 561, 1050, 1048, 14, 6.58%, 0, 0, 3, 12.83
1747825158, 0, 562, 1050, 1048, 14, 6.58%, 0, 0, 3, 14.36
1747825168, 0, 565, 1050, 1048, 14, 6.58%, 0, 0, 3, 14.19
1747825173, 0, 566, 1050, 1048, 14, 6.58%, 0, 0, 3, 14.11
1747825184, 0, 567, 1050, 1048, 14, 6.58%, 0, 0, 3, 14.69
1747825194, 0, 569, 1050, 1048, 14, 6.58%, 0, 0, 3, 14.97
1747825199, 0, 570, 1050, 1048, 14, 6.58%, 0, 0, 3, 14.75
1747825204, 0, 570, 1051, 1049, 14, 6.58%, 0, 0, 3, 12.91
1747825220, 0, 571, 1051, 1049, 14, 6.58%, 0, 0, 3, 13.89
1747825230, 0, 572, 1051, 1049, 14, 6.58%, 0, 0, 3, 13.66
1747825240, 0, 573, 1051, 1049, 14, 6.58%, 0, 0, 3, 13.35
1747825245, 0, 573, 1052, 1050, 14, 6.58%, 0, 0, 3, 11.89
1747825260, 0, 574, 1052, 1050, 14, 6.58%, 0, 0, 3, 13.59
1747825271, 0, 575, 1052, 1050, 14, 6.58%, 0, 0, 3, 13.91
1747825281, 0, 577, 1052, 1050, 14, 6.58%, 0, 0, 3, 14.49
1747825286, 0, 578, 1052, 1050, 14, 6.58%, 0, 0, 3, 14.36
1747825296, 0, 579, 1052, 1050, 14, 6.58%, 0, 0, 3, 13.94
1747825307, 0, 580, 1052, 1050, 14, 6.58%, 0, 0, 3, 13.83
1747825317, 0, 581, 1053, 1051, 14, 6.58%, 0, 0, 3, 12.49
1747825337, 0, 582, 1053, 1051, 14, 6.58%, 0, 0, 3, 14.11
1747825348, 0, 583, 1053, 1051, 14, 6.58%, 0, 0, 3, 14.76
1747825353, 0, 584, 1053, 1051, 14, 6.58%, 0, 0, 3, 14.58
1747825363, 0, 585, 1053, 1051, 14, 6.58%, 0, 0, 3, 14.39
1747825374, 0, 586, 1053, 1051, 14, 6.58%, 0, 0, 3, 14.06
1747825379, 0, 587, 1053, 1051, 14, 6.58%, 0, 0, 3, 14.23
1747825389, 0, 588, 1053, 1051, 14, 6.58%, 0, 0, 3, 14.47
1747825399, 0, 589, 1053, 1051, 14, 6.58%, 0, 0, 3, 14.34
1747825409, 0, 591, 1053, 1051, 14, 6.58%, 0, 0, 3, 15.02
1747825414, 0, 592, 1053, 1051, 14, 6.58%, 0, 0, 3, 15.22
1747825424, 0, 594, 1053, 1051, 14, 6.58%, 0, 0, 3, 14.74
1747825430, 0, 594, 1054, 1052, 14, 6.58%, 0, 0, 3, 12.89
1747825445, 0, 595, 1054, 1052, 14, 6.58%, 0, 0, 3, 14.13
1747825450, 0, 597, 1054, 1052, 14, 6.58%, 0, 0, 3, 14.39
1747825460, 0, 598, 1054, 1052, 14, 6.58%, 0, 0, 3, 14.10
1747825471, 0, 599, 1054, 1052, 14, 6.58%, 0, 0, 3, 14.73
1747825481, 0, 600, 1054, 1052, 14, 6.58%, 0, 0, 3, 14.60
1747825486, 0, 601, 1054, 1052, 14, 6.58%, 0, 0, 3, 13.96
1747825496, 0, 602, 1054, 1052, 14, 6.58%, 0, 0, 3, 15.04
1747825507, 0, 603, 1054, 1052, 14, 6.58%, 0, 0, 3, 13.93
1747825517, 0, 604, 1054, 1052, 14, 6.58%, 0, 0, 3, 12.94
1747825527, 0, 605, 1054, 1052, 14, 6.58%, 0, 0, 3, 14.59
1747825532, 0, 607, 1054, 1052, 14, 6.58%, 0, 0, 3, 14.99
1747825542, 0, 608, 1054, 1052, 14, 6.58%, 0, 0, 3, 15.40
1747825548, 0, 609, 1054, 1052, 14, 6.58%, 0, 0, 3, 15.22
1747825558, 0, 611, 1054, 1052, 14, 6.58%, 0, 0, 3, 15.04
1747825568, 0, 612, 1054, 1052, 14, 6.58%, 0, 0, 3, 14.96
1747825573, 0, 613, 1054, 1052, 14, 6.58%, 0, 0, 3, 15.40
1747825583, 0, 614, 1054, 1052, 14, 6.58%, 0, 0, 3, 14.99
1747825594, 0, 615, 1054, 1052, 14, 6.58%, 0, 0, 3, 13.12
1747825604, 0, 616, 1054, 1052, 14, 6.58%, 0, 0, 3, 14.38
1747825609, 0, 618, 1054, 1052, 14, 6.58%, 0, 0, 3, 15.06
1747825619, 0, 619, 1054, 1052, 14, 6.58%, 0, 0, 3, 14.42
1747825629, 0, 620, 1054, 1052, 14, 6.58%, 0, 0, 3, 13.72
1747825640, 0, 621, 1054, 1052, 14, 6.58%, 0, 0, 3, 14.71
1747825645, 0, 622, 1054, 1052, 14, 6.58%, 0, 0, 3, 14.85
1747825655, 0, 624, 1054, 1052, 14, 6.58%, 0, 0, 3, 13.78
1747825665, 0, 625, 1054, 1052, 14, 6.58%, 0, 0, 3, 14.71
1747825676, 0, 626, 1054, 1052, 14, 6.58%, 0, 0, 3, 13.87
1747825681, 0, 626, 1055, 1053, 14, 6.58%, 0, 0, 3, 12.23
1747825696, 0, 627, 1055, 1053, 14, 6.58%, 0, 0, 3, 13.81
1747825701, 0, 628, 1055, 1053, 14, 6.58%, 0, 0, 3, 13.71
1747825711, 0, 629, 1055, 1053, 14, 6.58%, 0, 0, 3, 15.10
1747825722, 0, 632, 1055, 1053, 14, 6.58%, 0, 0, 3, 15.38
1747825727, 0, 634, 1055, 1053, 14, 6.58%, 0, 0, 3, 15.21
1747825737, 0, 636, 1055, 1053, 14, 6.58%, 0, 0, 3, 14.47
1747825747, 0, 638, 1055, 1053, 14, 6.58%, 0, 0, 3, 14.31
1747825757, 0, 639, 1055, 1053, 14, 6.58%, 0, 0, 3, 14.48
1747825762, 0, 640, 1055, 1053, 14, 6.58%, 0, 0, 3, 14.24
1747825773, 0, 641, 1055, 1053, 14, 6.58%, 0, 0, 3, 14.12
1747825783, 0, 642, 1055, 1053, 14, 6.58%, 0, 0, 3, 14.28
1747825793, 0, 643, 1055, 1053, 14, 6.58%, 0, 0, 3, 14.26
1747825798, 0, 644, 1055, 1053, 14, 6.58%, 0, 0, 3, 14.50
1747825808, 0, 645, 1055, 1053, 14, 6.58%, 0, 0, 3, 13.82
1747825819, 0, 646, 1055, 1053, 14, 6.58%, 0, 0, 3, 14.23
1747825829, 0, 647, 1055, 1053, 14, 6.58%, 0, 0, 3, 15.08
1747825834, 0, 648, 1055, 1053, 14, 6.58%, 0, 0, 3, 14.64
1747825839, 0, 648, 1056, 1054, 14, 6.58%, 0, 0, 3, 13.11
1747825855, 0, 649, 1056, 1054, 14, 6.58%, 0, 0, 3, 14.53
1747825865, 0, 650, 1056, 1054, 14, 6.58%, 0, 0, 3, 14.82
1747825875, 0, 651, 1056, 1054, 14, 6.58%, 0, 0, 3, 15.09
1747825881, 0, 652, 1056, 1054, 14, 6.58%, 0, 0, 3, 14.71
1747825891, 0, 653, 1056, 1054, 14, 6.58%, 0, 0, 3, 14.39
1747825901, 0, 654, 1056, 1054, 14, 6.58%, 0, 0, 3, 14.66
1747825906, 0, 655, 1056, 1054, 14, 6.58%, 0, 0, 3, 14.41
1747825916, 0, 656, 1056, 1054, 14, 6.58%, 0, 0, 3, 13.47
1747825926, 0, 657, 1057, 1055, 14, 6.58%, 0, 0, 3, 12.52
1747825947, 0, 658, 1057, 1055, 14, 6.58%, 0, 0, 3, 12.94
1747825957, 0, 659, 1057, 1055, 14, 6.58%, 0, 0, 3, 14.45
1747825962, 0, 661, 1057, 1055, 14, 6.58%, 0, 0, 3, 15.23
1747825973, 0, 664, 1057, 1055, 14, 6.58%, 0, 0, 3, 15.08
1747825983, 0, 665, 1058, 1056, 14, 6.58%, 0, 0, 3, 14.94
1747825998, 0, 666, 1058, 1056, 14, 6.58%, 0, 0, 3, 14.48
1747826009, 0, 667, 1058, 1056, 14, 6.58%, 0, 0, 3, 14.25
1747826019, 0, 668, 1058, 1056, 14, 6.58%, 0, 0, 3, 13.11
1747826029, 0, 669, 1058, 1056, 14, 6.58%, 0, 0, 3, 14.48
1747826034, 0, 670, 1058, 1056, 14, 6.58%, 0, 0, 3, 14.70
1747826044, 0, 671, 1058, 1056, 14, 6.58%, 0, 0, 3, 14.75
1747826054, 0, 672, 1058, 1056, 14, 6.58%, 0, 0, 3, 14.79
1747826059, 0, 673, 1058, 1056, 14, 6.58%, 0, 0, 3, 14.85
1747826070, 0, 674, 1058, 1056, 14, 6.58%, 0, 0, 3, 13.24
1747826080, 0, 675, 1058, 1056, 14, 6.58%, 0, 0, 3, 14.28
1747826090, 0, 675, 1059, 1057, 14, 6.58%, 0, 0, 3, 12.56
1747826101, 0, 676, 1059, 1057, 14, 6.58%, 0, 0, 3, 14.19
1747826111, 0, 677, 1059, 1057, 14, 6.58%, 0, 0, 3, 14.09
1747826116, 0, 677, 1060, 1058, 14, 6.58%, 0, 0, 3, 12.61
1747826131, 0, 679, 1060, 1058, 14, 6.58%, 0, 0, 3, 14.89
1747826136, 0, 680, 1060, 1058, 14, 6.58%, 0, 0, 3, 14.53
1747826147, 0, 681, 1060, 1058, 14, 6.58%, 0, 0, 3, 15.14
1747826157, 0, 682, 1060, 1058, 14, 6.58%, 0, 0, 3, 14.97
1747826162, 0, 683, 1060, 1058, 14, 6.58%, 0, 0, 3, 15.07
1747826172, 0, 684, 1060, 1058, 14, 6.58%, 0, 0, 3, 14.80
1747826182, 0, 685, 1060, 1058, 14, 6.58%, 0, 0, 3, 14.71
1747826187, 0, 686, 1060, 1058, 14, 6.58%, 0, 0, 3, 13.52
1747826198, 0, 687, 1060, 1058, 14, 6.58%, 0, 0, 3, 13.10
1747826208, 0, 688, 1060, 1058, 14, 6.58%, 0, 0, 3, 14.36
1747826218, 0, 689, 1060, 1058, 14, 6.58%, 0, 0, 3, 15.18
1747826224, 0, 690, 1060, 1058, 14, 6.58%, 0, 0, 3, 14.78
1747826234, 0, 691, 1060, 1058, 14, 6.58%, 0, 0, 3, 14.95
1747826244, 0, 692, 1060, 1058, 14, 6.58%, 0, 0, 3, 13.54
1747826254, 0, 694, 1060, 1058, 14, 6.58%, 0, 0, 3, 14.75
1747826259, 0, 695, 1060, 1058, 14, 6.58%, 0, 0, 3, 14.89
1747826269, 0, 696, 1060, 1058, 14, 6.58%, 0, 0, 3, 14.24
1747826275, 0, 696, 1061, 1059, 14, 6.58%, 0, 0, 3, 11.87
1747826285, 0, 696, 1062, 1060, 14, 6.59%, 0, 0, 3, 12.34
1747826311, 0, 697, 1062, 1060, 15, 6.59%, 0, 0, 3, 13.40
1747826321, 0, 698, 1062, 1060, 15, 6.59%, 0, 0, 3, 12.88
1747826331, 0, 699, 1062, 1060, 15, 6.59%, 0, 0, 3, 14.24
1747826336, 0, 700, 1062, 1060, 15, 6.59%, 0, 0, 3, 14.58
1747826347, 0, 702, 1062, 1060, 15, 6.59%, 0, 0, 3, 15.26
1747826357, 0, 704, 1062, 1060, 15, 6.59%, 0, 0, 3, 14.85
1747826362, 0, 705, 1062, 1060, 15, 6.59%, 0, 0, 3, 14.01
1747826372, 0, 706, 1062, 1060, 15, 6.59%, 0, 0, 3, 12.71
1747826382, 0, 707, 1062, 1060, 15, 6.59%, 0, 0, 3, 14.44
1747826393, 0, 709, 1062, 1060, 15, 6.59%, 0, 0, 3, 14.70
1747826398, 0, 710, 1062, 1060, 15, 6.59%, 0, 0, 3, 15.06
1747826408, 0, 711, 1062, 1060, 15, 6.59%, 0, 0, 3, 13.28
1747826418, 0, 712, 1062, 1060, 15, 6.59%, 0, 0, 3, 14.04
1747826429, 0, 713, 1062, 1060, 15, 6.59%, 0, 0, 3, 14.69
1747826439, 0, 714, 1062, 1060, 15, 6.59%, 0, 0, 3, 13.43
1747826444, 0, 715, 1062, 1060, 15, 6.59%, 0, 0, 3, 13.79
1747826454, 0, 716, 1062, 1060, 15, 6.59%, 0, 0, 3, 13.85
1747826464, 0, 717, 1062, 1060, 15, 6.59%, 0, 0, 3, 13.62
1747826475, 0, 719, 1062, 1060, 15, 6.59%, 0, 0, 3, 14.76
1747826480, 0, 720, 1062, 1060, 15, 6.59%, 0, 0, 3, 14.80
1747826490, 0, 721, 1062, 1060, 15, 6.59%, 0, 0, 3, 14.24
1747826500, 0, 722, 1062, 1060, 15, 6.59%, 0, 0, 3, 14.54
1747826511, 0, 723, 1062, 1060, 15, 6.59%, 0, 0, 3, 15.09
1747826516, 0, 723, 1063, 1061, 15, 6.59%, 0, 0, 3, 14.67
1747826526, 0, 724, 1063, 1061, 15, 6.59%, 0, 0, 3, 14.58
1747826536, 0, 725, 1063, 1061, 15, 6.59%, 0, 0, 3, 15.00
1747826541, 0, 726, 1063, 1061, 15, 6.59%, 0, 0, 3, 15.49
1747826552, 0, 727, 1063, 1061, 15, 6.59%, 0, 0, 3, 14.43
1747826562, 0, 728, 1063, 1061, 15, 6.59%, 0, 0, 3, 14.53
1747826572, 0, 729, 1063, 1061, 15, 6.59%, 0, 0, 3, 14.79
1747826577, 0, 730, 1063, 1061, 15, 6.59%, 0, 0, 3, 14.34
1747826588, 0, 731, 1063, 1061, 15, 6.59%, 0, 0, 3, 15.09
1747826598, 0, 732, 1063, 1061, 15, 6.59%, 0, 0, 3, 14.83
1747826603, 0, 733, 1063, 1061, 15, 6.59%, 0, 0, 3, 15.01
1747826613, 0, 734, 1063, 1061, 15, 6.59%, 0, 0, 3, 14.38
1747826624, 0, 736, 1064, 1062, 15, 6.59%, 0, 0, 3, 14.45
1747826639, 0, 737, 1064, 1062, 15, 6.59%, 0, 0, 3, 15.32
1747826649, 0, 738, 1064, 1062, 15, 6.59%, 0, 0, 3, 14.92
1747826654, 0, 741, 1064, 1062, 15, 6.59%, 0, 0, 3, 15.46
1747826664, 0, 742, 1064, 1062, 15, 6.59%, 0, 0, 3, 14.72
1747826675, 0, 743, 1064, 1062, 15, 6.59%, 0, 0, 3, 13.74
1747826685, 0, 744, 1064, 1062, 15, 6.59%, 0, 0, 3, 14.74
1747826690, 0, 746, 1064, 1062, 15, 6.59%, 0, 0, 3, 15.22
1747826700, 0, 747, 1064, 1062, 15, 6.59%, 0, 0, 3, 14.36
1747826711, 0, 748, 1064, 1062, 15, 6.59%, 0, 0, 3, 14.06
1747826716, 0, 748, 1065, 1063, 15, 6.59%, 0, 0, 3, 13.53
1747826731, 0, 749, 1065, 1063, 15, 6.59%, 0, 0, 3, 14.10
1747826736, 0, 750, 1065, 1063, 15, 6.59%, 0, 0, 3, 14.36
1747826747, 0, 751, 1065, 1063, 15, 6.59%, 0, 0, 3, 13.18
1747826757, 0, 753, 1065, 1063, 15, 6.59%, 0, 0, 3, 13.81
1747826767, 0, 755, 1065, 1063, 15, 6.59%, 0, 0, 3, 13.69
1747826778, 0, 756, 1065, 1063, 15, 6.59%, 0, 0, 3, 13.42
1747826788, 0, 758, 1065, 1063, 15, 6.59%, 0, 0, 3, 13.19
1747826793, 0, 759, 1065, 1063, 15, 6.59%, 0, 0, 3, 13.07
1747826803, 0, 760, 1065, 1063, 15, 6.59%, 0, 0, 3, 14.71
1747826814, 0, 761, 1065, 1063, 15, 6.59%, 0, 0, 3, 13.87
1747826824, 0, 762, 1065, 1063, 15, 6.59%, 0, 0, 3, 14.67
1747826829, 0, 763, 1065, 1063, 15, 6.59%, 0, 0, 3, 15.01
1747826839, 0, 764, 1065, 1063, 15, 6.59%, 0, 0, 3, 14.76
1747826850, 0, 766, 1065, 1063, 15, 6.59%, 0, 0, 3, 15.20
1747826855, 0, 767, 1065, 1063, 15, 6.59%, 0, 0, 3, 14.75
1747826865, 0, 768, 1065, 1063, 15, 6.59%, 0, 0, 3, 15.11
1747826876, 0, 769, 1065, 1063, 15, 6.59%, 0, 0, 3, 15.12
1747826881, 0, 770, 1065, 1063, 15, 6.59%, 0, 0, 3, 14.71
1747826891, 0, 771, 1065, 1063, 15, 6.59%, 0, 0, 3, 12.66
1747826896, 0, 771, 1066, 1064, 15, 6.59%, 0, 0, 3, 11.85
1747826912, 0, 773, 1066, 1064, 15, 6.59%, 0, 0, 3, 13.24
1747826922, 0, 774, 1066, 1064, 15, 6.59%, 0, 0, 3, 14.26
1747826932, 0, 776, 1066, 1064, 15, 6.59%, 0, 0, 3, 14.47
1747826942, 0, 777, 1066, 1064, 15, 6.59%, 0, 0, 3, 12.79
1747826947, 0, 777, 1067, 1065, 15, 6.59%, 0, 0, 3, 12.67
1747826963, 0, 778, 1067, 1065, 15, 6.59%, 0, 0, 3, 13.34
1747826968, 0, 778, 1068, 1066, 15, 6.59%, 0, 0, 3, 12.50
1747826973, 0, 778, 1070, 1068, 15, 6.59%, 0, 0, 3, 11.17
1747827044, 0, 779, 1070, 1068, 15, 6.59%, 0, 0, 3, 13.85
1747827049, 0, 780, 1070, 1068, 15, 6.59%, 0, 0, 3, 13.90
1747827059, 0, 781, 1070, 1068, 15, 6.59%, 0, 0, 3, 13.67
1747827070, 0, 782, 1070, 1068, 15, 6.59%, 0, 0, 3, 14.67
1747827080, 0, 784, 1070, 1068, 15, 6.59%, 0, 0, 3, 12.77
1747827090, 0, 786, 1070, 1068, 15, 6.59%, 0, 0, 3, 12.52
1747827100, 0, 787, 1070, 1068, 15, 6.59%, 0, 0, 3, 14.18
1747827111, 0, 788, 1070, 1068, 15, 6.59%, 0, 0, 3, 12.97
1747827116, 0, 790, 1070, 1068, 15, 6.59%, 0, 0, 3, 12.66
1747827126, 0, 791, 1070, 1068, 15, 6.59%, 0, 0, 3, 12.79
1747827136, 0, 792, 1070, 1068, 15, 6.59%, 0, 0, 3, 13.33
1747827147, 0, 793, 1070, 1068, 15, 6.59%, 0, 0, 3, 13.44
1747827157, 0, 794, 1070, 1068, 15, 6.59%, 0, 0, 3, 14.68
1747827167, 0, 795, 1070, 1068, 15, 6.59%, 0, 0, 3, 14.80
1747827172, 0, 796, 1070, 1068, 15, 6.59%, 0, 0, 3, 14.95
1747827182, 0, 797, 1070, 1068, 15, 6.59%, 0, 0, 3, 15.30
1747827193, 0, 798, 1070, 1068, 15, 6.59%, 0, 0, 3, 14.99
1747827198, 0, 801, 1070, 1068, 15, 6.59%, 0, 0, 3, 15.01
1747827208, 0, 802, 1070, 1068, 15, 6.59%, 0, 0, 3, 15.18
1747827218, 0, 803, 1070, 1068, 15, 6.59%, 0, 0, 3, 13.64
1747827223, 0, 804, 1070, 1068, 15, 6.59%, 0, 0, 3, 12.88
1747827234, 0, 806, 1070, 1068, 15, 6.59%, 0, 0, 3, 14.51
1747827244, 0, 807, 1070, 1068, 15, 6.59%, 0, 0, 3, 14.04
1747827254, 0, 808, 1070, 1068, 15, 6.59%, 0, 0, 3, 14.63
1747827259, 0, 809, 1070, 1068, 15, 6.59%, 0, 0, 3, 15.20
1747827270, 0, 810, 1070, 1068, 15, 6.59%, 0, 0, 3, 15.04
1747827280, 0, 812, 1070, 1068, 15, 6.59%, 0, 0, 3, 14.86
1747827285, 0, 814, 1070, 1068, 15, 6.59%, 0, 0, 3, 15.10
1747827295, 0, 815, 1070, 1068, 15, 6.59%, 0, 0, 3, 14.81
1747827306, 0, 816, 1070, 1068, 15, 6.59%, 0, 0, 3, 15.03
1747827311, 0, 817, 1070, 1068, 15, 6.59%, 0, 0, 3, 14.84
1747827321, 0, 818, 1070, 1068, 15, 6.59%, 0, 0, 3, 14.99
1747827326, 0, 819, 1070, 1068, 15, 6.59%, 0, 0, 3, 15.23
1747827337, 0, 820, 1070, 1068, 15, 6.59%, 0, 0, 3, 14.46
1747827347, 0, 821, 1070, 1068, 15, 6.59%, 0, 0, 3, 13.93
1747827357, 0, 822, 1070, 1068, 15, 6.59%, 0, 0, 3, 13.46
1747827367, 0, 823, 1070, 1068, 15, 6.59%, 0, 0, 3, 14.25
1747827372, 0, 824, 1070, 1068, 15, 6.59%, 0, 0, 3, 14.64
1747827382, 0, 826, 1070, 1068, 15, 6.59%, 0, 0, 3, 13.79
1747827393, 0, 827, 1070, 1068, 15, 6.59%, 0, 0, 3, 13.20
1747827403, 0, 829, 1070, 1068, 15, 6.59%, 0, 0, 3, 14.60
1747827413, 0, 830, 1070, 1068, 15, 6.59%, 0, 0, 3, 14.88
1747827418, 0, 831, 1070, 1068, 15, 6.59%, 0, 0, 3, 14.54
1747827428, 0, 832, 1070, 1068, 15, 6.59%, 0, 0, 3, 13.65
1747827439, 0, 833, 1070, 1068, 15, 6.59%, 0, 0, 3, 14.31
1747827449, 0, 834, 1070, 1068, 15, 6.59%, 0, 0, 3, 14.88
1747827454, 0, 837, 1070, 1068, 15, 6.59%, 0, 0, 3, 14.64
1747827464, 0, 838, 1070, 1068, 15, 6.59%, 0, 0, 3, 13.64
1747827474, 0, 840, 1070, 1068, 15, 6.59%, 0, 0, 3, 12.48
1747827484, 0, 841, 1070, 1068, 15, 6.59%, 0, 0, 3, 13.91
1747827495, 0, 842, 1070, 1068, 15, 6.59%, 0, 0, 3, 14.92
1747827500, 0, 844, 1070, 1068, 15, 6.59%, 0, 0, 3, 15.00
1747827510, 0, 845, 1070, 1068, 15, 6.59%, 0, 0, 3, 13.57
1747827520, 0, 847, 1070, 1068, 15, 6.59%, 0, 0, 3, 13.93
1747827531, 0, 848, 1070, 1068, 15, 6.59%, 0, 0, 3, 15.07
1747827536, 0, 849, 1070, 1068, 15, 6.59%, 0, 0, 3, 14.68
1747827546, 0, 850, 1070, 1068, 15, 6.59%, 0, 0, 3, 15.02
1747827556, 0, 851, 1070, 1068, 15, 6.59%, 0, 0, 3, 14.92
1747827561, 0, 852, 1070, 1068, 15, 6.59%, 0, 0, 3, 14.87
1747827571, 0, 853, 1070, 1068, 15, 6.59%, 0, 0, 3, 14.77
1747827582, 0, 854, 1070, 1068, 15, 6.59%, 0, 0, 3, 15.32
1747827587, 0, 854, 1071, 1069, 15, 6.59%, 0, 0, 3, 15.19
1747827597, 0, 855, 1071, 1069, 15, 6.59%, 0, 0, 3, 14.80
1747827607, 0, 857, 1071, 1069, 15, 6.59%, 0, 0, 3, 14.89
1747827612, 0, 858, 1071, 1069, 15, 6.59%, 0, 0, 3, 14.58
1747827623, 0, 859, 1071, 1069, 15, 6.59%, 0, 0, 3, 13.74
1747827633, 0, 860, 1071, 1069, 15, 6.59%, 0, 0, 3, 13.04
1747827638, 0, 860, 1072, 1070, 15, 6.59%, 0, 0, 3, 11.94
1747827653, 0, 861, 1072, 1070, 15, 6.59%, 0, 0, 3, 13.07
1747827664, 0, 863, 1072, 1070, 15, 6.59%, 0, 0, 3, 13.88
1747827674, 0, 865, 1072, 1070, 15, 6.59%, 0, 0, 3, 15.16
1747827684, 0, 866, 1072, 1070, 15, 6.59%, 0, 0, 3, 12.90
1747827689, 0, 867, 1072, 1070, 15, 6.59%, 0, 0, 3, 13.32
1747827700, 0, 868, 1072, 1070, 15, 6.59%, 0, 0, 3, 14.97
1747827710, 0, 869, 1072, 1070, 15, 6.59%, 0, 0, 3, 15.01
1747827715, 0, 870, 1072, 1070, 15, 6.59%, 0, 0, 3, 14.81
1747827725, 0, 871, 1072, 1070, 15, 6.59%, 0, 0, 3, 15.72
1747827736, 0, 872, 1072, 1070, 15, 6.59%, 0, 0, 3, 15.02
1747827741, 0, 874, 1072, 1070, 15, 6.59%, 0, 0, 3, 15.37
1747827751, 0, 875, 1072, 1070, 15, 6.59%, 0, 0, 3, 15.10
1747827761, 0, 879, 1072, 1070, 15, 6.59%, 0, 0, 3, 15.17
1747827766, 0, 880, 1072, 1070, 15, 6.59%, 0, 0, 3, 15.97
1747827776, 0, 881, 1072, 1070, 15, 6.59%, 0, 0, 3, 15.32
1747827781, 0, 882, 1072, 1070, 15, 6.59%, 0, 0, 3, 15.30
1747827792, 0, 883, 1072, 1070, 15, 6.59%, 0, 0, 3, 14.39
1747827802, 0, 884, 1072, 1070, 15, 6.59%, 0, 0, 3, 14.87
1747827812, 0, 885, 1072, 1070, 15, 6.59%, 0, 0, 3, 14.80
1747827817, 0, 886, 1072, 1070, 15, 6.59%, 0, 0, 3, 14.72
1747827828, 0, 887, 1072, 1070, 15, 6.59%, 0, 0, 3, 13.08
1747827838, 0, 891, 1072, 1070, 15, 6.59%, 0, 0, 3, 14.25
1747827848, 0, 892, 1072, 1070, 15, 6.59%, 0, 0, 3, 14.67
1747827853, 0, 894, 1072, 1070, 15, 6.59%, 0, 0, 3, 14.12
1747827863, 0, 895, 1072, 1070, 15, 6.59%, 0, 0, 3, 13.92
1747827873, 0, 896, 1072, 1070, 15, 6.59%, 0, 0, 3, 15.29
1747827884, 0, 897, 1072, 1070, 15, 6.59%, 0, 0, 3, 13.81
1747827894, 0, 898, 1072, 1070, 15, 6.59%, 0, 0, 3, 14.11
1747827899, 0, 900, 1072, 1070, 15, 6.59%, 0, 0, 3, 14.93
1747827910, 0, 901, 1072, 1070, 15, 6.59%, 0, 0, 3, 15.32
1747827920, 0, 903, 1072, 1070, 15, 6.59%, 0, 0, 3, 12.67
1747827930, 0, 904, 1072, 1070, 15, 6.59%, 0, 0, 3, 14.68
1747827935, 0, 905, 1072, 1070, 15, 6.59%, 0, 0, 3, 14.11
1747827945, 0, 906, 1072, 1070, 15, 6.59%, 0, 0, 3, 13.03
1747827955, 0, 907, 1072, 1070, 15, 6.59%, 0, 0, 3, 13.76
1747827966, 0, 908, 1072, 1070, 15, 6.59%, 0, 0, 3, 14.33
1747827976, 0, 909, 1072, 1070, 15, 6.59%, 0, 0, 3, 14.04
1747827981, 0, 910, 1072, 1070, 15, 6.59%, 0, 0, 3, 14.32
1747827986, 0, 910, 1073, 1071, 15, 6.59%, 0, 0, 3, 12.27
1747828002, 0, 911, 1073, 1071, 15, 6.59%, 0, 0, 3, 14.04
1747828012, 0, 913, 1073, 1071, 15, 6.59%, 0, 0, 3, 15.02
1747828022, 0, 915, 1074, 1072, 15, 6.59%, 0, 0, 3, 12.32
1747828042, 0, 916, 1074, 1072, 15, 6.59%, 0, 0, 3, 14.63
1747828047, 0, 917, 1074, 1072, 15, 6.59%, 0, 0, 3, 14.60
1747828058, 0, 918, 1074, 1072, 15, 6.59%, 0, 0, 3, 13.36
1747828068, 0, 919, 1074, 1072, 15, 6.59%, 0, 0, 3, 23.45
1747828073, 0, 920, 1074, 1072, 15, 6.59%, 0, 0, 3, 23.40
1747828078, 0, 921, 1074, 1072, 15, 6.59%, 0, 0, 3, 24.68
1747828083, 0, 922, 1074, 1072, 15, 6.59%, 0, 0, 3, 23.11
1747828088, 0, 923, 1074, 1072, 15, 6.59%, 0, 0, 3, 23.68
1747828093, 0, 924, 1074, 1072, 15, 6.59%, 0, 0, 3, 22.33
1747828098, 0, 925, 1074, 1072, 15, 6.59%, 0, 0, 3, 21.52
1747828103, 0, 927, 1074, 1072, 15, 6.59%, 0, 0, 3, 22.26
1747828109, 0, 928, 1074, 1072, 15, 6.59%, 0, 0, 3, 24.13
1747828114, 0, 930, 1074, 1072, 15, 6.59%, 0, 0, 3, 25.29
1747828119, 0, 931, 1074, 1072, 15, 6.59%, 0, 0, 3, 23.87
1747828124, 0, 933, 1074, 1072, 15, 6.59%, 0, 0, 3, 22.67
1747828129, 0, 934, 1074, 1072, 15, 6.59%, 0, 0, 3, 24.49
1747828134, 0, 935, 1074, 1072, 15, 6.59%, 0, 0, 3, 24.69
1747828144, 0, 936, 1074, 1072, 15, 6.59%, 0, 0, 3, 22.16
1747828149, 0, 937, 1074, 1072, 15, 6.59%, 0, 0, 3, 23.67
1747828154, 0, 938, 1074, 1072, 15, 6.59%, 0, 0, 3, 24.06
1747828159, 0, 939, 1074, 1072, 15, 6.59%, 0, 0, 3, 22.95
1747828164, 0, 941, 1074, 1072, 15, 6.59%, 0, 0, 3, 22.62
1747828169, 0, 942, 1074, 1072, 15, 6.59%, 0, 0, 3, 22.62
1747828174, 0, 943, 1074, 1072, 15, 6.59%, 0, 0, 3, 23.49
1747828180, 0, 944, 1074, 1072, 15, 6.59%, 0, 0, 3, 25.08
1747828185, 0, 945, 1074, 1072, 15, 6.59%, 0, 0, 3, 25.26
1747828190, 0, 946, 1074, 1072, 15, 6.59%, 0, 0, 3, 23.79
1747828195, 0, 948, 1074, 1072, 15, 6.59%, 0, 0, 3, 23.32
1747828200, 0, 948, 1075, 1073, 15, 6.59%, 0, 0, 3, 21.42
1747828210, 0, 949, 1075, 1073, 15, 6.59%, 0, 0, 3, 22.54
1747828216, 0, 950, 1075, 1073, 15, 6.59%, 0, 0, 3, 23.09
1747828221, 0, 951, 1075, 1073, 15, 6.59%, 0, 0, 3, 21.85
1747828226, 0, 952, 1075, 1073, 15, 6.59%, 0, 0, 3, 22.59
1747828231, 0, 953, 1075, 1073, 15, 6.59%, 0, 0, 3, 23.16
1747828236, 0, 954, 1075, 1073, 15, 6.59%, 0, 0, 3, 23.16
1747828241, 0, 955, 1075, 1073, 15, 6.59%, 0, 0, 3, 21.55
1747828252, 0, 956, 1075, 1073, 15, 6.59%, 0, 0, 3, 23.69
1747828257, 0, 957, 1075, 1073, 15, 6.59%, 0, 0, 3, 24.59
1747828262, 0, 958, 1075, 1073, 15, 6.59%, 0, 0, 3, 22.71
1747828267, 0, 960, 1075, 1073, 15, 6.59%, 0, 0, 3, 21.02
1747828272, 0, 961, 1075, 1073, 15, 6.59%, 0, 0, 3, 22.45
1747828277, 0, 962, 1075, 1073, 15, 6.59%, 0, 0, 3, 24.18
1747828282, 0, 963, 1075, 1073, 15, 6.59%, 0, 0, 3, 22.13
1747828287, 0, 965, 1075, 1073, 15, 6.59%, 0, 0, 3, 22.63
1747828292, 0, 966, 1075, 1073, 15, 6.59%, 0, 0, 3, 24.61
1747828297, 0, 967, 1075, 1073, 15, 6.59%, 0, 0, 3, 24.13
1747828302, 0, 968, 1075, 1073, 15, 6.59%, 0, 0, 3, 22.36
1747828307, 0, 969, 1075, 1073, 15, 6.59%, 0, 0, 3, 24.43
1747828317, 0, 971, 1075, 1073, 15, 6.59%, 0, 0, 3, 21.60
1747828323, 0, 972, 1075, 1073, 15, 6.59%, 0, 0, 3, 23.80
1747828328, 0, 973, 1075, 1073, 15, 6.59%, 0, 0, 3, 22.53
1747828333, 0, 974, 1075, 1073, 15, 6.59%, 0, 0, 3, 24.34
1747828338, 0, 976, 1076, 1074, 15, 6.59%, 0, 0, 3, 21.76
1747828348, 0, 977, 1076, 1074, 15, 6.59%, 0, 0, 3, 21.68
1747828353, 0, 979, 1076, 1074, 15, 6.59%, 0, 0, 3, 23.94
1747828358, 0, 980, 1076, 1074, 15, 6.59%, 0, 0, 3, 24.86
1747828363, 0, 981, 1076, 1074, 15, 6.59%, 0, 0, 3, 24.74
1747828374, 0, 982, 1076, 1074, 15, 6.59%, 0, 0, 3, 21.96
1747828379, 0, 984, 1076, 1074, 15, 6.59%, 0, 0, 3, 23.30
1747828384, 0, 985, 1076, 1074, 15, 6.59%, 0, 0, 3, 24.27
1747828389, 0, 986, 1076, 1074, 15, 6.59%, 0, 0, 3, 24.42
1747828394, 0, 987, 1076, 1074, 15, 6.59%, 0, 0, 3, 24.17
1747828399, 0, 989, 1076, 1074, 15, 6.59%, 0, 0, 3, 25.45
1747828404, 0, 990, 1076, 1074, 15, 6.59%, 0, 0, 3, 24.87
1747828409, 0, 991, 1077, 1075, 15, 6.59%, 0, 0, 3, 21.89
1747828420, 0, 995, 1077, 1075, 15, 6.59%, 0, 0, 3, 20.93
1747828425, 0, 998, 1077, 1075, 15, 6.59%, 0, 0, 3, 21.56
1747828430, 0, 999, 1077, 1075, 15, 6.59%, 0, 0, 3, 23.68
1747828440, 0, 1000, 1077, 1075, 15, 6.59%, 0, 0, 3, 24.43
1747828445, 0, 1001, 1077, 1075, 15, 6.59%, 0, 0, 3, 24.90
1747828450, 0, 1002, 1077, 1075, 15, 6.59%, 0, 0, 3, 24.76
1747828455, 0, 1003, 1077, 1075, 15, 6.59%, 0, 0, 3, 24.21
1747828460, 0, 1004, 1077, 1075, 15, 6.59%, 0, 0, 3, 24.00
1747828465, 0, 1005, 1077, 1075, 15, 6.59%, 0, 0, 3, 25.47
1747828470, 0, 1007, 1077, 1075, 15, 6.59%, 0, 0, 3, 23.25
1747828475, 0, 1008, 1077, 1075, 15, 6.59%, 0, 0, 3, 24.08
1747828480, 0, 1010, 1077, 1075, 15, 6.59%, 0, 0, 3, 22.80
1747828486, 0, 1011, 1077, 1075, 15, 6.59%, 0, 0, 3, 22.33
1747828491, 0, 1013, 1077, 1075, 15, 6.59%, 0, 0, 3, 23.45
1747828496, 0, 1014, 1077, 1075, 15, 6.59%, 0, 0, 3, 22.51
1747828501, 0, 1017, 1077, 1075, 15, 6.59%, 0, 0, 3, 22.01
1747828506, 0, 1019, 1077, 1075, 15, 6.59%, 0, 0, 3, 22.29
1747828511, 0, 1020, 1077, 1075, 15, 6.59%, 0, 0, 3, 24.21
1747828521, 0, 1021, 1077, 1075, 15, 6.59%, 0, 0, 3, 21.38
1747828527, 0, 1022, 1077, 1075, 15, 6.59%, 0, 0, 3, 23.24
1747828532, 0, 1023, 1078, 1076, 15, 6.59%, 0, 0, 3, 20.72
1747828542, 0, 1024, 1078, 1076, 15, 6.59%, 0, 0, 3, 21.52
1747828547, 0, 1024, 1079, 1077, 15, 6.59%, 0, 0, 3, 20.92
1747828557, 0, 1025, 1079, 1077, 15, 6.59%, 0, 0, 3, 23.48
1747828562, 0, 1027, 1079, 1077, 15, 6.59%, 0, 0, 3, 23.36
1747828568, 0, 1028, 1079, 1077, 15, 6.59%, 0, 0, 3, 24.41
1747828573, 0, 1029, 1079, 1077, 15, 6.59%, 0, 0, 3, 24.45
1747828578, 0, 1030, 1079, 1077, 15, 6.59%, 0, 0, 3, 24.69
1747828583, 0, 1032, 1079, 1077, 15, 6.59%, 0, 0, 3, 22.88
1747828588, 0, 1033, 1079, 1077, 15, 6.59%, 0, 0, 3, 23.64
1747828593, 0, 1034, 1079, 1077, 15, 6.59%, 0, 0, 3, 24.43
1747828598, 0, 1035, 1079, 1077, 15, 6.59%, 0, 0, 3, 22.43
1747828604, 0, 1036, 1079, 1077, 15, 6.59%, 0, 0, 3, 22.20
1747828609, 0, 1037, 1079, 1077, 15, 6.59%, 0, 0, 3, 21.28
1747828614, 0, 1037, 1080, 1078, 15, 6.59%, 0, 0, 3, 19.48
1747828619, 0, 1037, 1081, 1079, 15, 6.59%, 0, 0, 3, 20.29
1747828634, 0, 1038, 1081, 1079, 15, 6.59%, 0, 0, 3, 20.93
1747828640, 0, 1039, 1081, 1079, 15, 6.59%, 0, 0, 3, 24.33
1747828645, 0, 1040, 1081, 1079, 15, 6.59%, 0, 0, 3, 24.28
1747828650, 0, 1041, 1081, 1079, 15, 6.59%, 0, 0, 3, 23.94
1747828660, 0, 1042, 1081, 1079, 15, 6.59%, 0, 0, 3, 23.73
1747828665, 0, 1043, 1081, 1079, 15, 6.59%, 0, 0, 3, 22.73
1747828670, 0, 1044, 1081, 1079, 15, 6.59%, 0, 0, 3, 24.46
1747828675, 0, 1045, 1081, 1079, 15, 6.59%, 0, 0, 3, 24.62
1747828680, 0, 1046, 1081, 1079, 15, 6.59%, 0, 0, 3, 23.85
1747828686, 0, 1047, 1081, 1079, 15, 6.59%, 0, 0, 3, 22.76
1747828691, 0, 1048, 1082, 1080, 15, 6.59%, 0, 0, 3, 20.85
1747828701, 0, 1049, 1082, 1080, 15, 6.59%, 0, 0, 3, 21.02
1747828706, 0, 1049, 1083, 1081, 15, 6.59%, 0, 0, 3, 20.10
1747828716, 0, 1050, 1083, 1081, 15, 6.59%, 0, 0, 3, 21.79
1747828722, 0, 1051, 1083, 1081, 15, 6.59%, 0, 0, 3, 23.79
1747828727, 0, 1052, 1083, 1081, 15, 6.59%, 0, 0, 3, 23.56
1747828732, 0, 1053, 1083, 1081, 15, 6.59%, 0, 0, 3, 24.85
1747828737, 0, 1054, 1083, 1081, 15, 6.59%, 0, 0, 3, 24.49
1747828742, 0, 1055, 1083, 1081, 15, 6.59%, 0, 0, 3, 24.24
1747828747, 0, 1056, 1083, 1081, 15, 6.59%, 0, 0, 3, 24.87
1747828752, 0, 1059, 1083, 1081, 15, 6.59%, 0, 0, 3, 24.00
1747828757, 0, 1060, 1083, 1081, 15, 6.59%, 0, 0, 3, 22.70
1747828762, 0, 1061, 1083, 1081, 15, 6.59%, 0, 0, 3, 24.59
1747828772, 0, 1063, 1083, 1081, 15, 6.59%, 0, 0, 3, 24.48
1747828778, 0, 1065, 1083, 1081, 15, 6.59%, 0, 0, 3, 22.30
1747828783, 0, 1066, 1083, 1081, 15, 6.59%, 0, 0, 3, 20.33
1747828788, 0, 1067, 1083, 1081, 15, 6.59%, 0, 0, 3, 23.56
1747828793, 0, 1068, 1083, 1081, 15, 6.59%, 0, 0, 3, 24.79
1747828798, 0, 1070, 1083, 1081, 15, 6.59%, 0, 0, 3, 25.14
1747828803, 0, 1071, 1083, 1081, 15, 6.59%, 0, 0, 3, 25.17
1747828808, 0, 1072, 1083, 1081, 15, 6.59%, 0, 0, 3, 25.24
1747828814, 0, 1073, 1083, 1081, 15, 6.59%, 0, 0, 3, 25.48
1747828819, 0, 1074, 1083, 1081, 15, 6.59%, 0, 0, 3, 24.89
1747828824, 0, 1076, 1083, 1081, 15, 6.59%, 0, 0, 3, 25.20
1747828829, 0, 1077, 1083, 1081, 15, 6.59%, 0, 0, 3, 24.32
1747828834, 0, 1078, 1083, 1081, 15, 6.59%, 0, 0, 3, 25.19
1747828839, 0, 1079, 1083, 1081, 15, 6.59%, 0, 0, 3, 25.29
1747828844, 0, 1080, 1083, 1081, 15, 6.59%, 0, 0, 3, 25.42
1747828849, 0, 1082, 1083, 1081, 15, 6.59%, 0, 0, 3, 24.86
1747828854, 1, 0, 1084, 1082, 15, 6.59%, 0, 0, 3, 23.35
1747828865, 1, 1, 1084, 1082, 15, 6.59%, 0, 0, 3, 22.39
1747828870, 1, 2, 1084, 1082, 15, 6.59%, 0, 0, 3, 23.52
1747828880, 1, 4, 1084, 1082, 15, 6.59%, 0, 0, 3, 24.52
1747828885, 1, 5, 1085, 1083, 15, 6.60%, 0, 0, 3, 24.02
1747828895, 1, 6, 1085, 1083, 15, 6.60%, 0, 0, 3, 21.32
1747828900, 1, 7, 1085, 1083, 15, 6.60%, 0, 0, 3, 21.43
1747828906, 1, 7, 1086, 1084, 15, 6.60%, 0, 0, 3, 20.08
1747828911, 1, 8, 1086, 1084, 15, 6.60%, 0, 0, 3, 20.90
1747828916, 1, 8, 1087, 1085, 15, 6.61%, 0, 0, 3, 24.04
1747828926, 1, 9, 1089, 1087, 16, 6.61%, 0, 0, 3, 24.28
1747828946, 1, 10, 1089, 1087, 16, 6.61%, 0, 0, 3, 24.25
1747828951, 1, 12, 1089, 1087, 16, 6.61%, 0, 0, 3, 24.50
1747828956, 1, 13, 1089, 1087, 16, 6.61%, 0, 0, 3, 24.29
1747828961, 1, 14, 1089, 1087, 16, 6.61%, 0, 0, 3, 24.51
1747828966, 1, 15, 1089, 1087, 16, 6.61%, 0, 0, 3, 24.60
1747828971, 1, 15, 1090, 1088, 16, 6.61%, 0, 0, 3, 17.26
1747828982, 1, 16, 1090, 1088, 16, 6.61%, 0, 0, 3, 14.61
1747828987, 1, 16, 1092, 1090, 16, 6.61%, 0, 0, 3, 13.92
1747828992, 1, 16, 1093, 1091, 16, 6.61%, 0, 0, 3, 14.13
1747829033, 1, 16, 1094, 1092, 16, 6.61%, 0, 0, 3, 14.28
1747829048, 1, 16, 1095, 1093, 16, 6.61%, 0, 0, 3, 14.84
1747829074, 1, 16, 1096, 1094, 16, 6.61%, 0, 0, 3, 15.10
1747829264, 1, 17, 1096, 1094, 16, 6.61%, 0, 0, 3, 15.15
1747829270, 1, 18, 1097, 1095, 16, 6.61%, 0, 0, 3, 14.50
1747829295, 1, 19, 1098, 1096, 16, 6.61%, 0, 0, 3, 12.71
1747829316, 1, 20, 1099, 1097, 16, 6.61%, 0, 0, 3, 12.78
1747829321, 1, 20, 1100, 1098, 16, 6.61%, 0, 0, 3, 12.16
1747829342, 1, 20, 1101, 1099, 16, 6.61%, 0, 0, 3, 11.20
1747829377, 1, 20, 1102, 1100, 16, 6.61%, 0, 0, 3, 12.84
1747829383, 1, 20, 1103, 1101, 16, 6.61%, 0, 0, 3, 11.98
1747829393, 1, 20, 1104, 1102, 16, 6.61%, 0, 0, 3, 12.72
1747829419, 1, 20, 1105, 1103, 16, 6.61%, 0, 0, 3, 11.89
1747829460, 1, 20, 1106, 1104, 16, 6.61%, 0, 0, 3, 12.21
1747829465, 1, 20, 1107, 1105, 16, 6.61%, 0, 0, 3, 11.63
1747829475, 1, 20, 1108, 1106, 16, 6.61%, 0, 0, 3, 11.65
1747829480, 1, 20, 1109, 1107, 16, 6.61%, 0, 0, 3, 11.52
1747829491, 1, 20, 1110, 1108, 16, 6.61%, 0, 0, 3, 12.52
1747829655, 1, 21, 1110, 1108, 16, 6.61%, 0, 0, 3, 12.38
1747829660, 1, 21, 1111, 1109, 16, 6.61%, 0, 0, 3, 11.44
1747829675, 1, 23, 1111, 1109, 16, 6.61%, 0, 0, 3, 14.21
1747829686, 1, 24, 1111, 1109, 16, 6.61%, 0, 0, 3, 14.78
1747829691, 1, 24, 1112, 1110, 16, 6.61%, 0, 0, 3, 14.78
1747829701, 1, 25, 1112, 1110, 16, 6.61%, 0, 0, 3, 14.52
1747829712, 1, 26, 1113, 1111, 16, 6.80%, 0, 0, 3, 11.76
1747829717, 1, 26, 1116, 1114, 16, 6.85%, 0, 0, 3, 8.80
1747829722, 1, 26, 1117, 1115, 16, 6.85%, 0, 0, 3, 10.66
1747829727, 1, 26, 1119, 1117, 16, 6.85%, 0, 0, 3, 10.18
1747829732, 1, 26, 1120, 1118, 16, 6.85%, 0, 0, 3, 9.35
1747829737, 1, 26, 1121, 1119, 16, 6.85%, 0, 0, 3, 10.24
1747829743, 1, 26, 1122, 1120, 16, 6.85%, 0, 0, 3, 10.86
1747829753, 1, 26, 1123, 1121, 16, 6.85%, 0, 0, 3, 12.41
1747829763, 1, 26, 1124, 1122, 16, 6.85%, 0, 0, 3, 11.92
1747829779, 1, 26, 1125, 1123, 16, 6.85%, 0, 0, 3, 11.01
1747829789, 1, 26, 1126, 1124, 16, 6.85%, 0, 0, 3, 11.68
1747829799, 1, 26, 1128, 1126, 16, 6.85%, 0, 0, 3, 10.57
1747829804, 1, 26, 1129, 1127, 16, 6.85%, 0, 0, 3, 11.27
1747829820, 1, 26, 1130, 1128, 16, 6.85%, 0, 0, 3, 11.12
1747829825, 1, 26, 1131, 1129, 16, 6.85%, 0, 0, 3, 10.31
1747829830, 1, 26, 1132, 1130, 16, 6.85%, 0, 0, 3, 10.57
1747829846, 1, 26, 1133, 1131, 16, 6.85%, 0, 0, 3, 12.16
1747829871, 1, 26, 1134, 1132, 16, 6.85%, 0, 0, 3, 11.86
1747829922, 1, 26, 1135, 1133, 16, 6.85%, 0, 0, 3, 11.65
1747830061, 1, 26, 1136, 1134, 16, 6.85%, 0, 0, 3, 12.12
1747830067, 1, 26, 1137, 1135, 16, 6.85%, 0, 0, 3, 11.14
1747830077, 1, 28, 1137, 1135, 18, 6.85%, 0, 0, 3, 11.75
1747830087, 1, 30, 1137, 1135, 18, 6.85%, 0, 0, 3, 12.42
1747830097, 1, 31, 1137, 1135, 18, 6.85%, 0, 0, 3, 13.44
1747830108, 1, 32, 1137, 1135, 18, 6.85%, 0, 0, 3, 12.97
1747830118, 1, 33, 1137, 1135, 18, 6.85%, 0, 0, 3, 14.01
1747830123, 1, 34, 1137, 1135, 18, 6.85%, 0, 0, 3, 14.79
1747830133, 1, 35, 1137, 1135, 18, 6.85%, 0, 0, 3, 14.85
1747830143, 1, 36, 1137, 1135, 18, 6.85%, 0, 0, 3, 15.14
1747830149, 1, 38, 1138, 1136, 18, 6.85%, 0, 0, 3, 14.49
1747830174, 1, 39, 1138, 1136, 18, 6.85%, 0, 0, 3, 13.69
1747830184, 1, 40, 1138, 1136, 18, 6.85%, 0, 0, 3, 14.74
1747830190, 1, 41, 1138, 1136, 18, 6.85%, 0, 0, 3, 13.63
1747830200, 1, 42, 1138, 1136, 18, 6.85%, 0, 0, 3, 13.15
1747830210, 1, 43, 1138, 1136, 18, 6.85%, 0, 0, 3, 14.22
1747830220, 1, 44, 1139, 1137, 18, 6.85%, 0, 0, 3, 12.00
1747830241, 1, 46, 1139, 1137, 18, 6.85%, 0, 0, 3, 11.98
1747830246, 1, 46, 1140, 1138, 18, 6.85%, 0, 0, 3, 11.00
1747830261, 1, 46, 1142, 1140, 18, 6.85%, 0, 0, 3, 9.28
1747830277, 1, 46, 1144, 1142, 18, 6.85%, 0, 0, 3, 11.33
1747830308, 1, 46, 1145, 1143, 18, 6.85%, 0, 0, 3, 12.03
1747830328, 1, 46, 1146, 1144, 18, 6.85%, 0, 0, 3, 11.46
1747830384, 1, 46, 1147, 1145, 18, 6.89%, 0, 0, 3, 11.80
1747830399, 1, 46, 1149, 1147, 18, 6.89%, 0, 0, 3, 10.37
1747830430, 1, 46, 1150, 1148, 18, 6.89%, 0, 0, 3, 11.71
1747830466, 1, 46, 1151, 1149, 18, 6.89%, 0, 0, 3, 11.29
1747830492, 1, 46, 1152, 1150, 18, 6.89%, 0, 0, 3, 11.03
1747830512, 1, 46, 1153, 1151, 18, 6.89%, 0, 0, 3, 9.88
1747830523, 1, 46, 1154, 1152, 18, 6.89%, 0, 0, 3, 10.70
1747830538, 1, 46, 1156, 1154, 18, 6.89%, 0, 0, 3, 10.31
1747830564, 1, 46, 1157, 1155, 18, 6.90%, 0, 0, 3, 11.33
1747830579, 1, 46, 1158, 1156, 18, 6.90%, 0, 0, 3, 11.28
1747830605, 1, 47, 1158, 1156, 18, 6.90%, 0, 0, 3, 12.83
1747830615, 1, 48, 1158, 1156, 18, 6.90%, 0, 0, 3, 13.89
1747830625, 1, 49, 1158, 1156, 18, 6.90%, 0, 0, 3, 13.24
1747830635, 1, 50, 1158, 1156, 18, 6.90%, 0, 0, 3, 14.26
1747830645, 1, 52, 1159, 1157, 18, 6.90%, 0, 0, 3, 14.25
1747830661, 1, 55, 1160, 1158, 18, 6.90%, 0, 0, 3, 12.14
1747830666, 1, 55, 1161, 1159, 18, 6.90%, 0, 0, 3, 10.97
1747830676, 1, 55, 1162, 1160, 18, 6.90%, 0, 0, 3, 10.40
1747830682, 1, 55, 1163, 1161, 18, 6.90%, 0, 0, 3, 10.39
1747830697, 1, 55, 1164, 1162, 18, 6.90%, 0, 0, 3, 10.71
1747830748, 1, 55, 1165, 1163, 18, 6.90%, 0, 0, 3, 10.59
1747830784, 1, 55, 1166, 1164, 18, 6.90%, 0, 0, 3, 12.41
1747830804, 1, 55, 1168, 1166, 18, 6.90%, 0, 0, 3, 10.24
1747830953, 1, 55, 1169, 1167, 18, 6.90%, 0, 0, 3, 11.32
1747831019, 1, 56, 1169, 1167, 18, 6.90%, 0, 0, 3, 13.77
1747831025, 1, 57, 1169, 1167, 18, 6.90%, 0, 0, 3, 14.43
1747831035, 1, 58, 1170, 1168, 18, 6.90%, 0, 0, 3, 13.02
1747831040, 1, 58, 1171, 1169, 18, 6.90%, 0, 0, 3, 11.42
1747831050, 1, 58, 1173, 1171, 18, 6.91%, 0, 0, 3, 9.85
1747831055, 1, 58, 1174, 1172, 18, 6.91%, 0, 0, 3, 10.05
1747831066, 1, 58, 1175, 1173, 18, 6.91%, 0, 0, 3, 11.09
1747831091, 1, 58, 1177, 1175, 18, 6.91%, 0, 0, 3, 9.84
1747831122, 1, 58, 1178, 1176, 18, 6.91%, 0, 0, 3, 11.89
1747831194, 1, 58, 1179, 1177, 18, 6.91%, 0, 0, 3, 11.94
1747831225, 1, 58, 1180, 1178, 18, 6.91%, 0, 0, 3, 11.71
1747831236, 1, 58, 1181, 1179, 18, 6.91%, 0, 0, 3, 11.85
1747831241, 1, 58, 1182, 1180, 18, 6.91%, 0, 0, 3, 10.84
1747831246, 1, 58, 1183, 1181, 18, 6.91%, 0, 0, 3, 11.39
1747831251, 1, 58, 1184, 1182, 18, 6.91%, 0, 0, 3, 10.83
1747831307, 1, 58, 1185, 1183, 18, 6.91%, 0, 0, 3, 11.78
1747831313, 1, 58, 1186, 1184, 18, 6.91%, 0, 0, 3, 10.69
1747831343, 1, 58, 1187, 1185, 18, 6.91%, 0, 0, 3, 11.35
1747831354, 1, 58, 1188, 1186, 18, 6.91%, 0, 0, 3, 10.83
1747831364, 1, 58, 1189, 1187, 18, 6.91%, 0, 0, 3, 10.75
1747831395, 1, 59, 1190, 1188, 20, 6.91%, 0, 0, 3, 18.08
1747831405, 1, 59, 1191, 1189, 20, 6.91%, 0, 0, 3, 18.86
1747831410, 1, 59, 1192, 1190, 20, 6.91%, 0, 0, 3, 18.43
1747831425, 1, 59, 1193, 1191, 20, 6.91%, 0, 0, 3, 12.16
1747831435, 1, 59, 1194, 1192, 20, 6.91%, 0, 0, 3, 11.07
1747831451, 1, 59, 1195, 1193, 20, 6.91%, 0, 0, 3, 11.34
1747831487, 1, 59, 1196, 1194, 20, 6.91%, 0, 0, 3, 11.25
1747831492, 1, 59, 1197, 1195, 20, 6.91%, 0, 0, 3, 10.85
1747831528, 1, 59, 1198, 1196, 20, 6.91%, 0, 0, 3, 10.86
1747831549, 1, 59, 1199, 1197, 20, 6.91%, 0, 0, 3, 11.31
1747831559, 1, 59, 1200, 1198, 20, 6.91%, 0, 0, 3, 11.01
1747831595, 1, 59, 1201, 1199, 20, 6.91%, 0, 0, 3, 11.00
1747831661, 1, 59, 1202, 1200, 20, 6.91%, 0, 0, 3, 11.65
1747831677, 1, 59, 1203, 1201, 20, 6.91%, 0, 0, 3, 10.76
1747831738, 1, 60, 1203, 1201, 17, 6.91%, 0, 0, 3, 12.78
1747831748, 1, 61, 1203, 1201, 17, 6.91%, 0, 0, 3, 13.58
1747831759, 1, 62, 1203, 1201, 17, 6.91%, 0, 0, 3, 11.88
1747831769, 1, 64, 1203, 1201, 17, 6.91%, 0, 0, 3, 12.38
1747831779, 1, 65, 1203, 1201, 17, 6.91%, 0, 0, 3, 14.44
1747831790, 1, 66, 1203, 1201, 17, 6.91%, 0, 0, 3, 14.95
1747831795, 1, 67, 1203, 1201, 17, 6.91%, 0, 0, 3, 14.02
1747831810, 1, 68, 1204, 1202, 17, 6.91%, 0, 0, 3, 11.93
1747831826, 1, 68, 1205, 1203, 17, 6.91%, 0, 0, 3, 11.51
1747831852, 1, 72, 1205, 1203, 17, 6.91%, 0, 0, 3, 13.37
1747831862, 1, 73, 1205, 1203, 17, 6.91%, 0, 0, 3, 14.41
1747831872, 1, 74, 1206, 1204, 17, 6.91%, 0, 0, 3, 12.67
1747831893, 1, 75, 1206, 1204, 17, 6.91%, 0, 0, 3, 13.51
1747831903, 1, 76, 1206, 1204, 17, 6.91%, 0, 0, 3, 14.88
1747831913, 1, 77, 1206, 1204, 17, 6.91%, 0, 0, 3, 14.14
1747831918, 1, 78, 1206, 1204, 17, 6.91%, 0, 0, 3, 14.13
1747831928, 1, 79, 1206, 1204, 17, 6.91%, 0, 0, 3, 13.56
1747831934, 1, 79, 1207, 1205, 17, 6.91%, 0, 0, 3, 11.81
1747831944, 1, 79, 1208, 1206, 17, 7.08%, 0, 0, 3, 10.72
1747831949, 1, 79, 1209, 1207, 17, 7.08%, 0, 0, 3, 10.34
1747831954, 1, 79, 1210, 1208, 17, 7.08%, 0, 0, 3, 10.31
1747831964, 1, 79, 1211, 1209, 17, 7.08%, 0, 0, 3, 10.93
1747831969, 1, 79, 1212, 1210, 17, 7.11%, 0, 0, 3, 9.57
1747832072, 1, 79, 1213, 1211, 17, 7.11%, 0, 0, 3, 9.92
1747832082, 1, 79, 1214, 1212, 17, 7.11%, 0, 0, 3, 10.89
1747832113, 1, 79, 1215, 1213, 17, 7.11%, 0, 0, 3, 10.56
1747832165, 1, 79, 1216, 1214, 17, 7.11%, 0, 0, 3, 10.99
1747832196, 1, 79, 1217, 1215, 17, 7.11%, 0, 0, 3, 11.49
1747832288, 1, 79, 1218, 1216, 17, 7.11%, 0, 0, 3, 10.70
1747832303, 1, 79, 1219, 1217, 17, 7.11%, 0, 0, 3, 10.74
1747832309, 1, 80, 1219, 1217, 19, 7.11%, 0, 0, 3, 11.64
1747832319, 1, 81, 1219, 1217, 19, 7.11%, 0, 0, 3, 12.01
1747832329, 1, 82, 1219, 1217, 19, 7.11%, 0, 0, 3, 12.17
1747832339, 1, 83, 1219, 1217, 19, 7.11%, 0, 0, 3, 13.91
1747832345, 1, 85, 1219, 1217, 19, 7.11%, 0, 0, 3, 14.53
1747832350, 1, 85, 1220, 1218, 19, 7.11%, 0, 0, 3, 10.03
1747832360, 1, 85, 1221, 1219, 19, 7.11%, 0, 0, 3, 11.00
1747832375, 1, 85, 1222, 1220, 19, 7.14%, 0, 0, 3, 11.04
1747832386, 1, 85, 1223, 1221, 19, 7.14%, 0, 0, 3, 11.74
1747832396, 1, 85, 1224, 1222, 19, 7.14%, 0, 0, 3, 10.35
1747832437, 1, 85, 1226, 1224, 19, 7.14%, 0, 0, 3, 11.50
1747832468, 1, 85, 1228, 1226, 19, 7.14%, 0, 0, 3, 9.70
1747832581, 1, 85, 1229, 1227, 19, 7.14%, 0, 0, 3, 11.65
1747832653, 1, 85, 1230, 1228, 19, 7.14%, 0, 0, 3, 10.89
1747832688, 1, 85, 1231, 1229, 19, 7.14%, 0, 0, 3, 16.55
1747832703, 1, 86, 1231, 1229, 20, 7.14%, 0, 0, 3, 20.13
1747832708, 1, 87, 1231, 1229, 20, 7.14%, 0, 0, 3, 22.67
1747832719, 1, 88, 1231, 1229, 20, 7.14%, 0, 0, 3, 18.65
1747832724, 1, 90, 1231, 1229, 20, 7.14%, 0, 0, 3, 20.33
1747832729, 1, 91, 1231, 1229, 20, 7.14%, 0, 0, 3, 21.57
1747832734, 1, 92, 1231, 1229, 20, 7.14%, 0, 0, 3, 24.11
1747832739, 1, 93, 1231, 1229, 20, 7.14%, 0, 0, 3, 24.88
1747832744, 1, 94, 1231, 1229, 20, 7.14%, 0, 0, 3, 23.22
1747832749, 1, 95, 1231, 1229, 20, 7.14%, 0, 0, 3, 20.81
1747832754, 1, 95, 1232, 1230, 20, 7.14%, 0, 0, 3, 19.65
1747832765, 1, 96, 1232, 1230, 20, 7.14%, 0, 0, 3, 18.45
1747832775, 1, 97, 1233, 1231, 20, 7.14%, 0, 0, 3, 16.70
1747832785, 1, 98, 1234, 1232, 20, 7.14%, 0, 0, 3, 18.05
1747832800, 1, 99, 1234, 1232, 20, 7.14%, 0, 0, 3, 17.13
1747832811, 1, 100, 1234, 1232, 20, 7.14%, 0, 0, 3, 12.86
1747832821, 1, 102, 1234, 1232, 20, 7.14%, 0, 0, 3, 11.26
1747832831, 1, 103, 1234, 1232, 20, 7.14%, 0, 0, 3, 11.85
1747832841, 1, 106, 1234, 1232, 20, 7.14%, 0, 0, 3, 13.00
1747832852, 1, 107, 1234, 1232, 20, 7.14%, 0, 0, 3, 12.48
1747832862, 1, 108, 1234, 1232, 20, 7.14%, 0, 0, 3, 12.65
1747832872, 1, 109, 1234, 1232, 20, 7.14%, 0, 0, 3, 12.64
1747832882, 1, 110, 1234, 1232, 20, 7.14%, 0, 0, 3, 12.99
1747832892, 1, 112, 1234, 1232, 20, 7.14%, 0, 0, 3, 14.35
1747832903, 1, 115, 1234, 1232, 20, 7.14%, 0, 0, 3, 12.29
1747832913, 1, 117, 1234, 1232, 20, 7.14%, 0, 0, 3, 13.18
1747832923, 1, 118, 1234, 1232, 20, 7.14%, 0, 0, 3, 11.17
1747832934, 1, 119, 1234, 1232, 20, 7.14%, 0, 0, 3, 10.21
1747832944, 1, 119, 1235, 1233, 20, 7.14%, 0, 0, 3, 11.30
1747832949, 1, 119, 1236, 1234, 20, 7.14%, 0, 0, 3, 15.11
1747832954, 1, 119, 1237, 1235, 20, 7.14%, 0, 0, 3, 16.59
1747832995, 1, 119, 1238, 1236, 20, 7.14%, 0, 0, 3, 19.55
1747833046, 1, 119, 1241, 1239, 20, 7.14%, 0, 0, 3, 17.89
1747833086, 1, 119, 1242, 1240, 20, 7.14%, 0, 0, 3, 17.43
1747833118, 1, 119, 1243, 1241, 20, 7.14%, 0, 0, 3, 18.35
1747833143, 1, 119, 1244, 1242, 20, 7.14%, 0, 0, 3, 16.40
1747833164, 1, 120, 1244, 1242, 19, 7.14%, 0, 0, 3, 19.49
1747833169, 1, 121, 1244, 1242, 19, 7.14%, 0, 0, 3, 17.50
1747833179, 1, 123, 1244, 1242, 19, 7.14%, 0, 0, 3, 19.61
1747833184, 1, 124, 1244, 1242, 19, 7.14%, 0, 0, 3, 18.94
1747833190, 1, 127, 1244, 1242, 19, 7.14%, 0, 0, 3, 18.20
1747833200, 1, 128, 1244, 1242, 19, 7.14%, 0, 0, 3, 21.75
1747833205, 1, 129, 1244, 1242, 19, 7.14%, 0, 0, 3, 21.56
1747833210, 1, 130, 1244, 1242, 19, 7.14%, 0, 0, 3, 19.83
1747833220, 1, 131, 1244, 1242, 19, 7.14%, 0, 0, 3, 22.75
1747833225, 1, 133, 1244, 1242, 19, 7.14%, 0, 0, 3, 23.46
1747833231, 1, 134, 1244, 1242, 19, 7.14%, 0, 0, 3, 20.38
1747833236, 1, 135, 1244, 1242, 19, 7.14%, 0, 0, 3, 19.69
1747833241, 1, 137, 1244, 1242, 19, 7.14%, 0, 0, 3, 18.99
1747833251, 1, 138, 1244, 1242, 19, 7.14%, 0, 0, 3, 16.98
1747833256, 1, 139, 1244, 1242, 19, 7.14%, 0, 0, 3, 17.82
1747833261, 1, 140, 1244, 1242, 19, 7.14%, 0, 0, 3, 19.21
1747833272, 1, 141, 1244, 1242, 19, 7.14%, 0, 0, 3, 21.36
1747833277, 1, 142, 1244, 1242, 19, 7.14%, 0, 0, 3, 20.26
1747833282, 1, 143, 1244, 1242, 19, 7.14%, 0, 0, 3, 22.68
1747833287, 1, 144, 1244, 1242, 19, 7.14%, 0, 0, 3, 21.82
1747833292, 1, 145, 1244, 1242, 19, 7.14%, 0, 0, 3, 21.35
1747833297, 1, 146, 1244, 1242, 19, 7.14%, 0, 0, 3, 22.37
1747833307, 1, 148, 1244, 1242, 19, 7.14%, 0, 0, 3, 23.27
1747833312, 1, 150, 1244, 1242, 19, 7.14%, 0, 0, 3, 19.35
1747833317, 1, 151, 1244, 1242, 19, 7.14%, 0, 0, 3, 19.38
1747833323, 1, 153, 1244, 1242, 19, 7.14%, 0, 0, 3, 21.70
1747833328, 1, 154, 1244, 1242, 19, 7.14%, 0, 0, 3, 22.10
1747833338, 1, 155, 1244, 1242, 19, 7.14%, 0, 0, 3, 19.46
1747833343, 1, 155, 1245, 1243, 19, 7.14%, 0, 0, 3, 17.35
1747833348, 1, 156, 1245, 1243, 19, 7.14%, 0, 0, 3, 19.45
1747833359, 1, 157, 1245, 1243, 19, 7.14%, 0, 0, 3, 18.58
1747833364, 1, 159, 1245, 1243, 19, 7.14%, 0, 0, 3, 18.93
1747833369, 1, 160, 1246, 1244, 19, 7.14%, 0, 0, 3, 19.15
1747833384, 1, 162, 1246, 1244, 19, 7.14%, 0, 0, 3, 18.42
1747833395, 1, 163, 1246, 1244, 19, 7.14%, 0, 0, 3, 20.43
1747833400, 1, 164, 1246, 1244, 19, 7.14%, 0, 0, 3, 22.28
1747833405, 1, 165, 1246, 1244, 19, 7.14%, 0, 0, 3, 23.93
1747833410, 1, 166, 1247, 1245, 19, 7.14%, 0, 0, 3, 19.07
1747833420, 1, 166, 1248, 1246, 19, 7.15%, 0, 0, 3, 14.01
1747833425, 1, 166, 1249, 1247, 19, 7.15%, 0, 0, 3, 11.08
1747833502, 1, 169, 1249, 1247, 20, 7.15%, 0, 0, 3, 10.37
1747833513, 1, 170, 1249, 1247, 20, 7.15%, 0, 0, 3, 11.11
1747833518, 1, 170, 1250, 1248, 20, 7.15%, 0, 0, 3, 10.18
1747833528, 1, 170, 1251, 1249, 20, 7.15%, 0, 0, 3, 11.19
1747833538, 1, 170, 1252, 1250, 20, 7.15%, 0, 0, 3, 9.55
1747833605, 1, 170, 1253, 1251, 20, 7.15%, 0, 0, 3, 12.15
1747833702, 1, 171, 1253, 1251, 20, 7.15%, 0, 0, 3, 10.59
1747833718, 1, 172, 1253, 1251, 20, 7.15%, 0, 0, 3, 13.56
1747833723, 1, 173, 1253, 1251, 20, 7.15%, 0, 0, 3, 13.58
1747833734, 1, 174, 1253, 1251, 20, 7.15%, 0, 0, 3, 12.84
1747833744, 1, 175, 1253, 1251, 20, 7.15%, 0, 0, 3, 12.69
1747833754, 1, 176, 1253, 1251, 20, 7.15%, 0, 0, 3, 12.51
1747833764, 1, 177, 1253, 1251, 20, 7.15%, 0, 0, 3, 14.01
1747833775, 1, 178, 1253, 1251, 20, 7.15%, 0, 0, 3, 10.94
1747833790, 1, 179, 1253, 1251, 20, 7.15%, 0, 0, 3, 11.96
1747833800, 1, 180, 1253, 1251, 20, 7.15%, 0, 0, 3, 11.28
1747833811, 1, 181, 1253, 1251, 20, 7.15%, 0, 0, 3, 13.18
1747833821, 1, 183, 1253, 1251, 20, 7.15%, 0, 0, 3, 14.70
1747833826, 1, 184, 1253, 1251, 20, 7.15%, 0, 0, 3, 14.28
1747833836, 1, 185, 1253, 1251, 20, 7.15%, 0, 0, 3, 13.35
1747833846, 1, 185, 1254, 1252, 20, 7.15%, 0, 0, 3, 13.84
1747833857, 1, 187, 1254, 1252, 20, 7.15%, 0, 0, 3, 12.46
1747833867, 1, 188, 1254, 1252, 20, 7.15%, 0, 0, 3, 13.16
1747833872, 1, 188, 1255, 1253, 20, 7.15%, 0, 0, 3, 14.01
1747833887, 1, 189, 1255, 1253, 20, 7.15%, 0, 0, 3, 12.17
1747833898, 1, 193, 1255, 1253, 20, 7.15%, 0, 0, 3, 11.07
1747833903, 1, 193, 1256, 1254, 20, 7.15%, 0, 0, 3, 10.37
1747833918, 1, 195, 1256, 1254, 20, 7.15%, 0, 0, 3, 12.54
1747833928, 1, 196, 1256, 1254, 20, 7.15%, 0, 0, 3, 11.60
1747833944, 1, 199, 1256, 1254, 20, 7.15%, 0, 0, 3, 12.54
1747833954, 1, 200, 1256, 1254, 20, 7.15%, 0, 0, 3, 12.25
1747833964, 1, 202, 1256, 1254, 20, 7.15%, 0, 0, 3, 12.76
1747833975, 1, 204, 1256, 1254, 20, 7.15%, 0, 0, 3, 12.56
1747833985, 1, 207, 1256, 1254, 20, 7.15%, 0, 0, 3, 11.41
1747833990, 1, 207, 1257, 1255, 20, 7.15%, 0, 0, 3, 10.77
1747834010, 1, 208, 1257, 1255, 20, 7.15%, 0, 0, 3, 10.86
1747834021, 1, 209, 1257, 1255, 20, 7.15%, 0, 0, 3, 10.74
1747834031, 1, 211, 1257, 1255, 20, 7.15%, 0, 0, 3, 11.73
1747834046, 1, 212, 1257, 1255, 20, 7.15%, 0, 0, 3, 10.96
1747834057, 1, 213, 1257, 1255, 20, 7.15%, 0, 0, 3, 11.84
1747834067, 1, 214, 1257, 1255, 20, 7.15%, 0, 0, 3, 11.45
1747834077, 1, 215, 1257, 1255, 20, 7.15%, 0, 0, 3, 11.69
1747834093, 1, 216, 1258, 1256, 20, 7.15%, 0, 0, 3, 9.58
1747834113, 1, 217, 1258, 1256, 20, 7.15%, 0, 0, 3, 12.50
1747834129, 1, 219, 1258, 1256, 20, 7.15%, 0, 0, 3, 13.54
1747834134, 1, 220, 1258, 1256, 20, 7.15%, 0, 0, 3, 13.50
1747834149, 1, 221, 1258, 1256, 20, 7.15%, 0, 0, 3, 13.51
1747834154, 1, 224, 1258, 1256, 20, 7.15%, 0, 0, 3, 13.98
1747834164, 1, 225, 1258, 1256, 20, 7.15%, 0, 0, 3, 12.62
1747834175, 1, 226, 1258, 1256, 20, 7.15%, 0, 0, 3, 13.03
1747834190, 1, 227, 1258, 1256, 20, 7.15%, 0, 0, 3, 13.58
1747834195, 1, 229, 1258, 1256, 20, 7.15%, 0, 0, 3, 14.30
1747834205, 1, 231, 1258, 1256, 20, 7.15%, 0, 0, 3, 14.85
1747834215, 1, 232, 1258, 1256, 20, 7.15%, 0, 0, 3, 11.93
1747834226, 1, 232, 1259, 1257, 20, 7.42%, 0, 0, 3, 10.08
1747834231, 1, 232, 1260, 1258, 20, 7.42%, 0, 0, 3, 9.73
1747834241, 1, 232, 1261, 1259, 20, 7.42%, 0, 0, 3, 9.05
1747834277, 1, 232, 1262, 1260, 20, 7.42%, 0, 0, 3, 9.51
1747834293, 1, 232, 1263, 1261, 20, 7.42%, 0, 0, 3, 10.12
1747834298, 1, 232, 1264, 1262, 20, 7.42%, 0, 0, 3, 9.39
1747834303, 1, 232, 1265, 1263, 20, 7.43%, 0, 0, 3, 9.82
1747834313, 1, 232, 1266, 1264, 20, 7.43%, 0, 0, 3, 11.30
1747834324, 1, 232, 1267, 1265, 20, 7.43%, 0, 0, 3, 11.22
1747834334, 1, 232, 1268, 1266, 20, 7.43%, 0, 0, 3, 10.69
1747834360, 1, 232, 1269, 1267, 20, 7.66%, 0, 0, 3, 11.11
1747834370, 1, 232, 1270, 1268, 20, 7.66%, 0, 0, 3, 10.45
1747834385, 1, 232, 1271, 1269, 20, 7.66%, 0, 0, 3, 16.85
1747834390, 1, 232, 1272, 1270, 20, 7.66%, 0, 0, 3, 16.50
1747834411, 1, 232, 1273, 1271, 20, 7.66%, 0, 0, 3, 15.56
1747834426, 1, 232, 1274, 1272, 20, 7.66%, 0, 0, 3, 18.54
1747834467, 1, 232, 1275, 1273, 20, 7.70%, 0, 0, 3, 16.42
1747834478, 1, 232, 1276, 1274, 20, 7.70%, 0, 0, 3, 17.18
1747834488, 1, 232, 1277, 1275, 20, 7.70%, 0, 0, 3, 17.46
1747834498, 1, 232, 1278, 1276, 20, 7.70%, 0, 0, 3, 14.13
1747834539, 1, 233, 1279, 1277, 21, 7.70%, 0, 0, 3, 8.91
1747834544, 1, 233, 1280, 1278, 21, 7.70%, 0, 0, 3, 9.34
1747834549, 1, 233, 1281, 1279, 21, 7.70%, 0, 0, 3, 8.02
1747834554, 1, 233, 1282, 1280, 21, 7.72%, 0, 0, 3, 8.01
1747834559, 1, 233, 1283, 1281, 21, 7.72%, 0, 0, 3, 8.57
1747834569, 1, 233, 1284, 1282, 21, 7.72%, 0, 0, 3, 10.39
1747834580, 1, 233, 1285, 1283, 21, 7.72%, 0, 0, 3, 8.77
1747834590, 1, 233, 1287, 1285, 21, 7.72%, 0, 0, 3, 6.85
1747834621, 1, 233, 1288, 1286, 21, 7.72%, 0, 0, 3, 8.69
1747834631, 1, 233, 1289, 1287, 21, 7.72%, 0, 0, 3, 8.44
1747834636, 1, 233, 1290, 1288, 21, 7.72%, 0, 0, 3, 9.25
1747834641, 1, 233, 1291, 1289, 21, 7.72%, 0, 0, 3, 8.84
1747834672, 1, 233, 1292, 1290, 21, 7.72%, 0, 0, 3, 9.82
1747834703, 1, 233, 1293, 1291, 21, 7.72%, 0, 0, 3, 9.09
1747834713, 1, 233, 1294, 1292, 21, 7.72%, 0, 0, 3, 9.14
1747834785, 1, 233, 1295, 1293, 21, 7.72%, 0, 0, 3, 9.12
1747834842, 1, 233, 1296, 1294, 21, 7.72%, 0, 0, 3, 8.77
1747834852, 1, 233, 1297, 1295, 21, 7.73%, 0, 0, 3, 8.67
1747834904, 1, 233, 1298, 1296, 21, 7.73%, 0, 0, 3, 9.14
1747834950, 1, 235, 1298, 1296, 20, 7.73%, 0, 0, 3, 12.48
1747834960, 1, 239, 1299, 1297, 20, 7.73%, 0, 0, 3, 13.54
1747834975, 1, 240, 1299, 1297, 20, 7.73%, 0, 0, 3, 14.33
1747834991, 1, 242, 1299, 1297, 20, 7.73%, 0, 0, 3, 11.32
1747834996, 1, 242, 1300, 1298, 20, 7.73%, 0, 0, 3, 9.54
1747835001, 1, 242, 1301, 1299, 20, 7.74%, 0, 0, 3, 8.99
1747835006, 1, 242, 1302, 1300, 20, 7.74%, 0, 0, 3, 7.23
1747835012, 1, 242, 1303, 1301, 20, 7.74%, 0, 0, 3, 8.33
1747835017, 1, 242, 1304, 1302, 20, 7.74%, 0, 0, 3, 7.99
1747835037, 1, 242, 1305, 1303, 20, 7.74%, 0, 0, 3, 8.45
1747835058, 1, 242, 1306, 1304, 20, 7.74%, 0, 0, 3, 9.88
1747835134, 1, 242, 1307, 1305, 20, 7.74%, 0, 0, 3, 9.85
1747835145, 1, 242, 1308, 1306, 20, 7.74%, 0, 0, 3, 9.29
1747835150, 1, 242, 1310, 1308, 20, 7.74%, 0, 0, 3, 7.71
1747835180, 1, 242, 1312, 1310, 20, 7.74%, 0, 0, 3, 10.13
1747835185, 1, 242, 1313, 1311, 20, 7.74%, 0, 0, 3, 7.62
1747835226, 1, 242, 1314, 1312, 20, 7.75%, 0, 0, 3, 10.51
1747835273, 1, 242, 1315, 1313, 20, 7.75%, 0, 0, 3, 8.43
1747835339, 1, 242, 1316, 1314, 20, 7.75%, 0, 0, 3, 9.43
1747835360, 1, 242, 1317, 1315, 20, 7.75%, 0, 0, 3, 8.80
1747835391, 1, 242, 1318, 1316, 20, 7.75%, 0, 0, 3, 8.02
1747835407, 1, 243, 1318, 1316, 21, 7.75%, 0, 0, 3, 11.64
1747835417, 1, 244, 1318, 1316, 21, 7.75%, 0, 0, 3, 11.01
1747835427, 1, 245, 1318, 1316, 21, 7.75%, 0, 0, 3, 9.43
1747835442, 1, 246, 1318, 1316, 21, 7.75%, 0, 0, 3, 13.30
1747835447, 1, 247, 1318, 1316, 21, 7.75%, 0, 0, 3, 14.19
1747835458, 1, 248, 1318, 1316, 21, 7.75%, 0, 0, 3, 13.38
1747835468, 1, 249, 1318, 1316, 21, 7.75%, 0, 0, 3, 11.96
1747835478, 1, 250, 1318, 1316, 21, 7.75%, 0, 0, 3, 13.62
1747835488, 1, 251, 1318, 1316, 21, 7.75%, 0, 0, 3, 11.50
1747835504, 1, 252, 1318, 1316, 21, 7.75%, 0, 0, 3, 10.66
1747835514, 1, 253, 1318, 1316, 21, 7.75%, 0, 0, 3, 11.77
1747835524, 1, 254, 1318, 1316, 21, 7.75%, 0, 0, 3, 10.43
1747835535, 1, 257, 1318, 1316, 21, 7.75%, 0, 0, 3, 11.39
1747835550, 1, 259, 1318, 1316, 21, 7.75%, 0, 0, 3, 10.47
1747835555, 1, 259, 1319, 1317, 21, 7.75%, 0, 0, 3, 8.61
1747835561, 1, 259, 1320, 1318, 21, 7.75%, 0, 0, 3, 8.68
1747835602, 1, 262, 1320, 1318, 21, 7.75%, 0, 0, 3, 12.14
1747835612, 1, 263, 1320, 1318, 21, 7.75%, 0, 0, 3, 12.51
1747835617, 1, 263, 1321, 1319, 21, 7.75%, 0, 0, 3, 9.10
1747835638, 1, 264, 1321, 1319, 21, 7.75%, 0, 0, 3, 10.59
1747835648, 1, 265, 1321, 1319, 21, 7.75%, 0, 0, 3, 11.38
1747835653, 1, 265, 1322, 1320, 21, 7.75%, 0, 0, 3, 9.91
1747835658, 1, 265, 1323, 1321, 21, 7.75%, 0, 0, 3, 7.70
1747835663, 1, 265, 1324, 1322, 21, 7.75%, 0, 0, 3, 7.57
1747835668, 1, 265, 1325, 1323, 21, 7.76%, 0, 0, 3, 6.67
1747835679, 1, 265, 1326, 1324, 21, 7.76%, 0, 0, 3, 10.11
1747835699, 1, 265, 1328, 1326, 21, 7.76%, 0, 0, 3, 7.93
1747835709, 1, 265, 1329, 1327, 21, 7.76%, 0, 0, 3, 9.62
1747835720, 1, 265, 1330, 1328, 21, 7.76%, 0, 0, 3, 8.31
1747835755, 1, 265, 1331, 1329, 21, 7.76%, 0, 0, 3, 7.22
1747835760, 1, 265, 1332, 1330, 21, 7.76%, 0, 0, 3, 7.68
1747835776, 1, 265, 1333, 1331, 21, 7.76%, 0, 0, 3, 9.36
1747835781, 1, 265, 1334, 1332, 21, 7.76%, 0, 0, 3, 7.05
1747835832, 1, 265, 1335, 1333, 21, 7.76%, 0, 0, 3, 8.06
1747835889, 1, 265, 1336, 1334, 21, 7.76%, 0, 0, 3, 9.37
1747835981, 1, 265, 1337, 1335, 21, 7.76%, 0, 0, 3, 7.82
1747835997, 1, 265, 1338, 1336, 21, 7.76%, 0, 0, 3, 7.73
1747836012, 1, 265, 1339, 1337, 21, 7.78%, 0, 0, 3, 9.26
1747836018, 1, 265, 1340, 1338, 21, 7.78%, 0, 0, 3, 9.15
1747836028, 1, 265, 1341, 1339, 21, 7.78%, 0, 0, 3, 8.90
1747836033, 1, 265, 1342, 1340, 21, 7.78%, 0, 0, 3, 8.58
1747836038, 1, 265, 1343, 1341, 21, 7.81%, 0, 0, 3, 7.92
1747836069, 1, 265, 1344, 1342, 21, 7.81%, 0, 0, 3, 8.67
1747836079, 1, 266, 1344, 1342, 21, 7.81%, 0, 0, 3, 11.83
1747836090, 1, 268, 1344, 1342, 21, 7.81%, 0, 0, 3, 11.74
1747836095, 1, 268, 1345, 1343, 21, 7.81%, 0, 0, 3, 11.19
1747836115, 1, 269, 1345, 1343, 21, 7.81%, 0, 0, 3, 13.81
1747836121, 1, 270, 1345, 1343, 21, 7.81%, 0, 0, 3, 14.14
1747836136, 1, 271, 1345, 1343, 21, 7.81%, 0, 0, 3, 13.97
1747836141, 1, 272, 1345, 1343, 21, 7.81%, 0, 0, 3, 13.26
1747836151, 1, 272, 1346, 1344, 21, 7.81%, 0, 0, 3, 8.90
1747836156, 1, 272, 1348, 1346, 21, 7.81%, 0, 0, 3, 7.63
1747836171, 1, 272, 1349, 1347, 21, 7.81%, 0, 0, 3, 11.05
1747836237, 1, 272, 1350, 1348, 21, 7.81%, 0, 0, 3, 9.93
1747836529, 1, 273, 1350, 1348, 21, 7.81%, 0, 0, 3, 10.48
1747836544, 1, 275, 1350, 1348, 21, 7.81%, 0, 0, 3, 9.87
1747836555, 1, 276, 1350, 1348, 21, 7.81%, 0, 0, 3, 11.41
1747836565, 1, 279, 1350, 1348, 21, 7.81%, 0, 0, 3, 10.67
1747836580, 1, 280, 1350, 1348, 21, 7.81%, 0, 0, 3, 13.44
1747836585, 1, 281, 1350, 1348, 21, 7.81%, 0, 0, 3, 13.87
1747836596, 1, 281, 1351, 1349, 21, 7.81%, 0, 0, 3, 9.09
1747836601, 1, 281, 1352, 1350, 21, 7.81%, 0, 0, 3, 8.79
1747836611, 1, 281, 1353, 1351, 21, 7.81%, 0, 0, 3, 10.86
1747836688, 1, 282, 1353, 1351, 22, 7.81%, 0, 0, 3, 11.74
1747836698, 1, 283, 1353, 1351, 22, 7.81%, 0, 0, 3, 12.72
1747836708, 1, 284, 1353, 1351, 22, 7.81%, 0, 0, 3, 10.75
1747836719, 1, 284, 1354, 1352, 22, 7.81%, 0, 0, 3, 8.98
1747836724, 1, 284, 1355, 1353, 22, 7.81%, 0, 0, 3, 7.21
1747836765, 1, 286, 1355, 1353, 22, 7.81%, 0, 0, 3, 14.55
1747836770, 1, 287, 1355, 1353, 22, 7.81%, 0, 0, 3, 12.74
1747836785, 1, 288, 1355, 1353, 22, 7.81%, 0, 0, 3, 10.91
1747836796, 1, 289, 1355, 1353, 22, 7.81%, 0, 0, 3, 10.53
1747836806, 1, 291, 1355, 1353, 22, 7.81%, 0, 0, 3, 12.94
1747836816, 1, 292, 1355, 1353, 22, 7.81%, 0, 0, 3, 14.36
1747836826, 1, 293, 1355, 1353, 22, 7.81%, 0, 0, 3, 12.64
1747836836, 1, 293, 1356, 1354, 22, 7.81%, 0, 0, 3, 10.07
1747836842, 1, 293, 1357, 1355, 22, 7.81%, 0, 0, 3, 8.73
1747836878, 1, 294, 1357, 1355, 22, 7.81%, 0, 0, 3, 11.00
1747836888, 1, 295, 1357, 1355, 22, 7.81%, 0, 0, 3, 13.02
1747836898, 1, 296, 1357, 1355, 22, 7.81%, 0, 0, 3, 14.57
1747836903, 1, 297, 1357, 1355, 22, 7.81%, 0, 0, 3, 14.59
1747836913, 1, 298, 1357, 1355, 22, 7.81%, 0, 0, 3, 14.46
1747836923, 1, 299, 1357, 1355, 22, 7.81%, 0, 0, 3, 14.52
1747836934, 1, 300, 1357, 1355, 22, 7.81%, 0, 0, 3, 11.81
1747836939, 1, 300, 1358, 1356, 22, 7.81%, 0, 0, 3, 10.72
1747836954, 1, 301, 1358, 1356, 22, 7.81%, 0, 0, 3, 11.71
1747836959, 1, 301, 1359, 1357, 22, 7.81%, 0, 0, 3, 9.63
1747836980, 1, 301, 1360, 1358, 22, 7.81%, 0, 0, 3, 8.97
1747836990, 1, 301, 1361, 1359, 22, 7.81%, 0, 0, 3, 10.68
1747837010, 1, 301, 1362, 1360, 22, 7.81%, 0, 0, 3, 9.98
1747837031, 1, 301, 1363, 1361, 22, 7.81%, 0, 0, 3, 9.60
1747837108, 1, 301, 1364, 1362, 22, 7.82%, 0, 0, 3, 10.24
1747837231, 1, 301, 1365, 1363, 22, 7.82%, 0, 0, 3, 8.90
1747837257, 1, 301, 1366, 1364, 22, 7.82%, 0, 0, 3, 7.95
1747837272, 1, 301, 1367, 1365, 22, 7.82%, 0, 0, 3, 9.43
1747837293, 1, 301, 1368, 1366, 22, 7.82%, 0, 0, 3, 9.54
1747837365, 1, 302, 1368, 1366, 24, 7.82%, 0, 0, 3, 12.63
1747837375, 1, 303, 1368, 1366, 24, 7.82%, 0, 0, 3, 14.44
1747837385, 1, 304, 1368, 1366, 24, 7.82%, 0, 0, 3, 13.66
1747837395, 1, 305, 1368, 1366, 24, 7.82%, 0, 0, 3, 12.34
1747837405, 1, 306, 1368, 1366, 24, 7.82%, 0, 0, 3, 14.40
1747837410, 1, 307, 1368, 1366, 24, 7.82%, 0, 0, 3, 13.58
1747837426, 1, 309, 1368, 1366, 24, 7.82%, 0, 0, 3, 13.74
1747837431, 1, 310, 1368, 1366, 24, 7.82%, 0, 0, 3, 14.71
1747837441, 1, 311, 1368, 1366, 24, 7.82%, 0, 0, 3, 12.41
1747837452, 1, 312, 1368, 1366, 24, 7.82%, 0, 0, 3, 10.89
1747837467, 1, 313, 1368, 1366, 24, 7.82%, 0, 0, 3, 13.92
1747837472, 1, 314, 1368, 1366, 24, 7.82%, 0, 0, 3, 12.98
1747837487, 1, 315, 1368, 1366, 24, 7.82%, 0, 0, 3, 11.13
1747837498, 1, 316, 1368, 1366, 24, 7.82%, 0, 0, 3, 12.25
1747837508, 1, 317, 1368, 1366, 24, 7.82%, 0, 0, 3, 11.59
1747837518, 1, 318, 1368, 1366, 24, 7.82%, 0, 0, 3, 10.30
1747837523, 1, 318, 1369, 1367, 24, 7.82%, 0, 0, 3, 7.89
1747837543, 1, 318, 1370, 1368, 24, 7.82%, 0, 0, 3, 8.73
1747837564, 1, 318, 1371, 1369, 24, 7.82%, 0, 0, 3, 8.68
1747837579, 1, 318, 1372, 1370, 24, 7.82%, 0, 0, 3, 8.48
1747837605, 1, 318, 1373, 1371, 24, 7.82%, 0, 0, 3, 7.95
1747837615, 1, 318, 1374, 1372, 24, 7.82%, 0, 0, 3, 10.03
1747837620, 1, 318, 1375, 1373, 24, 7.82%, 0, 0, 3, 7.19
1747837646, 1, 318, 1376, 1374, 24, 7.82%, 0, 0, 3, 10.88
1747837656, 1, 318, 1377, 1375, 24, 7.82%, 0, 0, 3, 9.11
1747837702, 1, 318, 1378, 1376, 24, 7.82%, 0, 0, 3, 8.50
1747837919, 1, 318, 1379, 1377, 24, 7.82%, 0, 0, 3, 8.09
1747837929, 1, 319, 1379, 1377, 24, 7.82%, 0, 0, 3, 10.61
1747837944, 1, 320, 1379, 1377, 24, 7.82%, 0, 0, 3, 10.83
1747837954, 1, 321, 1379, 1377, 24, 7.82%, 0, 0, 3, 10.84
1747837970, 1, 322, 1379, 1377, 24, 7.82%, 0, 0, 3, 10.97
1747837980, 1, 323, 1379, 1377, 24, 7.82%, 0, 0, 3, 11.02
1747837990, 1, 324, 1379, 1377, 24, 7.82%, 0, 0, 3, 12.47
1747838000, 1, 325, 1379, 1377, 24, 7.82%, 0, 0, 3, 10.79
1747838011, 1, 325, 1380, 1378, 24, 7.82%, 0, 0, 3, 9.27
1747838016, 1, 325, 1381, 1379, 24, 7.83%, 0, 0, 3, 9.52
1747838052, 1, 327, 1381, 1379, 24, 7.83%, 0, 0, 3, 12.18
1747838062, 1, 329, 1381, 1379, 24, 7.83%, 0, 0, 3, 11.40
1747838077, 1, 330, 1381, 1379, 24, 7.83%, 0, 0, 3, 11.25
1747838087, 1, 331, 1381, 1379, 24, 7.83%, 0, 0, 3, 24.70
1747838463, 1, 332, 1381, 1378, 23, 7.83%, 0, 0, 3, 29.05
1747838478, 1, 333, 1381, 1378, 23, 7.83%, 0, 0, 3, 12.93
1747838488, 1, 334, 1381, 1378, 23, 7.83%, 0, 0, 3, 12.71
1747838493, 1, 334, 1382, 1379, 23, 7.83%, 0, 0, 3, 8.96
1747838514, 1, 335, 1382, 1379, 23, 7.83%, 0, 0, 3, 10.29
1747838524, 1, 336, 1383, 1380, 23, 7.83%, 0, 0, 3, 9.93
1747838529, 1, 336, 1384, 1381, 23, 7.83%, 0, 0, 3, 9.92
1747838565, 1, 336, 1385, 1382, 23, 7.83%, 0, 0, 3, 10.00
1747838585, 1, 336, 1386, 1383, 23, 7.83%, 0, 0, 3, 12.82
1747838693, 1, 338, 1386, 1383, 23, 7.83%, 0, 0, 3, 13.18
1747838703, 1, 339, 1386, 1383, 23, 7.83%, 0, 0, 3, 14.22
1747838714, 1, 340, 1386, 1383, 23, 7.83%, 0, 0, 3, 12.08
1747838724, 1, 341, 1386, 1383, 23, 7.83%, 0, 0, 3, 12.34
1747838729, 1, 341, 1387, 1384, 23, 7.83%, 0, 0, 3, 8.87
1747838749, 1, 342, 1387, 1384, 23, 7.83%, 0, 0, 3, 10.47
1747838765, 1, 343, 1387, 1384, 23, 7.83%, 0, 0, 3, 13.62
1747838770, 1, 344, 1387, 1384, 23, 7.83%, 0, 0, 3, 14.63
1747838780, 1, 345, 1387, 1384, 23, 7.83%, 0, 0, 3, 14.42
1747838790, 1, 346, 1387, 1384, 23, 7.83%, 0, 0, 3, 12.68
1747838800, 1, 347, 1387, 1384, 23, 7.83%, 0, 0, 3, 9.95
1747838816, 1, 348, 1387, 1384, 23, 7.83%, 0, 0, 3, 8.68
1747838831, 1, 349, 1387, 1384, 23, 7.83%, 0, 0, 3, 10.62
1747838841, 1, 350, 1387, 1384, 23, 7.83%, 0, 0, 3, 11.16
1747838852, 1, 351, 1387, 1384, 23, 7.83%, 0, 0, 3, 11.41
1747838867, 1, 352, 1387, 1384, 23, 7.83%, 0, 0, 3, 11.22
1747838878, 1, 353, 1387, 1384, 23, 7.83%, 0, 0, 3, 10.75
1747838888, 1, 354, 1387, 1384, 23, 7.83%, 0, 0, 3, 10.25
1747838903, 1, 355, 1387, 1384, 23, 7.83%, 0, 0, 3, 10.08
1747838914, 1, 356, 1387, 1384, 23, 7.83%, 0, 0, 3, 11.97
1747838924, 1, 357, 1387, 1384, 23, 7.83%, 0, 0, 3, 10.08
1747838934, 1, 358, 1387, 1384, 23, 7.83%, 0, 0, 3, 11.25
1747838949, 1, 359, 1387, 1384, 23, 7.83%, 0, 0, 3, 10.11
1747838960, 1, 360, 1387, 1384, 23, 7.83%, 0, 0, 3, 11.16
1747838970, 1, 361, 1387, 1384, 23, 7.83%, 0, 0, 3, 12.41
1747838980, 1, 362, 1387, 1384, 23, 7.83%, 0, 0, 3, 10.58
1747838985, 1, 362, 1388, 1385, 23, 7.83%, 0, 0, 3, 10.22
1747839011, 1, 363, 1388, 1385, 23, 7.83%, 0, 0, 3, 13.19
1747839016, 1, 365, 1388, 1385, 23, 7.83%, 0, 0, 3, 12.97
1747839031, 1, 366, 1388, 1385, 23, 7.83%, 0, 0, 3, 10.38
1747839042, 1, 368, 1388, 1385, 23, 7.83%, 0, 0, 3, 11.41
1747839052, 1, 369, 1388, 1385, 23, 7.83%, 0, 0, 3, 12.86
1747839062, 1, 370, 1388, 1385, 23, 7.83%, 0, 0, 3, 12.18
1747839072, 1, 371, 1388, 1385, 23, 7.83%, 0, 0, 3, 12.35
1747839082, 1, 372, 1388, 1385, 23, 7.83%, 0, 0, 3, 13.45
1747839093, 1, 373, 1388, 1385, 23, 7.83%, 0, 0, 3, 12.04
1747839103, 1, 374, 1388, 1385, 23, 7.83%, 0, 0, 3, 11.54
1747839113, 1, 375, 1388, 1385, 23, 7.83%, 0, 0, 3, 10.96
1747839129, 1, 376, 1388, 1385, 23, 7.83%, 0, 0, 3, 14.24
1747839134, 1, 377, 1388, 1385, 23, 7.83%, 0, 0, 3, 13.07
1747839150, 1, 378, 1388, 1385, 23, 7.83%, 0, 0, 3, 11.16
1747839160, 1, 379, 1388, 1385, 23, 7.83%, 0, 0, 3, 10.50
1747839170, 1, 381, 1388, 1385, 23, 7.83%, 0, 0, 3, 11.44
1747839186, 1, 382, 1388, 1385, 23, 7.83%, 0, 0, 3, 10.09
1747839196, 1, 383, 1388, 1385, 23, 7.83%, 0, 0, 3, 10.85
1747839211, 1, 384, 1388, 1385, 23, 7.83%, 0, 0, 3, 11.04
1747839221, 1, 385, 1388, 1385, 23, 7.83%, 0, 0, 3, 10.79
1747839237, 1, 386, 1388, 1385, 23, 7.83%, 0, 0, 3, 11.22
1747839247, 1, 387, 1388, 1385, 23, 7.83%, 0, 0, 3, 10.30
1747839257, 1, 388, 1388, 1385, 23, 7.83%, 0, 0, 3, 10.39
1747839272, 1, 390, 1388, 1385, 23, 7.83%, 0, 0, 3, 10.55
1747839283, 1, 391, 1388, 1385, 23, 7.83%, 0, 0, 3, 13.29
1747839293, 1, 392, 1389, 1386, 23, 7.83%, 0, 0, 3, 9.62
1747839313, 1, 393, 1389, 1386, 23, 7.83%, 0, 0, 3, 12.02
1747839324, 1, 394, 1389, 1386, 23, 7.83%, 0, 0, 3, 12.71
1747839339, 1, 395, 1389, 1386, 23, 7.83%, 0, 0, 3, 12.86
1747839344, 1, 396, 1389, 1386, 23, 7.83%, 0, 0, 3, 12.84
1747839359, 1, 397, 1389, 1386, 23, 7.83%, 0, 0, 3, 10.02
1747839370, 1, 398, 1389, 1386, 23, 7.83%, 0, 0, 3, 12.29
1747839380, 1, 400, 1389, 1386, 23, 7.83%, 0, 0, 3, 11.97
1747839390, 1, 401, 1389, 1386, 23, 7.83%, 0, 0, 3, 11.32
1747839400, 1, 402, 1389, 1386, 23, 7.83%, 0, 0, 3, 14.78
1747839411, 1, 403, 1389, 1386, 23, 7.83%, 0, 0, 3, 14.96
1747839416, 1, 405, 1389, 1386, 23, 7.83%, 0, 0, 3, 14.65
1747839426, 1, 406, 1389, 1386, 23, 7.83%, 0, 0, 3, 14.88
1747839436, 1, 408, 1389, 1386, 23, 7.83%, 0, 0, 3, 14.57
1747839446, 1, 409, 1389, 1386, 23, 7.83%, 0, 0, 3, 14.78
1747839451, 1, 412, 1389, 1386, 23, 7.83%, 0, 0, 3, 14.34
1747839467, 1, 413, 1389, 1386, 23, 7.83%, 0, 0, 3, 12.08
1747839472, 1, 416, 1389, 1386, 23, 7.83%, 0, 0, 3, 12.89
1747839482, 1, 418, 1389, 1386, 23, 7.83%, 0, 0, 3, 14.76
1747839492, 1, 420, 1389, 1386, 23, 7.83%, 0, 0, 3, 14.39
1747839503, 1, 421, 1389, 1386, 23, 7.83%, 0, 0, 3, 9.69
1747839513, 1, 422, 1389, 1386, 23, 7.83%, 0, 0, 3, 11.89
1747839523, 1, 424, 1389, 1386, 23, 7.83%, 0, 0, 3, 14.66
1747839533, 1, 425, 1389, 1386, 23, 7.83%, 0, 0, 3, 14.07
1747839539, 1, 426, 1389, 1386, 23, 7.83%, 0, 0, 3, 14.05
1747839554, 1, 427, 1389, 1386, 23, 7.83%, 0, 0, 3, 13.23
1747839559, 1, 428, 1389, 1386, 23, 7.83%, 0, 0, 3, 13.97
1747839574, 1, 429, 1389, 1386, 23, 7.83%, 0, 0, 3, 11.66
1747839585, 1, 430, 1389, 1386, 23, 7.83%, 0, 0, 3, 12.91
1747839595, 1, 431, 1389, 1386, 23, 7.83%, 0, 0, 3, 11.88
1747839605, 1, 432, 1389, 1386, 23, 7.83%, 0, 0, 3, 11.58
1747839615, 1, 433, 1389, 1386, 23, 7.83%, 0, 0, 3, 11.33
1747839625, 1, 434, 1389, 1386, 23, 7.83%, 0, 0, 3, 14.55
1747839636, 1, 435, 1389, 1386, 23, 7.83%, 0, 0, 3, 14.13
1747839646, 1, 436, 1389, 1386, 23, 7.83%, 0, 0, 3, 11.68
1747839656, 1, 437, 1389, 1386, 23, 7.83%, 0, 0, 3, 11.00
1747839666, 1, 440, 1389, 1386, 23, 7.83%, 0, 0, 3, 10.19
1747839682, 1, 441, 1389, 1386, 23, 7.83%, 0, 0, 3, 10.81
1747839692, 1, 442, 1389, 1386, 23, 7.83%, 0, 0, 3, 10.33
1747839702, 1, 443, 1389, 1386, 23, 7.83%, 0, 0, 3, 12.21
1747839717, 1, 444, 1389, 1386, 23, 7.83%, 0, 0, 3, 10.26
1747839728, 1, 445, 1389, 1386, 23, 7.83%, 0, 0, 3, 10.62
1747839738, 1, 446, 1389, 1386, 23, 7.83%, 0, 0, 3, 14.53
1747839748, 1, 447, 1389, 1386, 23, 7.83%, 0, 0, 3, 14.68
1747839758, 1, 448, 1389, 1386, 23, 7.83%, 0, 0, 3, 12.29
1747839769, 1, 449, 1389, 1386, 23, 7.83%, 0, 0, 3, 11.61
1747839774, 1, 449, 1390, 1387, 23, 7.83%, 0, 0, 3, 8.61
1747839794, 1, 450, 1390, 1387, 23, 7.83%, 0, 0, 3, 12.48
1747839805, 1, 451, 1390, 1387, 23, 7.83%, 0, 0, 3, 10.77
1747839815, 1, 451, 1391, 1388, 23, 7.88%, 0, 0, 3, 8.73
1747839830, 1, 452, 1391, 1388, 22, 7.88%, 0, 0, 3, 11.44
1747839841, 1, 453, 1391, 1388, 22, 7.88%, 0, 0, 3, 11.90
1747839851, 1, 454, 1391, 1388, 22, 7.88%, 0, 0, 3, 9.88
1747839856, 1, 454, 1392, 1389, 22, 7.88%, 0, 0, 3, 7.58
1747839861, 1, 454, 1393, 1390, 22, 7.88%, 0, 0, 3, 7.71
1747839866, 1, 454, 1394, 1391, 22, 7.88%, 0, 0, 3, 6.90
1747839907, 1, 454, 1395, 1392, 22, 7.93%, 0, 0, 3, 9.03
1747839918, 1, 454, 1396, 1393, 22, 7.93%, 0, 0, 3, 8.98
1747839933, 1, 454, 1397, 1394, 22, 7.93%, 0, 0, 3, 8.41
1747839938, 1, 454, 1398, 1395, 22, 7.94%, 0, 0, 3, 7.84
1747839949, 1, 454, 1399, 1396, 22, 7.94%, 0, 0, 3, 7.88
1747839964, 1, 454, 1400, 1397, 22, 7.94%, 0, 0, 3, 9.90
1747839969, 1, 454, 1401, 1398, 22, 7.94%, 0, 0, 3, 8.02
1747839974, 1, 454, 1402, 1399, 22, 7.94%, 0, 0, 3, 8.03
1747840015, 1, 454, 1403, 1400, 22, 7.94%, 0, 0, 3, 8.07
1747840041, 1, 454, 1404, 1401, 22, 7.96%, 0, 0, 3, 8.21
1747840066, 1, 454, 1405, 1402, 22, 7.96%, 0, 0, 3, 8.13
1747840102, 1, 454, 1406, 1403, 22, 7.96%, 0, 0, 3, 10.54
1747840148, 1, 454, 1407, 1404, 22, 7.96%, 0, 0, 3, 8.77
1747840158, 1, 454, 1408, 1405, 22, 7.96%, 0, 0, 3, 8.93
1747840184, 1, 454, 1409, 1406, 22, 7.96%, 0, 0, 3, 8.37
1747840225, 1, 454, 1410, 1407, 22, 7.96%, 0, 0, 3, 8.84
1747840240, 1, 454, 1411, 1408, 22, 7.96%, 0, 0, 3, 8.48
1747840245, 1, 454, 1412, 1409, 22, 7.96%, 0, 0, 3, 8.42
1747840286, 1, 455, 1412, 1409, 25, 7.96%, 0, 0, 3, 10.41
1747840291, 1, 455, 1414, 1411, 25, 7.96%, 0, 0, 3, 6.74
1747840312, 1, 455, 1415, 1412, 25, 7.96%, 0, 0, 3, 9.15
1747840322, 1, 455, 1416, 1413, 25, 7.96%, 0, 0, 3, 8.79
1747840368, 1, 455, 1417, 1414, 25, 7.96%, 0, 0, 3, 9.03
1747840383, 1, 455, 1418, 1415, 25, 7.96%, 0, 0, 3, 7.55
1747840388, 1, 455, 1419, 1416, 25, 7.96%, 0, 0, 3, 7.08
1747840394, 1, 455, 1420, 1417, 25, 7.96%, 0, 0, 3, 8.23
1747840424, 1, 455, 1421, 1418, 25, 8.01%, 0, 0, 3, 9.22
1747840429, 1, 455, 1422, 1419, 25, 8.01%, 0, 0, 3, 8.06
1747840455, 1, 455, 1424, 1421, 25, 8.02%, 0, 0, 3, 7.42
1747840460, 1, 455, 1425, 1422, 25, 8.02%, 0, 0, 3, 7.42
1747840491, 1, 455, 1426, 1423, 25, 8.02%, 0, 0, 3, 9.23
1747840501, 1, 455, 1427, 1424, 25, 8.02%, 0, 0, 3, 8.18
1747840542, 1, 455, 1428, 1425, 25, 8.02%, 0, 0, 3, 10.06
1747840558, 1, 455, 1429, 1426, 25, 8.02%, 0, 0, 3, 9.73
1747840619, 1, 455, 1430, 1427, 25, 8.02%, 0, 0, 3, 8.56
1747840624, 1, 455, 1431, 1428, 25, 8.02%, 0, 0, 3, 8.13
1747840629, 1, 455, 1432, 1429, 25, 8.02%, 0, 0, 3, 7.33
1747840655, 1, 455, 1433, 1430, 25, 8.02%, 0, 0, 3, 7.54
1747840665, 1, 455, 1434, 1431, 25, 8.02%, 0, 0, 3, 8.46
1747840681, 1, 455, 1435, 1432, 25, 8.02%, 0, 0, 3, 8.62
1747840722, 1, 456, 1435, 1432, 25, 8.02%, 0, 0, 3, 10.80
1747840737, 1, 457, 1435, 1432, 25, 8.02%, 0, 0, 3, 10.51
1747840753, 1, 459, 1435, 1432, 25, 8.02%, 0, 0, 3, 9.57
1747840763, 1, 460, 1435, 1432, 25, 8.02%, 0, 0, 3, 9.80
1747840773, 1, 460, 1436, 1433, 25, 8.02%, 0, 0, 3, 7.87
1747840778, 1, 460, 1437, 1434, 25, 8.02%, 0, 0, 3, 7.77
1747840814, 1, 460, 1438, 1435, 25, 8.02%, 0, 0, 3, 7.50
1747840845, 1, 460, 1439, 1436, 25, 8.02%, 0, 0, 3, 7.99
1747840861, 1, 460, 1440, 1437, 25, 8.02%, 0, 0, 3, 8.62
1747840871, 1, 460, 1441, 1438, 25, 8.02%, 0, 0, 3, 9.13
1747840887, 1, 460, 1442, 1439, 25, 8.02%, 0, 0, 3, 10.36
1747840902, 1, 460, 1443, 1440, 25, 8.02%, 0, 0, 3, 9.24
1747840913, 1, 460, 1444, 1441, 25, 8.02%, 0, 0, 3, 8.50
1747840959, 1, 460, 1445, 1442, 25, 8.02%, 0, 0, 3, 7.95
1747841117, 1, 460, 1447, 1444, 25, 8.02%, 0, 0, 3, 8.06
1747841122, 1, 460, 1448, 1445, 25, 8.02%, 0, 0, 3, 7.58
1747841184, 1, 461, 1448, 1445, 27, 8.02%, 0, 0, 3, 13.49
1747841194, 1, 462, 1449, 1446, 27, 8.02%, 0, 0, 3, 10.66
1747841219, 1, 463, 1449, 1446, 27, 8.02%, 0, 0, 3, 9.92
1747841230, 1, 464, 1449, 1446, 27, 8.02%, 0, 0, 3, 11.29
1747841245, 1, 465, 1449, 1446, 27, 8.02%, 0, 0, 3, 11.75
1747841255, 1, 466, 1449, 1446, 27, 8.02%, 0, 0, 3, 10.45
1747841265, 1, 466, 1450, 1447, 27, 8.02%, 0, 0, 3, 8.69
1747841281, 1, 467, 1450, 1447, 27, 8.02%, 0, 0, 3, 10.90
1747841291, 1, 468, 1450, 1447, 27, 8.02%, 0, 0, 3, 10.66
1747841306, 1, 468, 1451, 1448, 27, 8.02%, 0, 0, 3, 7.75
1747841322, 1, 469, 1451, 1448, 27, 8.02%, 0, 0, 3, 10.47
1747841332, 1, 470, 1451, 1448, 27, 8.02%, 0, 0, 3, 10.83
1747841342, 1, 471, 1451, 1448, 27, 8.02%, 0, 0, 3, 12.16
1747841347, 1, 471, 1452, 1449, 27, 8.02%, 0, 0, 3, 10.65
1747841367, 1, 472, 1452, 1449, 27, 8.02%, 0, 0, 3, 11.79
1747841378, 1, 473, 1452, 1449, 27, 8.02%, 0, 0, 3, 12.05
1747841393, 1, 474, 1452, 1449, 27, 8.02%, 0, 0, 3, 13.25
1747841398, 1, 475, 1452, 1449, 27, 8.02%, 0, 0, 3, 14.25
1747841409, 1, 476, 1452, 1449, 27, 8.02%, 0, 0, 3, 14.84
1747841419, 1, 477, 1452, 1449, 27, 8.02%, 0, 0, 3, 12.90
1747841429, 1, 480, 1452, 1449, 27, 8.02%, 0, 0, 3, 13.52
1747841440, 1, 482, 1452, 1449, 27, 8.02%, 0, 0, 3, 14.50
1747841445, 1, 486, 1452, 1449, 27, 8.02%, 0, 0, 3, 14.33
1747841455, 1, 487, 1452, 1449, 27, 8.02%, 0, 0, 3, 15.27
1747841465, 1, 488, 1452, 1449, 27, 8.02%, 0, 0, 3, 14.58
1747841470, 1, 490, 1452, 1449, 27, 8.02%, 0, 0, 3, 14.82
1747841481, 1, 492, 1452, 1449, 27, 8.02%, 0, 0, 3, 18.84
1747842859, 1, 492, 1453, 1450, 27, 8.02%, 0, 0, 3, 19.28
1747842894, 1, 493, 1453, 1449, 27, 8.02%, 0, 0, 3, 14.65
1747842904, 1, 496, 1453, 1449, 27, 8.02%, 0, 0, 3, 12.25
1747842914, 1, 497, 1453, 1449, 27, 8.02%, 0, 0, 3, 14.77
1747842924, 1, 498, 1453, 1449, 27, 8.02%, 0, 0, 3, 12.20
1747842935, 1, 499, 1453, 1449, 27, 8.02%, 0, 0, 3, 10.75
1747842950, 1, 500, 1453, 1449, 27, 8.02%, 0, 0, 3, 13.19
1747842955, 1, 501, 1453, 1449, 27, 8.02%, 0, 0, 3, 13.73
1747842970, 1, 502, 1453, 1449, 27, 8.02%, 0, 0, 3, 12.50
1747842981, 1, 503, 1453, 1449, 27, 8.02%, 0, 0, 3, 14.45
1747842986, 1, 504, 1453, 1449, 27, 8.02%, 0, 0, 3, 14.47
1747842996, 1, 505, 1453, 1449, 27, 8.02%, 0, 0, 3, 13.22
1747843001, 1, 505, 1454, 1450, 27, 8.02%, 0, 0, 3, 10.00
1747843006, 1, 505, 1456, 1452, 27, 8.02%, 0, 0, 3, 6.92
1747843017, 1, 505, 1457, 1453, 27, 8.02%, 0, 0, 3, 8.45
1747843022, 1, 505, 1458, 1454, 27, 8.02%, 0, 0, 3, 6.71
1747843043, 1, 505, 1459, 1455, 27, 8.02%, 0, 0, 3, 9.22
1747843048, 1, 505, 1460, 1456, 27, 8.02%, 0, 0, 3, 8.92
1747843094, 1, 505, 1461, 1457, 27, 8.02%, 0, 0, 3, 10.02
1747843099, 1, 505, 1462, 1458, 27, 8.02%, 0, 0, 3, 6.95
1747843124, 1, 505, 1463, 1459, 27, 8.02%, 0, 0, 3, 8.52
1747843135, 1, 505, 1464, 1460, 27, 8.02%, 0, 0, 3, 8.73
1747843155, 1, 505, 1465, 1461, 27, 8.02%, 0, 0, 3, 7.93
1747843176, 1, 505, 1466, 1462, 27, 8.02%, 0, 0, 3, 9.89
1747843196, 1, 505, 1467, 1463, 27, 8.02%, 0, 0, 3, 8.18
1747843268, 1, 505, 1468, 1464, 27, 8.02%, 0, 0, 3, 8.74
1747843350, 1, 505, 1469, 1465, 27, 8.02%, 0, 0, 3, 8.26
1747843392, 1, 505, 1470, 1466, 27, 8.02%, 0, 0, 3, 8.70
1747843402, 1, 505, 1471, 1467, 27, 8.02%, 0, 0, 3, 8.37
1747843433, 1, 506, 1471, 1467, 28, 8.02%, 0, 0, 3, 11.11
1747843443, 1, 507, 1471, 1467, 28, 8.02%, 0, 0, 3, 10.93
1747843449, 1, 507, 1472, 1468, 28, 8.02%, 0, 0, 3, 8.18
1747843469, 1, 509, 1472, 1468, 28, 8.02%, 0, 0, 3, 10.51
1747843479, 1, 510, 1472, 1468, 28, 8.02%, 0, 0, 3, 14.07
1747843490, 1, 512, 1472, 1468, 28, 8.02%, 0, 0, 3, 12.90
1747843500, 1, 515, 1472, 1468, 28, 8.02%, 0, 0, 3, 11.91
1747843510, 1, 516, 1472, 1468, 28, 8.02%, 0, 0, 3, 12.33
1747843520, 1, 517, 1472, 1468, 28, 8.02%, 0, 0, 3, 12.27
1747843531, 1, 519, 1472, 1468, 28, 8.02%, 0, 0, 3, 10.00
1747843546, 1, 520, 1472, 1468, 28, 8.02%, 0, 0, 3, 13.19
1747843556, 1, 521, 1472, 1468, 28, 8.02%, 0, 0, 3, 10.51
1747843566, 1, 523, 1472, 1468, 28, 8.02%, 0, 0, 3, 9.99
1747843571, 1, 523, 1473, 1469, 28, 8.02%, 0, 0, 3, 8.67
1747843582, 1, 523, 1474, 1470, 28, 8.02%, 0, 0, 3, 15.39
1747843602, 1, 524, 1474, 1470, 27, 8.02%, 0, 0, 3, 18.34
1747843607, 1, 525, 1474, 1470, 27, 8.02%, 0, 0, 3, 22.29
1747843617, 1, 526, 1474, 1470, 27, 8.02%, 0, 0, 3, 18.70
1747843622, 1, 527, 1474, 1470, 27, 8.02%, 0, 0, 3, 17.66
1747843633, 1, 529, 1474, 1470, 27, 8.02%, 0, 0, 3, 22.43
1747843638, 1, 530, 1474, 1470, 27, 8.02%, 0, 0, 3, 18.86
1747843643, 1, 531, 1474, 1470, 27, 8.02%, 0, 0, 3, 17.89
1747843653, 1, 532, 1474, 1470, 27, 8.02%, 0, 0, 3, 17.45
1747843659, 1, 533, 1474, 1470, 27, 8.02%, 0, 0, 3, 18.30
1747843664, 1, 535, 1474, 1470, 27, 8.02%, 0, 0, 3, 17.24
1747843674, 1, 536, 1474, 1470, 27, 8.02%, 0, 0, 3, 16.45
1747843679, 1, 537, 1474, 1470, 27, 8.02%, 0, 0, 3, 16.23
1747843689, 1, 538, 1474, 1470, 27, 8.02%, 0, 0, 3, 17.54
1747843695, 1, 539, 1474, 1470, 27, 8.02%, 0, 0, 3, 19.73
1747843700, 1, 540, 1474, 1470, 27, 8.02%, 0, 0, 3, 22.10
1747843710, 1, 541, 1474, 1470, 27, 8.02%, 0, 0, 3, 16.89
1747843715, 1, 543, 1474, 1470, 27, 8.02%, 0, 0, 3, 17.47
1747843725, 1, 545, 1474, 1470, 27, 8.02%, 0, 0, 3, 20.87
1747843730, 1, 546, 1474, 1470, 27, 8.02%, 0, 0, 3, 19.68
1747843735, 1, 548, 1474, 1470, 27, 8.02%, 0, 0, 3, 17.34
1747843745, 1, 549, 1474, 1470, 27, 8.02%, 0, 0, 3, 22.41
1747843750, 1, 552, 1474, 1470, 27, 8.02%, 0, 0, 3, 23.70
1747843756, 1, 553, 1474, 1470, 27, 8.02%, 0, 0, 3, 24.34
1747843761, 1, 556, 1474, 1470, 27, 8.02%, 0, 0, 3, 19.91
1747843766, 1, 557, 1474, 1470, 27, 8.02%, 0, 0, 3, 17.84
1747843771, 1, 557, 1475, 1471, 27, 8.02%, 0, 0, 3, 16.47
1747843781, 1, 558, 1475, 1471, 26, 8.02%, 0, 0, 3, 18.25
1747843787, 1, 559, 1475, 1471, 26, 8.02%, 0, 0, 3, 23.36
1747843792, 1, 560, 1475, 1471, 26, 8.02%, 0, 0, 3, 23.73
1747843802, 1, 561, 1475, 1471, 26, 8.02%, 0, 0, 3, 19.73
1747843807, 1, 562, 1475, 1471, 26, 8.02%, 0, 0, 3, 17.02
1747843812, 1, 562, 1477, 1473, 26, 8.02%, 0, 0, 3, 14.04
1747843843, 1, 562, 1478, 1474, 26, 8.02%, 0, 0, 3, 7.54
1747843853, 1, 562, 1479, 1475, 26, 8.02%, 0, 0, 3, 9.80
1747843931, 1, 562, 1480, 1476, 26, 8.02%, 0, 0, 3, 9.76
1747843967, 1, 562, 1481, 1477, 26, 8.02%, 0, 0, 3, 10.69
1747844044, 1, 562, 1482, 1478, 26, 8.02%, 0, 0, 3, 7.16
1747844147, 1, 562, 1483, 1479, 26, 8.02%, 0, 0, 3, 8.47
1747844183, 1, 562, 1484, 1480, 26, 8.02%, 0, 0, 3, 8.50
1747844209, 1, 563, 1484, 1480, 26, 8.02%, 0, 0, 3, 9.73
1747844219, 1, 564, 1484, 1480, 26, 8.02%, 0, 0, 3, 11.02
1747844234, 1, 565, 1484, 1480, 26, 8.02%, 0, 0, 3, 13.26
1747844244, 1, 566, 1484, 1480, 26, 8.02%, 0, 0, 3, 11.07
1747844250, 1, 566, 1485, 1481, 26, 8.02%, 0, 0, 3, 8.55
1747844270, 1, 567, 1485, 1481, 26, 8.02%, 0, 0, 3, 9.90
1747844281, 1, 568, 1485, 1481, 26, 8.02%, 0, 0, 3, 11.16
1747844291, 1, 569, 1485, 1481, 26, 8.02%, 0, 0, 3, 10.96
1747844302, 1, 570, 1485, 1481, 26, 8.02%, 0, 0, 3, 13.47
1747844312, 1, 571, 1485, 1481, 26, 8.02%, 0, 0, 3, 11.63
1747844322, 1, 572, 1485, 1481, 26, 8.02%, 0, 0, 3, 11.97
1747844338, 1, 573, 1485, 1481, 26, 8.02%, 0, 0, 3, 9.17
1747844353, 1, 574, 1485, 1481, 26, 8.02%, 0, 0, 3, 13.39
1747844358, 1, 575, 1485, 1481, 26, 8.02%, 0, 0, 3, 13.17
1747844368, 1, 576, 1485, 1481, 26, 8.02%, 0, 0, 3, 11.87
1747844384, 1, 578, 1485, 1481, 26, 8.02%, 0, 0, 3, 10.10
1747844394, 1, 579, 1485, 1481, 26, 8.02%, 0, 0, 3, 9.87
1747844409, 1, 580, 1485, 1481, 26, 8.02%, 0, 0, 3, 13.43
1747844414, 1, 581, 1485, 1481, 26, 8.02%, 0, 0, 3, 14.40
1747844425, 1, 583, 1485, 1481, 26, 8.02%, 0, 0, 3, 12.92
1747844435, 1, 584, 1485, 1481, 26, 8.02%, 0, 0, 3, 10.87
1747844445, 1, 585, 1485, 1481, 26, 8.02%, 0, 0, 3, 14.27
1747844455, 1, 586, 1485, 1481, 26, 8.02%, 0, 0, 3, 12.93
1747844466, 1, 587, 1485, 1481, 26, 8.02%, 0, 0, 3, 10.28
1747844481, 1, 589, 1485, 1481, 26, 8.02%, 0, 0, 3, 9.93
1747844491, 1, 590, 1485, 1481, 26, 8.02%, 0, 0, 3, 9.48
1747844507, 1, 592, 1485, 1481, 26, 8.02%, 0, 0, 3, 13.66
1747844512, 1, 593, 1485, 1481, 26, 8.02%, 0, 0, 3, 14.56
1747844522, 1, 594, 1485, 1481, 26, 8.02%, 0, 0, 3, 12.89
1747844533, 1, 595, 1485, 1481, 26, 8.02%, 0, 0, 3, 12.10
1747844548, 1, 596, 1485, 1481, 26, 8.02%, 0, 0, 3, 12.04
1747844559, 1, 597, 1485, 1481, 26, 8.02%, 0, 0, 3, 10.34
1747844569, 1, 598, 1485, 1481, 26, 8.02%, 0, 0, 3, 9.36
1747844579, 1, 599, 1485, 1481, 26, 8.02%, 0, 0, 3, 13.74
1747844594, 1, 600, 1485, 1481, 26, 8.02%, 0, 0, 3, 11.13
1747844604, 1, 601, 1485, 1481, 26, 8.02%, 0, 0, 3, 9.64
1747844615, 1, 603, 1485, 1481, 26, 8.02%, 0, 0, 3, 10.41
1747844630, 1, 605, 1485, 1481, 26, 8.02%, 0, 0, 3, 13.14
1747844635, 1, 606, 1485, 1481, 26, 8.02%, 0, 0, 3, 13.46
1747844651, 1, 607, 1485, 1481, 26, 8.02%, 0, 0, 3, 13.61
1747844656, 1, 608, 1485, 1481, 26, 8.02%, 0, 0, 3, 13.40
1747844672, 1, 609, 1485, 1481, 26, 8.02%, 0, 0, 3, 10.86
1747844682, 1, 610, 1485, 1481, 26, 8.02%, 0, 0, 3, 9.90
1747844692, 1, 611, 1485, 1481, 26, 8.02%, 0, 0, 3, 11.70
1747844703, 1, 612, 1485, 1481, 26, 8.02%, 0, 0, 3, 11.77
1747844718, 1, 613, 1485, 1481, 26, 8.02%, 0, 0, 3, 11.45
1747844728, 1, 614, 1485, 1481, 26, 8.02%, 0, 0, 3, 10.82
1747844738, 1, 615, 1485, 1481, 26, 8.02%, 0, 0, 3, 11.78
1747844743, 1, 615, 1486, 1482, 26, 8.02%, 0, 0, 3, 9.50
1747844769, 1, 616, 1486, 1482, 26, 8.02%, 0, 0, 3, 9.63
1747844779, 1, 618, 1486, 1482, 26, 8.02%, 0, 0, 3, 10.05
1747844790, 1, 618, 1487, 1483, 26, 8.02%, 0, 0, 3, 7.03
1747844810, 1, 619, 1487, 1483, 26, 8.02%, 0, 0, 3, 10.76
1747844820, 1, 622, 1487, 1483, 26, 8.02%, 0, 0, 3, 12.14
1747844830, 1, 624, 1487, 1483, 26, 8.02%, 0, 0, 3, 11.55
1747844841, 1, 624, 1488, 1484, 26, 8.02%, 0, 0, 3, 8.57
1747844856, 1, 625, 1488, 1484, 26, 8.02%, 0, 0, 3, 11.68
1747844866, 1, 629, 1488, 1484, 26, 8.02%, 0, 0, 3, 12.85
1747844877, 1, 630, 1488, 1484, 26, 8.02%, 0, 0, 3, 9.94
1747844892, 1, 631, 1488, 1484, 26, 8.02%, 0, 0, 3, 10.97
1747844903, 1, 632, 1488, 1484, 26, 8.02%, 0, 0, 3, 11.47
1747844913, 1, 633, 1488, 1484, 26, 8.02%, 0, 0, 3, 14.62
1747844923, 1, 634, 1488, 1484, 26, 8.02%, 0, 0, 3, 14.31
1747844928, 1, 636, 1488, 1484, 26, 8.02%, 0, 0, 3, 14.77
1747844938, 1, 638, 1488, 1484, 26, 8.02%, 0, 0, 3, 12.88
1747844954, 1, 639, 1488, 1484, 26, 8.02%, 0, 0, 3, 10.88
1747844964, 1, 640, 1488, 1484, 26, 8.02%, 0, 0, 3, 10.23
1747844974, 1, 640, 1489, 1485, 26, 8.02%, 0, 0, 3, 8.04
1747844990, 1, 641, 1489, 1485, 26, 8.02%, 0, 0, 3, 11.70
1747845005, 1, 642, 1489, 1485, 26, 8.02%, 0, 0, 3, 12.54
1747845015, 1, 643, 1489, 1485, 26, 8.02%, 0, 0, 3, 14.29
1747845020, 1, 644, 1489, 1485, 26, 8.02%, 0, 0, 3, 13.87
1747845035, 1, 645, 1489, 1485, 26, 8.02%, 0, 0, 3, 10.47
1747845046, 1, 646, 1489, 1485, 26, 8.02%, 0, 0, 3, 10.13
1747845061, 1, 648, 1489, 1485, 26, 8.02%, 0, 0, 3, 13.57
1747845066, 1, 649, 1489, 1485, 26, 8.02%, 0, 0, 3, 13.66
1747845082, 1, 651, 1489, 1485, 26, 8.02%, 0, 0, 3, 9.94
1747845092, 1, 652, 1489, 1485, 26, 8.02%, 0, 0, 3, 11.41
1747845102, 1, 654, 1489, 1485, 26, 8.02%, 0, 0, 3, 14.51
1747845113, 1, 655, 1489, 1485, 26, 8.02%, 0, 0, 3, 13.19
1747845123, 1, 656, 1489, 1485, 26, 8.02%, 0, 0, 3, 11.45
1747845133, 1, 657, 1489, 1485, 26, 8.02%, 0, 0, 3, 12.53
1747845143, 1, 658, 1489, 1485, 26, 8.02%, 0, 0, 3, 11.48
1747845154, 1, 659, 1489, 1485, 26, 8.02%, 0, 0, 3, 12.13
1747845164, 1, 660, 1489, 1485, 26, 8.02%, 0, 0, 3, 11.97
1747845174, 1, 661, 1489, 1485, 26, 8.02%, 0, 0, 3, 10.97
1747845185, 1, 662, 1489, 1485, 26, 8.02%, 0, 0, 3, 14.41
1747845195, 1, 664, 1489, 1485, 26, 8.02%, 0, 0, 3, 12.43
1747845206, 1, 665, 1489, 1485, 26, 8.02%, 0, 0, 3, 10.99
1747845221, 1, 667, 1489, 1485, 26, 8.02%, 0, 0, 3, 11.29
1747845231, 1, 671, 1489, 1485, 26, 8.02%, 0, 0, 3, 10.51
1747845246, 1, 672, 1490, 1486, 26, 8.02%, 0, 0, 3, 10.34
1747845272, 1, 674, 1490, 1486, 26, 8.02%, 0, 0, 3, 11.15
1747845282, 1, 675, 1490, 1486, 26, 8.02%, 0, 0, 3, 12.17
1747845293, 1, 676, 1490, 1486, 26, 8.02%, 0, 0, 3, 12.56
1747845303, 1, 677, 1490, 1486, 26, 8.02%, 0, 0, 3, 10.33
1747845313, 1, 678, 1490, 1486, 26, 8.02%, 0, 0, 3, 10.46
1747845323, 1, 679, 1490, 1486, 26, 8.02%, 0, 0, 3, 12.80
1747845338, 1, 680, 1490, 1486, 26, 8.02%, 0, 0, 3, 10.78
1747845349, 1, 681, 1490, 1486, 26, 8.02%, 0, 0, 3, 9.49
1747845364, 1, 682, 1490, 1486, 26, 8.02%, 0, 0, 3, 11.06
1747845375, 1, 683, 1490, 1486, 26, 8.02%, 0, 0, 3, 13.22
1747845380, 1, 683, 1491, 1487, 26, 8.02%, 0, 0, 3, 13.85
1747845390, 1, 684, 1491, 1487, 26, 8.02%, 0, 0, 3, 14.13
1747845395, 1, 684, 1492, 1488, 26, 8.02%, 0, 0, 3, 10.45
1747845420, 1, 686, 1492, 1488, 26, 8.02%, 0, 0, 3, 11.02
1747845431, 1, 687, 1492, 1488, 26, 8.02%, 0, 0, 3, 10.10
1747845441, 1, 689, 1492, 1488, 26, 8.02%, 0, 0, 3, 11.01
1747845456, 1, 691, 1492, 1488, 26, 8.02%, 0, 0, 3, 13.45
1747845461, 1, 692, 1492, 1488, 26, 8.02%, 0, 0, 3, 13.93
1747845477, 1, 693, 1492, 1488, 26, 8.02%, 0, 0, 3, 10.93
1747845487, 1, 694, 1492, 1488, 26, 8.02%, 0, 0, 3, 9.38
1747845503, 1, 696, 1492, 1488, 26, 8.02%, 0, 0, 3, 9.82
1747845513, 1, 697, 1492, 1488, 26, 8.02%, 0, 0, 3, 9.68
1747845523, 1, 698, 1492, 1488, 26, 8.02%, 0, 0, 3, 10.90
1747845539, 1, 700, 1492, 1488, 26, 8.02%, 0, 0, 3, 10.09
1747845549, 1, 701, 1492, 1488, 26, 8.02%, 0, 0, 3, 11.79
1747845564, 1, 703, 1492, 1488, 26, 8.02%, 0, 0, 3, 11.00
1747845575, 1, 705, 1492, 1488, 26, 8.02%, 0, 0, 3, 11.43
1747845590, 1, 706, 1492, 1488, 26, 8.02%, 0, 0, 3, 9.82
1747845600, 1, 707, 1492, 1488, 26, 8.02%, 0, 0, 3, 9.53
1747845616, 1, 708, 1492, 1488, 26, 8.02%, 0, 0, 3, 12.93
1747845621, 1, 710, 1492, 1488, 26, 8.02%, 0, 0, 3, 14.24
1747845631, 1, 712, 1492, 1488, 26, 8.02%, 0, 0, 3, 13.82
1747845642, 1, 713, 1492, 1488, 26, 8.02%, 0, 0, 3, 11.31
1747845657, 1, 714, 1492, 1488, 26, 8.02%, 0, 0, 3, 9.51
1747845667, 1, 715, 1492, 1488, 26, 8.02%, 0, 0, 3, 10.77
1747845682, 1, 716, 1492, 1488, 26, 8.02%, 0, 0, 3, 13.39
1747845688, 1, 717, 1492, 1488, 26, 8.02%, 0, 0, 3, 13.65
1747845698, 1, 717, 1493, 1489, 26, 8.02%, 0, 0, 3, 8.17
1747845718, 1, 718, 1493, 1489, 26, 8.02%, 0, 0, 3, 12.51
1747845723, 1, 719, 1493, 1489, 26, 8.02%, 0, 0, 3, 13.47
1747845739, 1, 720, 1493, 1489, 26, 8.02%, 0, 0, 3, 13.77
1747845744, 1, 721, 1493, 1489, 26, 8.02%, 0, 0, 3, 14.21
1747845754, 1, 722, 1493, 1489, 26, 8.02%, 0, 0, 3, 13.30
1747845765, 1, 723, 1493, 1489, 26, 8.02%, 0, 0, 3, 11.72
1747845780, 1, 724, 1493, 1489, 26, 8.02%, 0, 0, 3, 13.42
1747845785, 1, 725, 1493, 1489, 26, 8.02%, 0, 0, 3, 13.97
1747845795, 1, 727, 1493, 1489, 26, 8.02%, 0, 0, 3, 14.54
1747845805, 1, 729, 1493, 1489, 26, 8.02%, 0, 0, 3, 13.51
1747845815, 1, 730, 1493, 1489, 26, 8.02%, 0, 0, 3, 12.94
1747845826, 1, 731, 1493, 1489, 26, 8.02%, 0, 0, 3, 14.46
1747845836, 1, 733, 1493, 1489, 26, 8.02%, 0, 0, 3, 11.53
1747845846, 1, 734, 1493, 1489, 26, 8.02%, 0, 0, 3, 10.39
1747845862, 1, 735, 1493, 1489, 26, 8.02%, 0, 0, 3, 13.25
1747845867, 1, 736, 1493, 1489, 26, 8.02%, 0, 0, 3, 14.06
1747845877, 1, 737, 1493, 1489, 26, 8.02%, 0, 0, 3, 13.25
1747845887, 1, 738, 1493, 1489, 26, 8.02%, 0, 0, 3, 10.64
1747845903, 1, 739, 1493, 1489, 26, 8.02%, 0, 0, 3, 11.13
1747845908, 1, 739, 1494, 1490, 26, 8.02%, 0, 0, 3, 8.25
1747845928, 1, 741, 1494, 1490, 26, 8.02%, 0, 0, 3, 13.43
1747845933, 1, 742, 1494, 1490, 26, 8.02%, 0, 0, 3, 13.96
1747845949, 1, 743, 1494, 1490, 26, 8.02%, 0, 0, 3, 12.91
1747845959, 1, 745, 1494, 1490, 26, 8.02%, 0, 0, 3, 14.96
1747845964, 1, 746, 1494, 1490, 26, 8.02%, 0, 0, 3, 13.40
1747845975, 1, 747, 1494, 1490, 26, 8.02%, 0, 0, 3, 10.16
1747845990, 1, 748, 1494, 1490, 26, 8.02%, 0, 0, 3, 13.35
1747846000, 1, 750, 1494, 1490, 26, 8.02%, 0, 0, 3, 12.32
1747846010, 1, 752, 1494, 1490, 26, 8.02%, 0, 0, 3, 12.04
1747846020, 1, 754, 1494, 1490, 26, 8.02%, 0, 0, 3, 11.79
1747846035, 1, 755, 1494, 1490, 26, 8.02%, 0, 0, 3, 13.31
1747846041, 1, 756, 1494, 1490, 26, 8.02%, 0, 0, 3, 12.45
1747846056, 1, 757, 1494, 1490, 26, 8.02%, 0, 0, 3, 9.53
1747846067, 1, 758, 1494, 1490, 26, 8.02%, 0, 0, 3, 9.83
1747846082, 1, 759, 1494, 1490, 26, 8.02%, 0, 0, 3, 11.57
1747846092, 1, 760, 1494, 1490, 26, 8.02%, 0, 0, 3, 10.64
1747846102, 1, 761, 1494, 1490, 26, 8.02%, 0, 0, 3, 12.19
1747846112, 1, 763, 1494, 1490, 26, 8.02%, 0, 0, 3, 13.43
1747846128, 1, 764, 1494, 1490, 26, 8.02%, 0, 0, 3, 10.12
1747846138, 1, 765, 1494, 1490, 26, 8.02%, 0, 0, 3, 12.14
1747846148, 1, 766, 1494, 1490, 26, 8.02%, 0, 0, 3, 13.10
1747846159, 1, 767, 1494, 1490, 26, 8.02%, 0, 0, 3, 13.50
1747846169, 1, 768, 1494, 1490, 26, 8.02%, 0, 0, 3, 12.90
1747846179, 1, 769, 1494, 1490, 26, 8.02%, 0, 0, 3, 11.53
1747846190, 1, 771, 1494, 1490, 26, 8.02%, 0, 0, 3, 11.99
1747846200, 1, 772, 1494, 1490, 26, 8.02%, 0, 0, 3, 9.35
1747846215, 1, 773, 1494, 1490, 26, 8.02%, 0, 0, 3, 10.94
1747846225, 1, 775, 1494, 1490, 26, 8.02%, 0, 0, 3, 11.14
1747846236, 1, 776, 1494, 1490, 26, 8.02%, 0, 0, 3, 10.66
1747846251, 1, 777, 1494, 1490, 26, 8.02%, 0, 0, 3, 13.72
1747846256, 1, 778, 1494, 1490, 26, 8.02%, 0, 0, 3, 14.33
1747846266, 1, 780, 1494, 1490, 26, 8.02%, 0, 0, 3, 12.57
1747846277, 1, 781, 1494, 1490, 26, 8.02%, 0, 0, 3, 10.60
1747846287, 1, 783, 1494, 1490, 26, 8.02%, 0, 0, 3, 12.56
1747846302, 1, 784, 1494, 1490, 26, 8.02%, 0, 0, 3, 9.63
1747846312, 1, 785, 1494, 1490, 26, 8.02%, 0, 0, 3, 10.39
1747846328, 1, 786, 1494, 1490, 26, 8.02%, 0, 0, 3, 11.83
1747846338, 1, 787, 1494, 1490, 26, 8.02%, 0, 0, 3, 11.51
1747846348, 1, 788, 1494, 1490, 26, 8.02%, 0, 0, 3, 12.53
1747846359, 1, 789, 1494, 1490, 26, 8.02%, 0, 0, 3, 14.53
1747846369, 1, 790, 1494, 1490, 26, 8.02%, 0, 0, 3, 10.95
1747846379, 1, 791, 1494, 1490, 26, 8.02%, 0, 0, 3, 10.82
1747846389, 1, 792, 1494, 1490, 26, 8.02%, 0, 0, 3, 10.25
1747846405, 1, 793, 1494, 1490, 26, 8.02%, 0, 0, 3, 12.79
1747846415, 1, 795, 1494, 1490, 26, 8.02%, 0, 0, 3, 11.95
1747846425, 1, 796, 1494, 1490, 26, 8.02%, 0, 0, 3, 10.93
1747846435, 1, 799, 1494, 1490, 26, 8.02%, 0, 0, 3, 10.83
1747846445, 1, 802, 1494, 1490, 26, 8.02%, 0, 0, 3, 14.30
1747846456, 1, 803, 1494, 1490, 26, 8.02%, 0, 0, 3, 12.10
1747846466, 1, 804, 1494, 1490, 26, 8.02%, 0, 0, 3, 12.37
1747846476, 1, 806, 1494, 1490, 26, 8.02%, 0, 0, 3, 12.93
1747846486, 1, 807, 1494, 1490, 26, 8.02%, 0, 0, 3, 9.92
1747846502, 1, 808, 1494, 1490, 26, 8.02%, 0, 0, 3, 12.47
1747846512, 1, 809, 1494, 1490, 26, 8.02%, 0, 0, 3, 13.18
1747846522, 1, 810, 1494, 1490, 26, 8.02%, 0, 0, 3, 13.31
1747846533, 1, 811, 1494, 1490, 26, 8.02%, 0, 0, 3, 12.36
1747846543, 1, 812, 1494, 1490, 26, 8.02%, 0, 0, 3, 10.99
1747846553, 1, 814, 1494, 1490, 26, 8.02%, 0, 0, 3, 10.66
1747846568, 1, 816, 1494, 1490, 26, 8.02%, 0, 0, 3, 10.82
1747846579, 1, 818, 1494, 1490, 26, 8.02%, 0, 0, 3, 10.77
1747846594, 1, 820, 1494, 1490, 26, 8.02%, 0, 0, 3, 10.02
1747846604, 1, 821, 1494, 1490, 26, 8.02%, 0, 0, 3, 10.45
1747846620, 1, 822, 1494, 1490, 26, 8.02%, 0, 0, 3, 13.65
1747846625, 1, 823, 1494, 1490, 26, 8.02%, 0, 0, 3, 13.35
1747846640, 1, 824, 1494, 1490, 26, 8.02%, 0, 0, 3, 13.81
1747846646, 1, 825, 1494, 1490, 26, 8.02%, 0, 0, 3, 13.47
1747846661, 1, 826, 1494, 1490, 26, 8.02%, 0, 0, 3, 11.34
1747846671, 1, 828, 1494, 1490, 26, 8.02%, 0, 0, 3, 12.49
1747846681, 1, 829, 1494, 1490, 26, 8.02%, 0, 0, 3, 14.02
1747846687, 1, 830, 1494, 1490, 26, 8.02%, 0, 0, 3, 13.83
1747846702, 1, 831, 1494, 1490, 26, 8.02%, 0, 0, 3, 9.14
1747846717, 1, 833, 1494, 1490, 26, 8.02%, 0, 0, 3, 10.79
1747846727, 1, 834, 1494, 1490, 26, 8.02%, 0, 0, 3, 10.57
1747846743, 1, 835, 1494, 1490, 26, 8.02%, 0, 0, 3, 13.75
1747846748, 1, 836, 1494, 1490, 26, 8.02%, 0, 0, 3, 12.58
1747846763, 1, 837, 1494, 1490, 26, 8.02%, 0, 0, 3, 10.09
1747846773, 1, 838, 1494, 1490, 26, 8.02%, 0, 0, 3, 10.70
1747846789, 1, 839, 1494, 1490, 26, 8.02%, 0, 0, 3, 13.11
1747846794, 1, 841, 1494, 1490, 26, 8.02%, 0, 0, 3, 14.52
1747846809, 1, 842, 1494, 1490, 26, 8.02%, 0, 0, 3, 13.48
1747846814, 1, 844, 1494, 1490, 26, 8.02%, 0, 0, 3, 14.23
1747846825, 1, 846, 1494, 1490, 26, 8.02%, 0, 0, 3, 13.21
1747846835, 1, 847, 1494, 1490, 26, 8.02%, 0, 0, 3, 11.41
1747846850, 1, 848, 1494, 1490, 26, 8.02%, 0, 0, 3, 13.93
1747846855, 1, 849, 1494, 1490, 26, 8.02%, 0, 0, 3, 14.56
1747846866, 1, 850, 1494, 1490, 26, 8.02%, 0, 0, 3, 11.25
1747846881, 1, 851, 1494, 1490, 26, 8.02%, 0, 0, 3, 11.31
1747846891, 1, 852, 1494, 1490, 26, 8.02%, 0, 0, 3, 9.33
1747846907, 1, 854, 1494, 1490, 26, 8.02%, 0, 0, 3, 13.20
1747846912, 1, 856, 1494, 1490, 26, 8.02%, 0, 0, 3, 13.77
1747846922, 1, 859, 1494, 1490, 26, 8.02%, 0, 0, 3, 12.17
1747846933, 1, 861, 1494, 1490, 26, 8.02%, 0, 0, 3, 14.60
1747846943, 1, 862, 1494, 1490, 26, 8.02%, 0, 0, 3, 11.86
1747846953, 1, 863, 1494, 1490, 26, 8.02%, 0, 0, 3, 11.18
1747846969, 1, 864, 1494, 1490, 26, 8.02%, 0, 0, 3, 10.29
1747846979, 1, 865, 1494, 1490, 26, 8.02%, 0, 0, 3, 10.12
1747846994, 1, 866, 1494, 1490, 26, 8.02%, 0, 0, 3, 10.08
1747847004, 1, 868, 1494, 1490, 26, 8.02%, 0, 0, 3, 10.35
1747847019, 1, 871, 1494, 1490, 26, 8.02%, 0, 0, 3, 12.02
1747847030, 1, 874, 1494, 1490, 26, 8.02%, 0, 0, 3, 12.41
1747847040, 1, 875, 1494, 1490, 26, 8.02%, 0, 0, 3, 12.51
1747847050, 1, 877, 1494, 1490, 26, 8.02%, 0, 0, 3, 10.64
1747847066, 1, 878, 1494, 1490, 26, 8.02%, 0, 0, 3, 11.28
1747847076, 1, 879, 1494, 1490, 26, 8.02%, 0, 0, 3, 11.41
1747847086, 1, 880, 1494, 1490, 26, 8.02%, 0, 0, 3, 12.73
1747847096, 1, 881, 1494, 1490, 26, 8.02%, 0, 0, 3, 12.82
1747847107, 1, 883, 1494, 1490, 26, 8.02%, 0, 0, 3, 10.58
1747847122, 1, 884, 1494, 1490, 26, 8.02%, 0, 0, 3, 12.58
1747847127, 1, 885, 1494, 1490, 26, 8.02%, 0, 0, 3, 12.99
1747847143, 1, 888, 1494, 1490, 26, 8.02%, 0, 0, 3, 10.25
1747847153, 1, 889, 1494, 1490, 26, 8.02%, 0, 0, 3, 10.14
1747847168, 1, 891, 1494, 1490, 26, 8.02%, 0, 0, 3, 12.95
1747847178, 1, 892, 1494, 1490, 26, 8.02%, 0, 0, 3, 10.98
1747847188, 1, 893, 1494, 1490, 26, 8.02%, 0, 0, 3, 10.62
1747847204, 1, 894, 1494, 1490, 26, 8.02%, 0, 0, 3, 10.37
1747847214, 1, 895, 1494, 1490, 26, 8.02%, 0, 0, 3, 12.50
1747847225, 1, 896, 1494, 1490, 26, 8.02%, 0, 0, 3, 12.88
1747847235, 1, 897, 1494, 1490, 26, 8.02%, 0, 0, 3, 11.97
1747847246, 1, 898, 1494, 1490, 26, 8.02%, 0, 0, 3, 10.06
1747847261, 1, 899, 1494, 1490, 26, 8.02%, 0, 0, 3, 9.91
1747847272, 1, 899, 1495, 1491, 26, 8.02%, 0, 0, 3, 7.65
1747847287, 1, 900, 1495, 1491, 26, 8.02%, 0, 0, 3, 9.48
1747847297, 1, 902, 1495, 1491, 26, 8.02%, 0, 0, 3, 11.91
1747847313, 1, 903, 1495, 1491, 26, 8.02%, 0, 0, 3, 10.07
1747847323, 1, 905, 1495, 1491, 26, 8.02%, 0, 0, 3, 9.71
1747847333, 1, 907, 1495, 1491, 26, 8.02%, 0, 0, 3, 12.28
1747847348, 1, 907, 1496, 1492, 26, 8.02%, 0, 0, 3, 8.44
1747847364, 1, 909, 1496, 1492, 26, 8.02%, 0, 0, 3, 9.77
1747847374, 1, 910, 1496, 1492, 26, 8.02%, 0, 0, 3, 13.04
1747847384, 1, 911, 1496, 1492, 26, 8.02%, 0, 0, 3, 11.76
1747847394, 1, 912, 1496, 1492, 26, 8.02%, 0, 0, 3, 9.51
1747847409, 1, 913, 1496, 1492, 26, 8.02%, 0, 0, 3, 13.60
1747847415, 1, 914, 1496, 1492, 26, 8.02%, 0, 0, 3, 13.21
1747847430, 1, 918, 1496, 1492, 26, 8.02%, 0, 0, 3, 13.84
1747847435, 1, 919, 1496, 1492, 26, 8.02%, 0, 0, 3, 13.55
1747847450, 1, 920, 1496, 1492, 26, 8.02%, 0, 0, 3, 10.42
1747847466, 1, 921, 1496, 1492, 26, 8.02%, 0, 0, 3, 9.15
1747847476, 1, 922, 1496, 1492, 26, 8.02%, 0, 0, 3, 11.00
1747847486, 1, 923, 1496, 1492, 26, 8.02%, 0, 0, 3, 14.66
1747847496, 1, 924, 1496, 1492, 26, 8.02%, 0, 0, 3, 12.49
1747847507, 1, 925, 1496, 1492, 26, 8.02%, 0, 0, 3, 12.64
1747847517, 1, 928, 1496, 1492, 26, 8.02%, 0, 0, 3, 14.67
1747847522, 1, 929, 1496, 1492, 26, 8.02%, 0, 0, 3, 13.96
1747847538, 1, 930, 1496, 1492, 26, 8.02%, 0, 0, 3, 9.83
1747847548, 1, 932, 1496, 1492, 26, 8.02%, 0, 0, 3, 12.47
1747847558, 1, 933, 1496, 1492, 26, 8.02%, 0, 0, 3, 11.87
1747847568, 1, 935, 1496, 1492, 26, 8.02%, 0, 0, 3, 11.67
1747847579, 1, 936, 1496, 1492, 26, 8.02%, 0, 0, 3, 13.09
1747847589, 1, 939, 1496, 1492, 26, 8.02%, 0, 0, 3, 11.91
1747847599, 1, 940, 1496, 1492, 26, 8.02%, 0, 0, 3, 13.25
1747847609, 1, 941, 1496, 1492, 26, 8.02%, 0, 0, 3, 10.95
1747847625, 1, 942, 1496, 1492, 26, 8.02%, 0, 0, 3, 10.05
1747847635, 1, 943, 1496, 1492, 26, 8.02%, 0, 0, 3, 10.05
1747847645, 1, 944, 1496, 1492, 26, 8.02%, 0, 0, 3, 12.17
1747847656, 1, 945, 1496, 1492, 26, 8.02%, 0, 0, 3, 11.01
1747847671, 1, 946, 1496, 1492, 26, 8.02%, 0, 0, 3, 11.09
1747847681, 1, 948, 1496, 1492, 26, 8.02%, 0, 0, 3, 10.56
1747847691, 1, 949, 1496, 1492, 26, 8.02%, 0, 0, 3, 12.11
1747847697, 1, 949, 1497, 1493, 26, 8.02%, 0, 0, 3, 8.41
1747847722, 1, 950, 1497, 1493, 26, 8.02%, 0, 0, 3, 9.50
1747847732, 1, 951, 1497, 1493, 26, 8.02%, 0, 0, 3, 11.03
1747847743, 1, 956, 1497, 1493, 26, 8.02%, 0, 0, 3, 10.56
1747847758, 1, 957, 1498, 1494, 26, 8.02%, 0, 0, 3, 8.62
1747847763, 1, 957, 1499, 1495, 26, 8.02%, 0, 0, 3, 8.91
1747847809, 1, 958, 1499, 1495, 26, 8.02%, 0, 0, 3, 11.52
1747847820, 1, 960, 1499, 1495, 26, 8.02%, 0, 0, 3, 14.22
1747847830, 1, 962, 1499, 1495, 26, 8.02%, 0, 0, 3, 11.84
1747847840, 1, 963, 1499, 1495, 26, 8.02%, 0, 0, 3, 9.61
1747847856, 1, 965, 1499, 1495, 26, 8.02%, 0, 0, 3, 13.26
1747847866, 1, 966, 1499, 1495, 26, 8.02%, 0, 0, 3, 12.37
1747847876, 1, 968, 1499, 1495, 26, 8.02%, 0, 0, 3, 11.73
1747847886, 1, 969, 1499, 1495, 26, 8.02%, 0, 0, 3, 11.06
1747847902, 1, 971, 1499, 1495, 26, 8.02%, 0, 0, 3, 12.06
1747847912, 1, 972, 1499, 1495, 26, 8.02%, 0, 0, 3, 13.60
1747847917, 1, 973, 1499, 1495, 26, 8.02%, 0, 0, 3, 14.23
1747847928, 1, 974, 1499, 1495, 26, 8.02%, 0, 0, 3, 14.71
1747847938, 1, 976, 1499, 1495, 26, 8.02%, 0, 0, 3, 12.92
1747847948, 1, 977, 1499, 1495, 26, 8.02%, 0, 0, 3, 11.31
1747847964, 1, 979, 1499, 1495, 26, 8.02%, 0, 0, 3, 13.51
1747847969, 1, 980, 1499, 1495, 26, 8.02%, 0, 0, 3, 14.59
1747847979, 1, 981, 1499, 1495, 26, 8.02%, 0, 0, 3, 12.16
1747847994, 1, 983, 1499, 1495, 26, 8.02%, 0, 0, 3, 10.64
1747848004, 1, 984, 1499, 1495, 26, 8.02%, 0, 0, 3, 12.10
1747848014, 1, 986, 1499, 1495, 26, 8.02%, 0, 0, 3, 14.62
1747848025, 1, 987, 1499, 1495, 26, 8.02%, 0, 0, 3, 12.09
1747848035, 1, 988, 1499, 1495, 26, 8.02%, 0, 0, 3, 11.51
1747848046, 1, 989, 1499, 1495, 26, 8.02%, 0, 0, 3, 14.34
1747848051, 1, 990, 1499, 1495, 26, 8.02%, 0, 0, 3, 14.29
1747848066, 1, 991, 1499, 1495, 26, 8.02%, 0, 0, 3, 10.13
1747848077, 1, 992, 1499, 1495, 26, 8.02%, 0, 0, 3, 11.47
1747848092, 1, 993, 1499, 1495, 26, 8.02%, 0, 0, 3, 10.41
1747848102, 1, 994, 1499, 1495, 26, 8.02%, 0, 0, 3, 10.48
1747848118, 1, 995, 1499, 1495, 26, 8.02%, 0, 0, 3, 10.80
1747848128, 1, 996, 1499, 1495, 26, 8.02%, 0, 0, 3, 11.20
1747848138, 1, 997, 1499, 1495, 26, 8.02%, 0, 0, 3, 12.30
1747848149, 1, 998, 1499, 1495, 26, 8.02%, 0, 0, 3, 11.05
1747848159, 1, 999, 1499, 1495, 26, 8.02%, 0, 0, 3, 12.59
1747848169, 1, 1001, 1499, 1495, 26, 8.02%, 0, 0, 3, 11.66
1747848179, 1, 1002, 1499, 1495, 26, 8.02%, 0, 0, 3, 12.02
1747848195, 1, 1003, 1499, 1495, 26, 8.02%, 0, 0, 3, 10.45
1747848205, 1, 1004, 1499, 1495, 26, 8.02%, 0, 0, 3, 12.76
1747848215, 1, 1005, 1499, 1495, 26, 8.02%, 0, 0, 3, 14.65
1747848220, 1, 1006, 1499, 1495, 26, 8.02%, 0, 0, 3, 14.48
1747848236, 1, 1007, 1499, 1495, 26, 8.02%, 0, 0, 3, 11.08
1747848246, 1, 1008, 1499, 1495, 26, 8.02%, 0, 0, 3, 13.28
1747848256, 1, 1009, 1499, 1495, 26, 8.02%, 0, 0, 3, 14.45
1747848261, 1, 1011, 1499, 1495, 26, 8.02%, 0, 0, 3, 13.86
1747848276, 1, 1013, 1499, 1495, 26, 8.02%, 0, 0, 3, 10.95
1747848287, 1, 1014, 1499, 1495, 26, 8.02%, 0, 0, 3, 11.73
1747848297, 1, 1015, 1499, 1495, 26, 8.02%, 0, 0, 3, 11.89
1747848312, 1, 1017, 1499, 1495, 26, 8.02%, 0, 0, 3, 11.08
1747848322, 1, 1018, 1499, 1495, 26, 8.02%, 0, 0, 3, 9.77
1747848333, 1, 1021, 1499, 1495, 26, 8.02%, 0, 0, 3, 12.71
1747848348, 1, 1022, 1499, 1495, 26, 8.02%, 0, 0, 3, 11.23
1747848358, 1, 1023, 1499, 1495, 26, 8.02%, 0, 0, 3, 10.73
1747848368, 1, 1024, 1499, 1495, 26, 8.02%, 0, 0, 3, 14.75
1747848378, 1, 1027, 1499, 1495, 26, 8.02%, 0, 0, 3, 12.51
1747848389, 1, 1028, 1499, 1495, 26, 8.02%, 0, 0, 3, 11.80
1747848399, 1, 1029, 1499, 1495, 26, 8.02%, 0, 0, 3, 10.60
1747848409, 1, 1030, 1499, 1495, 26, 8.02%, 0, 0, 3, 11.16
1747848425, 1, 1031, 1499, 1495, 26, 8.02%, 0, 0, 3, 9.26
1747848435, 1, 1034, 1499, 1495, 26, 8.02%, 0, 0, 3, 10.13
1747848445, 1, 1035, 1499, 1495, 26, 8.02%, 0, 0, 3, 12.53
1747848461, 1, 1038, 1499, 1495, 26, 8.02%, 0, 0, 3, 10.31
1747848471, 1, 1040, 1499, 1495, 26, 8.02%, 0, 0, 3, 12.51
1747848481, 1, 1043, 1499, 1495, 26, 8.02%, 0, 0, 3, 11.00
1747848491, 1, 1043, 1500, 1496, 26, 8.02%, 0, 0, 3, 8.79
1747848507, 1, 1045, 1500, 1496, 26, 8.02%, 0, 0, 3, 13.24
1747848512, 1, 1046, 1500, 1496, 26, 8.02%, 0, 0, 3, 13.77
1747848527, 1, 1047, 1500, 1496, 26, 8.02%, 0, 0, 3, 12.25
1747848538, 1, 1048, 1500, 1496, 26, 8.02%, 0, 0, 3, 12.26
1747848548, 1, 1049, 1500, 1496, 26, 8.02%, 0, 0, 3, 10.44
1747848558, 1, 1051, 1500, 1496, 26, 8.02%, 0, 0, 3, 11.02
1747848574, 1, 1052, 1500, 1496, 26, 8.02%, 0, 0, 3, 13.33
1747848579, 1, 1053, 1500, 1496, 26, 8.02%, 0, 0, 3, 13.89
1747848594, 1, 1054, 1500, 1496, 26, 8.02%, 0, 0, 3, 11.61
1747848605, 1, 1056, 1500, 1496, 26, 8.02%, 0, 0, 3, 10.55
1747848620, 1, 1057, 1500, 1496, 26, 8.02%, 0, 0, 3, 10.55
1747848630, 1, 1058, 1500, 1496, 26, 8.02%, 0, 0, 3, 9.66
1747848646, 1, 1060, 1500, 1496, 26, 8.02%, 0, 0, 3, 12.73
1747848656, 1, 1061, 1500, 1496, 26, 8.02%, 0, 0, 3, 10.03
1747848666, 1, 1065, 1500, 1496, 26, 8.02%, 0, 0, 3, 12.24
1747848676, 1, 1066, 1500, 1496, 26, 8.02%, 0, 0, 3, 11.75
1747848681, 1, 1066, 1501, 1497, 26, 8.02%, 0, 0, 3, 10.07
1747848697, 1, 1067, 1501, 1497, 26, 8.02%, 0, 0, 3, 11.62
1747848712, 1, 1068, 1501, 1497, 26, 8.02%, 0, 0, 3, 13.39
1747848717, 1, 1069, 1501, 1497, 26, 8.02%, 0, 0, 3, 14.30
1747848733, 1, 1070, 1501, 1497, 26, 8.02%, 0, 0, 3, 13.70
1747848738, 1, 1071, 1501, 1497, 26, 8.02%, 0, 0, 3, 13.85
1747848753, 1, 1072, 1501, 1497, 26, 8.02%, 0, 0, 3, 11.46
1747848764, 1, 1072, 1503, 1499, 26, 8.02%, 0, 0, 3, 13.80
1747848789, 1, 1073, 1503, 1499, 26, 8.02%, 0, 0, 3, 11.94
1747848799, 1, 1073, 1504, 1500, 26, 8.02%, 0, 0, 3, 7.43
1747848820, 1, 1074, 1504, 1500, 26, 8.02%, 0, 0, 3, 10.75
1747848830, 1, 1075, 1504, 1500, 26, 8.02%, 0, 0, 3, 10.45
1747848846, 1, 1076, 1504, 1500, 26, 8.02%, 0, 0, 3, 10.36
1747848856, 1, 1077, 1504, 1500, 26, 8.02%, 0, 0, 3, 10.55
1747848866, 1, 1078, 1504, 1500, 26, 8.02%, 0, 0, 3, 11.27
1747848882, 1, 1079, 1504, 1500, 26, 8.02%, 0, 0, 3, 13.27
1747848887, 1, 1080, 1504, 1500, 26, 8.02%, 0, 0, 3, 14.20
1747848897, 1, 1083, 1504, 1500, 26, 8.02%, 0, 0, 3, 12.42
1747848907, 1, 1084, 1504, 1500, 26, 8.02%, 0, 0, 3, 11.87
1747848923, 1, 1085, 1504, 1500, 26, 8.02%, 0, 0, 3, 12.88
1747848933, 1, 1086, 1504, 1500, 26, 8.02%, 0, 0, 3, 14.66
1747848938, 1, 1087, 1504, 1500, 26, 8.02%, 0, 0, 3, 13.89
1747848948, 1, 1088, 1504, 1500, 26, 8.02%, 0, 0, 3, 11.81
1747848963, 1, 1089, 1504, 1500, 26, 8.02%, 0, 0, 3, 13.21
1747848968, 1, 1090, 1504, 1500, 26, 8.02%, 0, 0, 3, 14.23
1747848979, 1, 1091, 1504, 1500, 26, 8.02%, 0, 0, 3, 14.39
1747848989, 1, 1092, 1504, 1500, 26, 8.02%, 0, 0, 3, 14.51
1747848999, 1, 1093, 1504, 1500, 26, 8.02%, 0, 0, 3, 12.42
1747849009, 1, 1095, 1504, 1500, 26, 8.02%, 0, 0, 3, 13.39
1747849020, 1, 1096, 1504, 1500, 26, 8.02%, 0, 0, 3, 10.91
1747849030, 1, 1097, 1504, 1500, 26, 8.02%, 0, 0, 3, 10.47
1747849046, 1, 1098, 1504, 1500, 26, 8.02%, 0, 0, 3, 10.47
1747849056, 1, 1099, 1504, 1500, 26, 8.02%, 0, 0, 3, 13.43
1747849061, 1, 1100, 1504, 1500, 26, 8.02%, 0, 0, 3, 14.48
1747849076, 1, 1102, 1504, 1500, 26, 8.02%, 0, 0, 3, 9.70
1747849087, 1, 1103, 1504, 1500, 26, 8.02%, 0, 0, 3, 10.38
1747849102, 1, 1104, 1504, 1500, 26, 8.02%, 0, 0, 3, 11.74
1747849112, 1, 1106, 1504, 1500, 26, 8.02%, 0, 0, 3, 11.08
1747849123, 1, 1107, 1504, 1500, 26, 8.02%, 0, 0, 3, 12.96
1747849133, 1, 1108, 1504, 1500, 26, 8.02%, 0, 0, 3, 11.88
1747849149, 1, 1109, 1504, 1500, 26, 8.02%, 0, 0, 3, 13.87
1747849154, 1, 1110, 1504, 1500, 26, 8.02%, 0, 0, 3, 14.13
1747849169, 1, 1111, 1504, 1500, 26, 8.02%, 0, 0, 3, 14.07
1747849174, 1, 1112, 1504, 1500, 26, 8.02%, 0, 0, 3, 14.38
1747849185, 1, 1113, 1504, 1500, 26, 8.02%, 0, 0, 3, 11.90
1747849195, 1, 1114, 1504, 1500, 26, 8.02%, 0, 0, 3, 12.98
1747849210, 1, 1116, 1504, 1500, 26, 8.02%, 0, 0, 3, 11.44
1747849221, 1, 1117, 1505, 1501, 26, 8.02%, 0, 0, 3, 11.95
1747849241, 1, 1118, 1505, 1501, 26, 8.02%, 0, 0, 3, 11.34
1747849246, 1, 1118, 1506, 1502, 26, 8.02%, 0, 0, 3, 10.31
1747849267, 1, 1119, 1506, 1502, 26, 8.02%, 0, 0, 3, 10.94
1747849277, 1, 1121, 1506, 1502, 26, 8.02%, 0, 0, 3, 11.21
1747849288, 1, 1123, 1506, 1502, 26, 8.02%, 0, 0, 3, 10.59
1747849298, 1, 1124, 1506, 1502, 26, 8.02%, 0, 0, 3, 12.86
1747849303, 1, 1124, 1507, 1503, 26, 8.02%, 0, 0, 3, 9.06
1747849324, 1, 1124, 1508, 1504, 26, 8.02%, 0, 0, 3, 8.72
1747849349, 1, 1125, 1508, 1504, 26, 8.02%, 0, 0, 3, 10.88
1747849365, 1, 1126, 1508, 1504, 26, 8.02%, 0, 0, 3, 10.81
1747849375, 1, 1127, 1508, 1504, 26, 8.02%, 0, 0, 3, 11.49
1747849385, 1, 1129, 1508, 1504, 26, 8.02%, 0, 0, 3, 11.99
1747849401, 1, 1130, 1508, 1504, 26, 8.02%, 0, 0, 3, 13.26
1747849406, 1, 1131, 1508, 1504, 26, 8.02%, 0, 0, 3, 13.23
1747849421, 1, 1134, 1508, 1504, 26, 8.02%, 0, 0, 3, 9.79
1747849431, 1, 1135, 1508, 1504, 26, 8.02%, 0, 0, 3, 9.71
1747849447, 1, 1136, 1508, 1504, 26, 8.02%, 0, 0, 3, 10.21
1747849457, 1, 1137, 1508, 1504, 26, 8.02%, 0, 0, 3, 10.84
1747849467, 1, 1138, 1508, 1504, 26, 8.02%, 0, 0, 3, 10.68
1747849477, 1, 1139, 1508, 1504, 26, 8.02%, 0, 0, 3, 12.89
1747849493, 1, 1140, 1508, 1504, 26, 8.02%, 0, 0, 3, 9.74
1747849508, 1, 1141, 1508, 1504, 26, 8.02%, 0, 0, 3, 10.30
1747849518, 1, 1145, 1508, 1504, 26, 8.02%, 0, 0, 3, 13.00
1747849529, 1, 1146, 1508, 1504, 26, 8.02%, 0, 0, 3, 11.99
1747849539, 1, 1147, 1508, 1504, 26, 8.02%, 0, 0, 3, 10.15
1747849554, 1, 1148, 1508, 1504, 26, 8.02%, 0, 0, 3, 13.05
1747849560, 1, 1149, 1508, 1504, 26, 8.02%, 0, 0, 3, 13.62
1747849575, 1, 1150, 1508, 1504, 26, 8.02%, 0, 0, 3, 14.08
1747849580, 1, 1152, 1508, 1504, 26, 8.02%, 0, 0, 3, 13.75
1747849596, 1, 1154, 1508, 1504, 26, 8.02%, 0, 0, 3, 10.68
1747849606, 1, 1155, 1508, 1504, 26, 8.02%, 0, 0, 3, 11.09
1747849616, 1, 1160, 1508, 1504, 26, 8.02%, 0, 0, 3, 11.31
1747849626, 1, 1161, 1508, 1504, 26, 8.02%, 0, 0, 3, 12.15
1747849642, 1, 1162, 1508, 1504, 26, 8.02%, 0, 0, 3, 13.22
1747849652, 1, 1163, 1508, 1504, 26, 8.02%, 0, 0, 3, 14.58
1747849657, 1, 1164, 1508, 1504, 26, 8.02%, 0, 0, 3, 13.88
1747849673, 1, 1165, 1508, 1504, 26, 8.02%, 0, 0, 3, 13.93
1747849678, 1, 1166, 1508, 1504, 26, 8.02%, 0, 0, 3, 13.39
1747849688, 1, 1167, 1508, 1504, 26, 8.02%, 0, 0, 3, 11.77
1747849703, 1, 1168, 1508, 1504, 26, 8.02%, 0, 0, 3, 10.83
1747849714, 1, 1169, 1508, 1504, 26, 8.02%, 0, 0, 3, 12.92
1747849724, 1, 1170, 1508, 1504, 26, 8.02%, 0, 0, 3, 12.77
1747849734, 1, 1171, 1508, 1504, 26, 8.02%, 0, 0, 3, 12.84
1747849744, 1, 1172, 1508, 1504, 26, 8.02%, 0, 0, 3, 11.76
1747849755, 1, 1173, 1508, 1504, 26, 8.02%, 0, 0, 3, 9.87
1747849770, 1, 1175, 1508, 1504, 26, 8.02%, 0, 0, 3, 9.28
1747849780, 1, 1176, 1508, 1504, 26, 8.02%, 0, 0, 3, 11.69
1747849796, 1, 1177, 1508, 1504, 26, 8.02%, 0, 0, 3, 10.40
1747849806, 1, 1178, 1508, 1504, 26, 8.02%, 0, 0, 3, 9.98
1747849816, 1, 1179, 1508, 1504, 26, 8.02%, 0, 0, 3, 12.25
1747849827, 1, 1180, 1508, 1504, 26, 8.02%, 0, 0, 3, 14.86
1747849837, 1, 1181, 1508, 1504, 26, 8.02%, 0, 0, 3, 14.28
1747849842, 1, 1182, 1508, 1504, 26, 8.02%, 0, 0, 3, 14.26
1747849857, 1, 1185, 1508, 1504, 26, 8.02%, 0, 0, 3, 10.59
1747849867, 1, 1187, 1508, 1504, 26, 8.02%, 0, 0, 3, 10.31
1747849878, 1, 1188, 1508, 1504, 26, 8.02%, 0, 0, 3, 12.93
1747849888, 1, 1191, 1508, 1504, 26, 8.02%, 0, 0, 3, 11.36
1747849898, 1, 1192, 1508, 1504, 26, 8.02%, 0, 0, 3, 14.20
1747849908, 1, 1193, 1508, 1504, 26, 8.02%, 0, 0, 3, 12.89
1747849919, 1, 1194, 1508, 1504, 26, 8.02%, 0, 0, 3, 11.12
1747849929, 1, 1195, 1508, 1504, 26, 8.02%, 0, 0, 3, 10.73
1747849940, 1, 1196, 1508, 1504, 26, 8.02%, 0, 0, 3, 13.29
1747849950, 1, 1197, 1508, 1504, 26, 8.02%, 0, 0, 3, 13.02
1747849960, 1, 1198, 1508, 1504, 26, 8.02%, 0, 0, 3, 12.79
1747849970, 1, 1199, 1508, 1504, 26, 8.02%, 0, 0, 3, 12.65
1747849980, 1, 1200, 1508, 1504, 26, 8.02%, 0, 0, 3, 11.86
1747849990, 1, 1201, 1508, 1504, 26, 8.02%, 0, 0, 3, 12.30
1747850001, 1, 1202, 1508, 1504, 26, 8.02%, 0, 0, 3, 12.83
1747850011, 1, 1203, 1508, 1504, 26, 8.02%, 0, 0, 3, 11.61
1747850026, 1, 1204, 1508, 1504, 26, 8.02%, 0, 0, 3, 13.73
1747850031, 1, 1205, 1508, 1504, 26, 8.02%, 0, 0, 3, 13.89
1747850047, 1, 1206, 1508, 1504, 26, 8.02%, 0, 0, 3, 11.06
1747850057, 1, 1207, 1508, 1504, 26, 8.02%, 0, 0, 3, 10.15
1747850067, 1, 1209, 1508, 1504, 26, 8.02%, 0, 0, 3, 11.43
1747850082, 1, 1210, 1508, 1504, 26, 8.02%, 0, 0, 3, 11.16
1747850092, 1, 1211, 1508, 1504, 26, 8.02%, 0, 0, 3, 10.06
1747850108, 1, 1212, 1508, 1504, 26, 8.02%, 0, 0, 3, 9.62
1747850118, 1, 1213, 1508, 1504, 26, 8.02%, 0, 0, 3, 10.07
1747850134, 1, 1214, 1508, 1504, 26, 8.02%, 0, 0, 3, 12.07
1747850144, 1, 1216, 1508, 1504, 26, 8.02%, 0, 0, 3, 12.40
1747850154, 1, 1217, 1508, 1504, 26, 8.02%, 0, 0, 3, 10.46
1747850165, 1, 1218, 1508, 1504, 26, 8.02%, 0, 0, 3, 10.91
1747850180, 1, 1219, 1508, 1504, 26, 8.02%, 0, 0, 3, 13.19
1747850185, 1, 1220, 1508, 1504, 26, 8.02%, 0, 0, 3, 14.14
1747850200, 1, 1221, 1508, 1504, 26, 8.02%, 0, 0, 3, 13.61
1747850205, 1, 1222, 1508, 1504, 26, 8.02%, 0, 0, 3, 14.48
1747850216, 1, 1223, 1508, 1504, 26, 8.02%, 0, 0, 3, 12.73
1747850231, 1, 1224, 1508, 1504, 26, 8.02%, 0, 0, 3, 9.81
1747850241, 1, 1227, 1508, 1504, 26, 8.02%, 0, 0, 3, 11.69
1747850251, 1, 1229, 1508, 1504, 26, 8.02%, 0, 0, 3, 14.80
1747850262, 1, 1230, 1508, 1504, 26, 8.02%, 0, 0, 3, 10.90
1747850272, 1, 1231, 1509, 1505, 26, 8.02%, 0, 0, 3, 15.70
1747850288, 1, 1232, 1509, 1505, 27, 8.02%, 0, 0, 3, 20.92
1747850293, 1, 1233, 1509, 1505, 27, 8.02%, 0, 0, 3, 19.41
1747850298, 1, 1236, 1509, 1505, 27, 8.02%, 0, 0, 3, 17.58
1747850308, 1, 1237, 1509, 1505, 27, 8.02%, 0, 0, 3, 16.26
1747850313, 1, 1238, 1509, 1505, 27, 8.02%, 0, 0, 3, 18.81
1747850318, 1, 1239, 1509, 1505, 27, 8.02%, 0, 0, 3, 22.13
1747850329, 1, 1240, 1509, 1505, 27, 8.02%, 0, 0, 3, 18.83
1747850334, 1, 1241, 1509, 1505, 27, 8.02%, 0, 0, 3, 20.93
1747850339, 1, 1242, 1509, 1505, 27, 8.02%, 0, 0, 3, 21.41
1747850349, 1, 1243, 1509, 1505, 27, 8.02%, 0, 0, 3, 22.54
1747850354, 1, 1244, 1509, 1505, 27, 8.02%, 0, 0, 3, 18.51
1747850359, 1, 1245, 1509, 1505, 27, 8.02%, 0, 0, 3, 18.80
1747850364, 1, 1246, 1509, 1505, 27, 8.02%, 0, 0, 3, 18.35
1747850375, 1, 1248, 1509, 1505, 27, 8.02%, 0, 0, 3, 21.31
1747850380, 1, 1249, 1509, 1505, 27, 8.02%, 0, 0, 3, 19.84
1747850385, 1, 1250, 1509, 1505, 27, 8.02%, 0, 0, 3, 20.44
1747850390, 1, 1252, 1509, 1505, 27, 8.02%, 0, 0, 3, 23.32
1747850395, 1, 1254, 1509, 1505, 27, 8.02%, 0, 0, 3, 23.06
1747850405, 1, 1255, 1509, 1505, 27, 8.02%, 0, 0, 3, 22.54
1747850410, 1, 1256, 1509, 1505, 27, 8.02%, 0, 0, 3, 24.33
1747850416, 1, 1258, 1509, 1505, 27, 8.02%, 0, 0, 3, 24.25
1747850421, 1, 1259, 1509, 1505, 27, 8.02%, 0, 0, 3, 18.38
1747850426, 1, 1261, 1509, 1505, 27, 8.02%, 0, 0, 3, 18.25
1747850431, 1, 1262, 1509, 1505, 27, 8.02%, 0, 0, 3, 23.32
1747850436, 1, 1263, 1509, 1505, 27, 8.02%, 0, 0, 3, 23.63
1747850446, 1, 1264, 1509, 1505, 27, 8.02%, 0, 0, 3, 18.54
1747850451, 1, 1265, 1509, 1505, 27, 8.02%, 0, 0, 3, 19.84
1747850457, 1, 1266, 1509, 1505, 27, 8.02%, 0, 0, 3, 18.55
1747850467, 1, 1267, 1509, 1505, 27, 8.02%, 0, 0, 3, 16.71
1747850472, 1, 1268, 1509, 1505, 27, 8.02%, 0, 0, 3, 18.98
1747850477, 1, 1269, 1509, 1505, 27, 8.02%, 0, 0, 3, 22.39
1747850487, 1, 1271, 1509, 1505, 27, 8.02%, 0, 0, 3, 15.67
1747850651, 1, 1271, 1510, 1506, 27, 8.02%, 0, 0, 4, 9.26
1747850902, 1, 1271, 1511, 1507, 27, 8.02%, 0, 0, 4, 8.96
