# unix_time, cycles_done, cur_path, paths_total, pending_total, pending_favs, map_size, unique_crashes, unique_hangs, max_depth, execs_per_sec
1747774287, 0, 0, 1, 1, 1, 4.92%, 0, 0, 1, 31.62
1747774292, 0, 0, 19, 19, 1, 6.07%, 0, 0, 2, 32.20
1747774297, 0, 0, 37, 37, 1, 6.07%, 0, 0, 2, 31.96
1747774302, 0, 0, 56, 56, 1, 6.07%, 0, 0, 2, 32.18
1747774307, 0, 0, 74, 74, 1, 6.07%, 0, 0, 2, 32.11
1747774312, 0, 0, 89, 89, 1, 6.17%, 0, 0, 2, 28.83
1747774317, 0, 0, 101, 101, 1, 6.28%, 0, 0, 2, 26.87
1747774323, 0, 0, 113, 113, 1, 6.28%, 0, 0, 2, 25.16
1747774328, 0, 0, 124, 124, 1, 6.28%, 0, 0, 2, 25.23
1747774333, 0, 0, 135, 135, 1, 6.28%, 0, 0, 2, 27.39
1747774338, 0, 0, 145, 145, 1, 6.28%, 0, 0, 2, 25.56
1747774343, 0, 0, 156, 156, 1, 6.28%, 0, 0, 2, 25.44
1747774348, 0, 0, 165, 165, 1, 6.29%, 0, 0, 2, 24.31
1747774353, 0, 0, 177, 177, 1, 6.30%, 0, 0, 2, 25.43
1747774358, 0, 0, 185, 185, 1, 6.30%, 0, 0, 2, 26.87
1747774363, 0, 0, 194, 194, 1, 6.41%, 0, 0, 2, 25.19
1747774368, 0, 0, 201, 201, 1, 6.41%, 0, 0, 2, 24.70
1747774373, 0, 0, 212, 212, 1, 6.41%, 0, 0, 2, 25.65
1747774378, 0, 0, 220, 220, 1, 6.41%, 0, 0, 2, 25.42
1747774383, 0, 0, 227, 227, 1, 6.41%, 0, 0, 2, 24.76
1747774388, 0, 0, 234, 234, 1, 6.41%, 0, 0, 2, 26.32
1747774393, 0, 0, 241, 241, 1, 6.41%, 0, 0, 2, 23.90
1747774398, 0, 0, 250, 250, 1, 6.48%, 0, 0, 2, 22.66
1747774403, 0, 0, 258, 258, 1, 6.48%, 0, 0, 2, 25.28
1747774409, 0, 0, 263, 263, 1, 6.48%, 0, 0, 2, 24.93
1747774414, 0, 0, 270, 270, 1, 6.48%, 0, 0, 2, 28.70
1747774419, 0, 0, 276, 276, 1, 6.64%, 0, 0, 2, 23.86
1747774424, 0, 0, 284, 284, 1, 6.64%, 0, 0, 2, 23.83
1747774429, 0, 0, 290, 290, 1, 6.64%, 0, 0, 2, 24.96
1747774434, 0, 0, 296, 296, 1, 6.64%, 0, 0, 2, 26.65
1747774439, 0, 0, 301, 301, 1, 6.64%, 0, 0, 2, 25.88
1747774444, 0, 0, 304, 304, 1, 6.64%, 0, 0, 2, 24.56
1747774450, 0, 0, 309, 309, 1, 6.64%, 0, 0, 2, 24.94
1747774455, 0, 0, 315, 315, 1, 6.64%, 0, 0, 2, 27.36
1747774460, 0, 0, 319, 319, 1, 6.64%, 0, 0, 2, 26.88
1747774465, 0, 0, 325, 325, 1, 6.64%, 0, 0, 2, 25.72
1747774470, 0, 0, 328, 328, 1, 6.64%, 0, 0, 2, 25.81
1747774475, 0, 0, 333, 333, 1, 6.64%, 0, 0, 2, 24.13
1747774480, 0, 0, 337, 337, 1, 6.64%, 0, 0, 2, 24.86
1747774485, 0, 0, 341, 341, 1, 6.64%, 0, 0, 2, 24.75
1747774490, 0, 0, 343, 343, 1, 6.64%, 0, 0, 2, 25.09
1747774495, 0, 0, 344, 344, 1, 6.64%, 0, 0, 2, 25.00
1747774500, 0, 0, 348, 348, 1, 6.64%, 0, 0, 2, 25.70
1747774505, 0, 0, 349, 349, 1, 6.64%, 0, 0, 2, 25.59
1747774511, 0, 0, 351, 351, 1, 6.64%, 0, 0, 2, 25.79
1747774516, 0, 0, 355, 355, 1, 6.64%, 0, 0, 2, 25.47
1747774521, 0, 0, 359, 359, 1, 6.64%, 0, 0, 2, 25.29
1747774526, 0, 0, 364, 364, 1, 6.64%, 0, 0, 2, 24.11
1747774531, 0, 0, 366, 366, 1, 6.64%, 0, 0, 2, 25.69
1747774536, 0, 0, 369, 369, 1, 6.64%, 0, 0, 2, 24.74
1747774541, 0, 0, 371, 371, 1, 6.64%, 0, 0, 2, 24.37
1747774546, 0, 0, 374, 374, 1, 6.64%, 0, 0, 2, 24.55
1747774551, 0, 0, 376, 376, 1, 6.64%, 0, 0, 2, 25.29
1747774557, 0, 0, 379, 379, 1, 6.64%, 0, 0, 2, 25.46
1747774567, 0, 0, 382, 382, 1, 6.64%, 0, 0, 2, 24.71
1747774572, 0, 0, 383, 383, 1, 6.64%, 0, 0, 2, 25.76
1747774577, 0, 0, 384, 384, 1, 6.64%, 0, 0, 2, 25.25
1747774582, 0, 0, 387, 387, 1, 6.64%, 0, 0, 2, 25.13
1747774587, 0, 0, 388, 388, 1, 6.64%, 0, 0, 2, 25.88
1747774602, 0, 0, 391, 391, 1, 6.64%, 0, 0, 2, 24.74
1747774607, 0, 0, 393, 393, 1, 6.81%, 0, 0, 2, 23.56
1747774612, 0, 0, 394, 394, 1, 6.81%, 0, 0, 2, 25.51
1747774618, 0, 0, 397, 397, 1, 6.81%, 0, 0, 2, 25.01
1747774623, 0, 0, 398, 398, 1, 6.81%, 0, 0, 2, 25.36
1747774628, 0, 0, 399, 399, 1, 6.81%, 0, 0, 2, 27.21
1747774633, 0, 0, 401, 401, 1, 6.81%, 0, 0, 2, 25.28
1747774648, 0, 0, 403, 403, 1, 6.81%, 0, 0, 2, 25.41
1747774653, 0, 0, 404, 404, 1, 6.81%, 0, 0, 2, 26.64
1747774663, 0, 0, 407, 407, 1, 6.81%, 0, 0, 2, 25.81
1747774668, 0, 1, 409, 408, 11, 6.81%, 0, 0, 2, 23.40
1747774674, 0, 1, 414, 413, 11, 6.81%, 0, 0, 2, 18.88
1747774679, 0, 1, 419, 418, 11, 6.82%, 0, 0, 2, 16.92
1747774684, 0, 1, 422, 421, 11, 7.11%, 0, 0, 2, 15.86
1747774689, 0, 1, 425, 424, 11, 7.11%, 0, 0, 2, 16.03
1747774694, 0, 1, 427, 426, 11, 7.11%, 0, 0, 2, 18.11
1747774699, 0, 1, 430, 429, 11, 7.13%, 0, 0, 2, 17.17
1747774704, 0, 1, 436, 435, 11, 7.13%, 0, 0, 2, 16.99
1747774709, 0, 1, 440, 439, 11, 7.18%, 0, 0, 2, 17.85
1747774715, 0, 1, 444, 443, 11, 7.18%, 0, 0, 2, 17.29
1747774720, 0, 1, 446, 445, 11, 7.18%, 0, 0, 2, 16.34
1747774725, 0, 1, 452, 451, 11, 7.18%, 0, 0, 2, 14.99
1747774730, 0, 1, 455, 454, 11, 7.18%, 0, 0, 2, 16.78
1747774735, 0, 1, 459, 458, 11, 7.20%, 0, 0, 2, 15.52
1747774740, 0, 1, 460, 459, 11, 7.21%, 0, 0, 2, 15.50
1747774745, 0, 1, 463, 462, 11, 7.21%, 0, 0, 2, 16.52
1747774750, 0, 1, 466, 465, 11, 7.21%, 0, 0, 2, 16.01
1747774756, 0, 1, 470, 469, 11, 7.21%, 0, 0, 2, 14.48
1747774761, 0, 1, 473, 472, 11, 7.21%, 0, 0, 2, 16.38
1747774766, 0, 1, 477, 476, 11, 7.21%, 0, 0, 2, 14.96
1747774771, 0, 1, 479, 478, 11, 7.21%, 0, 0, 2, 16.47
1747774776, 0, 1, 482, 481, 11, 7.21%, 0, 0, 2, 14.93
1747774781, 0, 1, 484, 483, 11, 7.21%, 0, 0, 2, 15.82
1747774792, 0, 1, 485, 484, 11, 7.21%, 0, 0, 2, 17.09
1747774797, 0, 1, 487, 486, 11, 7.21%, 0, 0, 2, 16.27
1747774802, 0, 1, 489, 488, 11, 7.21%, 0, 0, 2, 16.23
1747774807, 0, 1, 490, 489, 11, 7.21%, 0, 0, 2, 16.03
1747774812, 0, 2, 491, 490, 20, 7.21%, 0, 0, 2, 16.70
1747774817, 0, 3, 491, 490, 20, 7.21%, 0, 0, 2, 17.75
1747774823, 0, 6, 493, 492, 20, 7.21%, 0, 0, 2, 17.78
1747774828, 0, 6, 496, 495, 20, 7.21%, 0, 0, 2, 17.91
1747774838, 0, 6, 497, 496, 20, 7.21%, 0, 0, 2, 17.98
1747774843, 0, 6, 500, 499, 20, 7.21%, 0, 0, 2, 17.79
1747774853, 0, 6, 502, 501, 20, 7.21%, 0, 0, 2, 15.78
1747774858, 0, 6, 503, 502, 20, 7.21%, 0, 0, 2, 16.50
1747774864, 0, 6, 504, 503, 20, 7.21%, 0, 0, 2, 16.67
1747774869, 0, 6, 505, 504, 20, 7.21%, 0, 0, 2, 17.58
1747774879, 0, 6, 507, 506, 20, 7.21%, 0, 0, 2, 16.63
1747774889, 0, 6, 509, 508, 20, 7.21%, 0, 0, 2, 16.07
1747774899, 0, 6, 510, 509, 20, 7.21%, 0, 0, 2, 17.90
1747774904, 0, 6, 512, 511, 20, 7.21%, 0, 0, 2, 17.49
1747774925, 0, 6, 513, 512, 20, 7.21%, 0, 0, 2, 17.56
1747774930, 0, 7, 516, 515, 20, 7.21%, 0, 0, 2, 15.08
1747774935, 0, 7, 519, 518, 20, 7.22%, 0, 0, 2, 14.32
1747774940, 0, 7, 523, 522, 20, 7.22%, 0, 0, 2, 14.17
1747774945, 0, 7, 527, 526, 20, 7.22%, 0, 0, 2, 14.45
1747774950, 0, 7, 531, 530, 20, 7.40%, 0, 0, 2, 12.64
1747774955, 0, 7, 533, 532, 20, 7.41%, 0, 0, 2, 12.89
1747774961, 0, 7, 538, 537, 20, 7.41%, 0, 0, 2, 11.73
1747774966, 0, 7, 540, 539, 20, 7.41%, 0, 0, 2, 12.68
1747774971, 0, 7, 541, 540, 20, 7.41%, 0, 0, 2, 13.66
1747774976, 0, 7, 545, 544, 20, 7.41%, 0, 0, 2, 12.11
1747774981, 0, 7, 549, 548, 20, 7.86%, 0, 0, 2, 13.11
1747774986, 0, 7, 550, 549, 20, 7.86%, 0, 0, 2, 14.49
1747774992, 0, 7, 554, 553, 20, 7.97%, 0, 0, 2, 13.16
1747774997, 0, 7, 557, 556, 20, 7.97%, 0, 0, 2, 11.78
1747775002, 0, 7, 558, 557, 20, 7.97%, 0, 0, 2, 12.39
1747775007, 0, 7, 560, 559, 20, 7.97%, 0, 0, 2, 15.16
1747775012, 0, 7, 563, 562, 20, 7.97%, 0, 0, 2, 14.39
1747775017, 0, 7, 566, 565, 20, 7.97%, 0, 0, 2, 11.44
1747775022, 0, 7, 570, 569, 20, 7.97%, 0, 0, 2, 12.31
1747775027, 0, 7, 572, 571, 20, 7.97%, 0, 0, 2, 11.14
1747775032, 0, 7, 575, 574, 20, 7.97%, 0, 0, 2, 9.45
1747775037, 0, 7, 577, 576, 20, 7.97%, 0, 0, 2, 12.16
1747775043, 0, 7, 579, 578, 20, 7.97%, 0, 0, 2, 13.85
1747775048, 0, 7, 581, 580, 20, 7.97%, 0, 0, 2, 11.96
1747775053, 0, 7, 583, 582, 20, 7.98%, 0, 0, 2, 12.08
1747775058, 0, 7, 586, 585, 20, 7.98%, 0, 0, 2, 11.53
1747775063, 0, 7, 587, 586, 20, 7.98%, 0, 0, 2, 12.45
1747775068, 0, 7, 590, 589, 20, 7.98%, 0, 0, 2, 12.77
1747775074, 0, 7, 592, 591, 20, 7.98%, 0, 0, 2, 12.85
1747775079, 0, 7, 594, 593, 20, 7.98%, 0, 0, 2, 14.11
1747775089, 0, 7, 595, 594, 20, 7.98%, 0, 0, 2, 13.15
1747775094, 0, 7, 596, 595, 20, 7.98%, 0, 0, 2, 13.85
1747775099, 0, 7, 598, 597, 20, 7.98%, 0, 0, 2, 11.46
1747775104, 0, 7, 601, 600, 20, 7.98%, 0, 0, 2, 10.43
1747775110, 0, 7, 603, 602, 20, 7.98%, 0, 0, 2, 13.42
1747775115, 0, 7, 605, 604, 20, 7.98%, 0, 0, 2, 11.67
1747775120, 0, 8, 606, 605, 19, 7.98%, 0, 0, 2, 13.26
1747775125, 0, 8, 607, 606, 19, 7.98%, 0, 0, 2, 14.56
1747775130, 0, 8, 609, 608, 19, 7.98%, 0, 0, 2, 12.65
1747775135, 0, 8, 612, 611, 19, 7.98%, 0, 0, 2, 12.22
1747775140, 0, 8, 613, 612, 19, 7.98%, 0, 0, 2, 14.42
1747775145, 0, 8, 615, 614, 19, 7.98%, 0, 0, 2, 14.55
1747775151, 0, 8, 616, 615, 19, 7.98%, 0, 0, 2, 14.14
1747775156, 0, 8, 620, 619, 19, 7.98%, 0, 0, 2, 12.45
1747775161, 0, 8, 622, 621, 19, 8.02%, 0, 0, 2, 11.09
1747775166, 0, 8, 623, 622, 19, 8.02%, 0, 0, 2, 12.52
1747775171, 0, 8, 626, 625, 19, 8.02%, 0, 0, 2, 11.03
1747775177, 0, 8, 627, 626, 19, 8.02%, 0, 0, 2, 12.07
1747775182, 0, 8, 629, 628, 19, 8.03%, 0, 0, 2, 11.56
1747775187, 0, 8, 631, 630, 19, 8.03%, 0, 0, 2, 12.60
1747775192, 0, 8, 632, 631, 19, 8.03%, 0, 0, 2, 12.83
1747775197, 0, 8, 633, 632, 19, 8.03%, 0, 0, 2, 11.58
1747775202, 0, 8, 636, 635, 19, 8.03%, 0, 0, 2, 12.80
1747775208, 0, 8, 637, 636, 19, 8.03%, 0, 0, 2, 12.84
1747775213, 0, 8, 639, 638, 19, 8.03%, 0, 0, 2, 11.66
1747775218, 0, 8, 640, 639, 19, 8.03%, 0, 0, 2, 13.36
1747775223, 0, 8, 642, 641, 19, 8.03%, 0, 0, 2, 11.87
1747775228, 0, 8, 643, 642, 19, 8.03%, 0, 0, 2, 12.91
1747775233, 0, 8, 645, 644, 19, 8.03%, 0, 0, 2, 12.08
1747775238, 0, 8, 647, 646, 19, 8.03%, 0, 0, 2, 11.20
1747775244, 0, 8, 649, 648, 19, 8.03%, 0, 0, 2, 12.97
1747775249, 0, 8, 651, 650, 19, 8.03%, 0, 0, 2, 9.50
1747775254, 0, 8, 654, 653, 19, 8.03%, 0, 0, 2, 11.15
1747775259, 0, 8, 656, 655, 19, 8.14%, 0, 0, 2, 10.15
1747775264, 0, 8, 658, 657, 19, 8.14%, 0, 0, 2, 9.81
1747775270, 0, 8, 659, 658, 19, 8.14%, 0, 0, 2, 11.62
1747775275, 0, 8, 660, 659, 19, 8.14%, 0, 0, 2, 13.58
1747775280, 0, 8, 661, 660, 19, 8.14%, 0, 0, 2, 12.54
1747775285, 0, 8, 663, 662, 19, 8.14%, 0, 0, 2, 10.72
1747775290, 0, 8, 665, 664, 19, 8.14%, 0, 0, 2, 11.57
1747775295, 0, 9, 667, 666, 22, 8.14%, 0, 0, 2, 14.51
1747775300, 0, 9, 668, 667, 22, 8.14%, 0, 0, 2, 14.22
1747775306, 0, 10, 669, 668, 22, 8.14%, 0, 0, 2, 13.40
1747775311, 0, 10, 671, 670, 22, 8.14%, 0, 0, 2, 11.18
1747775316, 0, 10, 672, 671, 22, 8.14%, 0, 0, 2, 12.22
1747775321, 0, 10, 673, 672, 22, 8.14%, 0, 0, 2, 12.38
1747775326, 0, 10, 675, 674, 22, 8.14%, 0, 0, 2, 11.30
1747775331, 0, 10, 677, 676, 22, 8.21%, 0, 0, 2, 10.79
1747775336, 0, 10, 679, 678, 22, 8.21%, 0, 0, 2, 12.59
1747775342, 0, 10, 680, 679, 22, 8.21%, 0, 0, 2, 12.41
1747775352, 0, 10, 681, 680, 22, 8.21%, 0, 0, 2, 13.76
1747775377, 0, 10, 682, 681, 22, 8.21%, 0, 0, 2, 13.77
1747775383, 0, 10, 684, 683, 22, 8.21%, 0, 0, 2, 11.82
1747775388, 0, 10, 685, 684, 22, 8.21%, 0, 0, 2, 12.55
1747775403, 0, 10, 687, 686, 22, 8.22%, 0, 0, 2, 12.97
1747775408, 0, 10, 689, 688, 22, 8.22%, 0, 0, 2, 13.59
1747775419, 0, 10, 691, 690, 22, 8.22%, 0, 0, 2, 13.52
1747775429, 0, 10, 692, 691, 22, 8.22%, 0, 0, 2, 13.66
1747775444, 0, 13, 692, 691, 23, 8.22%, 0, 0, 2, 15.31
1747775450, 0, 14, 692, 691, 23, 8.22%, 0, 0, 2, 14.85
1747775455, 0, 14, 693, 692, 23, 8.22%, 0, 0, 2, 13.70
1747775460, 0, 15, 694, 693, 23, 8.22%, 0, 0, 2, 13.03
1747775465, 0, 15, 695, 694, 23, 8.22%, 0, 0, 2, 11.90
1747775470, 0, 15, 696, 695, 23, 8.22%, 0, 0, 2, 12.80
1747775475, 0, 15, 698, 697, 23, 8.22%, 0, 0, 2, 11.33
1747775481, 0, 15, 700, 699, 23, 8.22%, 0, 0, 2, 12.26
1747775486, 0, 15, 701, 700, 23, 8.22%, 0, 0, 2, 12.75
1747775491, 0, 15, 702, 701, 23, 8.22%, 0, 0, 2, 13.03
1747775496, 0, 15, 703, 702, 23, 8.22%, 0, 0, 2, 14.16
1747775501, 0, 15, 706, 705, 23, 8.22%, 0, 0, 2, 9.65
1747775511, 0, 15, 707, 706, 23, 8.22%, 0, 0, 2, 12.43
1747775516, 0, 15, 708, 707, 23, 8.22%, 0, 0, 2, 12.19
1747775527, 0, 15, 709, 708, 23, 8.22%, 0, 0, 2, 13.73
1747775537, 0, 15, 710, 709, 23, 8.22%, 0, 0, 2, 14.62
1747775547, 0, 15, 711, 710, 23, 8.22%, 0, 0, 2, 14.03
1747775552, 0, 15, 712, 711, 23, 8.22%, 0, 0, 2, 14.13
1747775563, 0, 15, 714, 713, 23, 8.22%, 0, 0, 2, 13.29
1747775578, 0, 15, 715, 714, 23, 8.22%, 0, 0, 2, 13.39
1747775599, 0, 16, 716, 715, 25, 8.22%, 0, 0, 2, 14.31
1747775604, 0, 16, 717, 716, 25, 8.22%, 0, 0, 2, 14.97
1747775609, 0, 18, 717, 716, 25, 8.22%, 0, 0, 2, 15.61
1747775614, 0, 18, 718, 717, 25, 8.22%, 0, 0, 2, 12.71
1747775619, 0, 20, 719, 718, 25, 8.22%, 0, 0, 2, 14.90
1747775624, 0, 22, 719, 718, 25, 8.22%, 0, 0, 2, 13.71
1747775629, 0, 22, 720, 719, 25, 8.22%, 0, 0, 2, 13.31
1747775635, 0, 23, 720, 719, 25, 8.22%, 0, 0, 2, 14.44
1747775640, 0, 25, 720, 719, 25, 8.22%, 0, 0, 2, 14.63
1747775645, 0, 25, 722, 721, 25, 8.22%, 0, 0, 2, 11.63
1747775650, 0, 25, 723, 722, 25, 8.22%, 0, 0, 2, 12.69
1747775655, 0, 25, 724, 723, 25, 8.22%, 0, 0, 2, 12.99
1747775691, 0, 25, 725, 724, 25, 8.22%, 0, 0, 2, 13.91
1747775696, 0, 25, 726, 725, 25, 8.22%, 0, 0, 2, 13.05
1747775701, 0, 25, 727, 726, 25, 8.22%, 0, 0, 2, 13.49
1747775706, 0, 25, 728, 727, 25, 8.22%, 0, 0, 2, 12.61
1747775712, 0, 25, 729, 728, 25, 8.22%, 0, 0, 2, 12.26
1747775727, 0, 25, 730, 729, 25, 8.22%, 0, 0, 2, 12.99
1747775732, 0, 25, 731, 730, 25, 8.22%, 0, 0, 2, 13.45
1747775738, 0, 25, 732, 731, 25, 8.22%, 0, 0, 2, 13.47
1747775753, 0, 25, 733, 732, 25, 8.22%, 0, 0, 2, 13.13
1747775763, 0, 25, 734, 733, 25, 8.22%, 0, 0, 2, 12.68
1747775773, 0, 26, 734, 733, 25, 8.22%, 0, 0, 2, 13.80
1747775778, 0, 26, 735, 734, 25, 8.22%, 0, 0, 2, 12.03
1747775783, 0, 26, 736, 735, 25, 8.22%, 0, 0, 2, 13.07
1747775794, 0, 28, 736, 735, 25, 8.22%, 0, 0, 2, 14.19
1747775799, 0, 30, 737, 736, 25, 8.31%, 0, 0, 2, 10.56
1747775809, 0, 30, 738, 737, 25, 8.31%, 0, 0, 2, 13.67
1747775814, 0, 30, 739, 738, 25, 8.31%, 0, 0, 2, 12.89
1747775829, 0, 32, 739, 738, 23, 8.31%, 0, 0, 2, 15.26
1747775834, 0, 33, 739, 738, 23, 8.31%, 0, 0, 2, 14.63
1747775840, 0, 34, 739, 738, 23, 8.31%, 0, 0, 2, 13.32
1747775845, 0, 36, 739, 738, 23, 8.31%, 0, 0, 2, 14.38
1747775850, 0, 37, 740, 739, 23, 8.31%, 0, 0, 2, 14.31
1747775855, 0, 38, 741, 740, 23, 8.31%, 0, 0, 2, 14.71
1747775860, 0, 38, 742, 741, 23, 8.31%, 0, 0, 2, 14.96
1747775870, 0, 38, 743, 742, 23, 8.31%, 0, 0, 2, 11.48
1747775875, 0, 38, 744, 743, 23, 8.31%, 0, 0, 2, 10.87
1747775880, 0, 38, 745, 744, 23, 8.31%, 0, 0, 2, 13.92
1747775891, 0, 38, 746, 745, 23, 8.31%, 0, 0, 2, 13.04
1747775896, 0, 38, 747, 746, 23, 8.33%, 0, 0, 2, 10.73
1747775901, 0, 38, 748, 747, 23, 8.33%, 0, 0, 2, 11.09
1747775906, 0, 38, 749, 748, 23, 8.33%, 0, 0, 2, 13.13
1747775911, 0, 38, 750, 749, 23, 8.33%, 0, 0, 2, 12.74
1747775942, 0, 38, 751, 750, 23, 8.33%, 0, 0, 2, 13.24
1747775953, 0, 38, 753, 752, 23, 8.33%, 0, 0, 2, 11.75
1747775969, 0, 38, 755, 754, 23, 8.33%, 0, 0, 2, 14.07
1747775989, 0, 38, 756, 755, 23, 8.33%, 0, 0, 2, 12.54
1747775994, 0, 40, 756, 755, 23, 8.33%, 0, 0, 2, 15.38
1747775999, 0, 46, 756, 755, 23, 8.33%, 0, 0, 2, 13.24
1747776004, 0, 48, 756, 755, 23, 8.33%, 0, 0, 2, 13.69
1747776010, 0, 48, 757, 756, 23, 8.33%, 0, 0, 2, 11.56
1747776015, 0, 48, 758, 757, 23, 8.33%, 0, 0, 2, 14.50
1747776020, 0, 48, 759, 758, 23, 8.33%, 0, 0, 2, 14.20
1747776030, 0, 48, 760, 759, 23, 8.33%, 0, 0, 2, 15.54
1747776040, 0, 48, 761, 760, 23, 8.33%, 0, 0, 2, 14.89
1747776046, 0, 48, 762, 761, 23, 8.33%, 0, 0, 2, 12.75
1747776056, 0, 48, 763, 762, 23, 8.33%, 0, 0, 2, 9.73
1747776061, 0, 48, 765, 764, 23, 8.33%, 0, 0, 2, 8.99
1747776066, 0, 48, 767, 766, 23, 8.33%, 0, 0, 2, 12.02
1747776071, 0, 48, 768, 767, 23, 8.33%, 0, 0, 2, 11.86
1747776082, 0, 48, 769, 768, 23, 8.33%, 0, 0, 2, 13.38
1747776087, 0, 48, 770, 769, 23, 8.33%, 0, 0, 2, 12.53
1747776133, 0, 48, 771, 770, 23, 8.33%, 0, 0, 2, 13.59
1747776138, 0, 50, 771, 770, 23, 8.33%, 0, 0, 2, 14.72
1747776143, 0, 52, 771, 770, 23, 8.33%, 0, 0, 2, 15.03
1747776148, 0, 53, 772, 771, 23, 8.33%, 0, 0, 2, 10.09
1747776158, 0, 56, 772, 771, 23, 8.33%, 0, 0, 2, 13.29
1747776164, 0, 57, 772, 771, 23, 8.33%, 0, 0, 2, 13.95
1747776169, 0, 59, 772, 771, 23, 8.33%, 0, 0, 2, 14.75
1747776174, 0, 60, 772, 771, 23, 8.33%, 0, 0, 2, 14.33
1747776179, 0, 62, 772, 771, 23, 8.33%, 0, 0, 2, 13.76
1747776184, 0, 63, 772, 771, 23, 8.33%, 0, 0, 2, 15.09
1747776189, 0, 66, 773, 772, 23, 8.33%, 0, 0, 2, 13.90
1747776195, 0, 66, 774, 773, 23, 8.33%, 0, 0, 2, 10.32
1747776210, 0, 67, 775, 774, 23, 8.33%, 0, 0, 2, 12.85
1747776215, 0, 68, 775, 774, 23, 8.33%, 0, 0, 2, 15.32
1747776220, 0, 69, 775, 774, 23, 8.33%, 0, 0, 2, 15.33
1747776225, 0, 71, 775, 774, 23, 8.33%, 0, 0, 2, 16.67
1747776230, 0, 72, 775, 774, 23, 8.33%, 0, 0, 2, 14.23
1747776235, 0, 74, 775, 774, 23, 8.33%, 0, 0, 2, 14.79
1747776241, 0, 75, 775, 774, 23, 8.33%, 0, 0, 2, 15.67
1747776246, 0, 78, 775, 774, 23, 8.33%, 0, 0, 2, 15.41
1747776251, 0, 79, 775, 774, 23, 8.33%, 0, 0, 2, 14.55
1747776256, 0, 79, 776, 775, 23, 8.33%, 0, 0, 2, 14.07
1747776261, 0, 80, 777, 776, 23, 8.33%, 0, 0, 2, 11.50
1747776266, 0, 81, 777, 776, 23, 8.33%, 0, 0, 2, 14.20
1747776271, 0, 81, 778, 777, 23, 8.33%, 0, 0, 2, 14.74
1747776277, 0, 81, 779, 778, 23, 8.33%, 0, 0, 2, 11.61
1747776282, 0, 81, 780, 779, 23, 8.33%, 0, 0, 2, 10.90
1747776302, 0, 83, 781, 780, 23, 8.33%, 0, 0, 2, 13.08
1747776307, 0, 83, 783, 782, 23, 8.33%, 0, 0, 2, 9.25
1747776312, 0, 83, 784, 783, 23, 8.33%, 1, 0, 2, 11.32
1747776328, 0, 83, 785, 784, 23, 8.33%, 1, 0, 2, 14.14
1747776338, 0, 83, 786, 785, 23, 8.33%, 2, 0, 2, 12.87
1747776343, 0, 83, 787, 786, 23, 8.33%, 2, 0, 2, 13.10
1747776349, 0, 83, 787, 786, 23, 8.33%, 3, 0, 2, 14.91
1747776359, 0, 83, 788, 787, 23, 8.33%, 3, 0, 2, 10.82
1747776369, 0, 83, 789, 788, 23, 8.33%, 3, 0, 2, 13.93
1747776374, 0, 83, 790, 789, 23, 8.33%, 3, 0, 2, 14.51
1747776400, 0, 83, 791, 790, 23, 8.33%, 3, 0, 2, 13.71
1747776426, 0, 84, 791, 790, 23, 8.33%, 3, 0, 2, 13.54
1747776431, 0, 85, 791, 790, 23, 8.33%, 3, 0, 2, 13.69
1747776436, 0, 86, 791, 790, 23, 8.33%, 3, 0, 2, 14.09
1747776441, 0, 90, 791, 790, 23, 8.33%, 3, 0, 2, 16.74
1747776446, 0, 91, 792, 791, 23, 8.33%, 3, 0, 2, 12.55
1747776451, 0, 91, 793, 792, 23, 8.33%, 3, 0, 2, 11.76
1747776461, 0, 92, 793, 792, 23, 8.33%, 3, 0, 2, 14.61
1747776467, 0, 93, 793, 792, 23, 8.33%, 3, 0, 2, 12.70
1747776472, 0, 94, 794, 793, 23, 8.33%, 3, 0, 2, 10.98
1747776482, 0, 96, 794, 793, 23, 8.33%, 3, 0, 2, 13.81
1747776487, 0, 96, 795, 794, 23, 8.33%, 3, 0, 2, 14.35
1747776492, 0, 97, 795, 794, 23, 8.33%, 3, 0, 2, 14.44
1747776497, 0, 100, 795, 794, 23, 8.33%, 3, 0, 2, 14.97
1747776503, 0, 101, 795, 794, 23, 8.33%, 3, 0, 2, 14.12
1747776508, 0, 103, 795, 794, 23, 8.33%, 3, 0, 2, 14.84
1747776513, 0, 104, 795, 794, 23, 8.33%, 3, 0, 2, 14.11
1747776518, 0, 107, 795, 794, 23, 8.33%, 3, 0, 2, 12.35
1747776523, 0, 108, 795, 794, 23, 8.33%, 3, 0, 2, 14.42
1747776528, 0, 109, 795, 794, 23, 8.33%, 3, 0, 2, 13.89
1747776533, 0, 111, 795, 794, 23, 8.33%, 3, 0, 2, 15.03
1747776538, 0, 112, 795, 794, 23, 8.33%, 3, 0, 2, 13.64
1747776544, 0, 114, 795, 794, 23, 8.33%, 3, 0, 2, 14.57
1747776549, 0, 116, 795, 794, 23, 8.33%, 3, 0, 2, 13.27
1747776554, 0, 117, 795, 794, 23, 8.33%, 3, 0, 2, 13.71
1747776559, 0, 119, 795, 794, 23, 8.33%, 3, 0, 2, 14.34
1747776564, 0, 120, 795, 794, 23, 8.33%, 3, 0, 2, 13.33
1747776570, 0, 121, 795, 794, 23, 8.33%, 4, 0, 2, 13.35
1747776575, 0, 123, 795, 794, 23, 8.33%, 4, 0, 2, 12.67
1747776580, 0, 124, 796, 795, 23, 8.33%, 4, 0, 2, 14.72
1747776585, 0, 124, 797, 796, 23, 8.33%, 4, 0, 2, 12.70
1747776595, 0, 126, 797, 796, 23, 8.33%, 5, 0, 2, 14.39
1747776600, 0, 127, 797, 796, 23, 8.33%, 5, 0, 2, 15.21
1747776605, 0, 129, 797, 796, 23, 8.33%, 5, 0, 2, 15.94
1747776611, 0, 130, 797, 796, 23, 8.33%, 5, 0, 2, 14.48
1747776616, 0, 133, 798, 797, 23, 8.33%, 5, 0, 2, 12.53
1747776621, 0, 134, 798, 797, 23, 8.33%, 5, 0, 2, 14.13
1747776626, 0, 135, 798, 797, 23, 8.33%, 5, 0, 2, 15.70
1747776631, 0, 137, 798, 797, 23, 8.33%, 5, 0, 2, 14.38
1747776636, 0, 138, 799, 798, 23, 8.33%, 5, 0, 2, 13.33
1747776646, 0, 140, 799, 798, 23, 8.33%, 5, 0, 2, 14.45
1747776651, 0, 143, 800, 799, 23, 8.33%, 5, 0, 2, 14.20
1747776662, 0, 145, 800, 799, 23, 8.33%, 5, 0, 2, 13.92
1747776667, 0, 146, 801, 800, 23, 8.33%, 5, 0, 2, 11.86
1747776672, 0, 146, 802, 801, 23, 8.33%, 5, 0, 2, 9.80
1747776682, 0, 147, 802, 801, 23, 8.33%, 5, 0, 2, 11.58
1747776687, 0, 147, 804, 803, 23, 8.33%, 5, 0, 2, 8.71
1747776703, 0, 149, 804, 803, 23, 8.33%, 5, 0, 2, 14.45
1747776708, 0, 150, 804, 803, 23, 8.33%, 5, 0, 2, 13.60
1747776713, 0, 151, 804, 803, 23, 8.33%, 5, 0, 2, 15.67
1747776718, 0, 155, 805, 804, 23, 8.33%, 5, 0, 2, 13.26
1747776723, 0, 155, 806, 805, 23, 8.33%, 5, 0, 2, 11.43
1747776739, 0, 157, 806, 805, 23, 8.33%, 5, 0, 2, 14.03
1747776744, 0, 157, 807, 806, 23, 8.33%, 5, 0, 2, 11.52
1747776749, 0, 157, 808, 807, 23, 8.33%, 5, 0, 2, 12.20
1747776759, 0, 158, 808, 807, 23, 8.33%, 5, 0, 2, 12.89
1747776764, 0, 159, 808, 807, 23, 8.33%, 5, 0, 2, 12.30
1747776769, 0, 165, 809, 808, 23, 8.33%, 5, 0, 2, 12.63
1747776774, 0, 165, 810, 809, 23, 8.33%, 5, 0, 2, 12.25
1747776779, 0, 165, 811, 810, 23, 8.33%, 5, 0, 2, 9.60
1747776784, 0, 165, 812, 811, 23, 8.33%, 5, 0, 2, 8.80
1747776790, 0, 165, 813, 812, 23, 8.33%, 5, 0, 2, 12.94
1747776800, 0, 165, 813, 812, 23, 8.33%, 6, 0, 2, 15.26
1747776816, 0, 165, 814, 813, 23, 8.33%, 6, 0, 2, 11.86
1747776836, 0, 165, 815, 814, 23, 8.33%, 6, 0, 2, 13.23
1747776893, 0, 166, 815, 814, 23, 8.33%, 6, 0, 2, 13.43
1747776898, 0, 168, 815, 814, 23, 8.33%, 6, 0, 2, 13.37
1747776903, 0, 169, 815, 814, 23, 8.33%, 6, 0, 2, 13.83
1747776908, 0, 170, 816, 815, 23, 8.33%, 6, 0, 2, 11.08
1747776918, 0, 174, 816, 815, 23, 8.33%, 6, 0, 2, 13.81
1747776923, 0, 175, 816, 815, 23, 8.33%, 6, 0, 2, 13.97
1747776929, 0, 176, 816, 815, 23, 8.33%, 6, 0, 2, 13.49
1747776934, 0, 179, 816, 815, 23, 8.33%, 6, 0, 2, 13.32
1747776939, 0, 180, 816, 815, 23, 8.33%, 6, 0, 2, 13.51
1747776944, 0, 181, 816, 815, 23, 8.33%, 6, 0, 2, 14.10
1747776949, 0, 185, 816, 815, 23, 8.33%, 6, 0, 2, 14.15
1747776954, 0, 186, 816, 815, 23, 8.33%, 6, 0, 2, 13.87
1747776959, 0, 188, 816, 815, 23, 8.33%, 6, 0, 2, 14.18
1747776965, 0, 189, 816, 815, 23, 8.33%, 6, 0, 2, 15.53
1747776970, 0, 190, 816, 815, 23, 8.33%, 6, 0, 2, 13.94
1747776975, 0, 192, 816, 815, 23, 8.33%, 6, 0, 2, 13.11
1747776980, 0, 193, 816, 815, 23, 8.33%, 6, 0, 2, 13.83
1747776985, 0, 194, 817, 816, 23, 8.33%, 6, 0, 2, 12.10
1747776991, 0, 196, 817, 816, 23, 8.33%, 6, 0, 2, 13.77
1747776996, 0, 197, 817, 816, 23, 8.33%, 6, 0, 2, 13.83
1747777001, 0, 198, 817, 816, 23, 8.33%, 6, 0, 2, 13.22
1747777006, 0, 199, 818, 817, 23, 8.33%, 6, 0, 2, 11.77
1747777011, 0, 199, 819, 818, 23, 8.33%, 6, 0, 2, 12.16
1747777021, 0, 199, 820, 819, 23, 8.33%, 6, 0, 2, 9.56
1747777026, 0, 199, 821, 820, 23, 8.33%, 6, 0, 2, 11.22
1747777031, 0, 199, 822, 821, 23, 8.33%, 6, 0, 2, 11.85
1747777036, 0, 199, 823, 822, 23, 8.33%, 6, 0, 2, 9.80
1747777046, 0, 199, 824, 823, 23, 8.33%, 6, 0, 2, 12.56
1747777077, 0, 199, 825, 824, 23, 8.35%, 6, 0, 2, 13.61
1747777128, 0, 199, 826, 825, 23, 8.35%, 6, 0, 2, 11.83
1747777138, 0, 202, 826, 825, 25, 8.35%, 6, 0, 2, 13.84
1747777143, 0, 203, 826, 825, 25, 8.35%, 6, 0, 2, 14.08
1747777148, 0, 207, 826, 825, 25, 8.35%, 6, 0, 2, 14.54
1747777153, 0, 208, 826, 825, 25, 8.35%, 6, 0, 2, 15.45
1747777158, 0, 210, 827, 826, 25, 8.35%, 6, 0, 2, 13.89
1747777164, 0, 211, 827, 826, 25, 8.35%, 6, 0, 2, 12.77
1747777169, 0, 213, 827, 826, 25, 8.35%, 6, 0, 2, 13.42
1747777174, 0, 215, 827, 826, 25, 8.35%, 6, 0, 2, 15.67
1747777179, 0, 218, 827, 826, 25, 8.35%, 6, 0, 2, 14.12
1747777184, 0, 219, 827, 826, 25, 8.35%, 7, 0, 2, 14.19
1747777189, 0, 219, 828, 827, 25, 8.35%, 7, 0, 2, 11.97
1747777194, 0, 221, 828, 827, 25, 8.35%, 7, 0, 2, 14.02
1747777200, 0, 222, 828, 827, 25, 8.35%, 7, 0, 2, 14.05
1747777205, 0, 223, 828, 827, 25, 8.35%, 7, 0, 2, 14.42
1747777210, 0, 225, 828, 827, 25, 8.35%, 7, 0, 2, 14.31
1747777215, 0, 226, 828, 827, 25, 8.35%, 7, 0, 2, 13.84
1747777220, 0, 227, 829, 828, 25, 8.35%, 7, 0, 2, 13.29
1747777225, 0, 228, 829, 828, 25, 8.35%, 7, 0, 2, 13.60
1747777231, 0, 229, 829, 828, 25, 8.35%, 7, 0, 2, 13.92
1747777236, 0, 231, 829, 828, 25, 8.35%, 7, 0, 2, 14.36
1747777241, 0, 232, 829, 828, 25, 8.35%, 7, 0, 2, 14.44
1747777246, 0, 233, 829, 828, 25, 8.35%, 7, 0, 2, 12.91
1747777251, 0, 235, 829, 828, 25, 8.35%, 7, 0, 2, 14.38
1747777256, 0, 236, 829, 828, 25, 8.35%, 7, 0, 2, 15.37
1747777261, 0, 236, 830, 829, 25, 8.35%, 7, 0, 2, 13.20
1747777267, 0, 237, 830, 829, 25, 8.35%, 7, 0, 2, 13.30
1747777272, 0, 239, 830, 829, 25, 8.35%, 7, 0, 2, 13.70
1747777277, 0, 240, 831, 830, 25, 8.36%, 7, 0, 2, 11.75
1747777287, 0, 241, 831, 830, 25, 8.36%, 7, 0, 2, 11.89
1747777292, 0, 244, 831, 830, 25, 8.36%, 7, 0, 2, 12.82
1747777298, 0, 245, 831, 830, 25, 8.36%, 7, 0, 2, 13.82
1747777303, 0, 246, 831, 830, 25, 8.36%, 7, 0, 2, 13.24
1747777308, 0, 249, 831, 830, 25, 8.36%, 7, 0, 2, 14.07
1747777313, 0, 250, 832, 831, 25, 8.36%, 7, 0, 2, 13.12
1747777323, 0, 251, 832, 831, 25, 8.36%, 7, 0, 2, 12.42
1747777329, 0, 254, 832, 831, 25, 8.36%, 7, 0, 2, 13.45
1747777334, 0, 255, 833, 832, 25, 8.36%, 7, 0, 2, 13.52
1747777344, 0, 257, 833, 832, 25, 8.36%, 7, 0, 2, 14.01
1747777349, 0, 258, 833, 832, 25, 8.36%, 7, 0, 2, 13.99
1747777354, 0, 261, 833, 832, 25, 8.36%, 7, 0, 2, 14.12
1747777360, 0, 262, 833, 832, 25, 8.36%, 8, 0, 2, 14.27
1747777365, 0, 264, 833, 832, 25, 8.36%, 9, 0, 2, 13.27
1747777370, 0, 266, 833, 832, 25, 8.36%, 9, 0, 2, 14.30
1747777375, 0, 266, 834, 833, 25, 8.36%, 9, 0, 2, 15.72
1747777380, 0, 269, 834, 833, 25, 8.36%, 9, 0, 2, 15.50
1747777385, 0, 270, 834, 833, 25, 8.36%, 9, 0, 2, 14.31
1747777390, 0, 272, 834, 833, 25, 8.36%, 9, 0, 2, 15.01
1747777396, 0, 273, 834, 833, 25, 8.36%, 9, 0, 2, 15.44
1747777401, 0, 274, 834, 833, 25, 8.36%, 9, 0, 2, 14.36
1747777406, 0, 277, 834, 833, 25, 8.36%, 9, 0, 2, 14.87
1747777411, 0, 278, 834, 833, 25, 8.36%, 9, 0, 2, 14.49
1747777416, 0, 281, 834, 833, 25, 8.36%, 9, 0, 2, 15.27
1747777421, 0, 283, 834, 833, 25, 8.36%, 9, 0, 2, 13.47
1747777426, 0, 284, 834, 833, 25, 8.36%, 9, 0, 2, 12.83
1747777431, 0, 286, 834, 833, 25, 8.36%, 9, 0, 2, 14.12
1747777436, 0, 287, 834, 833, 25, 8.36%, 9, 0, 2, 14.21
1747777442, 0, 289, 834, 833, 25, 8.36%, 9, 0, 2, 13.23
1747777447, 0, 291, 834, 833, 25, 8.36%, 10, 0, 2, 14.24
1747777452, 0, 292, 834, 833, 25, 8.36%, 10, 0, 2, 14.88
1747777457, 0, 294, 834, 833, 25, 8.36%, 10, 0, 2, 15.68
1747777462, 0, 295, 834, 833, 25, 8.36%, 10, 0, 2, 14.21
1747777467, 0, 299, 834, 833, 25, 8.36%, 10, 0, 2, 15.29
1747777472, 0, 300, 834, 833, 25, 8.36%, 10, 0, 2, 14.63
1747777478, 0, 303, 834, 833, 25, 8.36%, 10, 0, 2, 13.97
1747777483, 0, 303, 835, 834, 25, 8.36%, 11, 0, 2, 12.46
1747777488, 0, 304, 835, 834, 25, 8.36%, 12, 0, 2, 12.39
1747777493, 0, 306, 835, 834, 25, 8.36%, 12, 0, 2, 12.54
1747777498, 0, 308, 835, 834, 25, 8.36%, 12, 0, 2, 12.43
1747777503, 0, 309, 835, 834, 25, 8.36%, 12, 0, 2, 14.89
1747777508, 0, 311, 835, 834, 25, 8.36%, 12, 0, 2, 16.72
1747777514, 0, 312, 835, 834, 25, 8.36%, 12, 0, 2, 15.31
1747777519, 0, 314, 835, 834, 25, 8.36%, 12, 0, 2, 13.18
1747777524, 0, 315, 835, 834, 25, 8.36%, 12, 0, 2, 14.43
1747777529, 0, 317, 835, 834, 25, 8.36%, 12, 0, 2, 13.15
1747777534, 0, 319, 835, 834, 25, 8.36%, 12, 0, 2, 12.69
1747777539, 0, 320, 835, 834, 25, 8.36%, 12, 0, 2, 11.90
1747777544, 0, 321, 835, 834, 25, 8.36%, 12, 0, 2, 13.83
1747777549, 0, 326, 835, 834, 25, 8.36%, 12, 0, 2, 14.12
1747777555, 0, 327, 835, 834, 25, 8.36%, 12, 0, 2, 14.80
1747777560, 0, 329, 835, 834, 25, 8.36%, 12, 0, 2, 14.31
1747777565, 0, 331, 835, 834, 25, 8.36%, 12, 0, 2, 15.53
1747777570, 0, 333, 835, 834, 25, 8.36%, 12, 0, 2, 14.79
1747777575, 0, 334, 835, 834, 25, 8.36%, 12, 0, 2, 14.33
1747777580, 0, 334, 836, 835, 25, 8.36%, 12, 0, 2, 12.36
1747777585, 0, 335, 836, 835, 25, 8.36%, 12, 0, 2, 12.56
1747777590, 0, 336, 837, 836, 25, 8.36%, 12, 0, 2, 13.36
1747777595, 0, 337, 837, 836, 25, 8.36%, 13, 0, 2, 14.28
1747777600, 0, 337, 838, 837, 25, 8.36%, 13, 0, 2, 14.30
1747777605, 0, 339, 838, 837, 25, 8.36%, 13, 0, 2, 16.18
1747777610, 0, 340, 838, 837, 25, 8.36%, 13, 0, 2, 15.58
1747777616, 0, 341, 838, 837, 25, 8.36%, 13, 0, 2, 13.79
1747777621, 0, 344, 838, 837, 25, 8.36%, 13, 0, 2, 13.30
1747777626, 0, 345, 838, 837, 25, 8.36%, 13, 0, 2, 14.15
1747777631, 0, 346, 839, 838, 25, 8.36%, 14, 0, 2, 13.41
1747777636, 0, 347, 839, 838, 25, 8.36%, 14, 0, 2, 14.65
1747777641, 0, 348, 839, 838, 25, 8.36%, 14, 0, 2, 13.60
1747777647, 0, 349, 840, 839, 25, 8.36%, 14, 0, 2, 11.86
1747777652, 0, 350, 840, 839, 25, 8.36%, 14, 0, 2, 13.87
1747777657, 0, 351, 840, 839, 25, 8.36%, 14, 0, 2, 14.80
1747777662, 0, 354, 840, 839, 25, 8.36%, 14, 0, 2, 13.82
1747777667, 0, 355, 840, 839, 25, 8.36%, 14, 0, 2, 14.00
1747777673, 0, 356, 840, 839, 25, 8.36%, 14, 0, 2, 14.36
1747777678, 0, 358, 840, 839, 25, 8.36%, 14, 0, 2, 15.36
1747777683, 0, 359, 840, 839, 25, 8.36%, 14, 0, 2, 12.39
1747777688, 0, 362, 840, 839, 25, 8.36%, 14, 0, 2, 14.26
1747777693, 0, 363, 840, 839, 25, 8.36%, 14, 0, 2, 13.33
1747777698, 0, 364, 840, 839, 25, 8.36%, 15, 0, 2, 13.21
1747777703, 0, 365, 840, 839, 25, 8.36%, 15, 0, 2, 13.67
1747777708, 0, 367, 840, 839, 25, 8.36%, 16, 0, 2, 14.24
1747777713, 0, 368, 840, 839, 25, 8.36%, 16, 0, 2, 15.17
1747777718, 0, 369, 840, 839, 25, 8.36%, 17, 0, 2, 13.09
1747777723, 0, 371, 840, 839, 25, 8.36%, 17, 0, 2, 13.49
1747777729, 0, 372, 840, 839, 25, 8.36%, 17, 0, 2, 15.72
1747777734, 0, 374, 840, 839, 25, 8.36%, 17, 0, 2, 14.45
1747777739, 0, 375, 840, 839, 25, 8.36%, 17, 0, 2, 14.06
1747777744, 0, 377, 840, 839, 25, 8.36%, 17, 0, 2, 14.37
1747777749, 0, 378, 840, 839, 25, 8.36%, 17, 0, 2, 17.24
1747777825, 0, 380, 840, 838, 24, 8.36%, 17, 0, 2, 16.61
1747777830, 0, 381, 840, 838, 24, 8.36%, 17, 0, 2, 15.80
1747777836, 0, 383, 840, 838, 24, 8.36%, 17, 0, 2, 14.10
1747777841, 0, 384, 840, 838, 24, 8.36%, 17, 0, 2, 13.85
1747777846, 0, 386, 840, 838, 24, 8.36%, 17, 0, 2, 13.72
1747777851, 0, 388, 840, 838, 24, 8.36%, 17, 0, 2, 12.76
1747777856, 0, 389, 841, 839, 24, 8.36%, 17, 0, 3, 12.08
1747777866, 0, 390, 842, 840, 24, 8.36%, 17, 0, 3, 11.56
1747777871, 0, 392, 842, 840, 24, 8.36%, 17, 0, 3, 13.96
1747777877, 0, 394, 842, 840, 24, 8.36%, 17, 0, 3, 14.85
1747777882, 0, 395, 842, 840, 24, 8.36%, 18, 0, 3, 12.91
1747777887, 0, 397, 842, 840, 24, 8.36%, 18, 0, 3, 14.66
1747777892, 0, 398, 842, 840, 24, 8.36%, 18, 0, 3, 14.46
1747777897, 0, 400, 842, 840, 24, 8.36%, 18, 0, 3, 14.54
1747777902, 0, 401, 842, 840, 24, 8.36%, 18, 0, 3, 14.11
1747777907, 0, 402, 842, 840, 24, 8.36%, 18, 0, 3, 14.62
1747777912, 0, 404, 842, 840, 24, 8.36%, 18, 0, 3, 14.98
1747777917, 0, 405, 842, 840, 24, 8.36%, 18, 0, 3, 14.51
1747777923, 0, 407, 842, 840, 24, 8.36%, 18, 0, 3, 14.63
1747777928, 0, 409, 842, 840, 24, 8.36%, 18, 0, 3, 13.22
1747777933, 0, 410, 842, 840, 24, 8.36%, 18, 0, 3, 13.76
1747777938, 0, 413, 842, 840, 24, 8.36%, 18, 0, 3, 13.64
1747777943, 0, 414, 842, 840, 24, 8.36%, 18, 0, 3, 13.90
1747777949, 0, 415, 842, 840, 24, 8.36%, 18, 0, 3, 13.01
1747777954, 0, 417, 842, 840, 24, 8.36%, 18, 0, 3, 14.21
1747777959, 0, 418, 842, 840, 24, 8.36%, 18, 0, 3, 13.59
1747777964, 0, 419, 842, 840, 24, 8.36%, 18, 0, 3, 14.67
1747777969, 0, 422, 842, 840, 24, 8.36%, 18, 0, 3, 14.98
1747777974, 0, 423, 843, 841, 24, 8.36%, 18, 0, 3, 14.95
1747777979, 0, 424, 843, 841, 24, 8.36%, 18, 0, 3, 13.97
1747777985, 0, 425, 843, 841, 24, 8.36%, 18, 0, 3, 13.48
1747777990, 0, 426, 843, 841, 24, 8.36%, 18, 0, 3, 13.55
1747777995, 0, 427, 843, 841, 24, 8.36%, 18, 0, 3, 11.71
1747778000, 0, 429, 843, 841, 24, 8.36%, 18, 0, 3, 12.55
1747778005, 0, 430, 843, 841, 24, 8.36%, 18, 0, 3, 14.03
1747778010, 0, 431, 844, 842, 24, 8.36%, 18, 0, 3, 10.01
1747778021, 0, 433, 844, 842, 23, 8.36%, 18, 0, 3, 15.01
1747778026, 0, 434, 844, 842, 23, 8.36%, 18, 0, 3, 13.90
1747778031, 0, 435, 844, 842, 23, 8.36%, 18, 0, 3, 12.71
1747778036, 0, 437, 844, 842, 23, 8.36%, 18, 0, 3, 13.32
1747778041, 0, 438, 844, 842, 23, 8.36%, 18, 0, 3, 13.65
1747778046, 0, 439, 844, 842, 23, 8.36%, 18, 0, 3, 13.22
1747778051, 0, 441, 844, 842, 23, 8.36%, 18, 0, 3, 13.98
1747778056, 0, 442, 844, 842, 23, 8.36%, 19, 0, 3, 13.93
1747778062, 0, 445, 844, 842, 23, 8.36%, 19, 0, 3, 15.15
1747778067, 0, 447, 844, 842, 23, 8.36%, 19, 0, 3, 13.83
1747778072, 0, 448, 844, 842, 23, 8.36%, 19, 0, 3, 11.81
1747778077, 0, 451, 844, 842, 23, 8.36%, 19, 0, 3, 13.22
1747778082, 0, 453, 844, 842, 23, 8.36%, 19, 0, 3, 13.45
1747778087, 0, 454, 844, 842, 23, 8.36%, 19, 0, 3, 12.99
1747778092, 0, 456, 844, 842, 23, 8.36%, 19, 0, 3, 13.84
1747778097, 0, 458, 844, 842, 23, 8.36%, 19, 0, 3, 15.32
1747778103, 0, 459, 844, 842, 23, 8.36%, 19, 0, 3, 13.90
1747778108, 0, 460, 844, 842, 23, 8.36%, 19, 0, 3, 13.20
1747778113, 0, 463, 844, 842, 23, 8.36%, 19, 0, 3, 14.51
1747778118, 0, 465, 844, 842, 23, 8.36%, 19, 0, 3, 13.27
1747778123, 0, 469, 844, 842, 23, 8.36%, 19, 0, 3, 12.76
1747778129, 0, 470, 844, 842, 23, 8.36%, 19, 0, 3, 12.67
1747778134, 0, 471, 844, 842, 23, 8.36%, 19, 0, 3, 14.74
1747778139, 0, 473, 844, 842, 23, 8.36%, 19, 0, 3, 13.99
1747778144, 0, 474, 844, 842, 23, 8.36%, 19, 0, 3, 13.48
1747778149, 0, 476, 844, 842, 23, 8.36%, 19, 0, 3, 13.59
1747778154, 0, 477, 844, 842, 23, 8.36%, 19, 0, 3, 13.74
1747778159, 0, 482, 844, 842, 23, 8.36%, 19, 0, 3, 15.75
1747778164, 0, 484, 844, 842, 23, 8.36%, 19, 0, 3, 14.21
1747778169, 0, 488, 844, 842, 23, 8.36%, 19, 0, 3, 14.95
1747778174, 0, 489, 844, 842, 23, 8.36%, 19, 0, 3, 14.50
1747778180, 0, 492, 844, 842, 23, 8.36%, 19, 0, 3, 14.36
1747778185, 0, 493, 844, 842, 23, 8.36%, 19, 0, 3, 14.58
1747778190, 0, 494, 844, 842, 23, 8.36%, 19, 0, 3, 14.53
1747778195, 0, 496, 845, 843, 23, 8.36%, 19, 0, 3, 13.45
1747778200, 0, 497, 845, 843, 23, 8.36%, 19, 0, 3, 13.64
1747778205, 0, 499, 845, 843, 23, 8.36%, 20, 0, 3, 14.05
1747778210, 0, 502, 845, 843, 23, 8.36%, 22, 0, 3, 13.04
1747778215, 0, 504, 845, 843, 23, 8.36%, 23, 0, 3, 13.19
1747778221, 0, 505, 845, 843, 23, 8.36%, 23, 0, 3, 13.93
1747778226, 0, 509, 845, 843, 23, 8.36%, 23, 0, 3, 14.36
1747778231, 0, 510, 845, 843, 23, 8.36%, 23, 0, 3, 13.01
1747778236, 0, 512, 845, 843, 23, 8.36%, 23, 0, 3, 13.56
1747778241, 0, 513, 846, 844, 23, 8.36%, 23, 0, 3, 13.68
1747778246, 0, 515, 846, 844, 23, 8.36%, 23, 0, 3, 13.52
1747778251, 0, 516, 846, 844, 23, 8.36%, 23, 0, 3, 13.61
1747778256, 0, 519, 846, 844, 23, 8.36%, 23, 0, 3, 15.09
1747778262, 0, 520, 846, 844, 23, 8.36%, 24, 0, 3, 12.97
1747778267, 0, 521, 846, 844, 23, 8.36%, 24, 0, 3, 14.04
1747778272, 0, 524, 846, 844, 23, 8.36%, 24, 0, 3, 13.92
1747778277, 0, 525, 846, 844, 23, 8.36%, 24, 0, 3, 14.10
1747778282, 0, 526, 846, 844, 23, 8.36%, 24, 0, 3, 14.00
1747778287, 0, 528, 846, 844, 23, 8.36%, 24, 0, 3, 13.58
1747778292, 0, 528, 847, 845, 23, 8.36%, 24, 0, 3, 15.69
1747778297, 0, 529, 847, 845, 23, 8.36%, 24, 0, 3, 12.53
1747778302, 0, 530, 847, 845, 23, 8.36%, 25, 0, 3, 12.50
1747778307, 0, 532, 847, 845, 23, 8.36%, 25, 0, 3, 12.57
1747778312, 0, 533, 847, 845, 23, 8.36%, 25, 0, 3, 12.58
1747778318, 0, 535, 847, 845, 23, 8.36%, 25, 0, 3, 11.75
1747778323, 0, 537, 847, 845, 23, 8.36%, 26, 0, 3, 13.69
1747778328, 0, 539, 847, 845, 23, 8.36%, 26, 0, 3, 14.38
1747778333, 0, 540, 847, 845, 23, 8.36%, 26, 0, 3, 13.03
1747778338, 0, 541, 847, 845, 23, 8.36%, 26, 0, 3, 11.57
1747778343, 0, 542, 847, 845, 23, 8.36%, 26, 0, 3, 12.33
1747778348, 0, 544, 847, 845, 23, 8.36%, 26, 0, 3, 12.36
1747778353, 0, 545, 847, 845, 23, 8.36%, 26, 0, 3, 13.88
1747778358, 0, 546, 847, 845, 23, 8.36%, 26, 0, 3, 14.60
1747778363, 0, 548, 847, 845, 23, 8.36%, 27, 0, 3, 14.09
1747778369, 0, 549, 847, 845, 23, 8.36%, 27, 0, 3, 14.04
1747778374, 0, 553, 847, 845, 23, 8.36%, 27, 0, 3, 14.83
1747778379, 0, 554, 847, 845, 23, 8.36%, 27, 0, 3, 13.64
1747778384, 0, 555, 847, 845, 23, 8.36%, 27, 0, 3, 12.98
1747778389, 0, 558, 847, 845, 23, 8.36%, 27, 0, 3, 14.29
1747778394, 0, 559, 847, 845, 23, 8.36%, 27, 0, 3, 16.01
1747778399, 0, 561, 847, 845, 23, 8.36%, 27, 0, 3, 14.46
1747778404, 0, 562, 847, 845, 23, 8.36%, 27, 0, 3, 13.42
1747778409, 0, 562, 849, 847, 23, 8.36%, 27, 0, 3, 11.13
1747778414, 0, 562, 849, 847, 23, 8.36%, 28, 0, 3, 12.76
1747778419, 0, 562, 849, 847, 23, 8.36%, 29, 0, 3, 13.91
1747778424, 0, 563, 849, 847, 23, 8.36%, 29, 0, 3, 12.81
1747778430, 0, 565, 849, 847, 23, 8.36%, 29, 0, 3, 13.98
1747778435, 0, 566, 849, 847, 23, 8.36%, 30, 0, 3, 13.37
1747778440, 0, 568, 849, 847, 23, 8.36%, 30, 0, 3, 14.49
1747778445, 0, 569, 849, 847, 23, 8.36%, 30, 0, 3, 13.52
1747778450, 0, 569, 850, 848, 23, 8.36%, 31, 0, 3, 11.50
1747778456, 0, 571, 850, 848, 23, 8.36%, 31, 0, 3, 11.92
1747778461, 0, 572, 850, 848, 23, 8.36%, 31, 0, 3, 13.20
1747778466, 0, 577, 850, 848, 23, 8.36%, 31, 0, 3, 14.11
1747778471, 0, 578, 850, 848, 23, 8.36%, 31, 0, 3, 13.34
1747778476, 0, 580, 850, 848, 23, 8.36%, 31, 0, 3, 13.40
1747778481, 0, 582, 850, 848, 23, 8.36%, 31, 0, 3, 12.80
1747778486, 0, 583, 850, 848, 23, 8.36%, 31, 0, 3, 13.46
1747778492, 0, 584, 850, 848, 23, 8.36%, 32, 0, 3, 13.11
1747778497, 0, 587, 850, 848, 23, 8.36%, 32, 0, 3, 14.39
1747778502, 0, 589, 850, 848, 23, 8.36%, 32, 0, 3, 14.69
1747778507, 0, 594, 850, 848, 23, 8.36%, 32, 0, 3, 14.68
1747778512, 0, 596, 850, 848, 23, 8.36%, 32, 0, 3, 13.68
1747778517, 0, 598, 850, 848, 23, 8.36%, 34, 0, 3, 13.70
1747778522, 0, 599, 850, 848, 23, 8.36%, 35, 0, 3, 14.20
1747778527, 0, 601, 851, 849, 23, 8.36%, 35, 0, 3, 13.90
1747778538, 0, 602, 852, 850, 23, 8.36%, 35, 0, 3, 10.90
1747778543, 0, 602, 852, 850, 23, 8.36%, 36, 0, 3, 11.83
1747778548, 0, 604, 852, 850, 23, 8.36%, 36, 0, 3, 13.76
1747778553, 0, 605, 852, 850, 23, 8.36%, 36, 0, 3, 14.31
1747778558, 0, 608, 852, 850, 23, 8.36%, 37, 0, 3, 14.10
1747778564, 0, 609, 852, 850, 23, 8.36%, 37, 0, 3, 14.39
1747778569, 0, 611, 852, 850, 23, 8.36%, 38, 0, 3, 14.91
1747778574, 0, 612, 852, 850, 23, 8.36%, 38, 0, 3, 14.16
1747778579, 0, 613, 852, 850, 23, 8.36%, 38, 0, 3, 14.65
1747778584, 0, 616, 852, 850, 23, 8.36%, 38, 0, 3, 15.00
1747778589, 0, 617, 852, 850, 23, 8.36%, 38, 0, 3, 15.53
1747778594, 0, 618, 853, 851, 23, 8.36%, 38, 0, 3, 12.61
1747778599, 0, 619, 853, 851, 23, 8.36%, 38, 0, 3, 13.46
1747778605, 0, 620, 853, 851, 23, 8.36%, 38, 0, 3, 12.80
1747778610, 0, 621, 853, 851, 23, 8.36%, 38, 0, 3, 13.33
1747778615, 0, 622, 853, 851, 23, 8.36%, 38, 0, 3, 14.42
1747778661, 0, 622, 854, 852, 23, 8.36%, 38, 0, 3, 11.25
1747778676, 0, 622, 855, 853, 23, 8.36%, 38, 0, 3, 8.62
1747778820, 0, 622, 857, 855, 23, 8.36%, 38, 0, 3, 6.87
1747778825, 0, 622, 859, 857, 23, 8.36%, 38, 0, 3, 6.92
1747778830, 0, 622, 861, 859, 23, 8.36%, 38, 0, 3, 12.04
1747778963, 0, 622, 862, 860, 23, 8.36%, 38, 0, 3, 6.84
1747778968, 0, 622, 865, 863, 23, 8.36%, 38, 0, 3, 7.03
1747778973, 0, 622, 866, 864, 23, 8.36%, 38, 0, 3, 12.76
1747778989, 0, 622, 867, 865, 23, 8.36%, 38, 0, 3, 13.45
1747778999, 0, 622, 868, 866, 23, 8.36%, 38, 0, 3, 11.28
1747779055, 0, 622, 870, 868, 23, 8.36%, 38, 0, 3, 7.94
1747779076, 0, 625, 870, 867, 23, 8.36%, 38, 0, 3, 15.25
1747779081, 0, 626, 870, 867, 23, 8.36%, 38, 0, 3, 14.03
1747779086, 0, 628, 870, 867, 23, 8.36%, 38, 0, 3, 13.58
1747779091, 0, 630, 870, 867, 23, 8.36%, 39, 0, 3, 12.66
1747779097, 0, 632, 870, 867, 23, 8.36%, 39, 0, 3, 13.98
1747779102, 0, 633, 870, 867, 23, 8.36%, 39, 0, 3, 13.91
1747779107, 0, 637, 870, 867, 23, 8.36%, 39, 0, 3, 13.41
1747779123, 0, 637, 871, 868, 23, 8.36%, 39, 0, 3, 7.88
1747779133, 0, 637, 872, 869, 23, 8.36%, 39, 0, 3, 6.19
1747779138, 0, 637, 874, 871, 23, 8.36%, 39, 0, 3, 5.85
1747779174, 0, 637, 875, 872, 23, 8.36%, 39, 0, 3, 5.91
1747779313, 0, 637, 876, 873, 23, 8.36%, 39, 0, 3, 7.10
1747779395, 0, 637, 878, 875, 23, 8.36%, 39, 0, 3, 5.67
1747779566, 0, 637, 879, 876, 23, 8.36%, 39, 0, 3, 6.27
1747779648, 0, 637, 880, 877, 23, 8.36%, 39, 0, 3, 5.67
1747779653, 0, 637, 881, 878, 23, 8.36%, 39, 0, 3, 5.58
1747779658, 0, 637, 882, 879, 23, 8.36%, 39, 0, 3, 5.56
1747779787, 0, 637, 883, 880, 23, 8.36%, 39, 0, 3, 6.01
1747779792, 0, 637, 884, 881, 23, 8.36%, 39, 0, 3, 6.00
1747779797, 0, 637, 885, 882, 23, 8.36%, 39, 0, 3, 5.95
1747779807, 0, 637, 886, 883, 23, 8.36%, 39, 0, 3, 5.74
1747779812, 0, 637, 887, 884, 23, 8.36%, 39, 0, 3, 5.65
1747779818, 0, 637, 888, 885, 23, 8.36%, 39, 0, 3, 5.63
1747779833, 0, 638, 888, 884, 22, 8.36%, 39, 0, 3, 13.97
1747779838, 0, 641, 888, 884, 22, 8.36%, 39, 0, 3, 14.06
1747779843, 0, 642, 888, 884, 22, 8.36%, 39, 0, 3, 13.31
1747779849, 0, 644, 888, 884, 22, 8.36%, 39, 0, 3, 13.39
1747779854, 0, 645, 888, 884, 22, 8.36%, 40, 0, 3, 13.87
1747779859, 0, 646, 888, 884, 22, 8.36%, 40, 0, 3, 13.62
1747779864, 0, 648, 889, 885, 22, 8.36%, 40, 0, 3, 13.11
1747779869, 0, 649, 889, 885, 22, 8.36%, 40, 0, 3, 13.26
1747779874, 0, 651, 889, 885, 22, 8.36%, 40, 0, 3, 13.98
1747779880, 0, 654, 889, 885, 22, 8.36%, 40, 0, 3, 14.88
1747779885, 0, 655, 889, 885, 22, 8.36%, 40, 0, 3, 14.42
1747779890, 0, 656, 889, 885, 22, 8.36%, 40, 0, 3, 13.34
1747779895, 0, 658, 889, 885, 22, 8.36%, 40, 0, 3, 12.89
1747779900, 0, 659, 889, 885, 22, 8.36%, 41, 0, 3, 13.94
1747779905, 0, 660, 889, 885, 22, 8.36%, 41, 0, 3, 12.53
1747779910, 0, 662, 889, 885, 22, 8.36%, 41, 0, 3, 14.90
1747779915, 0, 663, 889, 885, 22, 8.36%, 41, 0, 3, 13.99
1747779921, 0, 666, 889, 885, 22, 8.36%, 41, 0, 3, 14.11
1747779926, 0, 668, 889, 885, 22, 8.36%, 41, 0, 3, 13.72
1747779931, 0, 669, 889, 885, 22, 8.36%, 41, 0, 3, 12.54
1747779936, 0, 671, 889, 885, 22, 8.36%, 41, 0, 3, 13.77
1747779941, 0, 672, 889, 885, 22, 8.36%, 41, 0, 3, 14.50
1747779947, 0, 673, 889, 885, 22, 8.36%, 41, 0, 3, 13.24
1747779952, 0, 676, 889, 885, 22, 8.36%, 41, 0, 3, 14.30
1747779957, 0, 678, 889, 885, 22, 8.36%, 41, 0, 3, 15.27
1747779962, 0, 680, 889, 885, 22, 8.36%, 41, 0, 3, 14.18
1747779967, 0, 681, 890, 886, 22, 8.36%, 41, 0, 3, 11.69
1747779977, 0, 682, 890, 886, 22, 8.36%, 41, 0, 3, 13.27
1747779982, 0, 684, 890, 886, 22, 8.36%, 41, 0, 3, 13.89
1747779987, 0, 685, 890, 886, 22, 8.36%, 41, 0, 3, 13.25
1747779992, 0, 686, 890, 886, 22, 8.36%, 41, 0, 3, 14.63
1747779998, 0, 688, 890, 886, 22, 8.36%, 41, 0, 3, 14.06
1747780003, 0, 689, 890, 886, 22, 8.36%, 41, 0, 3, 13.59
1747780008, 0, 690, 890, 886, 22, 8.36%, 41, 0, 3, 13.28
1747780013, 0, 693, 890, 886, 22, 8.36%, 41, 0, 3, 12.33
1747780018, 0, 694, 890, 886, 22, 8.36%, 41, 0, 3, 12.86
1747780023, 0, 695, 890, 886, 22, 8.36%, 42, 0, 3, 14.23
1747780028, 0, 697, 890, 886, 22, 8.36%, 42, 0, 3, 15.32
1747780034, 0, 698, 890, 886, 22, 8.36%, 42, 0, 3, 14.60
1747780039, 0, 700, 890, 886, 22, 8.36%, 42, 0, 3, 14.71
1747780044, 0, 702, 890, 886, 22, 8.36%, 42, 0, 3, 14.74
1747780049, 0, 704, 890, 886, 22, 8.36%, 42, 0, 3, 12.97
1747780054, 0, 705, 890, 886, 22, 8.36%, 42, 0, 3, 13.62
1747780059, 0, 706, 890, 886, 22, 8.36%, 42, 0, 3, 12.85
1747780065, 0, 709, 890, 886, 22, 8.36%, 42, 0, 3, 14.33
1747780070, 0, 710, 890, 886, 22, 8.36%, 42, 0, 3, 14.57
1747780075, 0, 711, 890, 886, 22, 8.36%, 42, 0, 3, 13.47
1747780080, 0, 713, 890, 886, 22, 8.36%, 42, 0, 3, 14.89
1747780085, 0, 714, 890, 886, 22, 8.36%, 42, 0, 3, 14.05
1747780090, 0, 718, 890, 886, 22, 8.36%, 42, 0, 3, 13.98
1747780096, 0, 720, 890, 886, 22, 8.36%, 43, 0, 3, 12.83
1747780101, 0, 721, 890, 886, 22, 8.36%, 43, 0, 3, 11.83
1747780106, 0, 724, 890, 886, 22, 8.36%, 43, 0, 3, 13.39
1747780111, 0, 725, 890, 886, 22, 8.36%, 43, 0, 3, 12.24
1747780116, 0, 727, 890, 886, 22, 8.36%, 43, 0, 3, 14.13
1747780121, 0, 730, 890, 886, 22, 8.36%, 43, 0, 3, 14.50
1747780127, 0, 731, 890, 886, 22, 8.36%, 43, 0, 3, 13.94
1747780132, 0, 732, 890, 886, 22, 8.36%, 43, 0, 3, 14.00
1747780137, 0, 733, 891, 887, 22, 8.36%, 43, 0, 3, 14.31
1747780142, 0, 734, 891, 887, 22, 8.36%, 43, 0, 3, 13.71
1747780147, 0, 735, 891, 887, 22, 8.36%, 43, 0, 3, 13.38
1747780152, 0, 737, 891, 887, 22, 8.36%, 43, 0, 3, 13.29
1747780158, 0, 738, 891, 887, 22, 8.36%, 43, 0, 3, 12.95
1747780163, 0, 739, 891, 887, 22, 8.36%, 43, 0, 3, 13.35
1747780168, 0, 742, 891, 887, 22, 8.36%, 43, 0, 3, 14.45
1747780173, 0, 743, 891, 887, 22, 8.36%, 43, 0, 3, 14.68
1747780178, 0, 745, 891, 887, 22, 8.36%, 43, 0, 3, 13.36
1747780183, 0, 746, 891, 887, 22, 8.36%, 43, 0, 3, 13.83
1747780188, 0, 748, 891, 887, 22, 8.36%, 43, 0, 3, 14.59
1747780193, 0, 750, 891, 887, 22, 8.36%, 43, 0, 3, 14.37
1747780199, 0, 751, 891, 887, 22, 8.36%, 43, 0, 3, 13.75
1747780204, 0, 752, 891, 887, 22, 8.36%, 43, 0, 3, 13.27
1747780209, 0, 755, 891, 887, 22, 8.36%, 43, 0, 3, 13.83
1747780214, 0, 757, 891, 887, 22, 8.36%, 44, 0, 3, 14.14
1747780219, 0, 759, 891, 887, 22, 8.36%, 44, 0, 3, 14.12
1747780224, 0, 760, 891, 887, 22, 8.36%, 44, 0, 3, 14.28
1747780229, 0, 762, 891, 887, 22, 8.36%, 44, 0, 3, 13.95
1747780234, 0, 764, 891, 887, 22, 8.36%, 44, 0, 3, 18.79
1747780239, 0, 767, 891, 887, 22, 8.36%, 44, 0, 3, 22.89
1747780244, 0, 769, 891, 887, 22, 8.36%, 44, 0, 3, 22.46
1747780249, 0, 771, 891, 887, 22, 8.36%, 44, 0, 3, 21.52
1747780254, 0, 773, 891, 887, 22, 8.36%, 44, 0, 3, 23.13
1747780260, 0, 776, 891, 887, 22, 8.36%, 44, 0, 3, 24.02
1747780265, 0, 779, 891, 887, 22, 8.36%, 44, 0, 3, 24.36
1747780270, 0, 784, 891, 887, 22, 8.36%, 44, 0, 3, 21.54
1747780275, 0, 785, 892, 888, 22, 8.36%, 44, 0, 3, 20.13
1747780280, 0, 788, 892, 888, 23, 8.36%, 44, 0, 3, 22.20
1747780285, 0, 790, 892, 888, 23, 8.36%, 44, 0, 3, 21.71
1747780290, 0, 792, 892, 888, 23, 8.36%, 45, 0, 3, 22.12
1747780295, 0, 795, 892, 888, 23, 8.36%, 45, 0, 3, 22.61
1747780300, 0, 799, 892, 888, 23, 8.36%, 45, 0, 3, 22.28
1747780305, 0, 801, 892, 888, 23, 8.36%, 45, 0, 3, 22.90
1747780311, 0, 803, 892, 888, 23, 8.36%, 45, 0, 3, 23.00
1747780316, 0, 806, 892, 888, 23, 8.36%, 45, 0, 3, 21.90
1747780321, 0, 808, 892, 888, 23, 8.36%, 45, 0, 3, 23.24
1747780326, 0, 810, 892, 888, 23, 8.36%, 45, 0, 3, 21.65
1747780331, 0, 812, 892, 888, 23, 8.36%, 45, 0, 3, 24.68
1747780336, 0, 814, 892, 888, 23, 8.36%, 45, 0, 3, 21.96
1747780341, 0, 816, 893, 889, 23, 8.36%, 45, 0, 3, 20.29
1747780346, 0, 818, 893, 889, 23, 8.36%, 45, 0, 3, 24.21
1747780351, 0, 820, 895, 891, 23, 8.36%, 46, 0, 3, 24.11
1747780377, 0, 820, 896, 892, 23, 8.36%, 46, 0, 3, 27.29
1747780382, 0, 820, 898, 894, 23, 8.36%, 46, 0, 3, 23.69
1747780454, 0, 820, 899, 895, 23, 8.36%, 46, 0, 3, 26.61
1747780474, 0, 822, 899, 894, 22, 8.36%, 46, 0, 3, 27.01
1747780479, 0, 824, 899, 894, 22, 8.36%, 46, 0, 3, 22.66
1747780484, 0, 826, 899, 894, 22, 8.36%, 46, 0, 3, 21.75
1747780489, 0, 830, 899, 894, 22, 8.36%, 46, 0, 3, 22.54
1747780494, 0, 835, 899, 894, 22, 8.36%, 46, 0, 3, 23.92
1747780499, 0, 837, 899, 894, 22, 8.36%, 47, 0, 3, 21.79
1747780505, 0, 839, 899, 894, 22, 8.36%, 47, 0, 3, 22.51
1747780510, 0, 842, 899, 894, 22, 8.36%, 47, 0, 3, 22.40
1747780515, 0, 846, 899, 894, 22, 8.36%, 47, 0, 3, 23.96
1747780520, 0, 850, 899, 894, 22, 8.36%, 47, 0, 3, 22.50
1747780525, 0, 852, 899, 894, 22, 8.36%, 47, 0, 3, 23.02
1747780530, 0, 854, 899, 894, 22, 8.36%, 47, 0, 3, 22.17
1747780535, 0, 857, 899, 894, 22, 8.36%, 47, 0, 3, 23.24
1747780541, 0, 859, 899, 894, 22, 8.36%, 47, 0, 3, 20.04
1747780546, 0, 860, 899, 894, 22, 8.36%, 47, 0, 3, 14.91
1747780551, 0, 861, 899, 894, 22, 8.36%, 47, 0, 3, 13.96
1747780556, 0, 862, 899, 894, 22, 8.36%, 47, 0, 3, 14.41
1747780592, 0, 862, 900, 895, 22, 8.36%, 47, 0, 4, 7.74
1747780689, 0, 862, 902, 897, 22, 8.36%, 47, 0, 4, 7.86
1747780710, 0, 862, 903, 898, 22, 8.36%, 47, 0, 4, 7.48
1747780735, 0, 862, 904, 899, 22, 8.36%, 47, 0, 4, 7.49
1747780859, 0, 862, 905, 900, 22, 8.36%, 47, 0, 4, 8.56
1747780890, 0, 862, 906, 901, 22, 8.36%, 47, 0, 4, 8.54
1747780895, 0, 862, 907, 902, 22, 8.36%, 47, 0, 4, 8.17
1747780910, 0, 862, 908, 903, 22, 8.36%, 47, 0, 4, 7.76
1747780941, 0, 862, 909, 904, 22, 8.36%, 47, 0, 4, 11.97
1747780971, 0, 862, 910, 905, 22, 8.36%, 47, 0, 4, 8.48
1747780987, 0, 862, 911, 906, 22, 8.36%, 47, 0, 4, 8.24
1747781018, 0, 864, 911, 905, 22, 8.36%, 47, 0, 4, 15.25
1747781469, 0, 865, 911, 904, 21, 8.36%, 47, 0, 4, 15.40
1747781474, 0, 866, 911, 904, 21, 8.36%, 47, 0, 4, 14.27
1747781479, 0, 867, 911, 904, 21, 8.36%, 47, 0, 4, 13.68
1747781484, 0, 868, 911, 904, 21, 8.36%, 47, 0, 4, 12.49
1747781489, 0, 870, 911, 904, 21, 8.36%, 47, 0, 4, 13.96
1747781494, 0, 871, 911, 904, 21, 8.36%, 47, 0, 4, 13.90
1747781499, 0, 874, 911, 904, 21, 8.36%, 47, 0, 4, 14.28
1747781504, 0, 876, 911, 904, 21, 8.36%, 48, 0, 4, 12.12
1747781509, 0, 877, 911, 904, 21, 8.36%, 48, 0, 4, 11.85
1747781515, 0, 878, 911, 904, 21, 8.36%, 48, 0, 4, 13.72
1747781520, 0, 879, 911, 904, 21, 8.36%, 48, 0, 4, 13.45
1747781525, 0, 881, 911, 904, 21, 8.36%, 48, 0, 4, 12.67
1747781530, 0, 882, 911, 904, 21, 8.36%, 48, 0, 4, 13.06
1747781535, 0, 883, 911, 904, 21, 8.36%, 48, 0, 4, 14.16
1747781540, 0, 885, 911, 904, 21, 8.36%, 48, 0, 4, 13.00
1747781546, 0, 886, 911, 904, 21, 8.36%, 48, 0, 4, 13.55
1747781551, 0, 887, 911, 904, 21, 8.36%, 48, 0, 4, 12.98
1747781556, 0, 891, 911, 904, 21, 8.36%, 48, 0, 4, 13.23
1747781561, 0, 892, 911, 904, 21, 8.36%, 48, 0, 4, 13.29
1747781566, 0, 893, 911, 904, 21, 8.36%, 48, 0, 4, 13.50
1747781571, 0, 895, 911, 904, 21, 8.36%, 48, 0, 4, 13.74
1747781576, 0, 896, 911, 904, 21, 8.36%, 48, 0, 4, 11.25
1747781581, 0, 897, 911, 904, 21, 8.36%, 48, 0, 4, 12.71
1747781586, 0, 898, 911, 904, 21, 8.36%, 48, 0, 4, 13.57
1747781592, 0, 900, 911, 904, 21, 8.36%, 48, 0, 4, 14.24
1747781597, 0, 901, 911, 904, 21, 8.36%, 48, 0, 4, 13.03
1747781602, 0, 903, 911, 904, 21, 8.36%, 48, 0, 4, 14.66
1747781607, 0, 904, 911, 904, 21, 8.36%, 49, 0, 4, 14.10
1747781612, 0, 905, 911, 904, 21, 8.36%, 49, 0, 4, 13.10
1747781617, 0, 907, 911, 904, 21, 8.36%, 49, 0, 4, 13.33
1747781623, 0, 908, 911, 904, 21, 8.36%, 49, 0, 4, 15.37
1747781633, 0, 908, 912, 905, 21, 8.36%, 49, 0, 5, 10.51
1747781638, 0, 908, 913, 906, 21, 8.36%, 49, 0, 5, 8.85
1747781658, 0, 908, 916, 909, 21, 8.36%, 49, 0, 5, 8.66
1747781679, 0, 908, 917, 910, 21, 8.36%, 49, 0, 5, 8.42
1747781756, 0, 908, 918, 911, 21, 8.36%, 49, 0, 5, 10.76
1747781761, 0, 908, 919, 912, 21, 8.36%, 49, 0, 5, 9.41
1747781772, 0, 908, 920, 913, 21, 8.36%, 49, 0, 5, 8.95
1747781792, 0, 908, 922, 915, 21, 8.36%, 49, 0, 5, 8.41
1747781960, 0, 908, 923, 916, 21, 8.36%, 49, 0, 5, 8.92
1747781965, 0, 908, 924, 917, 21, 8.36%, 49, 0, 5, 8.78
1747781970, 0, 908, 925, 918, 21, 8.36%, 49, 0, 5, 8.32
1747782006, 0, 908, 926, 919, 21, 8.36%, 49, 0, 5, 10.91
1747782022, 0, 908, 927, 920, 21, 8.36%, 49, 0, 5, 10.05
1747782027, 0, 908, 928, 921, 21, 8.36%, 49, 0, 5, 9.94
1747782032, 0, 908, 931, 924, 21, 8.36%, 49, 0, 5, 9.79
1747782068, 0, 909, 931, 923, 22, 8.36%, 49, 0, 5, 16.33
1747782073, 0, 912, 931, 923, 22, 8.36%, 49, 0, 5, 15.92
1747782079, 0, 914, 931, 923, 22, 8.36%, 49, 0, 5, 13.13
1747782084, 0, 917, 931, 923, 22, 8.36%, 49, 0, 5, 13.83
1747782089, 0, 918, 931, 923, 22, 8.36%, 49, 0, 5, 13.03
1747782094, 0, 919, 931, 923, 22, 8.36%, 49, 0, 5, 14.90
1747782104, 0, 919, 932, 924, 22, 8.36%, 49, 0, 6, 9.92
1747782109, 0, 919, 933, 925, 22, 8.36%, 49, 0, 6, 8.39
1747782125, 0, 919, 934, 926, 22, 8.36%, 49, 0, 6, 9.74
1747782145, 0, 919, 936, 928, 22, 8.36%, 49, 0, 6, 8.87
1747782427, 0, 919, 938, 930, 22, 8.36%, 49, 0, 6, 7.97
1747782432, 0, 919, 939, 931, 22, 8.36%, 49, 0, 6, 7.87
1747782493, 0, 919, 940, 932, 22, 8.36%, 49, 0, 6, 9.25
1747782504, 0, 919, 941, 933, 22, 8.36%, 49, 0, 6, 7.99
1747782529, 0, 920, 941, 932, 22, 8.36%, 49, 0, 6, 14.58
1747782535, 0, 921, 941, 932, 22, 8.36%, 49, 0, 6, 13.23
1747782540, 0, 924, 941, 932, 22, 8.36%, 49, 0, 6, 14.72
1747782545, 0, 926, 941, 932, 22, 8.36%, 49, 0, 6, 12.70
1747782550, 0, 927, 941, 932, 22, 8.36%, 49, 0, 6, 13.26
1747782555, 0, 929, 941, 932, 22, 8.36%, 49, 0, 6, 14.02
1747782560, 0, 930, 941, 932, 22, 8.36%, 49, 0, 6, 12.82
1747782565, 0, 931, 941, 932, 22, 8.36%, 49, 0, 6, 13.80
1747782570, 0, 933, 941, 932, 22, 8.36%, 49, 0, 6, 12.70
1747782576, 0, 934, 941, 932, 22, 8.36%, 50, 0, 6, 13.05
1747782581, 0, 935, 941, 932, 22, 8.36%, 50, 0, 6, 12.70
1747782586, 0, 936, 941, 932, 22, 8.36%, 50, 0, 6, 12.35
1747782591, 0, 939, 941, 932, 22, 8.36%, 50, 0, 6, 11.70
1747782596, 1, 1, 941, 932, 22, 8.36%, 52, 0, 6, 11.88
1747782602, 1, 3, 941, 932, 22, 8.36%, 52, 0, 6, 14.16
1747782607, 1, 4, 941, 932, 22, 8.36%, 52, 0, 6, 13.01
1747782612, 1, 7, 941, 932, 22, 8.36%, 52, 0, 6, 12.66
1747782617, 1, 8, 941, 932, 22, 8.36%, 52, 0, 6, 13.45
1747782622, 1, 9, 941, 932, 22, 8.36%, 52, 0, 6, 13.28
1747782627, 1, 11, 941, 932, 22, 8.36%, 52, 0, 6, 13.49
1747782632, 1, 13, 941, 932, 22, 8.36%, 52, 0, 6, 12.92
1747782637, 1, 16, 941, 932, 22, 8.36%, 52, 0, 6, 13.69
1747782643, 1, 18, 941, 932, 22, 8.36%, 52, 0, 6, 12.90
1747782648, 1, 19, 941, 932, 22, 8.36%, 52, 0, 6, 13.57
1747782653, 1, 20, 941, 932, 22, 8.36%, 52, 0, 6, 13.58
1747782658, 1, 22, 941, 932, 22, 8.36%, 52, 0, 6, 12.03
1747782663, 1, 23, 941, 932, 22, 8.36%, 52, 0, 6, 12.62
1747782668, 1, 24, 941, 932, 22, 8.36%, 52, 0, 6, 13.39
1747782673, 1, 25, 941, 932, 22, 8.36%, 52, 0, 6, 12.36
1747782678, 1, 27, 941, 932, 22, 8.36%, 52, 0, 6, 14.95
1747782684, 1, 28, 941, 932, 22, 8.36%, 52, 0, 6, 14.00
1747782689, 1, 33, 941, 932, 22, 8.36%, 52, 0, 6, 12.90
1747782694, 1, 34, 941, 932, 22, 8.36%, 52, 0, 6, 13.73
1747782699, 1, 36, 941, 932, 22, 8.36%, 53, 0, 6, 13.12
1747782704, 1, 37, 941, 932, 22, 8.36%, 53, 0, 6, 13.29
1747782709, 1, 39, 941, 932, 22, 8.36%, 54, 0, 6, 12.68
1747782714, 1, 40, 941, 932, 22, 8.36%, 54, 0, 6, 12.75
1747782719, 1, 41, 941, 932, 22, 8.36%, 54, 0, 6, 11.85
1747782724, 1, 42, 941, 932, 22, 8.36%, 54, 0, 6, 14.21
1747782730, 1, 44, 941, 932, 22, 8.36%, 54, 0, 6, 12.86
1747782735, 1, 45, 941, 932, 22, 8.36%, 54, 0, 6, 14.53
1747782740, 1, 48, 941, 932, 22, 8.36%, 54, 0, 6, 14.57
1747782745, 1, 49, 941, 932, 22, 8.36%, 54, 0, 6, 13.34
1747782750, 1, 50, 941, 932, 22, 8.36%, 54, 0, 6, 12.94
1747782755, 1, 53, 941, 932, 22, 8.36%, 54, 0, 6, 14.36
1747782761, 1, 54, 941, 932, 22, 8.36%, 54, 0, 6, 15.07
1747782766, 1, 55, 941, 932, 22, 8.36%, 54, 0, 6, 14.68
1747782771, 1, 57, 941, 932, 22, 8.36%, 54, 0, 6, 13.73
1747782776, 1, 58, 941, 932, 22, 8.36%, 55, 0, 6, 13.04
1747782781, 1, 59, 941, 932, 22, 8.36%, 55, 0, 6, 14.44
1747782786, 1, 62, 941, 932, 22, 8.36%, 55, 0, 6, 13.88
1747782791, 1, 63, 941, 932, 22, 8.36%, 55, 0, 6, 14.19
1747782796, 1, 65, 941, 932, 22, 8.36%, 55, 0, 6, 13.98
1747782801, 1, 66, 941, 932, 22, 8.36%, 55, 0, 6, 13.33
1747782807, 1, 67, 941, 932, 22, 8.36%, 55, 0, 6, 14.06
1747782812, 1, 69, 941, 932, 22, 8.36%, 55, 0, 6, 13.70
1747782817, 1, 70, 941, 932, 22, 8.36%, 55, 0, 6, 12.94
1747782822, 1, 70, 942, 933, 22, 8.36%, 55, 0, 6, 13.57
1747782827, 1, 71, 942, 933, 22, 8.36%, 55, 0, 6, 12.71
1747782833, 1, 73, 942, 933, 22, 8.36%, 55, 0, 6, 12.56
1747782838, 1, 74, 942, 933, 22, 8.36%, 55, 0, 6, 11.72
1747782843, 1, 75, 942, 933, 22, 8.36%, 55, 0, 6, 12.72
1747782848, 1, 76, 942, 933, 22, 8.36%, 56, 0, 6, 12.83
1747782853, 1, 78, 942, 933, 22, 8.36%, 56, 0, 6, 23.32
1747782874, 1, 81, 942, 932, 21, 8.36%, 56, 0, 6, 17.33
1747782879, 1, 82, 942, 932, 21, 8.36%, 56, 0, 6, 12.99
1747782884, 1, 83, 942, 932, 21, 8.36%, 56, 0, 6, 12.35
1747782889, 1, 84, 942, 932, 21, 8.36%, 56, 0, 6, 12.16
1747782894, 1, 86, 942, 932, 21, 8.36%, 56, 0, 6, 14.18
1747782899, 1, 87, 942, 932, 21, 8.36%, 56, 0, 6, 12.71
1747782904, 1, 88, 942, 932, 21, 8.36%, 56, 0, 6, 12.31
1747782909, 1, 91, 942, 932, 21, 8.36%, 56, 0, 6, 14.19
1747782915, 1, 92, 942, 932, 21, 8.36%, 56, 0, 6, 12.94
1747782920, 1, 93, 942, 932, 21, 8.36%, 56, 0, 6, 13.02
1747782925, 1, 94, 942, 932, 21, 8.36%, 56, 0, 6, 11.75
1747782930, 1, 95, 942, 932, 21, 8.36%, 56, 0, 6, 11.60
1747782935, 1, 97, 942, 932, 21, 8.36%, 56, 0, 6, 12.76
1747782940, 1, 98, 942, 932, 21, 8.36%, 57, 0, 6, 12.22
1747782945, 1, 99, 942, 932, 21, 8.36%, 58, 0, 6, 14.06
1747782951, 1, 101, 942, 932, 21, 8.36%, 58, 0, 6, 13.56
1747782956, 1, 102, 942, 932, 21, 8.36%, 58, 0, 6, 12.22
1747782961, 1, 104, 942, 932, 21, 8.36%, 58, 0, 6, 13.35
1747782966, 1, 105, 942, 932, 21, 8.36%, 58, 0, 6, 11.70
1747782971, 1, 106, 942, 932, 21, 8.36%, 58, 0, 6, 12.18
1747782976, 1, 108, 942, 932, 21, 8.36%, 58, 0, 6, 12.00
1747782981, 1, 109, 942, 932, 21, 8.36%, 58, 0, 6, 12.43
1747782987, 1, 111, 942, 932, 21, 8.36%, 58, 0, 6, 15.76
1747782992, 1, 112, 942, 932, 21, 8.36%, 58, 0, 6, 14.54
1747782997, 1, 113, 942, 932, 21, 8.36%, 58, 0, 6, 13.93
1747783002, 1, 115, 942, 932, 21, 8.36%, 58, 0, 6, 15.08
1747783007, 1, 116, 942, 932, 21, 8.36%, 58, 0, 6, 15.55
1747783012, 1, 118, 942, 932, 21, 8.36%, 58, 0, 6, 13.91
1747783018, 1, 119, 942, 932, 21, 8.36%, 58, 0, 6, 12.83
1747783023, 1, 120, 942, 932, 21, 8.36%, 58, 0, 6, 14.56
1747783028, 1, 122, 942, 932, 21, 8.36%, 58, 0, 6, 15.18
1747783033, 1, 123, 942, 932, 21, 8.36%, 58, 0, 6, 13.70
1747783038, 1, 124, 942, 932, 21, 8.36%, 58, 0, 6, 13.49
1747783043, 1, 126, 942, 932, 21, 8.36%, 58, 0, 6, 14.24
1747783048, 1, 127, 942, 932, 21, 8.36%, 58, 0, 6, 14.47
1747783053, 1, 129, 942, 932, 21, 8.36%, 58, 0, 6, 12.74
1747783058, 1, 130, 942, 932, 21, 8.36%, 58, 0, 6, 11.48
1747783064, 1, 133, 942, 932, 21, 8.36%, 58, 0, 6, 15.62
1747783089, 1, 135, 942, 931, 20, 8.36%, 58, 0, 6, 17.53
1747783094, 1, 137, 942, 931, 20, 8.36%, 58, 0, 6, 15.28
1747783100, 1, 138, 942, 931, 20, 8.36%, 58, 0, 6, 14.19
1747783105, 1, 144, 942, 931, 20, 8.36%, 58, 0, 6, 13.21
1747783110, 1, 145, 942, 931, 20, 8.36%, 58, 0, 6, 14.21
1747783115, 1, 147, 942, 931, 20, 8.36%, 58, 0, 6, 14.45
1747783120, 1, 148, 942, 931, 20, 8.36%, 58, 0, 6, 13.09
1747783126, 1, 149, 942, 931, 20, 8.36%, 58, 0, 6, 12.28
1747783131, 1, 150, 942, 931, 20, 8.36%, 58, 0, 6, 13.51
1747783136, 1, 152, 942, 931, 20, 8.36%, 58, 0, 6, 13.64
1747783141, 1, 153, 942, 931, 20, 8.36%, 59, 0, 6, 12.08
1747783146, 1, 154, 942, 931, 20, 8.36%, 59, 0, 6, 12.29
1747783151, 1, 155, 942, 931, 20, 8.36%, 59, 0, 6, 12.69
1747783156, 1, 156, 942, 931, 20, 8.36%, 59, 0, 6, 19.43
1747783187, 1, 157, 942, 930, 19, 8.36%, 59, 0, 6, 21.80
1747783192, 1, 158, 942, 930, 19, 8.36%, 59, 0, 6, 15.55
1747783197, 1, 160, 942, 930, 19, 8.36%, 59, 0, 6, 14.27
1747783202, 1, 161, 942, 930, 19, 8.36%, 59, 0, 6, 13.66
1747783207, 1, 164, 942, 930, 19, 8.36%, 59, 0, 6, 12.86
1747783212, 1, 165, 942, 930, 19, 8.36%, 59, 0, 6, 12.87
1747783217, 1, 166, 942, 930, 19, 8.36%, 59, 0, 6, 13.48
1747783223, 1, 170, 942, 930, 19, 8.36%, 59, 0, 6, 14.54
1747783228, 1, 172, 942, 930, 19, 8.36%, 59, 0, 6, 14.67
1747783233, 1, 173, 942, 930, 19, 8.36%, 59, 0, 6, 12.27
1747783238, 1, 176, 942, 930, 19, 8.36%, 59, 0, 6, 12.13
1747783243, 1, 177, 942, 930, 19, 8.36%, 59, 0, 6, 13.21
1747783248, 1, 178, 942, 930, 19, 8.36%, 60, 0, 6, 13.84
1747783253, 1, 180, 942, 930, 19, 8.36%, 60, 0, 6, 14.13
1747783258, 1, 181, 942, 930, 19, 8.36%, 60, 0, 6, 13.27
1747783263, 1, 182, 942, 930, 19, 8.36%, 60, 0, 6, 13.52
1747783268, 1, 183, 942, 930, 19, 8.36%, 60, 0, 6, 13.05
1747783274, 1, 186, 942, 930, 19, 8.36%, 61, 0, 6, 13.89
1747783279, 1, 187, 942, 930, 19, 8.36%, 62, 0, 6, 12.74
1747783284, 1, 188, 942, 930, 19, 8.36%, 62, 0, 6, 12.58
1747783289, 1, 190, 942, 930, 19, 8.36%, 62, 0, 6, 13.61
1747783294, 1, 192, 942, 930, 19, 8.36%, 62, 0, 6, 14.06
1747783299, 1, 194, 942, 930, 19, 8.36%, 62, 0, 6, 12.53
1747783304, 1, 196, 942, 930, 19, 8.36%, 62, 0, 6, 13.02
1747783309, 1, 197, 942, 930, 19, 8.36%, 62, 0, 6, 12.54
1747783315, 1, 198, 942, 930, 19, 8.36%, 62, 0, 6, 13.16
1747783320, 1, 199, 942, 930, 19, 8.36%, 62, 0, 6, 12.78
1747783325, 1, 201, 942, 930, 19, 8.36%, 62, 0, 6, 13.70
1747783330, 1, 202, 942, 930, 19, 8.36%, 62, 0, 6, 13.13
1747783335, 1, 204, 942, 930, 19, 8.36%, 62, 0, 6, 13.87
1747783340, 1, 208, 942, 930, 19, 8.36%, 63, 0, 6, 13.10
1747783345, 1, 209, 942, 930, 19, 8.36%, 63, 0, 6, 13.61
1747783350, 1, 210, 942, 930, 19, 8.36%, 63, 0, 6, 13.87
1747783356, 1, 212, 942, 930, 19, 8.36%, 64, 0, 6, 14.22
1747783361, 1, 213, 942, 930, 19, 8.36%, 64, 0, 6, 14.10
1747783366, 1, 214, 942, 930, 19, 8.36%, 64, 0, 6, 13.55
1747783371, 1, 216, 942, 930, 19, 8.36%, 64, 0, 6, 14.58
1747783376, 1, 217, 942, 930, 19, 8.36%, 64, 0, 6, 14.62
1747783381, 1, 220, 942, 930, 19, 8.36%, 64, 0, 6, 13.42
1747783386, 1, 221, 942, 930, 19, 8.36%, 64, 0, 6, 14.56
1747783391, 1, 222, 942, 930, 19, 8.36%, 64, 0, 6, 13.58
1747783397, 1, 223, 942, 930, 19, 8.36%, 64, 0, 6, 12.66
1747783402, 1, 225, 942, 930, 19, 8.36%, 64, 0, 6, 11.98
1747783407, 1, 228, 942, 930, 19, 8.36%, 64, 0, 6, 12.25
1747783412, 1, 229, 942, 930, 19, 8.36%, 64, 0, 6, 13.54
1747783417, 1, 233, 942, 930, 19, 8.36%, 64, 0, 6, 14.14
1747783422, 1, 234, 942, 930, 19, 8.36%, 64, 0, 6, 13.04
1747783428, 1, 235, 942, 930, 19, 8.36%, 64, 0, 6, 13.56
1747783433, 1, 238, 942, 930, 19, 8.36%, 65, 0, 6, 12.43
1747783438, 1, 240, 942, 930, 19, 8.36%, 65, 0, 6, 13.09
1747783443, 1, 241, 942, 930, 19, 8.36%, 65, 0, 6, 11.58
1747783448, 1, 245, 942, 930, 19, 8.36%, 65, 0, 6, 12.38
1747783453, 1, 246, 942, 930, 19, 8.36%, 65, 0, 6, 13.18
1747783458, 1, 250, 942, 930, 19, 8.36%, 65, 0, 6, 14.18
1747783463, 1, 252, 942, 930, 19, 8.36%, 66, 0, 6, 13.72
1747783468, 1, 255, 942, 930, 19, 8.36%, 66, 0, 6, 13.61
1747783474, 1, 256, 942, 930, 19, 8.36%, 66, 0, 6, 12.91
1747783479, 1, 257, 942, 930, 19, 8.36%, 66, 0, 6, 12.96
1747783484, 1, 258, 942, 930, 19, 8.36%, 66, 0, 6, 13.85
1747783489, 1, 260, 942, 930, 19, 8.36%, 66, 0, 6, 13.46
1747783494, 1, 261, 942, 930, 19, 8.36%, 66, 0, 6, 14.06
1747783499, 1, 262, 942, 930, 19, 8.36%, 68, 0, 6, 12.73
1747783504, 1, 264, 942, 930, 19, 8.36%, 68, 0, 6, 13.63
1747783509, 1, 266, 942, 930, 19, 8.36%, 68, 0, 6, 13.44
1747783514, 1, 267, 942, 930, 19, 8.36%, 68, 0, 6, 14.01
1747783520, 1, 269, 942, 930, 19, 8.36%, 68, 0, 6, 12.37
1747783525, 1, 270, 942, 930, 19, 8.36%, 68, 0, 6, 12.21
1747783530, 1, 271, 942, 930, 19, 8.36%, 68, 0, 6, 13.47
1747783535, 1, 273, 942, 930, 19, 8.36%, 68, 0, 6, 14.18
1747783540, 1, 274, 942, 930, 19, 8.36%, 68, 0, 6, 12.52
1747783545, 1, 275, 942, 930, 19, 8.36%, 68, 0, 6, 12.87
1747783550, 1, 275, 943, 931, 19, 8.36%, 68, 0, 6, 11.70
1747783555, 1, 277, 943, 931, 19, 8.36%, 68, 0, 6, 15.05
1747783576, 1, 279, 943, 930, 19, 8.36%, 68, 0, 6, 15.22
1747783581, 1, 280, 943, 930, 19, 8.36%, 68, 0, 6, 14.19
1747783586, 1, 281, 943, 930, 19, 8.36%, 68, 0, 6, 14.02
1747783591, 1, 283, 943, 930, 19, 8.36%, 69, 0, 6, 13.03
1747783596, 1, 285, 943, 930, 19, 8.36%, 69, 0, 6, 14.45
1747783602, 1, 286, 943, 930, 19, 8.36%, 69, 0, 6, 14.05
1747783607, 1, 288, 943, 930, 19, 8.36%, 69, 0, 6, 16.14
1747783627, 1, 289, 943, 929, 19, 8.36%, 69, 0, 6, 7.95
1747783632, 1, 291, 943, 929, 19, 8.36%, 69, 0, 6, 11.25
1747783638, 1, 292, 943, 929, 19, 8.36%, 70, 0, 6, 11.77
1747783643, 1, 294, 943, 929, 19, 8.36%, 70, 0, 6, 13.18
1747783648, 1, 295, 943, 929, 19, 8.36%, 70, 0, 6, 12.42
1747783653, 1, 296, 943, 929, 19, 8.36%, 70, 0, 6, 12.69
1747783658, 1, 297, 943, 929, 19, 8.36%, 70, 0, 6, 12.18
1747783663, 1, 299, 943, 929, 19, 8.36%, 70, 0, 6, 12.34
1747783669, 1, 300, 943, 929, 19, 8.36%, 70, 0, 6, 13.19
1747783674, 1, 301, 943, 929, 19, 8.36%, 70, 0, 6, 12.79
1747783679, 1, 304, 943, 929, 19, 8.36%, 70, 0, 6, 12.83
1747783684, 1, 305, 943, 929, 19, 8.36%, 70, 0, 6, 13.30
1747783689, 1, 306, 943, 929, 19, 8.36%, 70, 0, 6, 13.74
1747783694, 1, 308, 943, 929, 19, 8.36%, 70, 0, 6, 14.42
1747783699, 1, 309, 943, 929, 19, 8.36%, 70, 0, 6, 13.49
1747783705, 1, 310, 943, 929, 19, 8.36%, 70, 0, 6, 13.37
1747783710, 1, 311, 943, 929, 19, 8.36%, 70, 0, 6, 17.95
1747783741, 1, 312, 943, 928, 19, 8.36%, 70, 0, 6, 21.96
1747783746, 1, 314, 943, 928, 19, 8.36%, 70, 0, 6, 14.32
1747783751, 1, 315, 943, 928, 19, 8.36%, 71, 0, 6, 13.12
1747783756, 1, 316, 943, 928, 19, 8.36%, 71, 0, 6, 12.52
1747783761, 1, 317, 943, 928, 19, 8.36%, 71, 0, 6, 12.67
1747783766, 1, 319, 943, 928, 19, 8.36%, 71, 0, 6, 13.44
1747783771, 1, 320, 943, 928, 19, 8.36%, 71, 0, 6, 14.40
1747783776, 1, 321, 943, 928, 19, 8.36%, 72, 0, 6, 12.55
1747783781, 1, 323, 943, 928, 19, 8.36%, 72, 0, 6, 14.35
1747783787, 1, 325, 943, 928, 19, 8.36%, 72, 0, 6, 12.91
1747783792, 1, 327, 943, 928, 19, 8.36%, 73, 0, 6, 13.34
1747783797, 1, 329, 943, 928, 19, 8.36%, 73, 0, 6, 13.35
1747783802, 1, 331, 943, 928, 19, 8.36%, 73, 0, 6, 13.73
1747783807, 1, 332, 943, 928, 19, 8.36%, 73, 0, 6, 12.60
1747783812, 1, 333, 943, 928, 19, 8.36%, 73, 0, 6, 13.45
1747783818, 1, 337, 943, 928, 19, 8.36%, 73, 0, 6, 12.98
1747783823, 1, 338, 943, 928, 19, 8.36%, 73, 0, 6, 11.81
1747783828, 1, 339, 943, 928, 19, 8.36%, 73, 0, 6, 12.09
1747783833, 1, 341, 943, 928, 19, 8.36%, 73, 0, 6, 13.15
1747783838, 1, 342, 943, 928, 19, 8.36%, 73, 0, 6, 13.70
1747783843, 1, 343, 943, 928, 19, 8.36%, 73, 0, 6, 12.82
1747783848, 1, 344, 943, 928, 19, 8.36%, 73, 0, 6, 12.91
1747783854, 1, 346, 943, 928, 19, 8.36%, 73, 0, 6, 12.85
1747783859, 1, 349, 943, 928, 19, 8.36%, 73, 0, 6, 12.57
1747783864, 1, 350, 943, 928, 19, 8.36%, 73, 0, 6, 11.83
1747783869, 1, 351, 943, 928, 19, 8.36%, 73, 0, 6, 12.71
1747783874, 1, 354, 943, 928, 19, 8.36%, 73, 0, 6, 12.26
1747783879, 1, 355, 943, 928, 19, 8.36%, 73, 0, 6, 11.68
1747783884, 1, 356, 943, 928, 19, 8.36%, 73, 0, 6, 13.17
1747783889, 1, 357, 943, 928, 19, 8.36%, 73, 0, 6, 12.90
1747783894, 1, 359, 943, 928, 19, 8.36%, 73, 0, 6, 12.54
1747783899, 1, 360, 943, 928, 19, 8.36%, 73, 0, 6, 13.23
1747783904, 1, 361, 943, 928, 19, 8.36%, 73, 0, 6, 12.88
1747783909, 1, 362, 943, 928, 19, 8.36%, 73, 0, 6, 12.59
1747783915, 1, 365, 943, 928, 19, 8.36%, 73, 0, 6, 12.93
1747783920, 1, 366, 943, 928, 19, 8.36%, 73, 0, 6, 13.88
1747783925, 1, 368, 943, 928, 19, 8.36%, 73, 0, 6, 13.94
1747783930, 1, 371, 943, 928, 19, 8.36%, 73, 0, 6, 13.68
1747783935, 1, 373, 943, 928, 19, 8.36%, 74, 0, 6, 12.39
1747783940, 1, 374, 943, 928, 19, 8.36%, 74, 0, 6, 13.48
1747783945, 1, 375, 943, 928, 19, 8.36%, 74, 0, 6, 12.35
1747783950, 1, 376, 943, 928, 19, 8.36%, 74, 0, 6, 13.12
1747783955, 1, 378, 943, 928, 19, 8.36%, 74, 0, 6, 13.02
1747783961, 1, 379, 943, 928, 19, 8.36%, 74, 0, 6, 12.14
1747783966, 1, 380, 943, 928, 19, 8.36%, 74, 0, 6, 12.46
1747783971, 1, 382, 943, 928, 19, 8.36%, 74, 0, 6, 12.76
1747783976, 1, 384, 943, 928, 19, 8.36%, 74, 0, 6, 13.61
1747783981, 1, 385, 943, 928, 19, 8.36%, 74, 0, 6, 14.24
1747783986, 1, 386, 943, 928, 19, 8.36%, 75, 0, 6, 14.49
1747783991, 1, 389, 943, 928, 19, 8.36%, 75, 0, 6, 13.38
1747783997, 1, 390, 943, 928, 19, 8.36%, 75, 0, 6, 12.34
1747784002, 1, 391, 943, 928, 19, 8.36%, 75, 0, 6, 11.98
1747784007, 1, 393, 943, 928, 19, 8.36%, 75, 0, 6, 13.17
1747784012, 1, 395, 943, 928, 19, 8.36%, 75, 0, 6, 13.62
1747784017, 1, 396, 943, 928, 19, 8.36%, 75, 0, 6, 13.68
1747784022, 1, 397, 943, 928, 19, 8.36%, 75, 0, 6, 13.15
1747784027, 1, 400, 943, 928, 19, 8.36%, 75, 0, 6, 14.08
1747784032, 1, 402, 943, 928, 19, 8.36%, 75, 0, 6, 14.62
1747784037, 1, 403, 943, 928, 19, 8.36%, 76, 0, 6, 12.95
1747784042, 1, 405, 943, 928, 19, 8.36%, 76, 0, 6, 13.75
1747784048, 1, 407, 943, 928, 19, 8.36%, 76, 0, 6, 13.62
1747784053, 1, 408, 943, 928, 19, 8.36%, 76, 0, 6, 13.29
1747784058, 1, 410, 943, 928, 19, 8.36%, 76, 0, 6, 14.77
1747784063, 1, 411, 943, 928, 19, 8.36%, 76, 0, 6, 14.87
1747784068, 1, 414, 943, 928, 19, 8.36%, 76, 0, 6, 13.19
1747784073, 1, 415, 943, 928, 19, 8.36%, 76, 0, 6, 12.70
1747784078, 1, 416, 943, 928, 19, 8.36%, 76, 0, 6, 13.51
1747784083, 1, 418, 943, 928, 19, 8.36%, 77, 0, 6, 13.98
1747784088, 1, 419, 943, 928, 19, 8.36%, 77, 0, 6, 13.14
1747784094, 1, 420, 943, 928, 19, 8.36%, 77, 0, 6, 12.31
1747784099, 1, 421, 943, 928, 19, 8.36%, 77, 0, 6, 11.88
1747784104, 1, 423, 943, 928, 19, 8.36%, 77, 0, 6, 13.87
1747784109, 1, 425, 943, 928, 19, 8.36%, 77, 0, 6, 13.07
1747784114, 1, 426, 943, 928, 19, 8.36%, 77, 0, 6, 13.93
1747784119, 1, 428, 943, 928, 19, 8.36%, 77, 0, 6, 13.53
1747784124, 1, 429, 943, 928, 19, 8.36%, 77, 0, 6, 13.40
1747784130, 1, 430, 943, 928, 19, 8.36%, 77, 0, 6, 12.52
1747784135, 1, 433, 943, 928, 19, 8.36%, 77, 0, 6, 14.13
1747784140, 1, 434, 943, 928, 19, 8.36%, 79, 0, 6, 14.22
1747784145, 1, 435, 943, 928, 19, 8.36%, 79, 0, 6, 12.72
1747784150, 1, 436, 943, 928, 19, 8.36%, 79, 0, 6, 14.44
1747784155, 1, 440, 943, 928, 19, 8.36%, 79, 0, 6, 16.02
1747784160, 1, 442, 943, 928, 19, 8.36%, 79, 0, 6, 20.40
1747784165, 1, 445, 943, 928, 19, 8.36%, 79, 0, 6, 21.94
1747784170, 1, 449, 943, 928, 19, 8.36%, 79, 0, 6, 23.55
1747784175, 1, 450, 944, 929, 19, 8.36%, 79, 0, 6, 22.68
1747784180, 1, 452, 944, 929, 19, 8.36%, 79, 0, 6, 22.55
1747784186, 1, 454, 944, 929, 19, 8.36%, 79, 0, 6, 23.33
1747784191, 1, 457, 944, 929, 19, 8.36%, 79, 0, 6, 25.14
1747784196, 1, 459, 944, 929, 19, 8.36%, 79, 0, 6, 21.33
1747784201, 1, 461, 944, 929, 19, 8.36%, 79, 0, 6, 20.48
1747784206, 1, 463, 944, 929, 19, 8.36%, 79, 0, 6, 21.54
1747784211, 1, 465, 944, 929, 19, 8.36%, 79, 0, 6, 21.62
1747784216, 1, 468, 944, 929, 19, 8.36%, 79, 0, 6, 24.66
1747784221, 1, 470, 944, 929, 19, 8.36%, 79, 0, 6, 23.98
1747784226, 1, 474, 944, 929, 19, 8.36%, 79, 0, 6, 23.30
1747784232, 1, 476, 944, 929, 19, 8.36%, 79, 0, 6, 24.14
1747784237, 1, 478, 944, 929, 19, 8.36%, 79, 0, 6, 23.09
1747784242, 1, 482, 944, 929, 19, 8.36%, 79, 0, 6, 20.97
1747784247, 1, 485, 944, 929, 19, 8.36%, 79, 0, 6, 22.01
1747784339, 1, 485, 946, 931, 19, 8.36%, 79, 0, 6, 13.65
1747784354, 1, 486, 946, 930, 19, 8.36%, 79, 0, 6, 14.15
1747784359, 1, 488, 946, 930, 19, 8.36%, 79, 0, 6, 14.04
1747784364, 1, 489, 946, 930, 19, 8.36%, 80, 0, 6, 14.64
1747784369, 1, 490, 946, 930, 19, 8.36%, 80, 0, 6, 13.47
1747784375, 1, 492, 946, 930, 19, 8.36%, 80, 0, 6, 13.57
1747784380, 1, 493, 946, 930, 19, 8.36%, 80, 0, 6, 12.20
1747784385, 1, 494, 946, 930, 19, 8.36%, 80, 0, 6, 12.83
1747784390, 1, 496, 946, 930, 19, 8.36%, 80, 0, 6, 12.04
1747784395, 1, 498, 946, 930, 19, 8.36%, 81, 0, 6, 13.53
1747784400, 1, 499, 946, 930, 19, 8.36%, 81, 0, 6, 14.49
1747784405, 1, 501, 946, 930, 19, 8.36%, 81, 0, 6, 12.88
1747784411, 1, 502, 946, 930, 19, 8.36%, 81, 0, 6, 12.13
1747784416, 1, 503, 946, 930, 19, 8.36%, 81, 0, 6, 12.96
1747784421, 1, 504, 947, 931, 19, 8.36%, 81, 0, 6, 12.03
1747784431, 1, 506, 947, 931, 19, 8.36%, 81, 0, 6, 12.05
1747784436, 1, 507, 947, 931, 19, 8.36%, 81, 0, 6, 13.68
1747784442, 1, 508, 947, 931, 19, 8.36%, 81, 0, 6, 12.91
1747784447, 1, 509, 947, 931, 19, 8.36%, 81, 0, 6, 13.44
1747784452, 1, 511, 947, 931, 19, 8.36%, 81, 0, 6, 13.99
1747784457, 1, 512, 947, 931, 19, 8.36%, 81, 0, 6, 14.80
1747784462, 1, 514, 947, 931, 19, 8.36%, 81, 0, 6, 14.24
1747784467, 1, 515, 947, 931, 19, 8.36%, 81, 0, 6, 12.22
1747784472, 1, 516, 947, 931, 19, 8.36%, 81, 0, 6, 13.19
1747784477, 1, 518, 947, 931, 19, 8.36%, 82, 0, 6, 12.15
1747784482, 1, 519, 947, 931, 19, 8.36%, 82, 0, 6, 13.92
1747784488, 1, 520, 947, 931, 19, 8.36%, 82, 0, 6, 13.82
1747784493, 1, 522, 947, 931, 19, 8.36%, 82, 0, 6, 13.64
1747784498, 1, 524, 947, 931, 19, 8.36%, 82, 0, 6, 14.20
1747784503, 1, 525, 947, 931, 19, 8.36%, 82, 0, 6, 13.31
1747784508, 1, 527, 947, 931, 19, 8.36%, 82, 0, 6, 15.03
1747784513, 1, 528, 947, 931, 19, 8.36%, 82, 0, 6, 12.90
1747784518, 1, 531, 947, 931, 19, 8.36%, 82, 0, 6, 12.94
1747784524, 1, 533, 947, 931, 19, 8.36%, 82, 0, 6, 13.72
1747784529, 1, 535, 947, 931, 19, 8.36%, 82, 0, 6, 13.45
1747784534, 1, 536, 947, 931, 19, 8.36%, 82, 0, 6, 11.64
1747784539, 1, 539, 947, 931, 19, 8.36%, 82, 0, 6, 12.52
1747784544, 1, 542, 947, 931, 19, 8.36%, 83, 0, 6, 13.22
1747784549, 1, 543, 947, 931, 19, 8.36%, 84, 0, 6, 12.05
1747784555, 1, 544, 947, 931, 19, 8.36%, 84, 0, 6, 13.78
1747784560, 1, 546, 947, 931, 19, 8.36%, 85, 0, 6, 12.63
1747784565, 1, 549, 947, 931, 19, 8.36%, 87, 0, 6, 12.53
1747784570, 1, 550, 947, 931, 19, 8.36%, 87, 0, 6, 13.63
1747784575, 1, 552, 947, 931, 19, 8.36%, 87, 0, 6, 13.81
1747784580, 1, 554, 947, 931, 19, 8.36%, 87, 0, 6, 14.86
1747784585, 1, 556, 947, 931, 19, 8.36%, 87, 0, 6, 13.60
1747784591, 1, 558, 947, 931, 19, 8.36%, 87, 0, 6, 13.39
1747784596, 1, 559, 947, 931, 19, 8.36%, 87, 0, 6, 12.51
1747784601, 1, 560, 947, 931, 19, 8.36%, 87, 0, 6, 13.45
1747784606, 1, 564, 947, 931, 19, 8.36%, 87, 0, 6, 13.76
1747784611, 1, 566, 947, 931, 19, 8.36%, 87, 0, 6, 14.87
1747784616, 1, 567, 947, 931, 19, 8.36%, 87, 0, 6, 13.51
1747784621, 1, 569, 947, 931, 19, 8.36%, 87, 0, 6, 14.06
1747784626, 1, 570, 947, 931, 19, 8.36%, 87, 0, 6, 13.66
1747784631, 1, 571, 947, 931, 19, 8.36%, 87, 0, 6, 13.49
1747784636, 1, 573, 947, 931, 19, 8.36%, 87, 0, 6, 14.58
1747784642, 1, 574, 947, 931, 19, 8.36%, 88, 0, 6, 13.36
1747784647, 1, 575, 947, 931, 19, 8.36%, 88, 0, 6, 12.79
1747784652, 1, 577, 947, 931, 19, 8.36%, 88, 0, 6, 12.93
1747784657, 1, 578, 947, 931, 19, 8.36%, 88, 0, 6, 14.87
1747784662, 1, 579, 947, 931, 19, 8.36%, 88, 0, 6, 14.15
1747784667, 1, 581, 947, 931, 19, 8.36%, 88, 0, 6, 13.43
1747784672, 1, 582, 947, 931, 19, 8.36%, 88, 0, 6, 11.92
1747784678, 1, 583, 947, 931, 19, 8.36%, 88, 0, 6, 13.10
1747784683, 1, 585, 947, 931, 19, 8.36%, 88, 0, 6, 14.55
1747784688, 1, 586, 947, 931, 19, 8.36%, 88, 0, 6, 13.99
1747784693, 1, 587, 947, 931, 19, 8.36%, 89, 0, 6, 13.24
1747784698, 1, 589, 947, 931, 19, 8.36%, 89, 0, 6, 13.07
1747784704, 1, 590, 947, 931, 19, 8.36%, 89, 0, 6, 13.60
1747784709, 1, 592, 947, 931, 19, 8.36%, 89, 0, 6, 13.76
1747784714, 1, 593, 947, 931, 19, 8.36%, 89, 0, 6, 13.22
1747784719, 1, 594, 947, 931, 19, 8.36%, 89, 0, 6, 12.36
1747784724, 1, 596, 948, 932, 19, 8.36%, 89, 0, 6, 11.54
1747784734, 1, 598, 948, 932, 19, 8.36%, 89, 0, 6, 13.52
1747784739, 1, 601, 948, 932, 19, 8.36%, 89, 0, 6, 12.52
1747784744, 1, 602, 948, 932, 19, 8.36%, 89, 0, 6, 14.58
1747784750, 1, 603, 948, 932, 19, 8.36%, 89, 0, 6, 11.80
1747784755, 1, 605, 949, 933, 19, 8.36%, 89, 0, 6, 10.11
1747784760, 1, 606, 949, 933, 19, 8.36%, 90, 0, 6, 11.98
1747784765, 1, 607, 949, 933, 19, 8.36%, 90, 0, 6, 11.97
1747784770, 1, 608, 949, 933, 19, 8.36%, 90, 0, 6, 14.04
1747784775, 1, 609, 949, 933, 19, 8.36%, 90, 0, 6, 13.20
1747784780, 1, 611, 949, 933, 19, 8.36%, 90, 0, 6, 12.73
1747784785, 1, 613, 949, 933, 19, 8.36%, 90, 0, 6, 11.87
1747784790, 1, 614, 949, 933, 19, 8.36%, 90, 0, 6, 12.79
1747784795, 1, 616, 949, 933, 19, 8.36%, 91, 0, 6, 12.68
1747784801, 1, 617, 949, 933, 19, 8.36%, 91, 0, 6, 13.93
1747784806, 1, 619, 949, 933, 19, 8.36%, 91, 0, 6, 12.81
1747784811, 1, 623, 949, 933, 19, 8.36%, 91, 0, 6, 13.60
1747784816, 1, 624, 949, 933, 19, 8.36%, 91, 0, 6, 13.16
1747784821, 1, 626, 949, 933, 19, 8.36%, 91, 0, 6, 13.46
1747784826, 1, 628, 949, 933, 19, 8.36%, 91, 0, 6, 13.51
1747784832, 1, 629, 949, 933, 19, 8.36%, 91, 0, 6, 13.48
1747784837, 1, 630, 950, 934, 19, 8.36%, 91, 0, 6, 11.94
1747784847, 1, 631, 950, 934, 19, 8.36%, 91, 0, 6, 13.78
1747784852, 1, 633, 950, 934, 19, 8.36%, 91, 0, 6, 13.73
1747784857, 1, 634, 950, 934, 19, 8.36%, 91, 0, 6, 14.02
1747784862, 1, 635, 950, 934, 19, 8.36%, 91, 0, 6, 13.31
1747784867, 1, 639, 950, 934, 19, 8.36%, 91, 0, 6, 14.88
1747784872, 1, 640, 950, 934, 19, 8.36%, 91, 0, 6, 13.52
1747784877, 1, 641, 950, 934, 19, 8.36%, 91, 0, 6, 13.12
1747784882, 1, 643, 950, 934, 19, 8.36%, 91, 0, 6, 13.52
1747784888, 1, 644, 950, 934, 19, 8.36%, 91, 0, 6, 13.07
1747784893, 1, 645, 950, 934, 19, 8.36%, 91, 0, 6, 13.24
1747784898, 1, 646, 950, 934, 19, 8.36%, 91, 0, 6, 12.65
1747784903, 1, 650, 950, 934, 19, 8.36%, 91, 0, 6, 14.05
1747784908, 1, 651, 950, 934, 19, 8.36%, 91, 0, 6, 13.49
1747784913, 1, 652, 950, 934, 19, 8.36%, 91, 0, 6, 13.48
1747784918, 1, 654, 950, 934, 19, 8.36%, 91, 0, 6, 13.69
1747784923, 1, 655, 950, 934, 19, 8.36%, 91, 0, 6, 12.54
1747784928, 1, 656, 950, 934, 19, 8.36%, 91, 0, 6, 15.12
1747784933, 1, 658, 950, 934, 19, 8.36%, 91, 0, 6, 14.91
1747784939, 1, 662, 950, 934, 19, 8.36%, 91, 0, 6, 14.94
1747784944, 1, 663, 950, 934, 19, 8.36%, 91, 0, 6, 12.35
1747784949, 1, 665, 951, 935, 19, 8.36%, 91, 0, 6, 14.33
1747784954, 1, 666, 952, 936, 19, 8.36%, 91, 0, 6, 12.85
1747784964, 1, 667, 952, 936, 19, 8.36%, 91, 0, 6, 13.51
1747784969, 1, 669, 953, 937, 19, 8.36%, 91, 0, 6, 12.49
1747784979, 1, 670, 953, 937, 19, 8.36%, 92, 0, 6, 12.64
1747784985, 1, 671, 953, 937, 19, 8.36%, 92, 0, 6, 12.60
1747784990, 1, 672, 953, 937, 19, 8.36%, 92, 0, 6, 11.85
1747784995, 1, 674, 953, 937, 19, 8.36%, 93, 0, 6, 13.29
1747785000, 1, 675, 953, 937, 19, 8.36%, 93, 0, 6, 12.67
1747785005, 1, 676, 953, 937, 19, 8.36%, 93, 0, 6, 12.94
1747785010, 1, 677, 953, 937, 19, 8.36%, 93, 0, 6, 13.87
1747785015, 1, 679, 953, 937, 19, 8.36%, 93, 0, 6, 13.68
1747785020, 1, 680, 953, 937, 19, 8.36%, 93, 0, 6, 13.35
1747785025, 1, 682, 953, 937, 19, 8.36%, 93, 0, 6, 14.35
1747785031, 1, 684, 953, 937, 19, 8.36%, 93, 0, 6, 11.71
1747785036, 1, 685, 953, 937, 19, 8.36%, 93, 0, 6, 12.43
1747785041, 1, 687, 953, 937, 19, 8.36%, 93, 0, 6, 13.44
1747785046, 1, 688, 953, 937, 19, 8.36%, 93, 0, 6, 12.77
1747785051, 1, 690, 953, 937, 19, 8.36%, 94, 0, 6, 12.57
1747785056, 1, 692, 954, 938, 19, 8.36%, 94, 0, 6, 11.01
1747785067, 1, 693, 954, 938, 19, 8.36%, 94, 0, 6, 13.92
1747785072, 1, 695, 954, 938, 19, 8.36%, 94, 0, 6, 14.23
1747785077, 1, 696, 954, 938, 19, 8.36%, 94, 0, 6, 12.85
1747785082, 1, 697, 954, 938, 19, 8.36%, 94, 0, 6, 14.12
1747785087, 1, 700, 954, 938, 19, 8.36%, 94, 0, 6, 14.46
1747785092, 1, 705, 954, 938, 19, 8.36%, 94, 0, 6, 14.11
1747785097, 1, 706, 954, 938, 19, 8.36%, 94, 0, 6, 12.96
1747785102, 1, 709, 954, 938, 19, 8.36%, 94, 0, 6, 12.16
1747785108, 1, 710, 954, 938, 19, 8.36%, 94, 0, 6, 11.87
1747785113, 1, 711, 954, 938, 19, 8.36%, 94, 0, 6, 12.54
1747785118, 1, 712, 954, 938, 19, 8.36%, 94, 0, 6, 12.89
1747785123, 1, 714, 954, 938, 19, 8.36%, 94, 0, 6, 14.11
1747785128, 1, 718, 954, 938, 19, 8.36%, 95, 0, 6, 11.88
1747785134, 1, 719, 954, 938, 19, 8.36%, 95, 0, 6, 12.75
1747785139, 1, 721, 954, 938, 19, 8.36%, 95, 0, 6, 14.80
1747785144, 1, 722, 954, 938, 19, 8.36%, 95, 0, 6, 14.02
1747785149, 1, 724, 954, 938, 19, 8.36%, 95, 0, 6, 14.15
1747785154, 1, 726, 954, 938, 19, 8.36%, 95, 0, 6, 13.54
1747785159, 1, 727, 954, 938, 19, 8.36%, 95, 0, 6, 12.54
1747785165, 1, 732, 954, 938, 19, 8.36%, 95, 0, 6, 13.71
1747785170, 1, 733, 954, 938, 19, 8.36%, 95, 0, 6, 11.03
1747785175, 1, 734, 954, 938, 19, 8.36%, 95, 0, 6, 12.33
1747785180, 1, 736, 954, 938, 19, 8.36%, 95, 0, 6, 14.44
1747785185, 1, 738, 954, 938, 19, 8.36%, 95, 0, 6, 13.86
1747785190, 1, 739, 954, 938, 19, 8.36%, 96, 0, 6, 13.99
1747785196, 1, 740, 954, 938, 19, 8.36%, 96, 0, 6, 13.52
1747785201, 1, 742, 954, 938, 19, 8.36%, 96, 0, 6, 12.67
1747785206, 1, 743, 954, 938, 19, 8.36%, 96, 0, 6, 12.65
1747785211, 1, 744, 954, 938, 19, 8.36%, 96, 0, 6, 12.68
1747785216, 1, 745, 954, 938, 19, 8.36%, 96, 0, 6, 13.26
1747785221, 1, 747, 954, 938, 19, 8.36%, 96, 0, 6, 13.21
1747785226, 1, 748, 954, 938, 19, 8.36%, 96, 0, 6, 13.03
1747785231, 1, 751, 954, 938, 19, 8.36%, 96, 0, 6, 13.67
1747785236, 1, 753, 954, 938, 19, 8.36%, 96, 0, 6, 12.70
1747785242, 1, 754, 954, 938, 19, 8.36%, 96, 0, 6, 13.19
1747785247, 1, 755, 954, 938, 19, 8.36%, 96, 0, 6, 13.75
1747785252, 1, 758, 954, 938, 19, 8.36%, 96, 0, 6, 14.19
1747785257, 1, 759, 954, 938, 19, 8.36%, 96, 0, 6, 13.05
1747785262, 1, 760, 954, 938, 19, 8.36%, 96, 0, 6, 13.56
1747785268, 1, 763, 954, 938, 19, 8.36%, 96, 0, 6, 14.21
1747785273, 1, 764, 954, 938, 19, 8.36%, 96, 0, 6, 12.46
1747785278, 1, 765, 954, 938, 19, 8.36%, 96, 0, 6, 13.17
1747785283, 1, 771, 954, 938, 19, 8.36%, 96, 0, 6, 12.88
1747785288, 1, 772, 954, 938, 19, 8.36%, 96, 0, 6, 13.54
1747785293, 1, 774, 954, 938, 19, 8.36%, 96, 0, 6, 14.43
1747785298, 1, 775, 954, 938, 19, 8.36%, 96, 0, 6, 13.41
1747785304, 1, 777, 954, 938, 19, 8.36%, 96, 0, 6, 13.13
1747785309, 1, 779, 954, 938, 19, 8.36%, 96, 0, 6, 13.60
1747785314, 1, 781, 954, 938, 19, 8.36%, 96, 0, 6, 12.95
1747785319, 1, 782, 954, 938, 19, 8.36%, 96, 0, 6, 12.40
1747785324, 1, 783, 954, 938, 19, 8.36%, 96, 0, 6, 13.71
1747785329, 1, 785, 954, 938, 19, 8.36%, 96, 0, 6, 12.84
1747785335, 1, 786, 954, 938, 19, 8.36%, 96, 0, 6, 13.14
1747785340, 1, 787, 954, 938, 19, 8.36%, 96, 0, 6, 13.15
1747785345, 1, 789, 954, 938, 19, 8.36%, 96, 0, 6, 13.77
1747785350, 1, 790, 954, 938, 19, 8.36%, 96, 0, 6, 14.30
1747785355, 1, 791, 954, 938, 19, 8.36%, 96, 0, 6, 13.88
1747785360, 1, 793, 954, 938, 19, 8.36%, 96, 0, 6, 13.34
1747785366, 1, 795, 954, 938, 19, 8.36%, 96, 0, 6, 11.18
1747785376, 1, 795, 955, 939, 19, 8.36%, 96, 0, 6, 10.02
1747785381, 1, 795, 958, 942, 19, 8.36%, 96, 0, 6, 7.80
1747785386, 1, 795, 959, 943, 19, 8.36%, 96, 0, 6, 7.22
1747785402, 1, 795, 960, 944, 19, 8.36%, 96, 0, 6, 9.98
1747785428, 1, 795, 961, 945, 19, 8.36%, 96, 0, 6, 8.15
1747785510, 1, 795, 962, 946, 19, 8.36%, 96, 0, 6, 7.97
1747785525, 1, 795, 963, 947, 19, 8.36%, 96, 0, 6, 6.94
1747785530, 1, 795, 964, 948, 19, 8.36%, 96, 0, 6, 7.01
1747785690, 1, 795, 965, 949, 19, 8.36%, 96, 0, 6, 8.54
1747785772, 1, 795, 966, 950, 19, 8.36%, 96, 0, 6, 8.12
1747785813, 1, 796, 966, 949, 21, 8.36%, 96, 0, 6, 14.96
1747785818, 1, 797, 966, 949, 21, 8.36%, 96, 0, 6, 14.36
1747785823, 1, 800, 966, 949, 21, 8.36%, 96, 0, 6, 13.63
1747785828, 1, 801, 966, 949, 21, 8.36%, 96, 0, 6, 13.58
1747785833, 1, 802, 966, 949, 21, 8.36%, 96, 0, 6, 13.54
1747785839, 1, 804, 966, 949, 21, 8.36%, 96, 0, 6, 14.84
1747785844, 1, 806, 966, 949, 21, 8.36%, 96, 0, 6, 14.54
1747785849, 1, 808, 966, 949, 21, 8.36%, 96, 0, 6, 12.03
1747785854, 1, 809, 966, 949, 21, 8.36%, 96, 0, 6, 13.05
1747785859, 1, 811, 966, 949, 21, 8.36%, 96, 0, 6, 13.59
1747785864, 1, 812, 966, 949, 21, 8.36%, 96, 0, 6, 12.62
1747785869, 1, 815, 966, 949, 21, 8.36%, 96, 0, 6, 14.08
1747785875, 1, 818, 966, 949, 21, 8.36%, 96, 0, 6, 14.21
1747785880, 1, 819, 966, 949, 21, 8.36%, 96, 0, 6, 14.33
1747785885, 1, 821, 966, 949, 21, 8.36%, 96, 0, 6, 14.08
1747785890, 1, 822, 966, 949, 21, 8.36%, 96, 0, 6, 14.85
1747785895, 1, 823, 966, 949, 21, 8.36%, 96, 0, 6, 13.83
1747785900, 1, 825, 966, 949, 21, 8.36%, 97, 0, 6, 12.12
1747785905, 1, 826, 966, 949, 21, 8.36%, 97, 0, 6, 13.82
1747785911, 1, 827, 966, 949, 21, 8.36%, 97, 0, 6, 13.54
1747785916, 1, 830, 966, 949, 21, 8.36%, 97, 0, 6, 13.63
1747785921, 1, 832, 966, 949, 21, 8.36%, 97, 0, 6, 12.41
1747785926, 1, 833, 966, 949, 21, 8.36%, 97, 0, 6, 12.84
1747785931, 1, 836, 966, 949, 21, 8.36%, 97, 0, 6, 13.98
1747785936, 1, 837, 966, 949, 21, 8.36%, 97, 0, 6, 13.21
1747785941, 1, 838, 966, 949, 21, 8.36%, 97, 0, 6, 12.98
1747785947, 1, 839, 966, 949, 21, 8.36%, 97, 0, 6, 13.63
1747785952, 1, 841, 966, 949, 21, 8.36%, 97, 0, 6, 11.41
1747785957, 1, 842, 966, 949, 21, 8.36%, 97, 0, 6, 10.73
1747785962, 1, 843, 966, 949, 21, 8.36%, 97, 0, 6, 13.71
1747785967, 1, 844, 966, 949, 21, 8.36%, 97, 0, 6, 14.11
1747785972, 1, 846, 966, 949, 21, 8.36%, 97, 0, 6, 15.07
1747785977, 1, 848, 966, 949, 21, 8.36%, 97, 0, 6, 14.82
1747785983, 1, 850, 966, 949, 21, 8.36%, 97, 0, 6, 14.95
1747785988, 1, 851, 966, 949, 21, 8.36%, 98, 0, 6, 13.79
1747785993, 1, 853, 966, 949, 21, 8.36%, 98, 0, 6, 14.22
1747785998, 1, 854, 966, 949, 21, 8.36%, 98, 0, 6, 13.47
1747786003, 1, 856, 966, 949, 21, 8.36%, 98, 0, 6, 13.15
1747786008, 1, 861, 966, 949, 21, 8.36%, 98, 0, 6, 13.54
1747786014, 1, 862, 966, 949, 21, 8.36%, 98, 0, 6, 14.03
1747786019, 1, 863, 966, 949, 21, 8.36%, 98, 0, 6, 14.17
1747786024, 1, 865, 966, 949, 21, 8.36%, 98, 0, 6, 13.31
1747786029, 1, 866, 966, 949, 21, 8.36%, 98, 0, 6, 12.34
1747786034, 1, 867, 966, 949, 21, 8.36%, 98, 0, 6, 13.86
1747786039, 1, 869, 966, 949, 21, 8.36%, 99, 0, 6, 13.21
1747786044, 1, 870, 966, 949, 21, 8.36%, 99, 0, 6, 12.54
1747786050, 1, 871, 966, 949, 21, 8.36%, 99, 0, 6, 13.18
1747786055, 1, 872, 966, 949, 21, 8.36%, 99, 0, 6, 13.99
1747786060, 1, 875, 966, 949, 21, 8.36%, 99, 0, 6, 13.96
1747786065, 1, 876, 966, 949, 21, 8.36%, 99, 0, 6, 14.22
1747786070, 1, 880, 966, 949, 21, 8.36%, 99, 0, 6, 13.69
1747786096, 1, 880, 967, 950, 21, 8.36%, 99, 0, 6, 6.08
1747786106, 1, 880, 968, 951, 21, 8.36%, 99, 0, 6, 5.51
1747786132, 1, 880, 969, 952, 21, 8.36%, 99, 0, 6, 6.16
1747786250, 1, 880, 970, 953, 21, 8.36%, 99, 0, 6, 6.92
1747786275, 1, 880, 971, 954, 21, 8.36%, 99, 0, 6, 6.63
1747786337, 1, 880, 972, 955, 21, 8.36%, 99, 0, 6, 5.81
1747786343, 1, 880, 973, 956, 21, 8.36%, 99, 0, 6, 5.77
1747786378, 1, 880, 975, 958, 21, 8.36%, 99, 0, 6, 5.38
1747786389, 1, 880, 976, 959, 21, 8.36%, 99, 0, 6, 5.38
1747786625, 1, 880, 977, 960, 21, 8.36%, 99, 0, 6, 5.71
1747786636, 1, 880, 978, 961, 21, 8.36%, 99, 0, 6, 5.48
1747786641, 1, 880, 979, 962, 21, 8.36%, 99, 0, 6, 5.46
1747786748, 1, 880, 980, 963, 21, 8.36%, 99, 0, 6, 6.23
1747786800, 1, 880, 981, 964, 21, 8.36%, 99, 0, 6, 10.67
1747786810, 1, 881, 981, 963, 21, 8.36%, 100, 0, 6, 15.42
1747786815, 1, 883, 981, 963, 21, 8.36%, 100, 0, 6, 14.00
1747786820, 1, 884, 981, 963, 21, 8.36%, 100, 0, 6, 12.69
1747786826, 1, 886, 981, 963, 21, 8.36%, 100, 0, 6, 11.46
1747786831, 1, 887, 981, 963, 21, 8.36%, 100, 0, 6, 12.84
1747786836, 1, 888, 981, 963, 21, 8.36%, 100, 0, 6, 13.45
1747786841, 1, 890, 981, 963, 21, 8.36%, 100, 0, 6, 14.06
1747786846, 1, 892, 981, 963, 21, 8.36%, 100, 0, 6, 15.55
1747786851, 1, 893, 981, 963, 21, 8.36%, 100, 0, 6, 13.92
1747786856, 1, 895, 981, 963, 21, 8.36%, 100, 0, 6, 15.09
1747786861, 1, 896, 981, 963, 21, 8.36%, 100, 0, 6, 13.94
1747786866, 1, 897, 981, 963, 21, 8.36%, 100, 0, 6, 13.37
1747786872, 1, 900, 981, 963, 21, 8.36%, 100, 0, 6, 11.73
1747786877, 1, 901, 981, 963, 21, 8.36%, 100, 0, 6, 12.03
1747786882, 1, 902, 981, 963, 21, 8.36%, 100, 0, 6, 14.09
1747786887, 1, 903, 981, 963, 21, 8.36%, 100, 0, 6, 14.42
1747787016, 1, 903, 982, 964, 21, 8.36%, 100, 0, 6, 7.85
1747787283, 1, 903, 983, 965, 21, 8.36%, 100, 0, 6, 8.65
1747787339, 1, 904, 983, 964, 21, 8.36%, 100, 0, 6, 15.13
1747787349, 1, 904, 984, 965, 21, 8.36%, 100, 0, 6, 8.98
1747787354, 1, 904, 986, 967, 21, 8.36%, 100, 0, 6, 8.40
1747787370, 1, 904, 987, 968, 21, 8.36%, 100, 0, 6, 12.90
1747787432, 1, 904, 988, 969, 21, 8.36%, 100, 0, 6, 14.37
1747787662, 1, 905, 988, 968, 20, 8.36%, 100, 0, 6, 16.95
1747787667, 1, 906, 988, 968, 20, 8.36%, 100, 0, 6, 14.72
1747787672, 1, 908, 988, 968, 20, 8.36%, 100, 0, 6, 12.99
1747787678, 1, 910, 988, 968, 20, 8.36%, 100, 0, 6, 12.19
1747787683, 1, 911, 988, 968, 20, 8.36%, 100, 0, 6, 13.81
1747787688, 1, 914, 988, 968, 20, 8.36%, 100, 0, 6, 12.66
1747787693, 1, 915, 988, 968, 20, 8.36%, 100, 0, 6, 13.39
1747787698, 1, 916, 988, 968, 20, 8.36%, 100, 0, 6, 12.09
1747787703, 1, 918, 988, 968, 20, 8.36%, 100, 0, 6, 14.59
1747787986, 1, 918, 989, 969, 20, 8.36%, 100, 0, 6, 9.04
1747788022, 1, 918, 990, 970, 20, 8.36%, 100, 0, 6, 8.91
1747788089, 1, 918, 991, 971, 20, 8.36%, 100, 0, 6, 9.51
1747788125, 1, 919, 991, 970, 19, 8.36%, 100, 0, 6, 14.92
1747788130, 1, 920, 991, 970, 19, 8.36%, 100, 0, 6, 14.58
1747788135, 1, 923, 991, 970, 19, 8.36%, 100, 0, 6, 12.40
1747788140, 1, 925, 991, 970, 19, 8.36%, 100, 0, 6, 12.38
1747788146, 1, 926, 991, 970, 19, 8.36%, 100, 0, 6, 13.27
1747788151, 1, 933, 991, 970, 19, 8.36%, 100, 0, 6, 14.85
1747788156, 1, 934, 991, 970, 19, 8.36%, 100, 0, 6, 13.25
1747788161, 1, 935, 991, 970, 19, 8.36%, 100, 0, 6, 13.49
1747788166, 1, 939, 991, 970, 19, 8.36%, 100, 0, 6, 12.66
1747788172, 1, 940, 991, 970, 19, 8.36%, 100, 0, 6, 13.64
1747788177, 1, 941, 991, 970, 19, 8.36%, 100, 0, 6, 12.97
1747788182, 1, 943, 991, 970, 19, 8.36%, 100, 0, 6, 13.92
1747788187, 1, 944, 991, 970, 19, 8.36%, 100, 0, 6, 13.90
1747788192, 1, 945, 991, 970, 19, 8.36%, 100, 0, 6, 13.75
1747788197, 1, 947, 991, 970, 19, 8.36%, 100, 0, 6, 13.71
1747788202, 1, 948, 991, 970, 19, 8.36%, 100, 0, 6, 12.91
1747788208, 1, 949, 991, 970, 19, 8.36%, 100, 0, 6, 12.01
1747788213, 1, 951, 991, 970, 19, 8.36%, 100, 0, 6, 12.92
1747788218, 1, 953, 991, 970, 19, 8.36%, 100, 0, 6, 13.07
1747788223, 1, 954, 991, 970, 19, 8.36%, 100, 0, 6, 12.03
1747788228, 1, 957, 991, 970, 19, 8.36%, 100, 0, 6, 13.82
1747788233, 1, 958, 991, 970, 19, 8.36%, 100, 0, 6, 12.18
1747788239, 1, 961, 991, 970, 19, 8.36%, 100, 0, 6, 12.80
1747788244, 1, 962, 991, 970, 19, 8.36%, 100, 0, 6, 13.21
1747788249, 1, 963, 991, 970, 19, 8.36%, 100, 0, 6, 12.79
1747788254, 1, 966, 991, 970, 19, 8.36%, 100, 0, 6, 13.34
1747788259, 1, 967, 991, 970, 19, 8.36%, 100, 0, 6, 13.23
1747788264, 1, 968, 991, 970, 19, 8.36%, 100, 0, 6, 14.61
1747788269, 1, 969, 991, 970, 19, 8.36%, 100, 0, 6, 14.72
1747788834, 1, 969, 992, 971, 19, 8.36%, 100, 0, 6, 13.35
1747788936, 1, 969, 993, 972, 19, 8.36%, 100, 0, 6, 6.19
1747788993, 1, 970, 993, 971, 18, 8.36%, 100, 0, 6, 16.50
1747788998, 1, 971, 993, 971, 18, 8.36%, 101, 0, 6, 13.98
1747789003, 1, 973, 993, 971, 18, 8.36%, 101, 0, 6, 14.18
1747789008, 1, 974, 993, 971, 18, 8.36%, 101, 0, 6, 13.95
1747789013, 1, 975, 993, 971, 18, 8.36%, 101, 0, 6, 12.69
1747789019, 1, 977, 993, 971, 18, 8.36%, 102, 0, 6, 13.17
1747789024, 1, 978, 993, 971, 18, 8.36%, 102, 0, 6, 12.71
1747789029, 1, 979, 993, 971, 18, 8.36%, 102, 0, 6, 14.57
1747789034, 1, 982, 993, 971, 18, 8.36%, 102, 0, 6, 14.69
1747789039, 1, 983, 993, 971, 18, 8.36%, 102, 0, 6, 13.28
1747789044, 1, 985, 993, 971, 18, 8.36%, 102, 0, 6, 15.08
1747789049, 1, 986, 993, 971, 18, 8.36%, 102, 0, 6, 14.08
1747789055, 1, 987, 993, 971, 18, 8.36%, 102, 0, 6, 12.88
1747789060, 1, 989, 993, 971, 18, 8.36%, 102, 0, 6, 13.80
1747789065, 1, 990, 993, 971, 18, 8.36%, 102, 0, 6, 13.71
1747789070, 2, 0, 993, 971, 18, 8.36%, 102, 0, 6, 14.54
1747789075, 2, 1, 993, 971, 18, 8.36%, 102, 0, 6, 14.02
1747789080, 2, 2, 993, 971, 18, 8.36%, 102, 0, 6, 14.20
1747789086, 2, 4, 993, 971, 18, 8.36%, 102, 0, 6, 15.16
1747789091, 2, 5, 993, 971, 18, 8.36%, 102, 0, 6, 12.50
1747789096, 2, 6, 993, 971, 18, 8.36%, 102, 0, 6, 12.48
1747789101, 2, 8, 993, 971, 18, 8.36%, 103, 0, 6, 13.25
1747789106, 2, 9, 993, 971, 18, 8.36%, 103, 0, 6, 12.45
1747789111, 2, 10, 993, 971, 18, 8.36%, 103, 0, 6, 14.95
1747789116, 2, 13, 993, 971, 18, 8.36%, 103, 0, 6, 14.73
1747789121, 2, 14, 993, 971, 18, 8.36%, 103, 0, 6, 14.35
1747789126, 2, 15, 993, 971, 18, 8.36%, 103, 0, 6, 13.60
1747789131, 2, 17, 993, 971, 18, 8.36%, 103, 0, 6, 14.01
1747789137, 2, 18, 993, 971, 18, 8.36%, 103, 0, 6, 14.06
1747789142, 2, 19, 993, 971, 18, 8.36%, 103, 0, 6, 14.44
1747789147, 2, 23, 993, 971, 18, 8.36%, 103, 0, 6, 13.29
1747789152, 2, 24, 993, 971, 18, 8.36%, 103, 0, 6, 13.51
1747789157, 2, 26, 993, 971, 18, 8.36%, 104, 0, 6, 12.13
1747789163, 2, 28, 993, 971, 18, 8.36%, 104, 0, 6, 11.96
1747789168, 2, 30, 993, 971, 18, 8.36%, 104, 0, 6, 13.56
1747789173, 2, 32, 993, 971, 18, 8.36%, 104, 0, 6, 12.66
1747789178, 2, 33, 994, 972, 18, 8.36%, 104, 0, 6, 13.23
1747789188, 2, 35, 994, 972, 18, 8.36%, 104, 0, 6, 14.23
1747789204, 2, 35, 995, 973, 18, 8.36%, 104, 0, 6, 24.49
1747789219, 2, 38, 995, 972, 18, 8.36%, 104, 0, 6, 17.98
1747789224, 2, 41, 995, 972, 18, 8.36%, 104, 0, 6, 14.50
1747789229, 2, 42, 995, 972, 18, 8.36%, 104, 0, 6, 14.29
1747789234, 2, 45, 995, 972, 18, 8.36%, 104, 0, 6, 14.69
1747789239, 2, 46, 995, 972, 18, 8.36%, 104, 0, 6, 12.02
1747789244, 2, 48, 995, 972, 18, 8.36%, 105, 0, 6, 13.08
1747789250, 2, 49, 995, 972, 18, 8.36%, 105, 0, 6, 13.13
1747789255, 2, 52, 995, 972, 18, 8.36%, 105, 0, 6, 13.47
1747789260, 2, 53, 995, 972, 18, 8.36%, 105, 0, 6, 12.90
1747789265, 2, 54, 995, 972, 18, 8.36%, 105, 0, 6, 13.50
1747789270, 2, 55, 996, 973, 18, 8.36%, 105, 0, 6, 11.83
1747789275, 2, 55, 996, 973, 18, 8.36%, 106, 0, 6, 13.20
1747789280, 2, 57, 996, 973, 18, 8.36%, 106, 0, 6, 13.64
1747789286, 2, 58, 996, 973, 18, 8.36%, 106, 0, 6, 13.41
1747789291, 2, 59, 996, 973, 18, 8.36%, 106, 0, 6, 13.38
1747789296, 2, 61, 996, 973, 18, 8.36%, 106, 0, 6, 13.41
1747789301, 2, 62, 996, 973, 18, 8.36%, 107, 0, 6, 12.47
1747789306, 2, 64, 996, 973, 18, 8.36%, 107, 0, 6, 13.88
1747789311, 2, 66, 996, 973, 18, 8.36%, 107, 0, 6, 14.30
1747789316, 2, 67, 996, 973, 18, 8.36%, 107, 0, 6, 14.98
1747789321, 2, 68, 996, 973, 18, 8.36%, 107, 0, 6, 13.90
1747789326, 2, 71, 996, 973, 18, 8.36%, 107, 0, 6, 13.01
1747789332, 2, 73, 996, 973, 18, 8.36%, 107, 0, 6, 13.86
1747789337, 2, 74, 996, 973, 18, 8.36%, 107, 0, 6, 13.83
1747789342, 2, 78, 996, 973, 18, 8.36%, 107, 0, 6, 13.14
1747789347, 2, 79, 996, 973, 18, 8.36%, 107, 0, 6, 12.96
1747789353, 2, 80, 996, 973, 18, 8.36%, 107, 0, 6, 12.10
1747789358, 2, 84, 996, 973, 18, 8.36%, 107, 0, 6, 13.72
1747789363, 2, 85, 996, 973, 18, 8.36%, 107, 0, 6, 14.00
1747789368, 2, 86, 997, 974, 18, 8.36%, 107, 0, 6, 10.67
1747789373, 2, 87, 997, 974, 18, 8.36%, 107, 0, 6, 13.81
1747789378, 2, 89, 997, 974, 18, 8.36%, 107, 0, 6, 13.28
1747789383, 2, 91, 997, 974, 18, 8.36%, 107, 0, 6, 13.24
1747789389, 2, 94, 997, 974, 18, 8.36%, 107, 0, 6, 13.48
1747789394, 2, 95, 997, 974, 18, 8.36%, 107, 0, 6, 12.91
1747789399, 2, 97, 997, 974, 18, 8.36%, 107, 0, 6, 12.93
1747789404, 2, 98, 997, 974, 18, 8.36%, 107, 0, 6, 14.07
1747789409, 2, 100, 997, 974, 18, 8.36%, 107, 0, 6, 14.63
1747789414, 2, 101, 997, 974, 18, 8.36%, 107, 0, 6, 13.70
1747789419, 2, 103, 997, 974, 18, 8.36%, 107, 0, 6, 12.96
1747789425, 2, 105, 997, 974, 18, 8.36%, 107, 0, 6, 11.78
1747789430, 2, 106, 997, 974, 18, 8.36%, 107, 0, 6, 11.78
1747789435, 2, 107, 997, 974, 18, 8.36%, 107, 0, 6, 12.80
1747789440, 2, 109, 997, 974, 18, 8.36%, 108, 0, 6, 14.68
1747789445, 2, 111, 997, 974, 18, 8.36%, 108, 0, 6, 14.08
1747789450, 2, 112, 997, 974, 18, 8.36%, 108, 0, 6, 14.47
1747789455, 2, 114, 997, 974, 18, 8.36%, 108, 0, 6, 14.17
1747789461, 2, 114, 998, 975, 18, 8.36%, 108, 0, 6, 13.40
1747789466, 2, 115, 998, 975, 18, 8.36%, 108, 0, 6, 14.58
1747789471, 2, 116, 998, 975, 18, 8.36%, 108, 0, 6, 14.31
1747789476, 2, 118, 998, 975, 18, 8.36%, 108, 0, 6, 13.74
1747789481, 2, 120, 998, 975, 18, 8.36%, 108, 0, 6, 13.47
1747789486, 2, 122, 998, 975, 18, 8.36%, 108, 0, 6, 12.58
1747789491, 2, 125, 998, 975, 18, 8.36%, 108, 0, 6, 13.34
1747789496, 2, 126, 998, 975, 18, 8.36%, 108, 0, 6, 13.87
1747789502, 2, 127, 998, 975, 18, 8.36%, 109, 0, 6, 12.91
1747789507, 2, 129, 998, 975, 18, 8.36%, 109, 0, 6, 12.88
1747789512, 2, 131, 998, 975, 18, 8.36%, 109, 0, 6, 12.80
1747789517, 2, 132, 998, 975, 18, 8.36%, 109, 0, 6, 12.46
1747789522, 2, 133, 998, 975, 18, 8.36%, 109, 0, 6, 12.42
1747789527, 2, 137, 998, 975, 18, 8.36%, 109, 0, 6, 12.88
1747789532, 2, 138, 999, 976, 18, 8.36%, 109, 0, 6, 13.36
1747789537, 2, 139, 999, 976, 18, 8.36%, 109, 0, 6, 13.98
1747789542, 2, 140, 999, 976, 18, 8.36%, 109, 0, 6, 12.76
1747789547, 2, 141, 999, 976, 18, 8.36%, 109, 0, 6, 12.47
1747789553, 2, 142, 999, 976, 18, 8.36%, 110, 0, 6, 11.09
1747789558, 2, 145, 999, 976, 18, 8.36%, 110, 0, 6, 11.28
1747789563, 2, 146, 999, 976, 18, 8.36%, 110, 0, 6, 14.47
1747789568, 2, 150, 999, 976, 18, 8.36%, 110, 0, 6, 14.58
1747789573, 2, 151, 999, 976, 18, 8.36%, 110, 0, 6, 12.55
1747789578, 2, 153, 999, 976, 18, 8.36%, 110, 0, 6, 14.09
1747789583, 2, 154, 999, 976, 18, 8.36%, 111, 0, 6, 12.63
1747789589, 2, 157, 999, 976, 18, 8.36%, 111, 0, 6, 14.36
1747789594, 2, 159, 999, 976, 18, 8.36%, 111, 0, 6, 13.08
1747789599, 2, 160, 999, 976, 18, 8.36%, 111, 0, 6, 12.57
1747789604, 2, 162, 999, 976, 18, 8.36%, 112, 0, 6, 12.81
1747789609, 2, 164, 999, 976, 18, 8.36%, 112, 0, 6, 12.89
1747789615, 2, 165, 999, 976, 18, 8.36%, 112, 0, 6, 12.88
1747789620, 2, 167, 999, 976, 18, 8.36%, 112, 0, 6, 14.87
1747789625, 2, 168, 999, 976, 18, 8.36%, 113, 0, 6, 13.16
1747789630, 2, 169, 999, 976, 18, 8.36%, 113, 0, 6, 13.87
1747789635, 2, 172, 999, 976, 18, 8.36%, 113, 0, 6, 13.40
1747789640, 2, 173, 999, 976, 18, 8.36%, 113, 0, 6, 12.61
1747789645, 2, 174, 1000, 977, 18, 8.39%, 113, 0, 6, 11.91
1747789655, 2, 178, 1000, 977, 19, 8.39%, 113, 0, 6, 14.28
1747789661, 2, 179, 1000, 977, 19, 8.39%, 113, 0, 6, 13.13
1747789666, 2, 181, 1000, 977, 19, 8.39%, 113, 0, 6, 14.40
1747789671, 2, 182, 1000, 977, 19, 8.39%, 113, 0, 6, 13.77
1747789676, 2, 183, 1000, 977, 19, 8.39%, 113, 0, 6, 14.35
1747789681, 2, 185, 1000, 977, 19, 8.39%, 115, 0, 6, 13.61
1747789686, 2, 186, 1000, 977, 19, 8.39%, 116, 0, 6, 14.59
1747789691, 2, 187, 1000, 977, 19, 8.39%, 116, 0, 6, 13.21
1747789696, 2, 189, 1000, 977, 19, 8.39%, 116, 0, 6, 14.02
1747789701, 2, 190, 1000, 977, 19, 8.39%, 116, 0, 6, 13.23
1747789707, 2, 191, 1000, 977, 19, 8.39%, 116, 0, 6, 14.27
1747789712, 2, 193, 1000, 977, 19, 8.39%, 116, 0, 6, 14.59
1747789717, 2, 194, 1000, 977, 19, 8.39%, 116, 0, 6, 13.59
1747789722, 2, 195, 1000, 977, 19, 8.39%, 117, 0, 6, 12.29
1747789727, 2, 196, 1000, 977, 19, 8.39%, 117, 0, 6, 12.50
1747789732, 2, 198, 1000, 977, 19, 8.39%, 117, 0, 6, 12.92
1747789737, 2, 199, 1000, 977, 19, 8.39%, 118, 0, 6, 12.73
1747789742, 2, 200, 1000, 977, 19, 8.39%, 118, 0, 6, 13.82
1747789748, 2, 202, 1000, 977, 19, 8.39%, 118, 0, 6, 13.73
1747789753, 2, 203, 1000, 977, 19, 8.39%, 118, 0, 6, 14.37
1747789758, 2, 206, 1000, 977, 19, 8.39%, 118, 0, 6, 13.53
1747789763, 2, 207, 1000, 977, 19, 8.39%, 118, 0, 6, 13.96
1747789768, 2, 208, 1000, 977, 19, 8.39%, 118, 0, 6, 13.02
1747789773, 2, 210, 1000, 977, 19, 8.39%, 118, 0, 6, 13.60
1747789778, 2, 212, 1000, 977, 19, 8.39%, 118, 0, 6, 13.69
1747789784, 2, 213, 1000, 977, 19, 8.39%, 118, 0, 6, 14.37
1747789789, 2, 215, 1000, 977, 19, 8.39%, 119, 0, 6, 13.87
1747789794, 2, 216, 1000, 977, 19, 8.39%, 119, 0, 6, 13.23
1747789799, 2, 217, 1000, 977, 19, 8.39%, 119, 0, 6, 13.55
1747789804, 2, 219, 1000, 977, 19, 8.39%, 119, 0, 6, 12.95
1747789809, 2, 220, 1000, 977, 19, 8.39%, 119, 0, 6, 13.17
1747789814, 2, 222, 1000, 977, 19, 8.39%, 120, 0, 6, 12.55
1747789819, 2, 223, 1000, 977, 19, 8.39%, 120, 0, 6, 13.81
1747789824, 2, 225, 1000, 977, 19, 8.39%, 120, 0, 6, 12.94
1747789830, 2, 226, 1000, 977, 19, 8.39%, 120, 0, 6, 13.93
1747789835, 2, 227, 1000, 977, 19, 8.39%, 120, 0, 6, 12.94
1747789840, 2, 229, 1000, 977, 19, 8.39%, 120, 0, 6, 11.74
1747789845, 2, 230, 1000, 977, 19, 8.39%, 120, 0, 6, 12.25
1747789850, 2, 231, 1000, 977, 19, 8.39%, 120, 0, 6, 13.06
1747789855, 2, 233, 1000, 977, 19, 8.39%, 120, 0, 6, 14.50
1747789861, 2, 234, 1000, 977, 19, 8.39%, 120, 0, 6, 12.99
1747789866, 2, 235, 1000, 977, 19, 8.39%, 120, 0, 6, 14.88
1747789871, 2, 237, 1000, 977, 19, 8.39%, 120, 0, 6, 13.03
1747789876, 2, 238, 1000, 977, 19, 8.39%, 120, 0, 6, 14.86
1747789881, 2, 240, 1000, 977, 19, 8.39%, 120, 0, 6, 13.62
1747789886, 2, 242, 1000, 977, 19, 8.39%, 120, 0, 6, 13.32
1747789892, 2, 243, 1000, 977, 19, 8.39%, 120, 0, 6, 13.02
1747789897, 2, 246, 1000, 977, 19, 8.39%, 120, 0, 6, 14.45
1747789902, 2, 248, 1000, 977, 19, 8.39%, 120, 0, 6, 13.52
1747789907, 2, 249, 1000, 977, 19, 8.39%, 120, 0, 6, 11.83
1747789912, 2, 250, 1000, 977, 19, 8.39%, 120, 0, 6, 12.36
1747789917, 2, 252, 1000, 977, 19, 8.39%, 120, 0, 6, 13.04
1747789922, 2, 254, 1000, 977, 19, 8.39%, 120, 0, 6, 12.57
1747789928, 2, 255, 1000, 977, 19, 8.39%, 120, 0, 6, 13.36
1747789933, 2, 256, 1000, 977, 19, 8.39%, 120, 0, 6, 12.66
1747789938, 2, 259, 1000, 977, 19, 8.39%, 120, 0, 6, 12.38
1747789943, 2, 260, 1000, 977, 19, 8.39%, 120, 0, 6, 13.10
1747789948, 2, 260, 1001, 978, 19, 8.39%, 120, 0, 6, 13.92
1747789953, 2, 261, 1001, 978, 19, 8.39%, 120, 0, 6, 12.94
1747789958, 2, 263, 1001, 978, 19, 8.39%, 120, 0, 6, 14.52
1747789963, 2, 264, 1001, 978, 19, 8.39%, 120, 0, 6, 14.02
1747789968, 2, 266, 1001, 978, 19, 8.39%, 121, 0, 6, 13.68
1747789974, 2, 268, 1001, 978, 19, 8.39%, 121, 0, 6, 13.44
1747789979, 2, 269, 1001, 978, 19, 8.39%, 121, 0, 6, 13.27
1747789984, 2, 269, 1002, 979, 19, 8.40%, 121, 0, 6, 11.63
1747789989, 2, 270, 1002, 979, 20, 8.40%, 121, 0, 6, 13.79
1747789994, 2, 271, 1003, 980, 20, 8.40%, 121, 0, 6, 14.26
1747789999, 2, 273, 1003, 980, 20, 8.40%, 121, 0, 6, 12.95
1747790004, 2, 275, 1003, 980, 20, 8.40%, 122, 0, 6, 12.48
1747790009, 2, 277, 1003, 980, 20, 8.40%, 122, 0, 6, 14.28
1747790015, 2, 278, 1003, 980, 20, 8.40%, 122, 0, 6, 13.21
1747790020, 2, 279, 1003, 980, 20, 8.40%, 122, 0, 6, 13.73
1747790025, 2, 280, 1003, 980, 20, 8.40%, 122, 0, 6, 13.69
1747790030, 2, 283, 1003, 980, 20, 8.40%, 122, 0, 6, 13.58
1747790035, 2, 284, 1003, 980, 20, 8.40%, 122, 0, 6, 13.56
1747790040, 2, 285, 1003, 980, 20, 8.40%, 122, 0, 6, 13.75
1747790045, 2, 286, 1003, 980, 20, 8.40%, 122, 0, 6, 12.74
1747790050, 2, 288, 1003, 980, 20, 8.40%, 122, 0, 6, 13.02
1747790055, 2, 288, 1004, 981, 20, 8.40%, 122, 0, 6, 14.27
1747790060, 2, 289, 1004, 981, 20, 8.40%, 122, 0, 6, 14.23
1747790066, 2, 292, 1004, 981, 20, 8.40%, 122, 0, 6, 13.71
1747790071, 2, 293, 1004, 981, 20, 8.40%, 123, 0, 6, 12.11
1747790076, 2, 294, 1004, 981, 20, 8.40%, 123, 0, 6, 14.17
1747790081, 2, 295, 1004, 981, 20, 8.40%, 123, 0, 6, 12.49
1747790086, 2, 297, 1004, 981, 20, 8.40%, 124, 0, 6, 14.31
1747790091, 2, 298, 1004, 981, 20, 8.40%, 124, 0, 6, 12.96
1747790096, 2, 299, 1004, 981, 20, 8.40%, 124, 0, 6, 13.84
1747790101, 2, 300, 1004, 981, 20, 8.40%, 124, 0, 6, 12.71
1747790106, 2, 302, 1004, 981, 20, 8.40%, 124, 0, 6, 11.26
1747790111, 2, 303, 1004, 981, 20, 8.40%, 124, 0, 6, 12.60
1747790116, 2, 304, 1004, 981, 20, 8.40%, 124, 0, 6, 12.46
1747790122, 2, 305, 1004, 981, 20, 8.40%, 124, 0, 6, 12.59
1747790127, 2, 308, 1004, 981, 20, 8.40%, 124, 0, 6, 14.43
1747790132, 2, 310, 1004, 981, 20, 8.40%, 124, 0, 6, 13.93
1747790137, 2, 313, 1004, 981, 20, 8.40%, 124, 0, 6, 14.12
1747790143, 2, 314, 1004, 981, 20, 8.40%, 124, 0, 6, 12.88
1747790148, 2, 315, 1004, 981, 20, 8.40%, 124, 0, 6, 11.80
1747790153, 2, 317, 1004, 981, 20, 8.40%, 124, 0, 6, 12.05
1747790158, 2, 318, 1004, 981, 20, 8.40%, 124, 0, 6, 12.08
1747790163, 2, 320, 1004, 981, 20, 8.40%, 125, 0, 6, 13.93
1747790168, 2, 321, 1004, 981, 20, 8.40%, 125, 0, 6, 14.08
1747790173, 2, 323, 1004, 981, 20, 8.40%, 125, 0, 6, 13.98
1747790178, 2, 324, 1004, 981, 20, 8.40%, 125, 0, 6, 13.50
1747790183, 2, 325, 1004, 981, 20, 8.40%, 125, 0, 6, 13.57
1747790188, 2, 328, 1004, 981, 20, 8.40%, 125, 0, 6, 13.96
1747790194, 2, 329, 1004, 981, 20, 8.40%, 126, 0, 6, 13.52
1747790199, 2, 330, 1004, 981, 20, 8.40%, 126, 0, 6, 14.38
1747790204, 2, 332, 1004, 981, 20, 8.40%, 127, 0, 6, 13.83
1747790209, 2, 333, 1004, 981, 20, 8.40%, 127, 0, 6, 13.58
1747790214, 2, 334, 1004, 981, 20, 8.40%, 127, 0, 6, 13.52
1747790219, 2, 338, 1004, 981, 20, 8.40%, 127, 0, 6, 14.71
1747790225, 2, 339, 1004, 981, 20, 8.40%, 127, 0, 6, 13.39
1747790230, 2, 340, 1004, 981, 20, 8.40%, 128, 0, 6, 14.28
1747790235, 2, 341, 1005, 982, 20, 8.40%, 128, 0, 6, 11.63
1747790240, 2, 342, 1005, 982, 20, 8.40%, 128, 0, 6, 13.76
1747790245, 2, 343, 1005, 982, 20, 8.40%, 128, 0, 6, 14.62
1747790250, 2, 345, 1005, 982, 20, 8.40%, 128, 0, 6, 14.78
1747790255, 2, 347, 1005, 982, 20, 8.40%, 128, 0, 6, 14.16
1747790261, 2, 348, 1005, 982, 20, 8.40%, 128, 0, 6, 13.53
1747790266, 2, 350, 1005, 982, 20, 8.40%, 128, 0, 6, 13.87
1747790271, 2, 351, 1005, 982, 20, 8.40%, 128, 0, 6, 13.31
1747790276, 2, 352, 1005, 982, 20, 8.40%, 129, 0, 6, 14.03
1747790281, 2, 354, 1005, 982, 20, 8.40%, 129, 0, 6, 14.58
1747790286, 2, 357, 1005, 982, 20, 8.40%, 129, 0, 6, 13.46
1747790292, 2, 358, 1005, 982, 20, 8.40%, 129, 0, 6, 13.82
1747790297, 2, 360, 1005, 982, 20, 8.40%, 129, 0, 6, 13.21
1747790302, 2, 361, 1005, 982, 20, 8.40%, 129, 0, 6, 13.07
1747790307, 2, 361, 1007, 984, 20, 8.41%, 129, 0, 6, 12.84
1747790317, 2, 362, 1007, 984, 21, 8.41%, 129, 0, 6, 13.95
1747790323, 2, 363, 1007, 984, 21, 8.41%, 129, 0, 6, 13.71
1747790328, 2, 364, 1007, 984, 21, 8.41%, 129, 0, 6, 12.93
1747790333, 2, 365, 1007, 984, 21, 8.41%, 129, 0, 6, 12.94
1747790338, 2, 369, 1007, 984, 21, 8.41%, 129, 0, 6, 12.65
1747790343, 2, 370, 1007, 984, 21, 8.41%, 129, 0, 6, 13.67
1747790348, 2, 372, 1007, 984, 21, 8.41%, 129, 0, 6, 13.42
1747790354, 2, 373, 1007, 984, 21, 8.41%, 129, 0, 6, 12.92
1747790359, 2, 375, 1007, 984, 21, 8.41%, 129, 0, 6, 12.56
1747790364, 2, 377, 1007, 984, 21, 8.41%, 129, 0, 6, 13.49
1747790369, 2, 379, 1007, 984, 21, 8.41%, 129, 0, 6, 13.10
1747790374, 2, 380, 1007, 984, 21, 8.41%, 129, 0, 6, 13.14
1747790379, 2, 381, 1007, 984, 21, 8.41%, 129, 0, 6, 12.83
1747790384, 2, 385, 1007, 984, 21, 8.41%, 129, 0, 6, 13.66
1747790390, 2, 386, 1007, 984, 21, 8.41%, 129, 0, 6, 14.53
1747790395, 2, 387, 1007, 984, 21, 8.41%, 129, 0, 6, 14.35
1747790400, 2, 389, 1007, 984, 21, 8.41%, 129, 0, 6, 12.92
1747790405, 2, 390, 1007, 984, 21, 8.41%, 129, 0, 6, 12.36
1747790410, 2, 391, 1007, 984, 21, 8.41%, 129, 0, 6, 13.66
1747790415, 2, 393, 1007, 984, 21, 8.41%, 129, 0, 6, 13.32
1747790420, 2, 395, 1007, 984, 21, 8.41%, 129, 0, 6, 13.92
1747790425, 2, 396, 1007, 984, 21, 8.41%, 129, 0, 6, 14.58
1747790431, 2, 399, 1007, 984, 21, 8.41%, 129, 0, 6, 13.13
1747790436, 2, 400, 1007, 984, 21, 8.41%, 129, 0, 6, 12.61
1747790441, 2, 401, 1007, 984, 21, 8.41%, 129, 0, 6, 13.99
1747790446, 2, 403, 1007, 984, 21, 8.41%, 129, 0, 6, 13.68
1747790451, 2, 404, 1007, 984, 21, 8.41%, 129, 0, 6, 12.77
1747790456, 2, 405, 1007, 984, 21, 8.41%, 129, 0, 6, 14.15
1747790461, 2, 407, 1007, 984, 21, 8.41%, 129, 0, 6, 13.53
1747790466, 2, 408, 1007, 984, 21, 8.41%, 129, 0, 6, 14.10
1747790471, 2, 409, 1007, 984, 21, 8.41%, 129, 0, 6, 14.07
1747790476, 2, 411, 1007, 984, 21, 8.41%, 129, 0, 6, 13.98
1747790482, 2, 412, 1007, 984, 21, 8.41%, 130, 0, 6, 13.73
1747790487, 2, 414, 1007, 984, 21, 8.41%, 130, 0, 6, 14.54
1747790492, 2, 416, 1008, 985, 21, 8.41%, 130, 0, 6, 11.94
1747790502, 2, 417, 1008, 985, 21, 8.41%, 130, 0, 6, 14.58
1747790507, 2, 418, 1008, 985, 21, 8.41%, 130, 0, 6, 13.09
1747790512, 2, 420, 1008, 985, 21, 8.41%, 130, 0, 6, 14.38
1747790518, 2, 421, 1008, 985, 21, 8.41%, 130, 0, 6, 13.78
1747790523, 2, 423, 1008, 985, 21, 8.41%, 130, 0, 6, 14.07
1747790528, 2, 424, 1008, 985, 21, 8.41%, 130, 0, 6, 12.97
1747790533, 2, 425, 1008, 985, 21, 8.41%, 130, 0, 6, 13.88
1747790538, 2, 429, 1008, 985, 21, 8.41%, 130, 0, 6, 13.34
1747790543, 2, 430, 1008, 985, 21, 8.41%, 130, 0, 6, 13.45
1747790549, 2, 431, 1008, 985, 21, 8.41%, 130, 0, 6, 12.41
1747790554, 2, 433, 1008, 985, 21, 8.41%, 130, 0, 6, 14.41
1747790559, 2, 434, 1008, 985, 21, 8.41%, 130, 0, 6, 13.72
1747790564, 2, 436, 1008, 985, 21, 8.41%, 130, 0, 6, 15.23
1747790569, 2, 437, 1008, 985, 21, 8.41%, 130, 0, 6, 13.81
1747790574, 2, 438, 1008, 985, 21, 8.41%, 130, 0, 6, 13.87
1747790579, 2, 439, 1009, 986, 21, 8.46%, 130, 0, 6, 10.38
1747790585, 2, 441, 1009, 986, 22, 8.46%, 130, 0, 6, 12.96
1747790590, 2, 442, 1009, 986, 22, 8.46%, 131, 0, 6, 12.80
1747790595, 2, 443, 1010, 987, 22, 8.46%, 131, 0, 6, 12.69
1747790600, 2, 443, 1010, 987, 22, 8.46%, 132, 0, 6, 11.66
1747790605, 2, 445, 1010, 987, 22, 8.46%, 132, 0, 6, 12.59
1747790610, 2, 448, 1011, 988, 22, 8.47%, 132, 0, 6, 10.07
1747790615, 2, 448, 1012, 989, 22, 8.47%, 132, 0, 6, 10.79
1747790631, 2, 450, 1012, 989, 23, 8.47%, 132, 0, 6, 12.85
1747790636, 2, 450, 1014, 991, 23, 8.47%, 132, 0, 6, 8.52
1747790641, 2, 450, 1015, 992, 23, 8.47%, 132, 0, 6, 9.22
1747790651, 2, 450, 1016, 993, 23, 8.47%, 132, 0, 6, 11.35
1747790667, 2, 450, 1017, 994, 23, 8.47%, 132, 0, 6, 11.28
1747790672, 2, 450, 1017, 994, 23, 8.47%, 133, 0, 6, 11.96
1747790682, 2, 450, 1018, 995, 23, 8.47%, 133, 0, 6, 10.43
1747790698, 2, 450, 1018, 995, 23, 8.47%, 134, 0, 6, 12.48
1747790713, 2, 450, 1018, 995, 23, 8.47%, 135, 0, 6, 13.52
1747790719, 2, 450, 1018, 995, 23, 8.47%, 136, 0, 6, 13.98
1747790724, 2, 450, 1018, 995, 23, 8.47%, 137, 0, 6, 14.22
1747790734, 2, 450, 1018, 995, 23, 8.47%, 138, 0, 6, 14.49
1747790739, 2, 450, 1019, 996, 23, 8.47%, 139, 0, 6, 10.25
1747790744, 2, 450, 1019, 996, 23, 8.47%, 140, 0, 6, 12.52
1747790760, 2, 450, 1020, 997, 23, 8.47%, 140, 0, 6, 10.10
1747790770, 2, 451, 1020, 997, 23, 8.47%, 141, 0, 6, 13.60
1747790775, 2, 452, 1020, 997, 23, 8.47%, 141, 0, 6, 13.39
1747790780, 2, 454, 1020, 997, 23, 8.47%, 141, 0, 6, 13.62
1747790785, 2, 455, 1020, 997, 23, 8.47%, 142, 0, 6, 13.22
1747790790, 2, 456, 1020, 997, 23, 8.47%, 142, 0, 6, 12.70
1747790795, 2, 457, 1020, 997, 23, 8.47%, 143, 0, 6, 12.60
1747790801, 2, 458, 1021, 998, 23, 8.47%, 144, 0, 6, 10.26
1747790811, 2, 460, 1021, 998, 23, 8.47%, 145, 0, 6, 12.78
1747790816, 2, 461, 1021, 998, 23, 8.47%, 145, 0, 6, 13.96
1747790821, 2, 462, 1021, 998, 23, 8.47%, 145, 0, 6, 13.08
1747790826, 2, 463, 1021, 998, 23, 8.47%, 145, 0, 6, 14.36
1747790831, 2, 465, 1021, 998, 23, 8.47%, 146, 0, 6, 13.69
1747790836, 2, 466, 1021, 998, 23, 8.47%, 146, 0, 6, 12.87
1747790842, 2, 467, 1021, 998, 23, 8.47%, 146, 0, 6, 13.32
1747790847, 2, 470, 1022, 999, 23, 8.47%, 146, 0, 6, 12.23
1747790857, 2, 470, 1023, 1000, 23, 8.47%, 146, 0, 6, 9.02
1747790862, 2, 470, 1023, 1000, 23, 8.47%, 147, 0, 6, 11.25
1747790867, 2, 472, 1023, 1000, 23, 8.47%, 147, 0, 6, 13.17
1747790873, 2, 473, 1023, 1000, 23, 8.47%, 148, 0, 6, 13.85
1747790878, 2, 474, 1023, 1000, 23, 8.47%, 149, 0, 6, 12.27
1747790883, 2, 476, 1024, 1001, 23, 8.47%, 149, 0, 6, 11.93
1747790893, 2, 477, 1024, 1001, 23, 8.47%, 150, 0, 6, 11.65
1747790898, 2, 478, 1024, 1001, 23, 8.47%, 151, 0, 6, 14.44
1747790904, 2, 480, 1024, 1001, 23, 8.47%, 152, 0, 6, 13.44
1747790909, 2, 482, 1024, 1001, 23, 8.47%, 153, 0, 6, 12.42
1747790914, 2, 483, 1024, 1001, 23, 8.47%, 154, 0, 6, 12.61
1747790919, 2, 484, 1024, 1001, 23, 8.47%, 155, 0, 6, 12.84
1747790924, 2, 486, 1024, 1001, 23, 8.47%, 155, 0, 6, 13.55
1747790929, 2, 488, 1024, 1001, 23, 8.47%, 155, 0, 6, 12.57
1747790935, 2, 489, 1024, 1001, 23, 8.47%, 155, 0, 6, 12.03
1747790940, 2, 490, 1024, 1001, 23, 8.47%, 155, 0, 6, 13.83
1747790945, 2, 494, 1024, 1001, 23, 8.47%, 155, 0, 6, 13.36
1747790950, 2, 494, 1025, 1002, 23, 8.47%, 155, 0, 6, 10.17
1747790955, 2, 497, 1025, 1002, 23, 8.47%, 155, 0, 6, 11.62
1747790961, 2, 498, 1025, 1002, 23, 8.47%, 155, 0, 6, 13.37
1747790966, 2, 500, 1025, 1002, 23, 8.47%, 155, 0, 6, 14.03
1747790971, 2, 501, 1025, 1002, 23, 8.47%, 155, 0, 6, 11.29
1747790976, 2, 503, 1025, 1002, 23, 8.47%, 155, 0, 6, 12.14
1747790981, 2, 504, 1025, 1002, 23, 8.47%, 155, 0, 6, 12.29
1747790986, 2, 505, 1025, 1002, 23, 8.47%, 155, 0, 6, 13.46
1747790991, 2, 506, 1026, 1003, 23, 8.47%, 155, 0, 6, 14.89
1747790996, 2, 507, 1026, 1003, 23, 8.47%, 156, 0, 6, 14.05
1747791002, 2, 508, 1026, 1003, 23, 8.47%, 157, 0, 6, 12.40
1747791007, 2, 509, 1026, 1003, 23, 8.47%, 157, 0, 6, 12.19
1747791012, 2, 510, 1027, 1004, 23, 8.47%, 157, 0, 6, 10.24
1747791017, 2, 511, 1027, 1004, 24, 8.47%, 157, 0, 6, 12.26
1747791022, 2, 512, 1027, 1004, 24, 8.47%, 157, 0, 6, 12.12
1747791027, 2, 513, 1027, 1004, 24, 8.47%, 158, 0, 6, 13.09
1747791032, 2, 516, 1027, 1004, 24, 8.47%, 160, 0, 6, 13.36
1747791037, 2, 517, 1028, 1005, 24, 8.47%, 160, 0, 6, 11.29
1747791048, 2, 518, 1028, 1005, 24, 8.47%, 160, 0, 6, 11.12
1747791053, 2, 520, 1028, 1005, 24, 8.47%, 161, 0, 6, 11.90
1747791058, 2, 521, 1028, 1005, 24, 8.47%, 161, 0, 6, 12.16
1747791063, 2, 522, 1028, 1005, 24, 8.47%, 161, 0, 6, 12.48
1747791068, 2, 522, 1029, 1006, 24, 8.47%, 161, 0, 6, 11.14
1747791073, 2, 522, 1030, 1007, 24, 8.47%, 161, 0, 6, 11.21
1747791083, 2, 525, 1030, 1007, 24, 8.47%, 161, 0, 6, 12.82
1747791088, 2, 530, 1030, 1007, 24, 8.47%, 161, 0, 6, 13.92
1747791094, 2, 532, 1030, 1007, 24, 8.47%, 162, 0, 6, 12.61
1747791099, 2, 533, 1030, 1007, 24, 8.47%, 162, 0, 6, 13.19
1747791104, 2, 536, 1030, 1007, 24, 8.47%, 162, 0, 6, 11.87
1747791109, 2, 539, 1030, 1007, 24, 8.47%, 162, 0, 6, 13.15
1747791114, 2, 540, 1030, 1007, 24, 8.47%, 162, 0, 6, 14.84
1747791119, 2, 541, 1031, 1008, 24, 8.47%, 162, 0, 6, 13.97
1747791124, 2, 542, 1031, 1008, 24, 8.47%, 163, 0, 6, 13.13
1747791130, 2, 543, 1031, 1008, 24, 8.47%, 163, 0, 6, 13.11
1747791135, 2, 544, 1031, 1008, 24, 8.47%, 165, 0, 6, 12.72
1747791140, 2, 546, 1031, 1008, 24, 8.47%, 165, 0, 6, 12.17
1747791145, 2, 547, 1031, 1008, 24, 8.47%, 165, 0, 6, 13.01
1747791150, 2, 549, 1031, 1008, 24, 8.47%, 165, 0, 6, 12.62
1747791155, 2, 551, 1031, 1008, 24, 8.47%, 165, 0, 6, 14.45
1747791160, 2, 552, 1031, 1008, 24, 8.47%, 166, 0, 6, 14.00
1747791165, 2, 554, 1031, 1008, 24, 8.47%, 166, 0, 6, 13.75
1747791171, 2, 557, 1031, 1008, 24, 8.47%, 166, 0, 6, 13.81
1747791176, 2, 558, 1031, 1008, 24, 8.47%, 166, 0, 6, 13.60
1747791181, 2, 559, 1031, 1008, 24, 8.47%, 166, 0, 6, 14.02
1747791186, 2, 561, 1031, 1008, 24, 8.47%, 167, 0, 6, 13.54
1747791191, 2, 564, 1031, 1008, 24, 8.47%, 167, 0, 6, 13.41
1747791196, 2, 565, 1031, 1008, 24, 8.47%, 167, 0, 6, 13.94
1747791201, 2, 567, 1031, 1008, 24, 8.47%, 167, 0, 6, 13.65
1747791206, 2, 568, 1031, 1008, 24, 8.47%, 167, 0, 6, 14.18
1747791212, 2, 569, 1031, 1008, 24, 8.47%, 167, 0, 6, 13.65
1747791217, 2, 572, 1031, 1008, 24, 8.47%, 167, 0, 6, 13.54
1747791222, 2, 575, 1031, 1008, 24, 8.47%, 167, 0, 6, 11.83
1747791227, 2, 576, 1031, 1008, 24, 8.47%, 167, 0, 6, 12.82
1747791232, 2, 579, 1031, 1008, 24, 8.47%, 167, 0, 6, 13.91
1747791237, 2, 580, 1031, 1008, 24, 8.47%, 168, 0, 6, 13.24
1747791242, 2, 581, 1032, 1009, 24, 8.47%, 168, 0, 6, 9.89
1747791253, 2, 582, 1032, 1009, 24, 8.47%, 168, 0, 6, 12.13
1747791258, 2, 583, 1032, 1009, 24, 8.47%, 168, 0, 6, 12.05
1747791263, 2, 585, 1032, 1009, 24, 8.47%, 168, 0, 6, 12.88
1747791268, 2, 586, 1032, 1009, 24, 8.47%, 168, 0, 6, 11.98
1747791273, 2, 587, 1032, 1009, 24, 8.47%, 169, 0, 6, 12.59
1747791278, 2, 588, 1032, 1009, 24, 8.47%, 169, 0, 6, 12.53
1747791284, 2, 590, 1032, 1009, 24, 8.47%, 169, 0, 6, 12.95
1747791289, 2, 592, 1032, 1009, 24, 8.47%, 170, 0, 6, 13.15
1747791294, 2, 593, 1032, 1009, 24, 8.47%, 170, 0, 6, 13.47
1747791299, 2, 594, 1032, 1009, 24, 8.47%, 171, 0, 6, 12.97
1747791304, 2, 596, 1033, 1010, 24, 8.47%, 171, 0, 6, 10.79
1747791314, 2, 597, 1033, 1010, 24, 8.47%, 171, 0, 6, 12.87
1747791319, 2, 598, 1033, 1010, 24, 8.47%, 171, 0, 6, 13.52
1747791325, 2, 600, 1033, 1010, 24, 8.47%, 172, 0, 6, 12.86
1747791330, 2, 601, 1033, 1010, 24, 8.47%, 172, 0, 6, 13.34
1747791335, 2, 604, 1033, 1010, 24, 8.47%, 172, 0, 6, 13.91
1747791340, 2, 606, 1033, 1010, 24, 8.47%, 172, 0, 6, 14.20
1747791345, 2, 607, 1033, 1010, 24, 8.47%, 172, 0, 6, 14.10
1747791350, 2, 608, 1033, 1010, 24, 8.47%, 173, 0, 6, 13.73
1747791355, 2, 610, 1033, 1010, 24, 8.47%, 173, 0, 6, 13.44
1747791360, 2, 613, 1033, 1010, 24, 8.47%, 174, 0, 6, 13.47
1747791365, 2, 614, 1033, 1010, 24, 8.47%, 175, 0, 6, 12.91
1747791370, 2, 616, 1033, 1010, 24, 8.47%, 177, 0, 6, 12.71
1747791375, 2, 617, 1033, 1010, 24, 8.47%, 177, 0, 6, 12.81
1747791380, 2, 618, 1033, 1010, 24, 8.47%, 178, 0, 6, 12.72
1747791386, 2, 619, 1033, 1010, 24, 8.47%, 178, 0, 6, 13.62
1747791391, 2, 621, 1033, 1010, 24, 8.47%, 178, 0, 6, 12.59
1747791396, 2, 622, 1033, 1010, 24, 8.47%, 178, 0, 6, 12.00
1747791401, 2, 622, 1034, 1011, 24, 8.47%, 178, 0, 6, 10.10
1747791406, 2, 623, 1034, 1011, 24, 8.47%, 178, 0, 6, 12.62
1747791411, 2, 624, 1034, 1011, 24, 8.47%, 178, 0, 6, 12.59
1747791416, 2, 626, 1034, 1011, 24, 8.47%, 178, 0, 6, 13.95
1747791422, 2, 627, 1034, 1011, 24, 8.47%, 178, 0, 6, 14.66
1747791427, 2, 628, 1034, 1011, 24, 8.47%, 178, 0, 6, 12.12
1747791432, 2, 629, 1034, 1011, 24, 8.47%, 178, 0, 6, 12.29
1747791437, 2, 631, 1034, 1011, 24, 8.47%, 178, 0, 6, 13.17
1747791442, 2, 632, 1034, 1011, 24, 8.47%, 178, 0, 6, 12.83
1747791447, 2, 634, 1034, 1011, 24, 8.47%, 178, 0, 6, 12.20
1747791452, 2, 635, 1034, 1011, 24, 8.47%, 178, 0, 6, 13.03
1747791457, 2, 637, 1034, 1011, 24, 8.47%, 178, 0, 6, 14.28
1747791462, 2, 638, 1035, 1012, 24, 8.47%, 179, 0, 6, 10.76
1747791473, 2, 639, 1035, 1012, 24, 8.47%, 179, 0, 6, 12.11
1747791478, 2, 641, 1035, 1012, 24, 8.47%, 179, 0, 6, 13.68
1747791483, 2, 642, 1035, 1012, 24, 8.47%, 179, 0, 6, 12.61
1747791488, 2, 643, 1035, 1012, 24, 8.47%, 179, 0, 6, 13.70
1747791493, 2, 645, 1035, 1012, 24, 8.47%, 179, 0, 6, 14.52
1747791499, 2, 646, 1035, 1012, 24, 8.47%, 179, 0, 6, 12.84
1747791504, 2, 647, 1035, 1012, 24, 8.47%, 180, 0, 6, 12.47
1747791509, 2, 649, 1035, 1012, 24, 8.47%, 180, 0, 6, 13.82
1747791514, 2, 658, 1035, 1012, 24, 8.47%, 180, 0, 6, 13.99
1747791519, 2, 659, 1035, 1012, 24, 8.47%, 182, 0, 6, 13.82
1747791524, 2, 661, 1035, 1012, 24, 8.47%, 182, 0, 6, 13.82
1747791529, 2, 662, 1035, 1012, 24, 8.47%, 182, 0, 6, 11.97
1747791535, 2, 664, 1035, 1012, 24, 8.47%, 182, 0, 6, 12.13
1747791540, 2, 665, 1035, 1012, 24, 8.47%, 183, 0, 6, 11.39
1747791545, 2, 666, 1035, 1012, 24, 8.47%, 185, 0, 6, 12.36
1747791550, 2, 667, 1035, 1012, 24, 8.47%, 185, 0, 6, 11.57
1747791555, 2, 670, 1035, 1012, 24, 8.47%, 185, 0, 6, 13.05
1747791560, 2, 671, 1035, 1012, 24, 8.47%, 185, 0, 6, 11.13
1747791565, 2, 672, 1035, 1012, 24, 8.47%, 185, 0, 6, 13.18
1747791570, 2, 674, 1035, 1012, 24, 8.47%, 185, 0, 6, 12.42
1747791575, 2, 676, 1035, 1012, 24, 8.47%, 185, 0, 6, 13.77
1747791585, 2, 676, 1036, 1013, 24, 8.47%, 185, 0, 6, 10.45
1747791591, 2, 676, 1039, 1016, 24, 8.48%, 185, 0, 6, 8.83
1747791682, 2, 676, 1041, 1018, 24, 8.48%, 185, 0, 6, 9.42
1747791698, 2, 676, 1042, 1019, 24, 8.48%, 185, 0, 6, 8.69
1747791882, 2, 676, 1043, 1020, 24, 8.48%, 185, 0, 6, 9.25
1747791902, 2, 680, 1043, 1019, 23, 8.48%, 185, 0, 6, 26.04
1747791907, 2, 682, 1044, 1020, 23, 8.48%, 185, 0, 6, 20.51
1747791912, 2, 684, 1044, 1020, 19, 8.48%, 186, 0, 6, 20.73
1747791917, 2, 687, 1044, 1020, 19, 8.48%, 186, 0, 6, 21.98
1747791923, 2, 689, 1044, 1020, 19, 8.48%, 186, 0, 6, 21.31
1747791928, 2, 691, 1044, 1020, 19, 8.48%, 186, 0, 6, 20.45
1747791933, 2, 696, 1044, 1020, 19, 8.48%, 186, 0, 6, 22.22
1747791938, 2, 698, 1044, 1020, 19, 8.48%, 186, 0, 6, 23.04
1747791943, 2, 700, 1044, 1020, 19, 8.48%, 187, 0, 6, 22.70
1747791948, 2, 702, 1044, 1020, 19, 8.48%, 187, 0, 6, 22.53
1747791953, 2, 704, 1044, 1020, 19, 8.48%, 188, 0, 6, 20.69
1747791958, 2, 707, 1044, 1020, 19, 8.48%, 190, 0, 6, 21.61
1747791963, 2, 709, 1044, 1020, 19, 8.48%, 190, 0, 6, 21.73
1747791968, 2, 713, 1044, 1020, 19, 8.48%, 190, 0, 6, 21.34
1747791973, 2, 715, 1044, 1020, 19, 8.48%, 190, 0, 6, 23.09
1747791978, 2, 718, 1044, 1020, 19, 8.48%, 190, 0, 6, 21.07
1747791983, 2, 720, 1044, 1020, 19, 8.48%, 190, 0, 6, 24.83
1747791989, 2, 724, 1044, 1020, 19, 8.48%, 190, 0, 6, 23.56
1747791994, 2, 727, 1044, 1020, 19, 8.48%, 190, 0, 6, 21.43
1747791999, 2, 730, 1044, 1020, 19, 8.48%, 191, 0, 6, 21.80
1747792004, 2, 732, 1045, 1021, 19, 8.48%, 192, 0, 6, 19.37
1747792009, 2, 734, 1045, 1021, 19, 8.48%, 192, 0, 6, 21.74
1747792014, 2, 737, 1045, 1021, 19, 8.48%, 192, 0, 6, 21.39
1747792019, 2, 739, 1045, 1021, 19, 8.48%, 192, 0, 6, 23.82
1747792024, 2, 743, 1045, 1021, 19, 8.48%, 192, 0, 6, 23.62
1747792029, 2, 745, 1045, 1021, 19, 8.48%, 192, 0, 6, 23.53
1747792034, 2, 749, 1045, 1021, 19, 8.48%, 192, 0, 6, 24.42
1747792039, 2, 753, 1045, 1021, 19, 8.48%, 192, 0, 6, 23.00
1747792045, 2, 756, 1045, 1021, 19, 8.48%, 193, 0, 6, 22.94
1747792050, 2, 759, 1045, 1021, 19, 8.48%, 194, 0, 6, 22.74
1747792055, 2, 763, 1045, 1021, 19, 8.48%, 194, 0, 6, 23.21
1747792060, 2, 765, 1045, 1021, 19, 8.48%, 194, 0, 6, 22.17
1747792065, 2, 768, 1045, 1021, 19, 8.48%, 195, 0, 6, 22.73
1747792070, 2, 771, 1045, 1021, 19, 8.48%, 195, 0, 6, 22.21
1747792075, 2, 773, 1045, 1021, 19, 8.48%, 195, 0, 6, 20.19
1747792080, 2, 776, 1045, 1021, 19, 8.48%, 196, 0, 6, 21.36
1747792085, 2, 777, 1046, 1022, 19, 8.48%, 197, 0, 6, 20.86
1747792091, 2, 779, 1046, 1022, 19, 8.48%, 197, 0, 6, 20.44
1747792096, 2, 784, 1046, 1022, 19, 8.48%, 197, 0, 6, 22.73
1747792101, 2, 786, 1046, 1022, 19, 8.48%, 197, 0, 6, 24.19
1747792106, 2, 790, 1046, 1022, 19, 8.48%, 197, 0, 6, 24.95
1747792111, 2, 792, 1046, 1022, 19, 8.48%, 198, 0, 6, 22.89
1747792116, 2, 795, 1046, 1022, 19, 8.48%, 199, 0, 6, 23.39
1747792121, 2, 797, 1046, 1022, 19, 8.48%, 200, 0, 6, 22.92
1747792127, 2, 799, 1046, 1022, 19, 8.48%, 200, 0, 6, 21.60
1747792132, 2, 801, 1046, 1022, 19, 8.48%, 202, 0, 6, 19.51
1747792137, 2, 805, 1046, 1022, 19, 8.48%, 202, 0, 6, 23.51
1747792142, 2, 807, 1046, 1022, 19, 8.48%, 203, 0, 6, 21.09
1747792147, 2, 810, 1046, 1022, 19, 8.48%, 204, 0, 6, 21.13
1747792152, 2, 812, 1046, 1022, 19, 8.48%, 204, 0, 6, 22.37
1747792157, 2, 816, 1046, 1022, 19, 8.48%, 204, 0, 6, 23.04
1747792162, 2, 818, 1046, 1022, 19, 8.48%, 206, 0, 6, 24.98
1747792168, 2, 820, 1046, 1022, 19, 8.48%, 206, 0, 6, 21.74
1747792173, 2, 823, 1046, 1022, 19, 8.48%, 206, 0, 6, 22.57
1747792178, 2, 826, 1046, 1022, 19, 8.48%, 206, 0, 6, 22.19
1747792183, 2, 828, 1046, 1022, 19, 8.48%, 207, 0, 6, 22.36
1747792188, 2, 828, 1047, 1023, 19, 8.48%, 208, 0, 6, 19.20
1747792193, 2, 833, 1047, 1023, 19, 8.48%, 210, 0, 6, 21.83
1747792198, 2, 836, 1047, 1023, 19, 8.48%, 211, 0, 6, 23.07
1747792203, 2, 838, 1047, 1023, 19, 8.48%, 212, 0, 6, 22.62
1747792209, 2, 840, 1047, 1023, 19, 8.48%, 213, 0, 6, 19.75
1747792214, 2, 842, 1047, 1023, 19, 8.48%, 213, 0, 6, 21.80
1747792219, 2, 844, 1047, 1023, 19, 8.48%, 213, 0, 6, 21.53
1747792224, 2, 846, 1047, 1023, 19, 8.48%, 213, 0, 6, 20.87
1747792229, 2, 849, 1047, 1023, 19, 8.48%, 213, 0, 6, 20.73
1747792234, 2, 852, 1047, 1023, 19, 8.48%, 213, 0, 6, 20.79
1747792240, 2, 854, 1047, 1023, 19, 8.48%, 213, 0, 6, 24.03
1747792245, 2, 857, 1047, 1023, 19, 8.48%, 213, 0, 6, 23.00
1747792250, 2, 859, 1047, 1023, 19, 8.48%, 215, 0, 6, 21.64
1747792255, 2, 861, 1047, 1023, 19, 8.48%, 215, 0, 6, 20.55
1747792260, 2, 864, 1047, 1023, 19, 8.48%, 216, 0, 6, 21.33
1747792265, 2, 867, 1048, 1024, 19, 8.48%, 216, 0, 6, 20.17
1747792270, 2, 869, 1048, 1024, 19, 8.48%, 216, 0, 6, 22.72
1747792275, 2, 872, 1048, 1024, 19, 8.48%, 216, 0, 6, 22.03
1747792281, 2, 874, 1048, 1024, 19, 8.48%, 216, 0, 6, 20.84
1747792286, 2, 878, 1048, 1024, 19, 8.48%, 216, 0, 6, 21.01
1747792291, 2, 881, 1048, 1024, 19, 8.48%, 216, 0, 6, 20.80
1747792296, 2, 885, 1048, 1024, 19, 8.48%, 217, 0, 6, 20.33
1747792301, 2, 888, 1048, 1024, 19, 8.48%, 219, 0, 6, 19.75
1747792306, 2, 891, 1048, 1024, 19, 8.48%, 219, 0, 6, 21.23
1747792311, 2, 893, 1048, 1024, 19, 8.48%, 219, 0, 6, 20.52
1747792317, 2, 894, 1048, 1024, 19, 8.48%, 219, 0, 6, 22.42
1747792434, 2, 894, 1049, 1025, 19, 8.48%, 219, 0, 6, 28.83
1747792455, 2, 895, 1049, 1024, 18, 8.48%, 219, 0, 6, 26.67
1747792537, 2, 895, 1050, 1025, 18, 8.48%, 219, 0, 6, 29.72
1747792578, 2, 897, 1050, 1024, 17, 8.48%, 219, 0, 6, 24.08
1747792583, 2, 900, 1050, 1024, 17, 8.48%, 222, 0, 6, 19.85
1747792588, 2, 903, 1050, 1024, 17, 8.48%, 222, 0, 6, 20.87
1747792593, 2, 907, 1050, 1024, 17, 8.48%, 222, 0, 6, 22.60
1747792599, 2, 910, 1050, 1024, 17, 8.48%, 222, 0, 6, 22.08
1747792604, 2, 912, 1050, 1024, 17, 8.48%, 222, 0, 6, 21.35
1747792609, 2, 915, 1050, 1024, 17, 8.48%, 222, 0, 6, 21.70
1747792614, 2, 917, 1050, 1024, 17, 8.48%, 222, 0, 6, 20.37
1747792619, 2, 921, 1050, 1024, 17, 8.48%, 222, 0, 6, 21.16
1747792624, 2, 924, 1050, 1024, 17, 8.48%, 223, 0, 6, 22.15
1747792629, 2, 928, 1050, 1024, 17, 8.48%, 224, 0, 6, 23.25
1747792634, 2, 933, 1050, 1024, 17, 8.48%, 224, 0, 6, 22.14
1747792640, 2, 935, 1050, 1024, 17, 8.48%, 224, 0, 6, 22.50
1747792645, 2, 939, 1050, 1024, 17, 8.48%, 224, 0, 6, 22.19
1747792650, 2, 941, 1050, 1024, 17, 8.48%, 224, 0, 6, 20.12
1747792655, 2, 943, 1050, 1024, 17, 8.48%, 224, 0, 6, 21.34
1747792660, 2, 945, 1050, 1024, 17, 8.48%, 225, 0, 6, 21.42
1747792665, 2, 948, 1050, 1024, 17, 8.48%, 225, 0, 6, 20.91
1747792670, 2, 950, 1050, 1024, 17, 8.48%, 225, 0, 6, 22.04
1747792676, 2, 952, 1050, 1024, 17, 8.48%, 226, 0, 6, 22.88
1747792681, 2, 956, 1050, 1024, 17, 8.48%, 226, 0, 6, 22.52
1747792686, 2, 958, 1050, 1024, 17, 8.48%, 228, 0, 6, 21.15
1747792691, 2, 961, 1050, 1024, 17, 8.48%, 228, 0, 6, 24.00
1747792696, 2, 965, 1050, 1024, 17, 8.48%, 229, 0, 6, 20.95
1747792701, 2, 967, 1050, 1024, 17, 8.48%, 229, 0, 6, 20.43
1747792706, 2, 970, 1050, 1024, 17, 8.48%, 229, 0, 6, 21.52
1747792711, 2, 972, 1050, 1024, 17, 8.48%, 230, 0, 6, 22.28
1747792717, 2, 975, 1051, 1025, 17, 8.48%, 230, 0, 6, 19.17
1747792722, 2, 976, 1051, 1025, 17, 8.48%, 231, 0, 6, 21.01
1747792727, 2, 978, 1051, 1025, 17, 8.48%, 231, 0, 6, 22.66
1747792732, 2, 980, 1051, 1025, 17, 8.48%, 231, 0, 6, 22.50
1747792737, 2, 982, 1051, 1025, 17, 8.48%, 232, 0, 6, 21.93
1747792742, 2, 984, 1051, 1025, 17, 8.48%, 232, 0, 6, 23.25
1747792747, 2, 986, 1051, 1025, 17, 8.48%, 232, 0, 6, 20.65
1747792752, 2, 986, 1052, 1026, 17, 8.48%, 232, 0, 6, 15.41
1747793158, 2, 987, 1052, 1025, 17, 8.48%, 232, 0, 6, 17.03
1747793163, 2, 988, 1052, 1025, 17, 8.48%, 232, 0, 6, 13.35
1747793178, 2, 988, 1053, 1026, 17, 8.48%, 232, 0, 7, 8.55
1747793214, 2, 988, 1054, 1027, 17, 8.48%, 232, 0, 7, 9.03
1747793312, 2, 988, 1056, 1029, 17, 8.48%, 232, 0, 7, 7.82
1747793610, 2, 991, 1056, 1028, 16, 8.48%, 233, 0, 7, 14.77
1747793615, 2, 992, 1056, 1028, 16, 8.48%, 233, 0, 7, 14.62
1747793620, 2, 993, 1056, 1028, 16, 8.48%, 233, 0, 7, 12.34
1747793625, 2, 995, 1056, 1028, 16, 8.48%, 233, 0, 7, 13.63
1747793630, 2, 996, 1056, 1028, 16, 8.48%, 233, 0, 7, 12.40
1747793635, 2, 998, 1056, 1028, 16, 8.48%, 233, 0, 7, 11.93
1747793641, 2, 999, 1056, 1028, 16, 8.48%, 233, 0, 7, 12.44
1747793646, 2, 1001, 1056, 1028, 16, 8.48%, 233, 0, 7, 12.84
1747793651, 2, 1002, 1056, 1028, 16, 8.48%, 233, 0, 7, 12.16
1747793656, 2, 1003, 1056, 1028, 16, 8.48%, 233, 0, 7, 12.67
1747793661, 2, 1004, 1056, 1028, 16, 8.48%, 233, 0, 7, 12.51
1747793666, 2, 1007, 1056, 1028, 16, 8.48%, 233, 0, 7, 12.91
1747793671, 2, 1008, 1056, 1028, 16, 8.48%, 233, 0, 7, 11.75
1747793676, 2, 1009, 1056, 1028, 16, 8.48%, 233, 0, 7, 13.07
1747793682, 2, 1010, 1056, 1028, 16, 8.48%, 233, 0, 7, 13.46
1747793687, 2, 1013, 1056, 1028, 16, 8.48%, 233, 0, 7, 12.47
1747793692, 2, 1014, 1056, 1028, 16, 8.48%, 233, 0, 7, 12.24
1747793697, 2, 1015, 1056, 1028, 16, 8.48%, 234, 0, 7, 12.91
1747793702, 2, 1016, 1056, 1028, 16, 8.48%, 234, 0, 7, 13.30
1747793707, 2, 1020, 1056, 1028, 16, 8.48%, 234, 0, 7, 12.62
1747793712, 2, 1021, 1056, 1028, 16, 8.48%, 234, 0, 7, 13.08
1747793717, 2, 1022, 1056, 1028, 16, 8.48%, 234, 0, 7, 13.44
1747793723, 2, 1023, 1056, 1028, 16, 8.48%, 234, 0, 7, 12.21
1747793728, 2, 1025, 1056, 1028, 16, 8.48%, 234, 0, 7, 12.38
1747793733, 2, 1027, 1056, 1028, 16, 8.48%, 234, 0, 7, 12.02
1747793738, 2, 1028, 1056, 1028, 16, 8.48%, 234, 0, 7, 13.58
1747793743, 2, 1029, 1056, 1028, 16, 8.48%, 234, 0, 7, 11.87
1747793748, 2, 1031, 1056, 1028, 16, 8.48%, 234, 0, 7, 13.11
1747793753, 2, 1032, 1056, 1028, 16, 8.48%, 235, 0, 7, 11.55
1747793759, 2, 1034, 1056, 1028, 16, 8.48%, 235, 0, 7, 12.81
1747793764, 2, 1035, 1056, 1028, 16, 8.48%, 235, 0, 7, 12.03
1747793769, 2, 1036, 1056, 1028, 16, 8.48%, 235, 0, 7, 13.05
1747793774, 2, 1038, 1056, 1028, 16, 8.48%, 236, 0, 7, 13.20
1747793779, 2, 1039, 1056, 1028, 16, 8.48%, 237, 0, 7, 13.02
1747793784, 2, 1040, 1056, 1028, 16, 8.48%, 237, 0, 7, 13.69
1747793789, 2, 1041, 1056, 1028, 16, 8.48%, 237, 0, 7, 12.80
1747793795, 2, 1041, 1057, 1029, 16, 8.48%, 237, 0, 7, 12.36
1747793800, 2, 1044, 1057, 1029, 16, 8.48%, 237, 0, 7, 12.96
1747793805, 2, 1045, 1057, 1029, 16, 8.48%, 237, 0, 7, 13.75
1747793810, 2, 1046, 1057, 1029, 16, 8.48%, 237, 0, 7, 11.78
1747793815, 2, 1048, 1057, 1029, 16, 8.48%, 238, 0, 7, 13.13
1747793820, 2, 1051, 1057, 1029, 16, 8.48%, 238, 0, 7, 13.77
1747793825, 2, 1052, 1057, 1029, 16, 8.48%, 238, 0, 7, 14.00
1747793830, 2, 1053, 1057, 1029, 16, 8.48%, 238, 0, 7, 11.66
1747793835, 2, 1054, 1057, 1029, 16, 8.48%, 238, 0, 7, 11.74
1747793840, 3, 0, 1057, 1029, 16, 8.48%, 238, 0, 7, 11.48
1747793846, 3, 1, 1057, 1029, 16, 8.48%, 238, 0, 7, 14.09
1747793851, 3, 2, 1057, 1029, 16, 8.48%, 239, 0, 7, 12.70
1747793856, 3, 3, 1057, 1029, 16, 8.48%, 239, 0, 7, 12.46
1747793861, 3, 4, 1057, 1029, 16, 8.48%, 239, 0, 7, 11.04
1747793866, 3, 6, 1057, 1029, 16, 8.48%, 239, 0, 7, 12.28
1747793871, 3, 7, 1057, 1029, 16, 8.48%, 239, 0, 7, 13.79
1747793876, 3, 8, 1057, 1029, 16, 8.48%, 239, 0, 7, 12.13
1747793882, 3, 11, 1057, 1029, 16, 8.48%, 239, 0, 7, 13.25
1747793887, 3, 13, 1057, 1029, 16, 8.48%, 239, 0, 7, 12.92
1747793892, 3, 14, 1057, 1029, 16, 8.48%, 239, 0, 7, 13.60
1747793897, 3, 16, 1057, 1029, 16, 8.48%, 239, 0, 7, 12.12
1747793902, 3, 17, 1057, 1029, 16, 8.48%, 239, 0, 7, 14.14
1747793908, 3, 18, 1057, 1029, 16, 8.48%, 239, 0, 7, 13.17
1747793913, 3, 20, 1058, 1030, 16, 8.48%, 240, 0, 7, 13.69
1747793923, 3, 21, 1058, 1030, 16, 8.48%, 240, 0, 7, 13.33
1747793928, 3, 23, 1058, 1030, 16, 8.48%, 240, 0, 7, 13.43
1747793933, 3, 26, 1058, 1030, 16, 8.48%, 240, 0, 7, 13.05
1747793938, 3, 26, 1059, 1031, 16, 8.48%, 240, 0, 7, 11.06
1747793944, 3, 27, 1059, 1031, 16, 8.48%, 240, 0, 7, 12.69
1747793949, 3, 28, 1059, 1031, 16, 8.48%, 240, 0, 7, 13.69
1747793954, 3, 29, 1059, 1031, 16, 8.48%, 240, 0, 7, 13.14
1747793959, 3, 31, 1059, 1031, 16, 8.48%, 240, 0, 7, 13.87
1747793964, 3, 32, 1059, 1031, 16, 8.48%, 240, 0, 7, 12.98
1747793969, 3, 33, 1059, 1031, 16, 8.48%, 240, 0, 7, 13.85
1747793974, 3, 35, 1059, 1031, 16, 8.48%, 240, 0, 7, 14.42
1747793979, 3, 36, 1059, 1031, 16, 8.48%, 240, 0, 7, 13.25
1747793984, 3, 37, 1059, 1031, 16, 8.48%, 240, 0, 7, 12.66
1747793989, 3, 39, 1059, 1031, 16, 8.48%, 240, 0, 7, 11.89
1747793994, 3, 40, 1059, 1031, 16, 8.48%, 240, 0, 7, 12.10
1747794000, 3, 42, 1059, 1031, 16, 8.48%, 240, 0, 7, 13.18
1747794005, 3, 43, 1059, 1031, 16, 8.48%, 240, 0, 7, 13.36
1747794010, 3, 44, 1059, 1031, 16, 8.48%, 240, 0, 7, 13.95
1747794015, 3, 47, 1059, 1031, 16, 8.48%, 240, 0, 7, 12.60
1747794020, 3, 48, 1059, 1031, 16, 8.48%, 240, 0, 7, 11.21
1747794025, 3, 50, 1059, 1031, 16, 8.48%, 241, 0, 7, 13.59
1747794030, 3, 51, 1059, 1031, 16, 8.48%, 241, 0, 7, 13.31
1747794035, 3, 53, 1059, 1031, 16, 8.48%, 241, 0, 7, 13.10
1747794041, 3, 54, 1060, 1032, 16, 8.48%, 241, 0, 7, 11.14
1747794051, 3, 55, 1060, 1032, 16, 8.48%, 241, 0, 7, 13.17
1747794056, 3, 56, 1060, 1032, 16, 8.48%, 241, 0, 7, 13.52
1747794061, 3, 57, 1060, 1032, 16, 8.48%, 241, 0, 7, 13.54
1747794066, 3, 63, 1060, 1032, 16, 8.48%, 241, 0, 7, 13.48
1747794071, 3, 65, 1060, 1032, 16, 8.48%, 241, 0, 7, 12.65
1747794076, 3, 66, 1060, 1032, 16, 8.48%, 241, 0, 7, 13.05
1747794082, 3, 67, 1060, 1032, 16, 8.48%, 241, 0, 7, 11.76
1747794087, 3, 68, 1060, 1032, 16, 8.48%, 241, 0, 7, 10.67
1747794092, 3, 71, 1060, 1032, 16, 8.48%, 241, 0, 7, 11.76
1747794097, 3, 72, 1060, 1032, 16, 8.48%, 241, 0, 7, 12.30
1747794102, 3, 74, 1060, 1032, 16, 8.48%, 241, 0, 7, 12.23
1747794107, 3, 76, 1060, 1032, 16, 8.48%, 241, 0, 7, 13.41
1747794112, 3, 78, 1060, 1032, 16, 8.48%, 241, 0, 7, 12.64
1747794117, 3, 80, 1060, 1032, 16, 8.48%, 241, 0, 7, 14.31
1747794123, 3, 81, 1060, 1032, 16, 8.48%, 241, 0, 7, 11.67
1747794128, 3, 82, 1060, 1032, 16, 8.48%, 241, 0, 7, 12.44
1747794133, 3, 85, 1060, 1032, 16, 8.48%, 241, 0, 7, 13.11
1747794138, 3, 86, 1060, 1032, 16, 8.48%, 241, 0, 7, 14.77
1747794143, 3, 89, 1060, 1032, 16, 8.48%, 241, 0, 7, 15.37
1747794148, 3, 90, 1060, 1032, 16, 8.48%, 241, 0, 7, 13.89
1747794153, 3, 91, 1060, 1032, 16, 8.48%, 241, 0, 7, 13.53
1747794158, 3, 94, 1060, 1032, 16, 8.48%, 241, 0, 7, 13.57
1747794164, 3, 96, 1060, 1032, 16, 8.48%, 241, 0, 7, 14.06
1747794169, 3, 98, 1060, 1032, 16, 8.48%, 241, 0, 7, 13.08
1747794174, 3, 99, 1060, 1032, 16, 8.48%, 241, 0, 7, 12.94
1747794179, 3, 103, 1060, 1032, 16, 8.48%, 242, 0, 7, 12.22
1747794184, 3, 104, 1060, 1032, 16, 8.48%, 242, 0, 7, 12.91
1747794189, 3, 105, 1060, 1032, 16, 8.48%, 243, 0, 7, 13.17
1747794195, 3, 108, 1060, 1032, 16, 8.48%, 243, 0, 7, 12.50
1747794200, 3, 109, 1060, 1032, 16, 8.48%, 245, 0, 7, 12.49
1747794205, 3, 110, 1060, 1032, 16, 8.48%, 245, 0, 7, 12.95
1747794210, 3, 111, 1060, 1032, 16, 8.48%, 245, 0, 7, 13.03
1747794215, 3, 114, 1060, 1032, 16, 8.48%, 245, 0, 7, 14.37
1747794220, 3, 115, 1060, 1032, 16, 8.48%, 245, 0, 7, 13.56
1747794225, 3, 118, 1060, 1032, 16, 8.48%, 245, 0, 7, 13.09
1747794230, 3, 121, 1060, 1032, 16, 8.48%, 245, 0, 7, 14.00
1747794235, 3, 122, 1060, 1032, 16, 8.48%, 245, 0, 7, 13.05
1747794240, 3, 123, 1060, 1032, 16, 8.48%, 245, 0, 7, 13.40
1747794246, 3, 125, 1060, 1032, 16, 8.48%, 245, 0, 7, 13.74
1747794251, 3, 125, 1061, 1033, 16, 8.48%, 245, 0, 7, 12.83
1747794256, 3, 126, 1061, 1033, 16, 8.48%, 245, 0, 7, 12.93
1747794261, 3, 128, 1061, 1033, 16, 8.48%, 246, 0, 7, 12.61
1747794266, 3, 130, 1061, 1033, 16, 8.48%, 246, 0, 7, 13.89
1747794272, 3, 131, 1061, 1033, 16, 8.48%, 246, 0, 7, 13.64
1747794277, 3, 132, 1061, 1033, 16, 8.48%, 246, 0, 7, 13.89
1747794282, 3, 136, 1061, 1033, 16, 8.48%, 246, 0, 7, 12.50
1747794287, 3, 137, 1061, 1033, 16, 8.48%, 246, 0, 7, 12.40
1747794292, 3, 138, 1061, 1033, 16, 8.48%, 246, 0, 7, 12.52
1747794297, 3, 140, 1061, 1033, 16, 8.48%, 246, 0, 7, 13.19
1747794302, 3, 143, 1061, 1033, 16, 8.48%, 246, 0, 7, 13.18
1747794307, 3, 145, 1061, 1033, 16, 8.48%, 246, 0, 7, 13.90
1747794312, 3, 146, 1061, 1033, 16, 8.48%, 246, 0, 7, 13.06
1747794318, 3, 147, 1061, 1033, 16, 8.48%, 246, 0, 7, 11.68
1747794323, 3, 150, 1061, 1033, 16, 8.48%, 246, 0, 7, 13.58
1747794328, 3, 151, 1061, 1033, 16, 8.48%, 246, 0, 7, 12.08
1747794333, 3, 153, 1061, 1033, 16, 8.48%, 247, 0, 7, 12.35
1747794338, 3, 154, 1061, 1033, 16, 8.48%, 247, 0, 7, 13.82
1747794343, 3, 156, 1061, 1033, 16, 8.48%, 247, 0, 7, 13.74
1747794348, 3, 157, 1061, 1033, 16, 8.48%, 247, 0, 7, 13.47
1747794353, 3, 158, 1061, 1033, 16, 8.48%, 247, 0, 7, 13.56
1747794358, 3, 160, 1061, 1033, 16, 8.48%, 247, 0, 7, 12.46
1747794364, 3, 161, 1061, 1033, 16, 8.48%, 248, 0, 7, 13.16
1747794369, 3, 163, 1061, 1033, 16, 8.48%, 248, 0, 7, 12.99
1747794374, 3, 168, 1061, 1033, 16, 8.48%, 248, 0, 7, 11.63
1747794379, 3, 169, 1061, 1033, 16, 8.48%, 248, 0, 7, 11.75
1747794384, 3, 170, 1061, 1033, 16, 8.48%, 248, 0, 7, 14.17
1747794389, 3, 172, 1061, 1033, 16, 8.48%, 249, 0, 7, 14.72
1747794394, 3, 173, 1061, 1033, 16, 8.48%, 249, 0, 7, 13.75
1747794400, 3, 174, 1061, 1033, 16, 8.48%, 249, 0, 7, 13.45
1747794405, 3, 174, 1062, 1034, 16, 8.48%, 249, 0, 7, 10.92
1747794410, 3, 175, 1062, 1034, 16, 8.48%, 250, 0, 7, 12.47
1747794415, 3, 178, 1062, 1034, 16, 8.48%, 250, 0, 7, 12.58
1747794420, 3, 179, 1062, 1034, 16, 8.48%, 250, 0, 7, 13.99
1747794425, 3, 180, 1062, 1034, 16, 8.48%, 250, 0, 7, 13.60
1747794430, 3, 183, 1062, 1034, 16, 8.48%, 250, 0, 7, 13.77
1747794436, 3, 186, 1062, 1034, 16, 8.48%, 250, 0, 7, 13.13
1747794441, 3, 189, 1062, 1034, 16, 8.48%, 250, 0, 7, 13.59
1747794446, 3, 192, 1062, 1034, 16, 8.48%, 250, 0, 7, 12.14
1747794451, 3, 193, 1062, 1034, 16, 8.48%, 250, 0, 7, 11.11
1747794456, 3, 194, 1062, 1034, 16, 8.48%, 250, 0, 7, 12.57
1747794461, 3, 195, 1062, 1034, 16, 8.48%, 250, 0, 7, 12.21
1747794466, 3, 196, 1062, 1034, 16, 8.48%, 250, 0, 7, 12.54
1747794471, 3, 201, 1062, 1034, 16, 8.48%, 251, 0, 7, 12.34
1747794477, 3, 202, 1062, 1034, 16, 8.48%, 251, 0, 7, 14.09
1747794482, 3, 203, 1062, 1034, 16, 8.48%, 251, 0, 7, 12.72
1747794487, 3, 205, 1062, 1034, 16, 8.48%, 251, 0, 7, 12.44
1747794492, 3, 210, 1062, 1034, 16, 8.48%, 251, 0, 7, 13.32
1747794497, 3, 211, 1062, 1034, 16, 8.48%, 251, 0, 7, 14.65
1747794502, 3, 213, 1062, 1034, 16, 8.48%, 251, 0, 7, 14.29
1747794507, 3, 213, 1063, 1035, 16, 8.48%, 251, 0, 7, 11.68
1747794512, 3, 214, 1063, 1035, 16, 8.48%, 251, 0, 7, 11.98
1747794518, 3, 215, 1063, 1035, 16, 8.48%, 252, 0, 7, 12.61
1747794523, 3, 216, 1063, 1035, 16, 8.48%, 252, 0, 7, 12.44
1747794528, 3, 217, 1063, 1035, 16, 8.48%, 252, 0, 7, 13.16
1747794533, 3, 219, 1063, 1035, 16, 8.48%, 252, 0, 7, 13.05
1747794538, 3, 220, 1063, 1035, 16, 8.48%, 252, 0, 7, 12.79
1747794543, 3, 221, 1063, 1035, 16, 8.48%, 252, 0, 7, 13.45
1747794548, 3, 223, 1063, 1035, 16, 8.48%, 253, 0, 7, 12.60
1747794553, 3, 224, 1063, 1035, 16, 8.48%, 253, 0, 7, 12.26
1747794559, 3, 225, 1063, 1035, 16, 8.48%, 253, 0, 7, 13.71
1747794564, 3, 227, 1063, 1035, 16, 8.48%, 253, 0, 7, 14.18
1747794569, 3, 230, 1063, 1035, 16, 8.48%, 253, 0, 7, 12.97
1747794574, 3, 232, 1063, 1035, 16, 8.48%, 253, 0, 7, 13.90
1747794579, 3, 235, 1063, 1035, 16, 8.48%, 253, 0, 7, 15.70
1747794584, 3, 236, 1063, 1035, 16, 8.48%, 253, 0, 7, 13.59
1747794590, 3, 238, 1063, 1035, 16, 8.48%, 253, 0, 7, 14.22
1747794595, 3, 239, 1063, 1035, 16, 8.48%, 253, 0, 7, 14.80
1747794600, 3, 241, 1063, 1035, 16, 8.48%, 253, 0, 7, 15.02
1747794605, 3, 243, 1063, 1035, 16, 8.48%, 253, 0, 7, 13.60
1747794610, 3, 244, 1063, 1035, 16, 8.48%, 253, 0, 7, 12.92
1747794616, 3, 245, 1063, 1035, 16, 8.48%, 253, 0, 7, 12.99
1747794621, 3, 247, 1063, 1035, 16, 8.48%, 253, 0, 7, 12.92
1747794626, 3, 248, 1063, 1035, 16, 8.48%, 253, 0, 7, 12.90
1747794631, 3, 249, 1063, 1035, 16, 8.48%, 254, 0, 7, 11.01
1747794636, 3, 250, 1063, 1035, 16, 8.48%, 254, 0, 7, 10.50
1747794641, 3, 251, 1063, 1035, 16, 8.48%, 254, 0, 7, 14.45
1747794646, 3, 253, 1063, 1035, 16, 8.48%, 254, 0, 7, 13.64
1747794651, 3, 254, 1063, 1035, 16, 8.48%, 254, 0, 7, 12.62
1747794657, 3, 255, 1063, 1035, 16, 8.48%, 254, 0, 7, 13.63
1747794662, 3, 257, 1063, 1035, 16, 8.48%, 254, 0, 7, 12.35
1747794667, 3, 258, 1063, 1035, 16, 8.48%, 254, 0, 7, 11.44
1747794672, 3, 259, 1063, 1035, 16, 8.48%, 254, 0, 7, 13.62
1747794677, 3, 260, 1063, 1035, 16, 8.48%, 254, 0, 7, 13.06
1747794682, 3, 262, 1063, 1035, 16, 8.48%, 254, 0, 7, 14.48
1747794687, 3, 263, 1063, 1035, 16, 8.48%, 254, 0, 7, 15.34
1747794692, 3, 265, 1063, 1035, 16, 8.48%, 254, 0, 7, 13.05
1747794697, 3, 266, 1063, 1035, 16, 8.48%, 254, 0, 7, 11.98
1747794703, 3, 268, 1063, 1035, 16, 8.48%, 254, 0, 7, 13.18
1747794708, 3, 269, 1063, 1035, 16, 8.48%, 254, 0, 7, 13.24
1747794713, 3, 271, 1063, 1035, 16, 8.48%, 254, 0, 7, 14.44
1747794718, 3, 272, 1063, 1035, 16, 8.48%, 254, 0, 7, 14.53
1747794723, 3, 273, 1063, 1035, 16, 8.48%, 254, 0, 7, 12.97
1747794728, 3, 275, 1063, 1035, 16, 8.48%, 254, 0, 7, 12.49
1747794733, 3, 279, 1063, 1035, 16, 8.48%, 254, 0, 7, 13.43
1747794739, 3, 280, 1063, 1035, 16, 8.48%, 254, 0, 7, 13.48
1747794744, 3, 281, 1063, 1035, 16, 8.48%, 254, 0, 7, 12.68
1747794749, 3, 282, 1063, 1035, 16, 8.48%, 254, 0, 7, 11.67
1747794754, 3, 285, 1063, 1035, 16, 8.48%, 254, 0, 7, 12.52
1747794759, 3, 286, 1063, 1035, 16, 8.48%, 254, 0, 7, 13.79
1747794764, 3, 287, 1063, 1035, 16, 8.48%, 254, 0, 7, 13.68
1747794769, 3, 289, 1063, 1035, 16, 8.48%, 254, 0, 7, 13.86
1747794774, 3, 290, 1063, 1035, 16, 8.48%, 254, 0, 7, 13.26
1747794779, 3, 292, 1063, 1035, 16, 8.48%, 254, 0, 7, 13.50
1747794784, 3, 294, 1063, 1035, 16, 8.48%, 254, 0, 7, 13.89
1747794790, 3, 295, 1063, 1035, 16, 8.48%, 254, 0, 7, 14.34
1747794795, 3, 296, 1063, 1035, 16, 8.48%, 254, 0, 7, 13.31
1747794800, 3, 299, 1063, 1035, 16, 8.48%, 254, 0, 7, 13.69
1747794805, 3, 301, 1063, 1035, 16, 8.48%, 254, 0, 7, 13.96
1747794810, 3, 302, 1063, 1035, 16, 8.48%, 254, 0, 7, 12.67
1747794815, 3, 303, 1063, 1035, 16, 8.48%, 254, 0, 7, 12.62
1747794820, 3, 305, 1063, 1035, 16, 8.48%, 254, 0, 7, 13.10
1747794826, 3, 306, 1063, 1035, 16, 8.48%, 254, 0, 7, 12.17
1747794831, 3, 307, 1063, 1035, 16, 8.48%, 254, 0, 7, 12.33
1747794836, 3, 308, 1063, 1035, 16, 8.48%, 254, 0, 7, 12.48
1747794841, 3, 310, 1064, 1036, 16, 8.48%, 254, 0, 7, 9.82
1747794851, 3, 312, 1064, 1036, 16, 8.48%, 254, 0, 7, 13.40
1747794857, 3, 313, 1064, 1036, 16, 8.48%, 254, 0, 7, 13.11
1747794862, 3, 314, 1064, 1036, 16, 8.48%, 254, 0, 7, 13.71
1747794867, 3, 316, 1064, 1036, 16, 8.48%, 254, 0, 7, 13.73
1747794872, 3, 317, 1064, 1036, 16, 8.48%, 254, 0, 7, 13.85
1747794877, 3, 317, 1065, 1037, 16, 8.48%, 254, 0, 7, 10.01
1747794883, 3, 318, 1065, 1037, 16, 8.48%, 254, 0, 7, 11.66
1747794888, 3, 319, 1065, 1037, 16, 8.48%, 254, 0, 7, 11.31
1747794893, 3, 324, 1065, 1037, 16, 8.48%, 254, 0, 7, 12.43
1747794898, 3, 324, 1066, 1038, 16, 8.48%, 254, 0, 7, 12.09
1747794903, 3, 325, 1066, 1038, 16, 8.48%, 254, 0, 7, 12.63
1747794908, 3, 326, 1066, 1038, 16, 8.48%, 254, 0, 7, 13.41
1747794913, 3, 328, 1066, 1038, 16, 8.48%, 254, 0, 7, 13.96
1747794919, 3, 330, 1066, 1038, 16, 8.48%, 254, 0, 7, 14.19
1747794924, 3, 331, 1066, 1038, 16, 8.48%, 254, 0, 7, 12.48
1747794929, 3, 332, 1066, 1038, 16, 8.48%, 254, 0, 7, 13.56
1747794934, 3, 336, 1066, 1038, 16, 8.48%, 254, 0, 7, 14.40
1747794939, 3, 338, 1066, 1038, 16, 8.48%, 254, 0, 7, 13.91
1747794944, 3, 339, 1066, 1038, 16, 8.48%, 254, 0, 7, 13.84
1747794949, 3, 341, 1066, 1038, 16, 8.48%, 254, 0, 7, 14.27
1747794954, 3, 342, 1066, 1038, 16, 8.48%, 254, 0, 7, 12.36
1747794960, 3, 343, 1066, 1038, 16, 8.48%, 254, 0, 7, 13.35
1747794965, 3, 345, 1066, 1038, 16, 8.48%, 255, 0, 7, 12.61
1747794970, 3, 348, 1066, 1038, 16, 8.48%, 255, 0, 7, 13.68
1747794975, 3, 349, 1066, 1038, 16, 8.48%, 255, 0, 7, 12.44
1747794980, 3, 350, 1066, 1038, 16, 8.48%, 255, 0, 7, 12.50
1747794985, 3, 352, 1067, 1039, 16, 8.48%, 255, 0, 7, 13.12
1747794995, 3, 353, 1067, 1039, 16, 8.48%, 255, 0, 7, 13.45
1747795000, 3, 354, 1067, 1039, 16, 8.48%, 255, 0, 7, 13.07
1747795005, 3, 358, 1067, 1039, 16, 8.48%, 255, 0, 7, 12.86
1747795011, 3, 359, 1067, 1039, 16, 8.48%, 255, 0, 7, 12.81
1747795016, 3, 361, 1067, 1039, 16, 8.48%, 255, 0, 7, 12.10
1747795021, 3, 362, 1067, 1039, 16, 8.48%, 255, 0, 7, 13.97
1747795026, 3, 365, 1067, 1039, 16, 8.48%, 255, 0, 7, 15.68
1747795041, 3, 365, 1068, 1040, 16, 8.48%, 255, 0, 7, 17.49
1747795123, 3, 365, 1069, 1041, 16, 8.48%, 255, 0, 7, 16.93
1747795159, 3, 366, 1069, 1040, 15, 8.48%, 255, 0, 7, 16.20
1747795164, 3, 368, 1069, 1040, 15, 8.48%, 255, 0, 7, 13.04
1747795169, 3, 369, 1069, 1040, 15, 8.48%, 255, 0, 7, 12.27
1747795175, 3, 371, 1069, 1040, 15, 8.48%, 255, 0, 7, 12.36
1747795180, 3, 372, 1069, 1040, 15, 8.48%, 255, 0, 7, 12.87
1747795185, 3, 373, 1069, 1040, 15, 8.48%, 256, 0, 7, 11.71
1747795190, 3, 375, 1069, 1040, 15, 8.48%, 256, 0, 7, 13.04
1747795195, 3, 376, 1069, 1040, 15, 8.48%, 256, 0, 7, 13.43
1747795200, 3, 377, 1069, 1040, 15, 8.48%, 256, 0, 7, 14.44
1747795205, 3, 379, 1069, 1040, 15, 8.48%, 256, 0, 7, 13.70
1747795211, 3, 380, 1069, 1040, 15, 8.48%, 256, 0, 7, 12.53
1747795216, 3, 381, 1069, 1040, 15, 8.48%, 256, 0, 7, 12.74
1747795221, 3, 382, 1069, 1040, 15, 8.48%, 256, 0, 7, 11.87
1747795226, 3, 384, 1069, 1040, 15, 8.48%, 256, 0, 7, 12.36
1747795231, 3, 385, 1069, 1040, 15, 8.48%, 256, 0, 7, 12.01
1747795236, 3, 386, 1069, 1040, 15, 8.48%, 256, 0, 7, 17.55
1747795262, 3, 389, 1069, 1039, 15, 8.48%, 256, 0, 7, 19.75
1747795267, 3, 392, 1069, 1039, 15, 8.48%, 256, 0, 7, 14.82
1747795272, 3, 395, 1069, 1039, 15, 8.48%, 256, 0, 7, 13.83
1747795277, 3, 396, 1069, 1039, 15, 8.48%, 256, 0, 7, 12.48
1747795282, 3, 397, 1069, 1039, 15, 8.48%, 256, 0, 7, 12.67
1747795288, 3, 399, 1069, 1039, 15, 8.48%, 256, 0, 7, 13.16
1747795293, 3, 400, 1069, 1039, 15, 8.48%, 256, 0, 7, 12.35
1747795298, 3, 401, 1069, 1039, 15, 8.48%, 256, 0, 7, 12.53
1747795303, 3, 402, 1069, 1039, 15, 8.48%, 256, 0, 7, 13.26
1747795308, 3, 403, 1069, 1039, 15, 8.48%, 256, 0, 7, 11.44
1747795313, 3, 406, 1069, 1039, 15, 8.48%, 256, 0, 7, 12.47
1747795318, 3, 407, 1069, 1039, 15, 8.48%, 256, 0, 7, 14.43
1747795323, 3, 409, 1069, 1039, 15, 8.48%, 257, 0, 7, 13.14
1747795329, 3, 411, 1069, 1039, 15, 8.48%, 257, 0, 7, 13.45
1747795334, 3, 412, 1069, 1039, 15, 8.48%, 257, 0, 7, 14.79
1747795339, 3, 414, 1069, 1039, 15, 8.48%, 258, 0, 7, 14.67
1747795344, 3, 418, 1069, 1039, 15, 8.48%, 259, 0, 7, 13.63
1747795349, 3, 419, 1069, 1039, 15, 8.48%, 259, 0, 7, 13.40
1747795355, 3, 421, 1069, 1039, 15, 8.48%, 259, 0, 7, 13.97
1747795360, 3, 422, 1069, 1039, 15, 8.48%, 259, 0, 7, 12.61
1747795365, 3, 424, 1069, 1039, 15, 8.48%, 259, 0, 7, 13.42
1747795370, 3, 425, 1069, 1039, 15, 8.48%, 259, 0, 7, 12.81
1747795375, 3, 428, 1069, 1039, 15, 8.48%, 259, 0, 7, 13.00
1747795381, 3, 429, 1069, 1039, 15, 8.48%, 259, 0, 7, 14.48
1747795386, 3, 431, 1069, 1039, 15, 8.48%, 260, 0, 7, 13.38
1747795391, 3, 432, 1069, 1039, 15, 8.48%, 260, 0, 7, 13.80
1747795396, 3, 433, 1069, 1039, 15, 8.48%, 260, 0, 7, 14.13
1747795401, 3, 436, 1069, 1039, 15, 8.48%, 260, 0, 7, 13.38
1747795407, 3, 437, 1069, 1039, 15, 8.48%, 260, 0, 7, 14.29
1747795412, 3, 439, 1069, 1039, 15, 8.48%, 260, 0, 7, 13.94
1747795417, 3, 442, 1069, 1039, 15, 8.48%, 260, 0, 7, 13.81
1747795422, 3, 443, 1069, 1039, 15, 8.48%, 260, 0, 7, 14.06
1747795427, 3, 444, 1069, 1039, 15, 8.48%, 260, 0, 7, 11.98
1747795433, 3, 446, 1069, 1039, 15, 8.48%, 260, 0, 7, 11.90
1747795438, 3, 447, 1069, 1039, 15, 8.48%, 260, 0, 7, 12.72
1747795443, 3, 448, 1069, 1039, 15, 8.48%, 260, 0, 7, 13.20
1747795448, 3, 449, 1069, 1039, 15, 8.48%, 260, 0, 7, 11.25
1747795453, 3, 453, 1069, 1039, 15, 8.48%, 260, 0, 7, 13.22
1747795459, 3, 454, 1069, 1039, 15, 8.48%, 260, 0, 7, 13.75
1747795464, 3, 456, 1069, 1039, 15, 8.48%, 260, 0, 7, 12.72
1747795469, 3, 458, 1069, 1039, 15, 8.48%, 260, 0, 7, 13.41
1747795474, 3, 459, 1069, 1039, 15, 8.48%, 260, 0, 7, 13.03
1747795479, 3, 460, 1069, 1039, 15, 8.48%, 260, 0, 7, 13.36
1747795484, 3, 463, 1069, 1039, 15, 8.48%, 261, 0, 7, 13.25
1747795489, 3, 464, 1069, 1039, 15, 8.48%, 261, 0, 7, 14.02
1747795495, 3, 465, 1069, 1039, 15, 8.48%, 261, 0, 7, 13.32
1747795500, 3, 467, 1069, 1039, 15, 8.48%, 261, 0, 7, 13.82
1747795505, 3, 468, 1069, 1039, 15, 8.48%, 261, 0, 7, 13.00
1747795510, 3, 469, 1069, 1039, 15, 8.48%, 261, 0, 7, 13.11
1747795515, 3, 470, 1069, 1039, 15, 8.48%, 261, 0, 7, 13.44
1747795520, 3, 472, 1069, 1039, 15, 8.48%, 261, 0, 7, 13.16
1747795525, 3, 473, 1069, 1039, 15, 8.48%, 261, 0, 7, 12.96
1747795531, 3, 474, 1069, 1039, 15, 8.48%, 261, 0, 7, 14.12
1747795536, 3, 476, 1069, 1039, 15, 8.48%, 261, 0, 7, 12.78
1747795541, 3, 477, 1069, 1039, 15, 8.48%, 261, 0, 7, 14.68
1747795546, 3, 478, 1069, 1039, 15, 8.48%, 261, 0, 7, 13.08
1747795552, 3, 479, 1070, 1040, 15, 8.48%, 261, 0, 7, 11.94
1747795557, 3, 480, 1070, 1040, 15, 8.48%, 261, 0, 7, 12.58
1747795562, 3, 482, 1070, 1040, 15, 8.48%, 261, 0, 7, 13.29
1747795567, 3, 484, 1070, 1040, 15, 8.48%, 261, 0, 7, 13.52
1747795572, 3, 486, 1070, 1040, 15, 8.48%, 262, 0, 7, 12.10
1747795577, 3, 487, 1070, 1040, 15, 8.48%, 262, 0, 7, 12.34
1747795583, 3, 488, 1070, 1040, 15, 8.48%, 262, 0, 7, 12.35
1747795588, 3, 490, 1070, 1040, 15, 8.48%, 262, 0, 7, 12.34
1747795593, 3, 491, 1070, 1040, 15, 8.48%, 262, 0, 7, 11.88
1747795598, 3, 493, 1070, 1040, 15, 8.48%, 262, 0, 7, 13.28
1747795603, 3, 494, 1070, 1040, 15, 8.48%, 262, 0, 7, 13.18
1747795608, 3, 495, 1070, 1040, 15, 8.48%, 263, 0, 7, 14.08
1747795614, 3, 497, 1070, 1040, 15, 8.48%, 263, 0, 7, 13.99
1747795619, 3, 500, 1070, 1040, 15, 8.48%, 263, 0, 7, 14.08
1747795624, 3, 505, 1070, 1040, 15, 8.48%, 263, 0, 7, 14.36
1747795629, 3, 506, 1070, 1040, 15, 8.48%, 263, 0, 7, 13.10
1747795634, 3, 507, 1070, 1040, 15, 8.48%, 263, 0, 7, 13.08
1747795640, 3, 510, 1070, 1040, 15, 8.48%, 263, 0, 7, 12.44
1747795645, 3, 511, 1070, 1040, 15, 8.48%, 263, 0, 7, 13.93
1747795650, 3, 512, 1070, 1040, 15, 8.48%, 263, 0, 7, 13.23
1747795655, 3, 513, 1070, 1040, 15, 8.48%, 265, 0, 7, 10.66
1747795660, 3, 515, 1070, 1040, 15, 8.48%, 265, 0, 7, 12.04
1747795665, 3, 517, 1070, 1040, 15, 8.48%, 265, 0, 7, 13.58
1747795670, 3, 518, 1070, 1040, 15, 8.48%, 265, 0, 7, 14.23
1747795676, 3, 519, 1070, 1040, 15, 8.48%, 265, 0, 7, 13.14
1747795681, 3, 521, 1070, 1040, 15, 8.48%, 265, 0, 7, 12.67
1747795686, 3, 523, 1070, 1040, 15, 8.48%, 265, 0, 7, 10.99
1747795691, 3, 524, 1070, 1040, 15, 8.48%, 265, 0, 7, 11.40
1747795696, 3, 525, 1070, 1040, 15, 8.48%, 266, 0, 7, 10.79
1747795701, 3, 526, 1070, 1040, 15, 8.48%, 266, 0, 7, 12.55
1747795706, 3, 529, 1070, 1040, 15, 8.48%, 266, 0, 7, 13.17
1747795712, 3, 532, 1070, 1040, 15, 8.48%, 266, 0, 7, 12.95
1747795717, 3, 533, 1070, 1040, 15, 8.48%, 266, 0, 7, 11.30
1747795722, 3, 534, 1070, 1040, 15, 8.48%, 266, 0, 7, 13.75
1747795727, 3, 535, 1070, 1040, 15, 8.48%, 266, 0, 7, 12.57
1747795732, 3, 537, 1070, 1040, 15, 8.48%, 266, 0, 7, 13.00
1747795738, 3, 538, 1070, 1040, 15, 8.48%, 266, 0, 7, 13.66
1747795743, 3, 540, 1070, 1040, 15, 8.48%, 266, 0, 7, 13.31
1747795748, 3, 541, 1070, 1040, 15, 8.48%, 266, 0, 7, 13.17
1747795753, 3, 542, 1070, 1040, 15, 8.48%, 266, 0, 7, 13.06
1747795758, 3, 543, 1070, 1040, 15, 8.48%, 266, 0, 7, 13.95
1747795763, 3, 545, 1070, 1040, 15, 8.48%, 266, 0, 7, 14.49
1747795768, 3, 546, 1070, 1040, 15, 8.48%, 266, 0, 7, 12.22
1747795773, 3, 547, 1070, 1040, 15, 8.48%, 266, 0, 7, 13.21
1747795778, 3, 549, 1070, 1040, 15, 8.48%, 266, 0, 7, 12.87
1747795783, 3, 550, 1070, 1040, 15, 8.48%, 266, 0, 7, 13.22
1747795788, 3, 550, 1071, 1041, 15, 8.48%, 266, 0, 7, 12.51
1747795794, 3, 551, 1071, 1041, 15, 8.48%, 266, 0, 7, 12.78
1747795799, 3, 552, 1071, 1041, 15, 8.48%, 266, 0, 7, 11.61
1747795804, 3, 555, 1071, 1041, 15, 8.48%, 266, 0, 7, 13.43
1747795809, 3, 556, 1071, 1041, 15, 8.48%, 266, 0, 7, 14.26
1747795814, 3, 558, 1071, 1041, 15, 8.48%, 266, 0, 7, 13.90
1747795819, 3, 559, 1071, 1041, 15, 8.48%, 266, 0, 7, 13.61
1747795825, 3, 560, 1071, 1041, 15, 8.48%, 266, 0, 7, 13.64
1747795830, 3, 562, 1071, 1041, 15, 8.48%, 266, 0, 7, 12.70
1747795835, 3, 563, 1071, 1041, 15, 8.48%, 266, 0, 7, 12.35
1747795840, 3, 564, 1071, 1041, 15, 8.48%, 266, 0, 7, 13.11
1747795845, 3, 567, 1071, 1041, 15, 8.48%, 266, 0, 7, 12.67
1747795850, 3, 570, 1071, 1041, 15, 8.48%, 266, 0, 7, 13.69
1747795855, 3, 573, 1071, 1041, 15, 8.48%, 266, 0, 7, 13.99
1747795860, 3, 574, 1071, 1041, 15, 8.48%, 266, 0, 7, 13.01
1747795866, 3, 576, 1071, 1041, 15, 8.48%, 266, 0, 7, 13.81
1747795871, 3, 577, 1071, 1041, 15, 8.48%, 266, 0, 7, 12.63
1747795876, 3, 578, 1072, 1042, 15, 8.48%, 266, 0, 7, 13.78
1747795886, 3, 581, 1072, 1042, 15, 8.48%, 266, 0, 7, 12.26
1747795891, 3, 582, 1072, 1042, 15, 8.48%, 266, 0, 7, 12.96
1747795896, 3, 584, 1072, 1042, 15, 8.48%, 266, 0, 7, 11.35
1747795901, 3, 585, 1072, 1042, 15, 8.48%, 266, 0, 7, 12.51
1747795906, 3, 588, 1072, 1042, 15, 8.48%, 266, 0, 7, 13.55
1747795911, 3, 588, 1073, 1043, 15, 8.48%, 266, 0, 7, 11.94
1747795917, 3, 590, 1073, 1043, 15, 8.48%, 266, 0, 7, 13.37
1747795922, 3, 591, 1073, 1043, 15, 8.48%, 266, 0, 7, 13.12
1747795927, 3, 592, 1073, 1043, 15, 8.48%, 266, 0, 7, 12.07
1747795932, 3, 593, 1073, 1043, 15, 8.48%, 266, 0, 7, 11.57
1747795937, 3, 596, 1073, 1043, 15, 8.48%, 266, 0, 7, 12.25
1747795943, 3, 597, 1073, 1043, 15, 8.48%, 266, 0, 7, 12.59
1747795948, 3, 598, 1073, 1043, 15, 8.48%, 266, 0, 7, 14.40
1747795953, 3, 602, 1073, 1043, 15, 8.48%, 266, 0, 7, 14.83
1747795958, 3, 603, 1073, 1043, 15, 8.48%, 266, 0, 7, 13.53
1747795963, 3, 604, 1073, 1043, 15, 8.48%, 266, 0, 7, 14.35
1747795968, 3, 607, 1073, 1043, 15, 8.48%, 267, 0, 7, 14.23
1747795973, 3, 609, 1073, 1043, 15, 8.48%, 267, 0, 7, 13.47
1747795978, 3, 610, 1073, 1043, 15, 8.48%, 267, 0, 7, 13.22
1747795984, 3, 612, 1073, 1043, 15, 8.48%, 267, 0, 7, 13.94
1747795989, 3, 613, 1073, 1043, 15, 8.48%, 267, 0, 7, 12.85
1747795994, 3, 614, 1073, 1043, 15, 8.48%, 267, 0, 7, 13.59
1747795999, 3, 616, 1073, 1043, 15, 8.48%, 267, 0, 7, 12.77
1747796004, 3, 617, 1073, 1043, 15, 8.48%, 267, 0, 7, 13.67
1747796009, 3, 618, 1073, 1043, 15, 8.48%, 267, 0, 7, 14.23
1747796014, 3, 620, 1073, 1043, 15, 8.48%, 267, 0, 7, 14.93
1747796020, 3, 622, 1073, 1043, 15, 8.48%, 268, 0, 7, 13.70
1747796025, 3, 623, 1073, 1043, 15, 8.48%, 268, 0, 7, 12.06
1747796030, 3, 624, 1073, 1043, 15, 8.48%, 269, 0, 7, 11.39
1747796035, 3, 626, 1073, 1043, 15, 8.48%, 269, 0, 7, 12.27
1747796040, 3, 627, 1073, 1043, 15, 8.48%, 269, 0, 7, 13.17
1747796045, 3, 628, 1073, 1043, 15, 8.48%, 269, 0, 7, 12.76
1747796050, 3, 630, 1073, 1043, 15, 8.48%, 269, 0, 7, 13.72
1747796055, 3, 633, 1073, 1043, 15, 8.48%, 269, 0, 7, 13.39
1747796060, 3, 634, 1073, 1043, 15, 8.48%, 269, 0, 7, 12.30
1747796065, 3, 635, 1073, 1043, 15, 8.48%, 269, 0, 7, 11.61
1747796071, 3, 636, 1073, 1043, 15, 8.48%, 270, 0, 7, 13.30
1747796076, 3, 638, 1073, 1043, 15, 8.48%, 270, 0, 7, 13.48
1747796081, 3, 639, 1073, 1043, 15, 8.48%, 270, 0, 7, 13.11
1747796086, 3, 640, 1073, 1043, 15, 8.48%, 270, 0, 7, 12.46
1747796091, 3, 641, 1073, 1043, 15, 8.48%, 270, 0, 7, 12.35
1747796096, 3, 643, 1073, 1043, 15, 8.48%, 270, 0, 7, 14.69
1747796101, 3, 644, 1073, 1043, 15, 8.48%, 270, 0, 7, 13.87
1747796106, 3, 645, 1073, 1043, 15, 8.48%, 270, 0, 7, 13.39
1747796112, 3, 648, 1073, 1043, 15, 8.48%, 271, 0, 7, 13.14
1747796117, 3, 650, 1073, 1043, 15, 8.48%, 271, 0, 7, 14.00
1747796122, 3, 651, 1073, 1043, 15, 8.48%, 271, 0, 7, 13.70
1747796127, 3, 653, 1073, 1043, 15, 8.48%, 271, 0, 7, 12.62
1747796132, 3, 654, 1073, 1043, 15, 8.48%, 271, 0, 7, 11.71
1747796137, 3, 656, 1073, 1043, 15, 8.48%, 271, 0, 7, 13.00
1747796142, 3, 657, 1073, 1043, 15, 8.48%, 271, 0, 7, 12.36
1747796147, 3, 658, 1073, 1043, 15, 8.48%, 271, 0, 7, 11.69
1747796152, 3, 660, 1073, 1043, 15, 8.48%, 271, 0, 7, 13.34
1747796158, 3, 661, 1073, 1043, 15, 8.48%, 271, 0, 7, 13.74
1747796163, 3, 663, 1073, 1043, 15, 8.48%, 271, 0, 7, 14.84
1747796168, 3, 664, 1073, 1043, 15, 8.48%, 271, 0, 7, 14.48
1747796173, 3, 665, 1073, 1043, 15, 8.48%, 271, 0, 7, 13.44
1747796178, 3, 667, 1073, 1043, 15, 8.48%, 271, 0, 7, 13.49
1747796183, 3, 668, 1073, 1043, 15, 8.48%, 271, 0, 7, 13.80
1747796189, 3, 669, 1073, 1043, 15, 8.48%, 271, 0, 7, 12.69
1747796194, 3, 670, 1073, 1043, 15, 8.48%, 271, 0, 7, 11.63
1747796199, 3, 673, 1073, 1043, 15, 8.48%, 271, 0, 7, 13.00
1747796204, 3, 674, 1073, 1043, 15, 8.48%, 271, 0, 7, 12.70
1747796209, 3, 675, 1073, 1043, 15, 8.48%, 272, 0, 7, 12.31
1747796214, 3, 676, 1073, 1043, 15, 8.48%, 272, 0, 7, 12.36
1747796219, 3, 678, 1073, 1043, 15, 8.48%, 272, 0, 7, 12.58
1747796224, 3, 679, 1073, 1043, 15, 8.48%, 272, 0, 7, 11.81
1747796229, 3, 680, 1073, 1043, 15, 8.48%, 272, 0, 7, 12.35
1747796235, 3, 683, 1073, 1043, 15, 8.48%, 272, 0, 7, 11.31
1747796240, 3, 684, 1073, 1043, 15, 8.48%, 272, 0, 7, 12.61
1747796245, 3, 686, 1073, 1043, 15, 8.48%, 272, 0, 7, 14.55
1747796250, 3, 687, 1073, 1043, 15, 8.48%, 272, 0, 7, 13.21
1747796255, 3, 688, 1073, 1043, 15, 8.48%, 272, 0, 7, 10.94
1747796260, 3, 689, 1073, 1043, 15, 8.48%, 272, 0, 7, 13.36
1747796265, 3, 691, 1073, 1043, 15, 8.48%, 272, 0, 7, 14.14
1747796271, 3, 692, 1073, 1043, 15, 8.48%, 272, 0, 7, 13.16
1747796276, 3, 693, 1073, 1043, 15, 8.48%, 272, 0, 7, 12.65
1747796281, 3, 696, 1073, 1043, 15, 8.48%, 272, 0, 7, 12.05
1747796286, 3, 697, 1073, 1043, 15, 8.48%, 272, 0, 7, 13.24
1747796291, 3, 700, 1073, 1043, 15, 8.48%, 272, 0, 7, 13.23
1747796296, 3, 702, 1073, 1043, 15, 8.48%, 272, 0, 7, 13.47
1747796301, 3, 704, 1073, 1043, 15, 8.48%, 272, 0, 7, 13.90
1747796307, 3, 706, 1073, 1043, 15, 8.48%, 272, 0, 7, 12.04
1747796312, 3, 707, 1073, 1043, 15, 8.48%, 272, 0, 7, 11.95
1747796317, 3, 712, 1073, 1043, 15, 8.48%, 272, 0, 7, 12.93
1747796322, 3, 713, 1073, 1043, 15, 8.48%, 272, 0, 7, 12.55
1747796327, 3, 714, 1073, 1043, 15, 8.48%, 272, 0, 7, 12.83
1747796332, 3, 716, 1073, 1043, 15, 8.48%, 272, 0, 7, 13.09
1747796337, 3, 719, 1073, 1043, 15, 8.48%, 272, 0, 7, 14.36
1747796343, 3, 720, 1073, 1043, 15, 8.48%, 272, 0, 7, 14.60
1747796348, 3, 722, 1073, 1043, 15, 8.48%, 272, 0, 7, 14.29
1747796353, 3, 724, 1073, 1043, 15, 8.48%, 272, 0, 7, 13.20
1747796358, 3, 725, 1073, 1043, 15, 8.48%, 272, 0, 7, 12.32
1747796364, 3, 730, 1073, 1043, 15, 8.48%, 272, 0, 7, 13.82
1747796369, 3, 731, 1073, 1043, 15, 8.48%, 272, 0, 7, 14.26
1747796374, 3, 732, 1073, 1043, 15, 8.48%, 272, 0, 7, 13.09
1747796379, 3, 735, 1073, 1043, 15, 8.48%, 272, 0, 7, 12.44
1747796384, 3, 737, 1073, 1043, 15, 8.48%, 272, 0, 7, 12.68
1747796389, 3, 738, 1073, 1043, 15, 8.48%, 272, 0, 7, 13.63
1747796395, 3, 740, 1073, 1043, 15, 8.48%, 272, 0, 7, 12.57
1747796400, 3, 741, 1073, 1043, 15, 8.48%, 272, 0, 7, 12.25
1747796405, 3, 742, 1073, 1043, 15, 8.48%, 272, 0, 7, 12.42
1747796410, 3, 744, 1073, 1043, 15, 8.48%, 272, 0, 7, 12.55
1747796415, 3, 746, 1073, 1043, 15, 8.48%, 272, 0, 7, 12.75
1747796420, 3, 747, 1073, 1043, 15, 8.48%, 272, 0, 7, 12.04
1747796425, 3, 748, 1073, 1043, 15, 8.48%, 272, 0, 7, 13.19
1747796430, 3, 750, 1073, 1043, 15, 8.48%, 272, 0, 7, 14.12
1747796436, 3, 754, 1073, 1043, 15, 8.48%, 273, 0, 7, 12.77
1747796441, 3, 755, 1073, 1043, 15, 8.48%, 273, 0, 7, 14.46
1747796446, 3, 756, 1073, 1043, 15, 8.48%, 273, 0, 7, 13.98
1747796451, 3, 758, 1073, 1043, 15, 8.48%, 273, 0, 7, 12.27
1747796456, 3, 759, 1073, 1043, 15, 8.48%, 273, 0, 7, 13.40
1747796461, 3, 760, 1073, 1043, 15, 8.48%, 273, 0, 7, 11.21
1747796467, 3, 761, 1073, 1043, 15, 8.48%, 273, 0, 7, 11.28
1747796472, 3, 762, 1073, 1043, 15, 8.48%, 273, 0, 7, 11.86
1747796477, 3, 764, 1073, 1043, 15, 8.48%, 273, 0, 7, 12.54
1747796482, 3, 765, 1073, 1043, 15, 8.48%, 273, 0, 7, 12.78
1747796487, 3, 766, 1073, 1043, 15, 8.48%, 273, 0, 7, 12.94
1747796492, 3, 767, 1073, 1043, 15, 8.48%, 273, 0, 7, 13.02
1747796497, 3, 769, 1073, 1043, 15, 8.48%, 273, 0, 7, 13.11
1747796503, 3, 770, 1073, 1043, 15, 8.48%, 273, 0, 7, 13.40
1747796508, 3, 771, 1073, 1043, 15, 8.48%, 273, 0, 7, 11.63
1747796513, 3, 772, 1073, 1043, 15, 8.48%, 273, 0, 7, 11.97
1747796518, 3, 773, 1073, 1043, 15, 8.48%, 273, 0, 7, 11.44
1747796523, 3, 776, 1073, 1043, 15, 8.48%, 273, 0, 7, 12.27
1747796528, 3, 778, 1073, 1043, 15, 8.48%, 274, 0, 7, 11.35
1747796533, 3, 780, 1073, 1043, 15, 8.48%, 274, 0, 7, 11.78
1747796538, 3, 781, 1073, 1043, 15, 8.48%, 274, 0, 7, 14.11
1747796544, 3, 783, 1073, 1043, 15, 8.48%, 274, 0, 7, 13.83
1747796549, 3, 784, 1073, 1043, 15, 8.48%, 274, 0, 7, 14.57
1747796554, 3, 785, 1073, 1043, 15, 8.48%, 275, 0, 7, 12.79
1747796559, 3, 787, 1073, 1043, 15, 8.48%, 275, 0, 7, 14.26
1747796564, 3, 788, 1073, 1043, 15, 8.48%, 275, 0, 7, 12.15
1747796569, 3, 789, 1073, 1043, 15, 8.48%, 275, 0, 7, 12.91
1747796574, 3, 791, 1073, 1043, 15, 8.48%, 275, 0, 7, 12.26
1747796579, 3, 793, 1073, 1043, 15, 8.48%, 275, 0, 7, 13.30
1747796584, 3, 796, 1073, 1043, 15, 8.48%, 275, 0, 7, 13.90
1747796590, 3, 798, 1073, 1043, 15, 8.48%, 275, 0, 7, 12.46
1747796595, 3, 801, 1073, 1043, 15, 8.48%, 276, 0, 7, 13.01
1747796600, 3, 802, 1073, 1043, 15, 8.48%, 277, 0, 7, 13.18
1747796605, 3, 805, 1073, 1043, 15, 8.48%, 277, 0, 7, 13.17
1747796610, 3, 806, 1073, 1043, 15, 8.48%, 277, 0, 7, 12.58
1747796615, 3, 808, 1074, 1044, 15, 8.48%, 277, 0, 7, 12.56
1747796620, 3, 809, 1074, 1044, 15, 8.48%, 278, 0, 7, 12.04
1747796625, 3, 810, 1074, 1044, 15, 8.48%, 278, 0, 7, 11.92
1747796630, 3, 811, 1074, 1044, 15, 8.48%, 278, 0, 7, 13.34
1747796636, 3, 812, 1074, 1044, 15, 8.48%, 278, 0, 7, 12.78
1747796641, 3, 814, 1074, 1044, 15, 8.48%, 278, 0, 7, 11.65
1747796646, 3, 815, 1074, 1044, 15, 8.48%, 278, 0, 7, 11.54
1747796651, 3, 816, 1074, 1044, 15, 8.48%, 278, 0, 7, 12.44
1747796656, 3, 817, 1074, 1044, 15, 8.48%, 278, 0, 7, 13.41
1747796661, 3, 819, 1074, 1044, 15, 8.48%, 278, 0, 7, 12.32
1747796667, 3, 820, 1074, 1044, 15, 8.48%, 278, 0, 7, 12.64
1747796672, 3, 821, 1074, 1044, 15, 8.48%, 278, 0, 7, 13.18
1747796677, 3, 822, 1074, 1044, 15, 8.48%, 278, 0, 7, 11.53
1747796682, 3, 824, 1074, 1044, 15, 8.48%, 278, 0, 7, 12.67
1747796687, 3, 825, 1074, 1044, 15, 8.48%, 278, 0, 7, 12.94
1747796693, 3, 826, 1074, 1044, 15, 8.48%, 278, 0, 7, 12.01
1747796698, 3, 827, 1074, 1044, 15, 8.48%, 278, 0, 7, 12.27
1747796703, 3, 828, 1074, 1044, 15, 8.48%, 278, 0, 7, 11.45
1747796708, 3, 831, 1074, 1044, 15, 8.48%, 278, 0, 7, 13.91
1747796713, 3, 832, 1074, 1044, 15, 8.48%, 278, 0, 7, 13.58
1747796718, 3, 833, 1074, 1044, 15, 8.48%, 278, 0, 7, 13.99
1747796723, 3, 835, 1074, 1044, 15, 8.48%, 278, 0, 7, 13.62
1747796728, 3, 836, 1074, 1044, 15, 8.48%, 278, 0, 7, 14.33
1747796734, 3, 842, 1074, 1044, 15, 8.48%, 278, 0, 7, 14.51
1747796739, 3, 844, 1074, 1044, 15, 8.48%, 278, 0, 7, 13.03
1747796744, 3, 845, 1074, 1044, 15, 8.48%, 278, 0, 7, 13.93
1747796749, 3, 847, 1074, 1044, 15, 8.48%, 278, 0, 7, 12.74
1747796754, 3, 848, 1074, 1044, 15, 8.48%, 278, 0, 7, 12.12
1747796759, 3, 849, 1074, 1044, 15, 8.48%, 278, 0, 7, 11.73
1747796765, 3, 850, 1074, 1044, 15, 8.48%, 278, 0, 7, 12.38
1747796770, 3, 851, 1074, 1044, 15, 8.48%, 278, 0, 7, 12.06
1747796775, 3, 853, 1074, 1044, 15, 8.48%, 278, 0, 7, 12.49
1747796780, 3, 854, 1074, 1044, 15, 8.48%, 278, 0, 7, 13.79
1747796785, 3, 856, 1074, 1044, 15, 8.48%, 278, 0, 7, 13.49
1747796790, 3, 857, 1074, 1044, 15, 8.48%, 278, 0, 7, 13.11
1747796795, 3, 858, 1074, 1044, 15, 8.48%, 279, 0, 7, 13.01
1747796800, 3, 859, 1074, 1044, 15, 8.48%, 279, 0, 7, 12.75
1747796806, 3, 860, 1074, 1044, 15, 8.48%, 279, 0, 7, 12.62
1747796811, 3, 861, 1074, 1044, 15, 8.48%, 279, 0, 7, 13.45
1747797251, 3, 864, 1074, 1043, 14, 8.48%, 279, 0, 7, 14.23
1747797256, 3, 865, 1074, 1043, 14, 8.48%, 279, 0, 7, 12.73
1747797261, 3, 868, 1074, 1043, 14, 8.48%, 279, 0, 7, 12.01
1747797266, 3, 870, 1074, 1043, 14, 8.48%, 279, 0, 7, 11.99
1747797271, 3, 874, 1074, 1043, 14, 8.48%, 279, 0, 7, 12.47
1747797276, 3, 875, 1074, 1043, 14, 8.48%, 280, 0, 7, 13.35
1747797282, 3, 879, 1074, 1043, 14, 8.48%, 280, 0, 7, 13.22
1747797287, 3, 883, 1074, 1043, 14, 8.48%, 280, 0, 7, 12.03
1747797292, 3, 885, 1074, 1043, 14, 8.48%, 280, 0, 7, 13.55
1747797297, 3, 886, 1074, 1043, 14, 8.48%, 280, 0, 7, 12.00
1747797302, 3, 887, 1074, 1043, 14, 8.48%, 280, 0, 7, 13.48
1747797307, 3, 888, 1074, 1043, 14, 8.48%, 280, 0, 7, 11.03
1747797312, 3, 889, 1074, 1043, 14, 8.48%, 280, 0, 7, 13.01
1747797318, 3, 891, 1074, 1043, 14, 8.48%, 281, 0, 7, 13.71
1747797323, 3, 892, 1074, 1043, 14, 8.48%, 281, 0, 7, 12.19
1747797353, 3, 892, 1075, 1044, 14, 8.48%, 281, 0, 7, 5.35
1747797997, 3, 892, 1076, 1045, 14, 8.48%, 281, 0, 7, 5.28
1747798136, 3, 892, 1077, 1046, 14, 8.48%, 281, 0, 7, 5.46
1747798208, 3, 894, 1077, 1045, 13, 8.48%, 281, 0, 7, 15.91
1747798213, 3, 895, 1077, 1045, 13, 8.48%, 281, 0, 7, 13.78
1747798218, 3, 897, 1077, 1045, 13, 8.48%, 281, 0, 7, 12.43
1747798223, 3, 899, 1077, 1045, 13, 8.48%, 281, 0, 7, 12.41
1747798229, 3, 901, 1077, 1045, 13, 8.48%, 281, 0, 7, 11.83
1747798234, 3, 902, 1077, 1045, 13, 8.48%, 282, 0, 7, 12.98
1747798239, 3, 904, 1077, 1045, 13, 8.48%, 282, 0, 7, 13.00
1747798244, 3, 909, 1077, 1045, 13, 8.48%, 282, 0, 7, 13.57
1747798249, 3, 910, 1077, 1045, 13, 8.48%, 282, 0, 7, 13.80
1747798254, 3, 911, 1077, 1045, 13, 8.48%, 282, 0, 7, 12.96
1747798260, 3, 912, 1077, 1045, 13, 8.48%, 282, 0, 7, 11.16
1747798265, 3, 914, 1077, 1045, 13, 8.48%, 283, 0, 7, 12.40
1747798270, 3, 915, 1077, 1045, 13, 8.48%, 283, 0, 7, 11.96
1747798275, 3, 916, 1077, 1045, 13, 8.48%, 283, 0, 7, 13.05
1747798280, 3, 919, 1077, 1045, 13, 8.48%, 283, 0, 7, 13.89
1747798285, 3, 923, 1077, 1045, 13, 8.48%, 283, 0, 7, 13.33
1747798290, 3, 924, 1077, 1045, 13, 8.48%, 284, 0, 7, 12.92
1747798296, 3, 925, 1077, 1045, 13, 8.48%, 284, 0, 7, 13.10
1747798301, 3, 927, 1077, 1045, 13, 8.48%, 284, 0, 7, 13.93
1747798306, 3, 928, 1077, 1045, 13, 8.48%, 284, 0, 7, 13.12
1747798311, 3, 929, 1077, 1045, 13, 8.48%, 284, 0, 7, 14.04
1747798316, 3, 932, 1077, 1045, 13, 8.48%, 284, 0, 7, 13.16
1747798321, 3, 933, 1077, 1045, 13, 8.48%, 284, 0, 7, 13.55
1747798326, 3, 935, 1077, 1045, 13, 8.48%, 284, 0, 7, 12.19
1747798331, 3, 936, 1078, 1046, 13, 8.48%, 284, 0, 7, 13.13
1747798336, 3, 938, 1078, 1046, 13, 8.48%, 284, 0, 7, 13.71
1747798341, 3, 939, 1078, 1046, 13, 8.48%, 284, 0, 7, 13.84
1747798346, 3, 940, 1078, 1046, 13, 8.48%, 284, 0, 7, 12.24
1747798352, 3, 942, 1078, 1046, 13, 8.48%, 284, 0, 7, 11.89
1747798357, 3, 943, 1078, 1046, 13, 8.48%, 284, 0, 7, 12.24
1747798362, 3, 945, 1078, 1046, 13, 8.48%, 284, 0, 7, 13.42
1747798367, 3, 946, 1078, 1046, 13, 8.48%, 284, 0, 7, 12.62
1747798372, 3, 948, 1078, 1046, 13, 8.48%, 284, 0, 7, 13.67
1747798378, 3, 950, 1078, 1046, 13, 8.48%, 284, 0, 7, 13.41
1747798383, 3, 952, 1078, 1046, 13, 8.48%, 284, 0, 7, 13.41
1747798388, 3, 954, 1078, 1046, 13, 8.48%, 284, 0, 7, 13.00
1747798393, 3, 955, 1078, 1046, 13, 8.48%, 284, 0, 7, 10.49
1747798398, 3, 957, 1078, 1046, 13, 8.48%, 284, 0, 7, 12.11
1747798403, 3, 959, 1078, 1046, 13, 8.48%, 284, 0, 7, 13.40
1747798408, 3, 962, 1078, 1046, 13, 8.48%, 284, 0, 7, 11.65
1747798413, 3, 964, 1078, 1046, 13, 8.48%, 284, 0, 7, 13.01
1747798418, 3, 965, 1078, 1046, 13, 8.48%, 284, 0, 7, 13.80
1747798424, 3, 966, 1078, 1046, 13, 8.48%, 284, 0, 7, 13.27
1747798429, 3, 968, 1078, 1046, 13, 8.48%, 284, 0, 7, 13.30
1747798434, 3, 969, 1078, 1046, 13, 8.48%, 284, 0, 7, 12.99
1747798439, 3, 970, 1078, 1046, 13, 8.48%, 284, 0, 7, 12.88
1747798444, 3, 971, 1078, 1046, 13, 8.48%, 284, 0, 7, 11.75
1747798449, 3, 974, 1078, 1046, 13, 8.48%, 285, 0, 7, 11.97
1747798454, 3, 976, 1078, 1046, 13, 8.48%, 285, 0, 7, 12.81
1747798460, 3, 977, 1078, 1046, 13, 8.48%, 285, 0, 7, 13.98
1747798465, 3, 980, 1078, 1046, 13, 8.48%, 285, 0, 7, 13.43
1747798470, 3, 982, 1078, 1046, 13, 8.48%, 285, 0, 7, 13.35
1747798475, 3, 983, 1078, 1046, 13, 8.48%, 285, 0, 7, 12.67
1747798480, 3, 984, 1078, 1046, 13, 8.48%, 285, 0, 7, 11.38
1747798485, 3, 986, 1078, 1046, 13, 8.48%, 285, 0, 7, 13.82
1747798490, 3, 987, 1078, 1046, 13, 8.48%, 285, 0, 7, 12.72
1747798495, 3, 988, 1078, 1046, 13, 8.48%, 285, 0, 7, 13.83
1747798500, 3, 989, 1078, 1046, 13, 8.48%, 285, 0, 7, 12.88
1747798506, 3, 992, 1078, 1046, 13, 8.48%, 285, 0, 7, 13.30
1747798511, 3, 993, 1078, 1046, 13, 8.48%, 285, 0, 7, 14.26
1747798516, 3, 994, 1078, 1046, 13, 8.48%, 285, 0, 7, 13.74
1747798521, 3, 996, 1078, 1046, 13, 8.48%, 285, 0, 7, 12.11
1747798526, 3, 997, 1078, 1046, 13, 8.48%, 285, 0, 7, 12.93
1747798531, 3, 998, 1078, 1046, 13, 8.48%, 285, 0, 7, 12.47
1747798536, 3, 999, 1078, 1046, 13, 8.48%, 285, 0, 7, 10.66
1747798552, 3, 999, 1080, 1048, 13, 8.48%, 285, 0, 7, 10.37
1747798603, 3, 999, 1081, 1049, 13, 8.48%, 285, 0, 7, 9.92
1747798608, 3, 999, 1082, 1050, 13, 8.48%, 285, 0, 7, 9.62
1747798675, 3, 999, 1083, 1051, 13, 8.48%, 285, 0, 7, 9.39
1747798726, 3, 999, 1084, 1052, 13, 8.48%, 285, 0, 7, 10.25
1747798752, 3, 999, 1085, 1053, 13, 8.48%, 285, 0, 7, 9.87
1747798762, 3, 999, 1086, 1054, 13, 8.48%, 285, 0, 7, 9.60
1747798782, 3, 999, 1087, 1055, 13, 8.48%, 285, 0, 7, 9.71
1747798838, 3, 999, 1088, 1056, 13, 8.48%, 285, 0, 7, 9.15
1747798874, 3, 999, 1089, 1057, 13, 8.48%, 285, 0, 7, 11.08
1747799100, 3, 999, 1090, 1058, 13, 8.48%, 285, 0, 7, 11.96
1747799105, 3, 999, 1091, 1059, 13, 8.48%, 285, 0, 7, 11.33
1747799151, 3, 999, 1092, 1060, 13, 8.48%, 285, 0, 7, 10.59
1747799481, 3, 999, 1093, 1061, 13, 8.48%, 285, 0, 7, 9.43
1747799773, 3, 999, 1094, 1062, 13, 8.48%, 285, 0, 7, 9.56
1747799895, 3, 999, 1095, 1063, 13, 8.48%, 285, 0, 7, 9.33
1747799946, 3, 999, 1096, 1064, 13, 8.48%, 285, 0, 7, 9.38
1747799987, 3, 999, 1097, 1065, 13, 8.48%, 285, 0, 7, 8.30
1747802792, 3, 999, 1098, 1066, 13, 8.49%, 285, 0, 7, 14.92
1747802797, 3, 999, 1099, 1067, 13, 8.49%, 285, 0, 7, 18.17
1747802807, 3, 999, 1100, 1068, 13, 8.49%, 285, 0, 7, 13.78
1747803007, 3, 999, 1101, 1069, 13, 8.50%, 285, 0, 7, 10.84
1747803079, 3, 1001, 1101, 1068, 14, 8.50%, 285, 0, 7, 12.28
1747803085, 3, 1004, 1101, 1068, 14, 8.50%, 285, 0, 7, 12.46
1747803090, 3, 1006, 1101, 1068, 14, 8.50%, 285, 0, 7, 14.24
1747803095, 3, 1007, 1101, 1068, 14, 8.50%, 285, 0, 7, 11.41
1747803100, 3, 1008, 1101, 1068, 14, 8.50%, 285, 0, 7, 12.14
1747803105, 3, 1010, 1101, 1068, 14, 8.50%, 285, 0, 7, 12.61
1747803110, 3, 1012, 1101, 1068, 14, 8.50%, 285, 0, 7, 13.11
1747803116, 3, 1013, 1101, 1068, 14, 8.50%, 285, 0, 7, 11.43
1747803121, 3, 1014, 1101, 1068, 14, 8.50%, 285, 0, 7, 11.77
1747803126, 3, 1016, 1101, 1068, 14, 8.50%, 285, 0, 7, 13.11
1747803131, 3, 1017, 1101, 1068, 14, 8.50%, 285, 0, 7, 12.49
1747803136, 3, 1018, 1101, 1068, 14, 8.50%, 285, 0, 7, 12.79
1747803141, 3, 1020, 1101, 1068, 14, 8.50%, 285, 0, 7, 14.49
1747803146, 3, 1022, 1101, 1068, 14, 8.50%, 285, 0, 7, 12.67
1747803152, 3, 1023, 1101, 1068, 14, 8.50%, 285, 0, 7, 13.20
1747803157, 3, 1024, 1101, 1068, 14, 8.50%, 285, 0, 7, 12.30
1747803162, 3, 1026, 1101, 1068, 14, 8.50%, 285, 0, 7, 13.36
1747803167, 3, 1027, 1101, 1068, 14, 8.50%, 285, 0, 7, 13.11
1747803172, 3, 1028, 1101, 1068, 14, 8.50%, 285, 0, 7, 11.92
1747803177, 3, 1030, 1101, 1068, 14, 8.50%, 285, 0, 7, 14.08
1747803183, 3, 1032, 1101, 1068, 14, 8.50%, 285, 0, 7, 13.91
1747803188, 3, 1033, 1101, 1068, 14, 8.50%, 285, 0, 7, 12.70
1747803193, 3, 1034, 1101, 1068, 14, 8.50%, 285, 0, 7, 13.37
1747803198, 3, 1036, 1101, 1068, 14, 8.50%, 285, 0, 7, 12.76
1747803203, 3, 1037, 1101, 1068, 14, 8.50%, 285, 0, 7, 10.78
1747803208, 3, 1038, 1101, 1068, 14, 8.50%, 285, 0, 7, 12.58
1747803213, 3, 1039, 1101, 1068, 14, 8.50%, 285, 0, 7, 12.80
1747803218, 3, 1040, 1101, 1068, 14, 8.50%, 285, 0, 7, 12.32
1747803223, 3, 1042, 1101, 1068, 14, 8.50%, 285, 0, 7, 12.47
1747803229, 3, 1043, 1101, 1068, 14, 8.50%, 285, 0, 7, 11.28
1747803234, 3, 1044, 1101, 1068, 14, 8.50%, 285, 0, 7, 9.53
1747803296, 3, 1044, 1102, 1069, 14, 8.50%, 286, 0, 7, 4.21
1747803306, 3, 1044, 1103, 1070, 14, 8.50%, 286, 0, 7, 4.25
1747803372, 3, 1044, 1104, 1071, 14, 8.50%, 286, 0, 7, 4.09
1747803429, 3, 1044, 1104, 1071, 14, 8.50%, 287, 0, 7, 4.37
1747803444, 3, 1044, 1104, 1071, 14, 8.50%, 288, 0, 7, 4.06
1747803465, 3, 1044, 1104, 1071, 14, 8.50%, 289, 0, 7, 6.76
1747803470, 3, 1044, 1104, 1071, 14, 8.50%, 290, 0, 7, 4.79
1747803480, 3, 1044, 1104, 1071, 14, 8.50%, 291, 0, 7, 8.99
1747803743, 3, 1044, 1104, 1071, 14, 8.50%, 292, 0, 7, 4.50
1747803789, 3, 1044, 1105, 1072, 14, 8.50%, 292, 0, 7, 4.32
1747803799, 3, 1044, 1105, 1072, 14, 8.50%, 293, 0, 7, 4.15
1747803830, 3, 1044, 1105, 1072, 14, 8.50%, 294, 0, 7, 4.01
1747804281, 3, 1044, 1105, 1072, 14, 8.50%, 295, 0, 7, 3.53
1747804317, 3, 1044, 1105, 1072, 14, 8.50%, 296, 0, 7, 3.67
1747804928, 3, 1044, 1105, 1072, 14, 8.50%, 297, 0, 7, 4.34
1747804990, 3, 1044, 1105, 1072, 14, 8.50%, 298, 0, 7, 3.90
1747804995, 3, 1044, 1105, 1072, 14, 8.50%, 299, 0, 7, 3.99
1747805062, 3, 1045, 1105, 1071, 13, 8.50%, 299, 0, 7, 13.58
1747805067, 3, 1046, 1105, 1071, 13, 8.50%, 299, 0, 7, 13.62
1747805072, 3, 1047, 1105, 1071, 13, 8.50%, 299, 0, 7, 12.85
1747805077, 3, 1049, 1105, 1071, 13, 8.50%, 299, 0, 7, 13.61
1747805082, 3, 1051, 1105, 1071, 13, 8.50%, 299, 0, 7, 11.83
1747805570, 3, 1053, 1105, 1070, 12, 8.50%, 299, 0, 7, 15.24
1747805575, 3, 1055, 1105, 1070, 12, 8.50%, 299, 0, 7, 14.37
1747805580, 3, 1056, 1105, 1070, 12, 8.50%, 299, 0, 7, 13.22
1747805585, 3, 1060, 1105, 1070, 12, 8.50%, 299, 0, 7, 12.67
1747805590, 3, 1061, 1105, 1070, 12, 8.50%, 299, 0, 7, 12.98
1747805595, 3, 1062, 1105, 1070, 12, 8.50%, 299, 0, 7, 13.66
1747805600, 3, 1063, 1105, 1070, 12, 8.50%, 299, 0, 7, 13.29
1747805606, 3, 1065, 1105, 1070, 12, 8.50%, 299, 0, 7, 12.95
1747805611, 3, 1067, 1105, 1070, 12, 8.50%, 299, 0, 7, 13.81
1747805616, 3, 1068, 1105, 1070, 12, 8.50%, 299, 0, 7, 13.75
1747805621, 3, 1070, 1105, 1070, 12, 8.50%, 299, 0, 7, 14.76
1747805626, 3, 1071, 1105, 1070, 12, 8.50%, 300, 0, 7, 12.89
1747805631, 3, 1072, 1105, 1070, 12, 8.50%, 300, 0, 7, 14.29
1747805636, 3, 1075, 1105, 1070, 12, 8.50%, 300, 0, 7, 12.69
1747805641, 3, 1076, 1105, 1070, 12, 8.50%, 300, 0, 7, 12.59
1747805646, 3, 1077, 1105, 1070, 12, 8.50%, 300, 0, 7, 12.63
1747805651, 3, 1079, 1105, 1070, 12, 8.50%, 300, 0, 7, 13.98
1747805657, 3, 1080, 1105, 1070, 12, 8.50%, 300, 0, 7, 12.75
1747805662, 3, 1081, 1105, 1070, 12, 8.50%, 300, 0, 7, 13.08
1747805667, 3, 1084, 1105, 1070, 12, 8.50%, 300, 0, 7, 13.59
1747805672, 3, 1085, 1105, 1070, 12, 8.50%, 300, 0, 7, 12.23
1747805677, 3, 1089, 1105, 1070, 12, 8.50%, 301, 0, 7, 13.47
1747805683, 3, 1093, 1105, 1070, 12, 8.50%, 301, 0, 7, 12.05
1747805688, 3, 1097, 1105, 1070, 12, 8.50%, 301, 0, 7, 13.10
1747805693, 3, 1099, 1105, 1070, 12, 8.50%, 301, 0, 7, 12.55
1747805698, 3, 1100, 1105, 1070, 12, 8.50%, 301, 0, 7, 13.51
1747805703, 3, 1101, 1105, 1070, 12, 8.50%, 301, 0, 7, 13.46
1747805708, 3, 1103, 1105, 1070, 12, 8.50%, 301, 0, 7, 13.79
1747805713, 4, 0, 1105, 1070, 12, 8.50%, 301, 0, 7, 12.65
1747805718, 4, 1, 1105, 1070, 12, 8.50%, 301, 0, 7, 13.31
1747805723, 4, 3, 1105, 1070, 12, 8.50%, 301, 0, 7, 12.36
1747805729, 4, 6, 1105, 1070, 12, 8.50%, 301, 0, 7, 12.67
1747805734, 4, 7, 1105, 1070, 12, 8.50%, 301, 0, 7, 13.20
1747805739, 4, 8, 1105, 1070, 12, 8.50%, 301, 0, 7, 11.89
1747805744, 4, 9, 1105, 1070, 12, 8.50%, 301, 0, 7, 13.07
1747805749, 4, 13, 1105, 1070, 12, 8.50%, 301, 0, 7, 13.17
1747805754, 4, 15, 1105, 1070, 12, 8.50%, 301, 0, 7, 13.97
1747805759, 4, 17, 1105, 1070, 12, 8.50%, 301, 0, 7, 13.51
1747805765, 4, 18, 1105, 1070, 12, 8.50%, 301, 0, 7, 11.80
1747805770, 4, 20, 1105, 1070, 12, 8.50%, 301, 0, 7, 12.12
1747805775, 4, 21, 1105, 1070, 12, 8.50%, 301, 0, 7, 13.22
1747805780, 4, 22, 1105, 1070, 12, 8.50%, 301, 0, 7, 12.71
1747805785, 4, 24, 1106, 1071, 12, 8.50%, 301, 0, 7, 12.71
1747805795, 4, 26, 1106, 1071, 12, 8.50%, 301, 0, 7, 12.41
1747805800, 4, 27, 1106, 1071, 12, 8.50%, 301, 0, 7, 13.57
1747805806, 4, 28, 1106, 1071, 12, 8.50%, 301, 0, 7, 14.20
1747805811, 4, 30, 1106, 1071, 12, 8.50%, 301, 0, 7, 13.55
1747805816, 4, 31, 1106, 1071, 12, 8.50%, 301, 0, 7, 12.75
1747805821, 4, 32, 1106, 1071, 12, 8.50%, 301, 0, 7, 12.37
1747805826, 4, 37, 1106, 1071, 12, 8.50%, 301, 0, 7, 12.97
1747805831, 4, 39, 1106, 1071, 12, 8.50%, 301, 0, 7, 13.38
1747805836, 4, 41, 1106, 1071, 12, 8.50%, 301, 0, 7, 13.47
1747805841, 4, 43, 1106, 1071, 12, 8.50%, 301, 0, 7, 13.94
1747805846, 4, 45, 1106, 1071, 12, 8.50%, 301, 0, 7, 13.44
1747805852, 4, 46, 1106, 1071, 12, 8.50%, 301, 0, 7, 12.05
1747805857, 4, 47, 1106, 1071, 12, 8.50%, 301, 0, 7, 12.30
1747805862, 4, 48, 1106, 1071, 12, 8.50%, 301, 0, 7, 12.89
1747805867, 4, 50, 1106, 1071, 12, 8.50%, 301, 0, 7, 13.07
1747805872, 4, 52, 1106, 1071, 12, 8.50%, 301, 0, 7, 13.19
1747805877, 4, 53, 1106, 1071, 12, 8.50%, 301, 0, 7, 13.48
1747805882, 4, 54, 1106, 1071, 12, 8.50%, 302, 0, 7, 12.85
1747805887, 4, 56, 1106, 1071, 12, 8.50%, 302, 0, 7, 12.90
1747805892, 4, 57, 1106, 1071, 12, 8.50%, 302, 0, 7, 13.56
1747805898, 4, 58, 1106, 1071, 12, 8.50%, 302, 0, 7, 12.51
1747805903, 4, 59, 1107, 1072, 12, 8.50%, 302, 0, 7, 11.34
1747805913, 4, 60, 1107, 1072, 12, 8.50%, 302, 0, 7, 12.77
1747805918, 4, 66, 1107, 1072, 12, 8.50%, 302, 0, 7, 12.06
1747805923, 4, 67, 1107, 1072, 12, 8.50%, 302, 0, 7, 10.74
1747805928, 4, 68, 1107, 1072, 12, 8.50%, 302, 0, 7, 13.03
1747805934, 4, 69, 1107, 1072, 12, 8.50%, 302, 0, 7, 14.07
1747805939, 4, 71, 1107, 1072, 12, 8.50%, 302, 0, 7, 12.92
1747805944, 4, 72, 1107, 1072, 12, 8.50%, 302, 0, 7, 12.82
1747805949, 4, 73, 1107, 1072, 12, 8.50%, 302, 0, 7, 11.98
1747805954, 4, 74, 1107, 1072, 12, 8.50%, 302, 0, 7, 11.72
1747805959, 4, 75, 1107, 1072, 12, 8.50%, 302, 0, 7, 11.95
1747805964, 4, 77, 1107, 1072, 12, 8.50%, 302, 0, 7, 13.53
1747805970, 4, 78, 1107, 1072, 12, 8.50%, 302, 0, 7, 11.30
1747805975, 4, 79, 1107, 1072, 12, 8.50%, 302, 0, 7, 13.49
1747805980, 4, 80, 1107, 1072, 12, 8.50%, 302, 0, 7, 12.60
1747805985, 4, 82, 1107, 1072, 12, 8.50%, 302, 0, 7, 12.08
1747805990, 4, 85, 1107, 1072, 12, 8.50%, 302, 0, 7, 13.08
1747805996, 4, 86, 1107, 1072, 12, 8.50%, 302, 0, 7, 11.74
1747806001, 4, 89, 1107, 1072, 12, 8.50%, 302, 0, 7, 12.58
1747806006, 4, 90, 1107, 1072, 12, 8.50%, 302, 0, 7, 11.36
1747806011, 4, 92, 1107, 1072, 12, 8.50%, 302, 0, 7, 11.54
1747806016, 4, 93, 1107, 1072, 12, 8.50%, 302, 0, 7, 12.95
1747806021, 4, 94, 1107, 1072, 12, 8.50%, 302, 0, 7, 11.37
1747806026, 4, 95, 1107, 1072, 12, 8.50%, 302, 0, 7, 13.85
1747806031, 4, 97, 1107, 1072, 12, 8.50%, 302, 0, 7, 13.47
1747806037, 4, 98, 1107, 1072, 12, 8.50%, 302, 0, 7, 11.78
1747806042, 4, 99, 1107, 1072, 12, 8.50%, 302, 0, 7, 12.63
1747806047, 4, 100, 1107, 1072, 12, 8.50%, 302, 0, 7, 13.79
1747806052, 4, 105, 1107, 1072, 12, 8.50%, 302, 0, 7, 12.57
1747806057, 4, 106, 1107, 1072, 12, 8.50%, 302, 0, 7, 13.23
1747806062, 4, 108, 1107, 1072, 12, 8.50%, 302, 0, 7, 14.23
1747806068, 4, 111, 1107, 1072, 12, 8.50%, 302, 0, 7, 13.51
1747806073, 4, 112, 1107, 1072, 12, 8.50%, 302, 0, 7, 13.30
1747806078, 4, 113, 1107, 1072, 12, 8.50%, 302, 0, 7, 13.02
1747806083, 4, 114, 1107, 1072, 12, 8.50%, 302, 0, 7, 12.72
1747806088, 4, 118, 1107, 1072, 12, 8.50%, 302, 0, 7, 12.68
1747806093, 4, 119, 1107, 1072, 12, 8.50%, 302, 0, 7, 12.36
1747806098, 4, 120, 1107, 1072, 12, 8.50%, 302, 0, 7, 12.20
1747806103, 4, 121, 1107, 1072, 12, 8.50%, 302, 0, 7, 13.06
1747806108, 4, 123, 1107, 1072, 12, 8.50%, 302, 0, 7, 12.62
1747806114, 4, 124, 1107, 1072, 12, 8.50%, 302, 0, 7, 11.50
1747806119, 4, 125, 1107, 1072, 12, 8.50%, 302, 0, 7, 11.67
1747806124, 4, 127, 1107, 1072, 12, 8.50%, 302, 0, 7, 11.96
1747806129, 4, 129, 1107, 1072, 12, 8.50%, 302, 0, 7, 13.73
1747806134, 4, 130, 1107, 1072, 12, 8.50%, 302, 0, 7, 14.13
1747806139, 4, 131, 1107, 1072, 12, 8.50%, 302, 0, 7, 12.50
1747806144, 4, 132, 1107, 1072, 12, 8.50%, 302, 0, 7, 12.67
1747806150, 4, 133, 1107, 1072, 12, 8.50%, 302, 0, 7, 13.08
1747806155, 4, 135, 1107, 1072, 12, 8.50%, 302, 0, 7, 12.31
1747806160, 4, 136, 1107, 1072, 12, 8.50%, 302, 0, 7, 12.12
1747806165, 4, 137, 1107, 1072, 12, 8.50%, 302, 0, 7, 11.90
1747806170, 4, 138, 1107, 1072, 12, 8.50%, 302, 0, 7, 12.64
1747806175, 4, 140, 1107, 1072, 12, 8.50%, 302, 0, 7, 13.32
1747806180, 4, 143, 1107, 1072, 12, 8.50%, 302, 0, 7, 11.93
1747806186, 4, 144, 1107, 1072, 12, 8.50%, 302, 0, 7, 13.09
1747806191, 4, 145, 1107, 1072, 12, 8.50%, 302, 0, 7, 23.07
1747806211, 4, 148, 1107, 1071, 12, 8.50%, 302, 0, 7, 9.90
1747806216, 4, 150, 1107, 1071, 12, 8.50%, 302, 0, 7, 11.97
1747806221, 4, 151, 1107, 1071, 12, 8.50%, 302, 0, 7, 12.92
1747806227, 4, 152, 1107, 1071, 12, 8.50%, 302, 0, 7, 12.98
1747806232, 4, 154, 1107, 1071, 12, 8.50%, 302, 0, 7, 12.56
1747806237, 4, 155, 1107, 1071, 12, 8.50%, 302, 0, 7, 13.74
1747806242, 4, 156, 1107, 1071, 12, 8.50%, 302, 0, 7, 13.04
1747806247, 4, 157, 1107, 1071, 12, 8.50%, 302, 0, 7, 12.66
1747806252, 4, 159, 1107, 1071, 12, 8.50%, 302, 0, 7, 13.43
1747806257, 4, 160, 1107, 1071, 12, 8.50%, 302, 0, 7, 13.51
1747806262, 4, 161, 1107, 1071, 12, 8.50%, 302, 0, 7, 13.45
1747806268, 4, 163, 1107, 1071, 12, 8.50%, 302, 0, 7, 11.89
1747806273, 4, 165, 1107, 1071, 12, 8.50%, 302, 0, 7, 12.33
1747806278, 4, 167, 1107, 1071, 12, 8.50%, 302, 0, 7, 12.49
1747806283, 4, 169, 1107, 1071, 12, 8.50%, 302, 0, 7, 12.25
1747806288, 4, 170, 1107, 1071, 12, 8.50%, 302, 0, 7, 13.13
1747806293, 4, 173, 1107, 1071, 12, 8.50%, 303, 0, 7, 13.04
1747806299, 4, 174, 1107, 1071, 12, 8.50%, 303, 0, 7, 12.36
1747806304, 4, 175, 1107, 1071, 12, 8.50%, 304, 0, 7, 13.16
1747806309, 4, 178, 1107, 1071, 12, 8.50%, 304, 0, 7, 13.33
1747806314, 4, 179, 1107, 1071, 12, 8.50%, 304, 0, 7, 12.55
1747806319, 4, 180, 1107, 1071, 12, 8.50%, 304, 0, 7, 13.22
1747806324, 4, 181, 1107, 1071, 12, 8.50%, 304, 0, 7, 12.53
1747806330, 4, 183, 1107, 1071, 12, 8.50%, 304, 0, 7, 12.05
1747806335, 4, 185, 1107, 1071, 12, 8.50%, 304, 0, 7, 11.78
1747806340, 4, 186, 1107, 1071, 12, 8.50%, 304, 0, 7, 12.65
1747806345, 4, 189, 1107, 1071, 12, 8.50%, 304, 0, 7, 12.18
1747806350, 4, 190, 1107, 1071, 12, 8.50%, 304, 0, 7, 12.20
1747806356, 4, 192, 1107, 1071, 12, 8.50%, 304, 0, 7, 14.27
1747806361, 4, 193, 1107, 1071, 12, 8.50%, 304, 0, 7, 14.15
1747806366, 4, 195, 1107, 1071, 12, 8.50%, 304, 0, 7, 12.67
1747806371, 4, 196, 1107, 1071, 12, 8.50%, 304, 0, 7, 13.34
1747806376, 4, 197, 1107, 1071, 12, 8.50%, 304, 0, 7, 12.55
1747806381, 4, 198, 1107, 1071, 12, 8.50%, 304, 0, 7, 12.74
1747806386, 4, 200, 1107, 1071, 12, 8.50%, 304, 0, 7, 13.28
1747806392, 4, 201, 1107, 1071, 12, 8.50%, 304, 0, 7, 13.35
1747806397, 4, 203, 1107, 1071, 12, 8.50%, 304, 0, 7, 13.78
1747806402, 4, 205, 1107, 1071, 12, 8.50%, 304, 0, 7, 13.70
1747806407, 4, 206, 1107, 1071, 12, 8.50%, 304, 0, 7, 13.43
1747806412, 4, 208, 1107, 1071, 12, 8.50%, 304, 0, 7, 12.86
1747806417, 4, 209, 1107, 1071, 12, 8.50%, 304, 0, 7, 11.96
1747806422, 4, 211, 1107, 1071, 12, 8.50%, 304, 0, 7, 12.58
1747806427, 4, 213, 1107, 1071, 12, 8.50%, 304, 0, 7, 12.97
1747806433, 4, 214, 1107, 1071, 12, 8.50%, 304, 0, 7, 11.85
1747806438, 4, 215, 1107, 1071, 12, 8.50%, 304, 0, 7, 11.95
1747806443, 4, 216, 1107, 1071, 12, 8.50%, 304, 0, 7, 13.45
1747806448, 4, 218, 1107, 1071, 12, 8.50%, 304, 0, 7, 13.18
1747806453, 4, 220, 1107, 1071, 12, 8.50%, 304, 0, 7, 12.93
1747806458, 4, 221, 1107, 1071, 12, 8.50%, 304, 0, 7, 12.43
1747806463, 4, 223, 1107, 1071, 12, 8.50%, 304, 0, 7, 13.06
1747806469, 4, 224, 1107, 1071, 12, 8.50%, 304, 0, 7, 11.85
1747806474, 4, 225, 1107, 1071, 12, 8.50%, 304, 0, 7, 13.56
1747806479, 4, 226, 1107, 1071, 12, 8.50%, 304, 0, 7, 12.44
1747806484, 4, 227, 1107, 1071, 12, 8.50%, 304, 0, 7, 12.20
1747806489, 4, 230, 1107, 1071, 12, 8.50%, 304, 0, 7, 13.66
1747806494, 4, 231, 1107, 1071, 12, 8.50%, 304, 0, 7, 12.35
1747806499, 4, 232, 1107, 1071, 12, 8.50%, 304, 0, 7, 12.79
1747806504, 4, 233, 1107, 1071, 12, 8.50%, 304, 0, 7, 13.22
1747806509, 4, 235, 1107, 1071, 12, 8.50%, 304, 0, 7, 12.37
1747806514, 4, 236, 1107, 1071, 12, 8.50%, 304, 0, 7, 14.48
1747806519, 4, 237, 1107, 1071, 12, 8.50%, 304, 0, 7, 13.15
1747806525, 4, 240, 1107, 1071, 12, 8.50%, 304, 0, 7, 12.25
1747806530, 4, 243, 1107, 1071, 12, 8.50%, 304, 0, 7, 13.60
1747806535, 4, 244, 1107, 1071, 12, 8.50%, 304, 0, 7, 11.85
1747806540, 4, 246, 1107, 1071, 12, 8.50%, 304, 0, 7, 11.84
1747806545, 4, 247, 1107, 1071, 12, 8.50%, 304, 0, 7, 11.47
1747806550, 4, 249, 1107, 1071, 12, 8.50%, 304, 0, 7, 12.37
1747806555, 4, 250, 1107, 1071, 12, 8.50%, 304, 0, 7, 12.76
1747806560, 4, 252, 1107, 1071, 12, 8.50%, 304, 0, 7, 13.15
1747806565, 4, 253, 1107, 1071, 12, 8.50%, 304, 0, 7, 12.98
1747806570, 4, 254, 1107, 1071, 12, 8.50%, 304, 0, 7, 11.76
1747806576, 4, 256, 1107, 1071, 12, 8.50%, 304, 0, 7, 13.00
1747806581, 4, 258, 1107, 1071, 12, 8.50%, 304, 0, 7, 14.45
1747806586, 4, 261, 1107, 1071, 12, 8.50%, 304, 0, 7, 12.99
1747806591, 4, 262, 1107, 1071, 12, 8.50%, 304, 0, 7, 12.26
1747806596, 4, 264, 1107, 1071, 12, 8.50%, 304, 0, 7, 12.72
1747806601, 4, 266, 1107, 1071, 12, 8.50%, 304, 0, 7, 13.32
1747806606, 4, 269, 1107, 1071, 12, 8.50%, 304, 0, 7, 12.86
1747806611, 4, 270, 1107, 1071, 12, 8.50%, 304, 0, 7, 13.37
1747806616, 4, 271, 1107, 1071, 12, 8.50%, 304, 0, 7, 12.08
1747806622, 4, 272, 1107, 1071, 12, 8.50%, 304, 0, 7, 12.57
1747806627, 4, 274, 1107, 1071, 12, 8.50%, 304, 0, 7, 12.70
1747806632, 4, 276, 1107, 1071, 12, 8.50%, 304, 0, 7, 12.28
1747806637, 4, 277, 1107, 1071, 12, 8.50%, 304, 0, 7, 11.97
1747806642, 4, 278, 1107, 1071, 12, 8.50%, 304, 0, 7, 14.39
1747806647, 4, 280, 1107, 1071, 12, 8.50%, 304, 0, 7, 12.79
1747806652, 4, 281, 1107, 1071, 12, 8.50%, 304, 0, 7, 12.48
1747806657, 4, 283, 1107, 1071, 12, 8.50%, 304, 0, 7, 14.08
1747806662, 4, 285, 1107, 1071, 12, 8.50%, 304, 0, 7, 12.91
1747806668, 4, 288, 1107, 1071, 12, 8.50%, 304, 0, 7, 12.79
1747806673, 4, 289, 1107, 1071, 12, 8.50%, 304, 0, 7, 12.22
1747806678, 4, 290, 1107, 1071, 12, 8.50%, 304, 0, 7, 14.06
1747806683, 4, 293, 1107, 1071, 12, 8.50%, 304, 0, 7, 13.71
1747806688, 4, 294, 1107, 1071, 12, 8.50%, 304, 0, 7, 11.87
1747806693, 4, 295, 1107, 1071, 12, 8.50%, 304, 0, 7, 11.85
1747806698, 4, 296, 1107, 1071, 12, 8.50%, 304, 0, 7, 13.29
1747806704, 4, 298, 1107, 1071, 12, 8.50%, 304, 0, 7, 12.29
1747806709, 4, 300, 1107, 1071, 12, 8.50%, 304, 0, 7, 12.31
1747806714, 4, 301, 1107, 1071, 12, 8.50%, 304, 0, 7, 12.21
1747806719, 4, 302, 1107, 1071, 12, 8.50%, 304, 0, 7, 13.92
1747806724, 4, 304, 1107, 1071, 12, 8.50%, 304, 0, 7, 13.09
1747806729, 4, 305, 1107, 1071, 12, 8.50%, 304, 0, 7, 13.11
1747806734, 4, 307, 1107, 1071, 12, 8.50%, 304, 0, 7, 12.11
1747806740, 4, 308, 1107, 1071, 12, 8.50%, 304, 0, 7, 12.69
1747806745, 4, 310, 1107, 1071, 12, 8.50%, 304, 0, 7, 13.72
1747806750, 4, 311, 1107, 1071, 12, 8.50%, 304, 0, 7, 13.20
1747806755, 4, 312, 1107, 1071, 12, 8.50%, 304, 0, 7, 13.18
1747806760, 4, 316, 1107, 1071, 12, 8.50%, 304, 0, 7, 14.18
1747806765, 4, 317, 1107, 1071, 12, 8.50%, 304, 0, 7, 13.49
1747806770, 4, 318, 1107, 1071, 12, 8.50%, 304, 0, 7, 13.49
1747806775, 4, 320, 1107, 1071, 12, 8.50%, 304, 0, 7, 13.59
1747806780, 4, 321, 1107, 1071, 12, 8.50%, 304, 0, 7, 12.67
1747806785, 4, 322, 1107, 1071, 12, 8.50%, 304, 0, 7, 13.39
1747806790, 4, 325, 1107, 1071, 12, 8.50%, 304, 0, 7, 14.66
1747806795, 4, 326, 1107, 1071, 12, 8.50%, 304, 0, 7, 14.65
1747806801, 4, 327, 1107, 1071, 12, 8.50%, 304, 0, 7, 13.68
1747806806, 4, 329, 1107, 1071, 12, 8.50%, 304, 0, 7, 13.63
1747806811, 4, 332, 1107, 1071, 12, 8.50%, 304, 0, 7, 12.49
1747806816, 4, 336, 1107, 1071, 12, 8.50%, 304, 0, 7, 12.02
1747806821, 4, 337, 1108, 1072, 12, 8.50%, 304, 0, 7, 10.94
1747806832, 4, 338, 1108, 1072, 12, 8.50%, 304, 0, 7, 11.73
1747806837, 4, 341, 1108, 1072, 12, 8.50%, 304, 0, 7, 13.71
1747806842, 4, 342, 1108, 1072, 12, 8.50%, 304, 0, 7, 13.11
1747806847, 4, 344, 1108, 1072, 12, 8.50%, 304, 0, 7, 11.67
1747806852, 4, 346, 1108, 1072, 12, 8.50%, 304, 0, 7, 12.33
1747806857, 4, 348, 1108, 1072, 12, 8.50%, 304, 0, 7, 11.87
1747806862, 4, 349, 1108, 1072, 12, 8.50%, 304, 0, 7, 11.93
1747806867, 4, 350, 1108, 1072, 12, 8.50%, 305, 0, 7, 12.49
1747806872, 4, 351, 1108, 1072, 12, 8.50%, 305, 0, 7, 10.52
1747806877, 4, 354, 1108, 1072, 12, 8.50%, 305, 0, 7, 12.64
1747806883, 4, 357, 1108, 1072, 12, 8.50%, 305, 0, 7, 13.04
1747806888, 4, 358, 1108, 1072, 12, 8.50%, 305, 0, 7, 11.85
1747806893, 4, 360, 1108, 1072, 12, 8.50%, 305, 0, 7, 12.91
1747806898, 4, 362, 1108, 1072, 12, 8.50%, 305, 0, 7, 11.75
1747806903, 4, 363, 1108, 1072, 12, 8.50%, 305, 0, 7, 12.98
1747806908, 4, 364, 1108, 1072, 12, 8.50%, 305, 0, 7, 13.63
1747806913, 4, 365, 1108, 1072, 12, 8.50%, 305, 0, 7, 12.81
1747806919, 4, 367, 1108, 1072, 12, 8.50%, 305, 0, 7, 12.48
1747806924, 4, 369, 1108, 1072, 12, 8.50%, 305, 0, 7, 12.49
1747806929, 4, 370, 1108, 1072, 12, 8.50%, 305, 0, 7, 13.01
1747806934, 4, 372, 1108, 1072, 12, 8.50%, 305, 0, 7, 12.75
1747806939, 4, 373, 1108, 1072, 12, 8.50%, 305, 0, 7, 13.16
1747806944, 4, 374, 1108, 1072, 12, 8.50%, 305, 0, 7, 13.57
1747806949, 4, 375, 1108, 1072, 12, 8.50%, 305, 0, 7, 12.37
1747806954, 4, 376, 1108, 1072, 12, 8.50%, 305, 0, 7, 11.41
1747806960, 4, 378, 1108, 1072, 12, 8.50%, 305, 0, 7, 12.99
1747806965, 4, 379, 1108, 1072, 12, 8.50%, 305, 0, 7, 13.47
1747806970, 4, 380, 1108, 1072, 12, 8.50%, 305, 0, 7, 12.25
1747806975, 4, 382, 1108, 1072, 12, 8.50%, 305, 0, 7, 12.70
1747806980, 4, 383, 1108, 1072, 12, 8.50%, 305, 0, 7, 14.06
1747806986, 4, 385, 1108, 1072, 12, 8.50%, 305, 0, 7, 14.92
1747806991, 4, 386, 1108, 1072, 12, 8.50%, 305, 0, 7, 12.62
1747806996, 4, 387, 1108, 1072, 12, 8.50%, 305, 0, 7, 10.79
1747807001, 4, 388, 1108, 1072, 12, 8.50%, 305, 0, 7, 11.62
1747807006, 4, 392, 1108, 1072, 12, 8.50%, 305, 0, 7, 14.11
1747807011, 4, 393, 1108, 1072, 12, 8.50%, 305, 0, 7, 12.91
1747807016, 4, 394, 1108, 1072, 12, 8.50%, 305, 0, 7, 13.96
1747807022, 4, 396, 1108, 1072, 12, 8.50%, 305, 0, 7, 13.87
1747807027, 4, 398, 1108, 1072, 12, 8.50%, 305, 0, 7, 13.18
1747807032, 4, 399, 1108, 1072, 12, 8.50%, 305, 0, 7, 11.99
1747807037, 4, 401, 1108, 1072, 12, 8.50%, 305, 0, 7, 13.99
1747807042, 4, 402, 1108, 1072, 12, 8.50%, 305, 0, 7, 12.90
1747807047, 4, 403, 1109, 1073, 12, 8.50%, 305, 0, 7, 9.89
1747807058, 4, 404, 1109, 1073, 12, 8.50%, 305, 0, 7, 13.08
1747807063, 4, 406, 1109, 1073, 12, 8.50%, 305, 0, 7, 13.09
1747807068, 4, 408, 1109, 1073, 12, 8.50%, 305, 0, 7, 12.91
1747807073, 4, 409, 1109, 1073, 12, 8.50%, 305, 0, 7, 13.53
1747807078, 4, 410, 1109, 1073, 12, 8.50%, 305, 0, 7, 13.70
1747807083, 4, 413, 1109, 1073, 12, 8.50%, 305, 0, 7, 13.58
1747807089, 4, 414, 1109, 1073, 12, 8.50%, 305, 0, 7, 13.80
1747807094, 4, 415, 1109, 1073, 12, 8.50%, 305, 0, 7, 13.06
1747807099, 4, 419, 1109, 1073, 12, 8.50%, 305, 0, 7, 12.39
1747807104, 4, 420, 1109, 1073, 12, 8.50%, 305, 0, 7, 12.64
1747807109, 4, 422, 1109, 1073, 12, 8.50%, 305, 0, 7, 12.11
1747807114, 4, 423, 1109, 1073, 12, 8.50%, 305, 0, 7, 13.74
1747807119, 4, 425, 1109, 1073, 12, 8.50%, 305, 0, 7, 12.98
1747807125, 4, 426, 1109, 1073, 12, 8.50%, 305, 0, 7, 11.33
1747807130, 4, 429, 1109, 1073, 12, 8.50%, 305, 0, 7, 11.84
1747807135, 4, 430, 1109, 1073, 12, 8.50%, 305, 0, 7, 12.58
1747807140, 4, 432, 1109, 1073, 12, 8.50%, 305, 0, 7, 13.95
1747807145, 4, 433, 1109, 1073, 12, 8.50%, 305, 0, 7, 12.50
1747807150, 4, 434, 1109, 1073, 12, 8.50%, 305, 0, 7, 12.89
1747807155, 4, 435, 1109, 1073, 12, 8.50%, 305, 0, 7, 12.95
1747807161, 4, 438, 1109, 1073, 12, 8.50%, 305, 0, 7, 13.07
1747807166, 4, 439, 1109, 1073, 12, 8.50%, 305, 0, 7, 12.27
1747807171, 4, 440, 1109, 1073, 12, 8.50%, 305, 0, 7, 12.61
1747807176, 4, 441, 1109, 1073, 12, 8.50%, 305, 0, 7, 12.22
1747807181, 4, 442, 1109, 1073, 12, 8.50%, 305, 0, 7, 11.67
1747807186, 4, 444, 1109, 1073, 12, 8.50%, 305, 0, 7, 11.71
1747807191, 4, 445, 1109, 1073, 12, 8.50%, 305, 0, 7, 13.18
1747807197, 4, 446, 1109, 1073, 12, 8.50%, 305, 0, 7, 12.94
1747807202, 4, 447, 1109, 1073, 12, 8.50%, 305, 0, 7, 11.96
1747807207, 4, 449, 1109, 1073, 12, 8.50%, 305, 0, 7, 11.67
1747807212, 4, 450, 1109, 1073, 12, 8.50%, 305, 0, 7, 12.14
1747807217, 4, 451, 1109, 1073, 12, 8.50%, 305, 0, 7, 12.28
1747807222, 4, 453, 1109, 1073, 12, 8.50%, 305, 0, 7, 13.51
1747807227, 4, 455, 1109, 1073, 12, 8.50%, 305, 0, 7, 12.30
1747807232, 4, 456, 1109, 1073, 12, 8.50%, 305, 0, 7, 13.42
1747807238, 4, 457, 1109, 1073, 12, 8.50%, 305, 0, 7, 13.00
1747807243, 4, 459, 1109, 1073, 12, 8.50%, 305, 0, 7, 13.95
1747807248, 4, 460, 1109, 1073, 12, 8.50%, 305, 0, 7, 12.58
1747807253, 4, 461, 1109, 1073, 12, 8.50%, 305, 0, 7, 13.61
1747807258, 4, 462, 1109, 1073, 12, 8.50%, 305, 0, 7, 12.45
1747807263, 4, 465, 1109, 1073, 12, 8.50%, 305, 0, 7, 13.07
1747807268, 4, 466, 1109, 1073, 12, 8.50%, 305, 0, 7, 13.00
1747807274, 4, 467, 1109, 1073, 12, 8.50%, 305, 0, 7, 12.64
1747807279, 4, 469, 1109, 1073, 12, 8.50%, 305, 0, 7, 14.23
1747807284, 4, 470, 1109, 1073, 12, 8.50%, 305, 0, 7, 12.53
1747807289, 4, 471, 1109, 1073, 12, 8.50%, 305, 0, 7, 11.62
1747807294, 4, 472, 1109, 1073, 12, 8.50%, 305, 0, 7, 12.52
1747807299, 4, 473, 1109, 1073, 12, 8.50%, 305, 0, 7, 12.43
1747807304, 4, 475, 1109, 1073, 12, 8.50%, 305, 0, 7, 12.27
1747807310, 4, 476, 1109, 1073, 12, 8.50%, 305, 0, 7, 12.14
1747807315, 4, 477, 1109, 1073, 12, 8.50%, 305, 0, 7, 13.24
1747807320, 4, 478, 1109, 1073, 12, 8.50%, 305, 0, 7, 12.96
1747807325, 4, 481, 1109, 1073, 12, 8.50%, 305, 0, 7, 12.72
1747807330, 4, 482, 1109, 1073, 12, 8.50%, 305, 0, 7, 12.49
1747807335, 4, 483, 1109, 1073, 12, 8.50%, 305, 0, 7, 13.19
1747807341, 4, 484, 1109, 1073, 12, 8.50%, 305, 0, 7, 12.84
1747807346, 4, 486, 1109, 1073, 12, 8.50%, 305, 0, 7, 12.37
1747807351, 4, 487, 1109, 1073, 12, 8.50%, 305, 0, 7, 12.26
1747807356, 4, 489, 1109, 1073, 12, 8.50%, 305, 0, 7, 13.60
1747807361, 4, 493, 1109, 1073, 12, 8.50%, 305, 0, 7, 13.37
1747807366, 4, 494, 1109, 1073, 12, 8.50%, 305, 0, 7, 13.71
1747807371, 4, 496, 1109, 1073, 12, 8.50%, 305, 0, 7, 13.09
1747807376, 4, 498, 1109, 1073, 12, 8.50%, 305, 0, 7, 14.74
1747807381, 4, 499, 1109, 1073, 12, 8.50%, 305, 0, 7, 12.69
1747807386, 4, 500, 1109, 1073, 12, 8.50%, 305, 0, 7, 14.54
1747807591, 4, 503, 1109, 1072, 11, 8.50%, 305, 0, 7, 15.94
1747807596, 4, 504, 1109, 1072, 11, 8.50%, 305, 0, 7, 13.69
1747807601, 4, 505, 1109, 1072, 11, 8.50%, 305, 0, 7, 14.36
1747807606, 4, 507, 1109, 1072, 11, 8.50%, 305, 0, 7, 13.63
1747807611, 4, 509, 1109, 1072, 11, 8.50%, 305, 0, 7, 12.44
1747807616, 4, 510, 1109, 1072, 11, 8.50%, 305, 0, 7, 12.08
1747807621, 4, 511, 1109, 1072, 11, 8.50%, 305, 0, 7, 11.52
1747807627, 4, 512, 1109, 1072, 11, 8.50%, 305, 0, 7, 14.20
1747807632, 4, 515, 1109, 1072, 11, 8.50%, 305, 0, 7, 12.24
1747807637, 4, 516, 1109, 1072, 11, 8.50%, 305, 0, 7, 12.60
1747807642, 4, 517, 1109, 1072, 11, 8.50%, 305, 0, 7, 12.62
1747807647, 4, 518, 1109, 1072, 11, 8.50%, 305, 0, 7, 13.88
1747807652, 4, 521, 1109, 1072, 11, 8.50%, 305, 0, 7, 11.61
1747807657, 4, 522, 1109, 1072, 11, 8.50%, 305, 0, 7, 11.84
1747807662, 4, 524, 1109, 1072, 11, 8.50%, 305, 0, 7, 12.15
1747807668, 4, 525, 1109, 1072, 11, 8.50%, 305, 0, 7, 12.90
1747807673, 4, 526, 1109, 1072, 11, 8.50%, 305, 0, 7, 13.11
1747807678, 4, 528, 1109, 1072, 11, 8.50%, 305, 0, 7, 13.40
1747807683, 4, 529, 1109, 1072, 11, 8.50%, 305, 0, 7, 14.18
1747807688, 4, 530, 1109, 1072, 11, 8.50%, 305, 0, 7, 14.40
1747807693, 4, 532, 1109, 1072, 11, 8.50%, 305, 0, 7, 14.31
1747807698, 4, 533, 1109, 1072, 11, 8.50%, 305, 0, 7, 13.45
1747807703, 4, 534, 1109, 1072, 11, 8.50%, 305, 0, 7, 12.59
1747807709, 4, 536, 1109, 1072, 11, 8.50%, 305, 0, 7, 13.13
1747807714, 4, 537, 1109, 1072, 11, 8.50%, 305, 0, 7, 12.88
1747807719, 4, 538, 1109, 1072, 11, 8.50%, 305, 0, 7, 14.22
1747807724, 4, 539, 1109, 1072, 11, 8.50%, 305, 0, 7, 12.73
1747807729, 4, 541, 1109, 1072, 11, 8.50%, 305, 0, 7, 12.15
1747807734, 4, 542, 1109, 1072, 11, 8.50%, 305, 0, 7, 13.41
1747807739, 4, 543, 1109, 1072, 11, 8.50%, 305, 0, 7, 12.01
1747807744, 4, 544, 1109, 1072, 11, 8.50%, 305, 0, 7, 11.83
1747807750, 4, 547, 1109, 1072, 11, 8.50%, 305, 0, 7, 12.72
1747807755, 4, 548, 1109, 1072, 11, 8.50%, 305, 0, 7, 12.50
1747807760, 4, 549, 1109, 1072, 11, 8.50%, 305, 0, 7, 10.97
1747807765, 4, 550, 1109, 1072, 11, 8.50%, 305, 0, 7, 12.89
1747807770, 4, 552, 1109, 1072, 11, 8.50%, 305, 0, 7, 12.34
1747807775, 4, 554, 1109, 1072, 11, 8.50%, 305, 0, 7, 12.73
1747807780, 4, 555, 1109, 1072, 11, 8.50%, 305, 0, 7, 12.62
1747807785, 4, 556, 1109, 1072, 11, 8.50%, 305, 0, 7, 13.40
1747807790, 4, 557, 1109, 1072, 11, 8.50%, 305, 0, 7, 12.65
1747807796, 4, 559, 1109, 1072, 11, 8.50%, 305, 0, 7, 13.06
1747807801, 4, 560, 1109, 1072, 11, 8.50%, 305, 0, 7, 13.05
1747807806, 4, 561, 1109, 1072, 11, 8.50%, 306, 0, 7, 13.45
1747807811, 4, 564, 1109, 1072, 11, 8.50%, 306, 0, 7, 13.68
1747807816, 4, 566, 1109, 1072, 11, 8.50%, 306, 0, 7, 12.95
1747807821, 4, 567, 1109, 1072, 11, 8.50%, 306, 0, 7, 12.49
1747807826, 4, 568, 1109, 1072, 11, 8.50%, 306, 0, 7, 12.25
1747807832, 4, 570, 1109, 1072, 11, 8.50%, 306, 0, 7, 13.40
1747807837, 4, 572, 1109, 1072, 11, 8.50%, 306, 0, 7, 12.14
1747807842, 4, 573, 1109, 1072, 11, 8.50%, 306, 0, 7, 13.89
1747807847, 4, 574, 1109, 1072, 11, 8.50%, 306, 0, 7, 13.07
1747807852, 4, 579, 1109, 1072, 11, 8.50%, 306, 0, 7, 12.21
1747807857, 4, 580, 1109, 1072, 11, 8.50%, 306, 0, 7, 12.68
1747807862, 4, 581, 1109, 1072, 11, 8.50%, 306, 0, 7, 11.85
1747807867, 4, 583, 1109, 1072, 11, 8.50%, 306, 0, 7, 11.81
1747807872, 4, 584, 1109, 1072, 11, 8.50%, 306, 0, 7, 11.75
1747807878, 4, 585, 1109, 1072, 11, 8.50%, 306, 0, 7, 12.71
1747807883, 4, 587, 1109, 1072, 11, 8.50%, 306, 0, 7, 12.64
1747807888, 4, 588, 1109, 1072, 11, 8.50%, 306, 0, 7, 13.54
1747807893, 4, 590, 1109, 1072, 11, 8.50%, 306, 0, 7, 13.23
1747807898, 4, 592, 1109, 1072, 11, 8.50%, 306, 0, 7, 12.93
1747807904, 4, 593, 1109, 1072, 11, 8.50%, 306, 0, 7, 12.82
1747807909, 4, 594, 1109, 1072, 11, 8.50%, 306, 0, 7, 12.40
1747807914, 4, 596, 1109, 1072, 11, 8.50%, 306, 0, 7, 11.95
1747807919, 4, 597, 1109, 1072, 11, 8.50%, 306, 0, 7, 12.83
1747807924, 4, 598, 1109, 1072, 11, 8.50%, 306, 0, 7, 14.60
1747807929, 4, 602, 1109, 1072, 11, 8.50%, 306, 0, 7, 12.78
1747807934, 4, 603, 1109, 1072, 11, 8.50%, 306, 0, 7, 12.01
1747807939, 4, 604, 1109, 1072, 11, 8.50%, 306, 0, 7, 12.95
1747807944, 4, 605, 1109, 1072, 11, 8.50%, 306, 0, 7, 12.16
1747807950, 4, 606, 1109, 1072, 11, 8.50%, 306, 0, 7, 12.71
1747807955, 4, 608, 1109, 1072, 11, 8.50%, 306, 0, 7, 13.58
1747807960, 4, 609, 1109, 1072, 11, 8.50%, 306, 0, 7, 14.33
1747807965, 4, 610, 1109, 1072, 11, 8.50%, 306, 0, 7, 12.77
1747807970, 4, 615, 1109, 1072, 11, 8.50%, 306, 0, 7, 12.39
1747807975, 4, 616, 1109, 1072, 11, 8.50%, 306, 0, 7, 12.51
1747807980, 4, 617, 1109, 1072, 11, 8.50%, 306, 0, 7, 11.32
1747807986, 4, 618, 1109, 1072, 11, 8.50%, 306, 0, 7, 11.18
1747807991, 4, 620, 1109, 1072, 11, 8.50%, 306, 0, 7, 14.52
1747807996, 4, 621, 1109, 1072, 11, 8.50%, 306, 0, 7, 13.27
1747808001, 4, 622, 1109, 1072, 11, 8.50%, 306, 0, 7, 12.89
1747808006, 4, 625, 1109, 1072, 11, 8.50%, 306, 0, 7, 12.56
1747808011, 4, 627, 1109, 1072, 11, 8.50%, 306, 0, 7, 12.73
1747808016, 4, 629, 1109, 1072, 11, 8.50%, 306, 0, 7, 11.35
1747808022, 4, 630, 1109, 1072, 11, 8.50%, 306, 0, 7, 12.18
1747808027, 4, 632, 1109, 1072, 11, 8.50%, 306, 0, 7, 13.07
1747808062, 4, 632, 1110, 1073, 11, 8.50%, 306, 0, 7, 8.59
1747808453, 4, 632, 1111, 1074, 11, 8.50%, 306, 0, 7, 6.17
1747808458, 4, 632, 1112, 1075, 11, 8.50%, 306, 0, 7, 6.00
1747808468, 4, 632, 1113, 1076, 11, 8.50%, 306, 0, 7, 5.96
1747808606, 4, 633, 1113, 1075, 11, 8.50%, 306, 0, 7, 14.33
1747808611, 4, 635, 1113, 1075, 11, 8.50%, 307, 0, 7, 11.32
1747808616, 4, 637, 1113, 1075, 11, 8.50%, 307, 0, 7, 12.26
1747808621, 4, 639, 1113, 1075, 11, 8.50%, 307, 0, 7, 11.79
1747808626, 4, 640, 1113, 1075, 11, 8.50%, 307, 0, 7, 12.24
1747808631, 4, 641, 1113, 1075, 11, 8.50%, 307, 0, 7, 13.34
1747808637, 4, 644, 1113, 1075, 11, 8.50%, 307, 0, 7, 14.13
1747808642, 4, 645, 1113, 1075, 11, 8.50%, 307, 0, 7, 13.15
1747808647, 4, 647, 1113, 1075, 11, 8.50%, 307, 0, 7, 12.24
1747808652, 4, 648, 1113, 1075, 11, 8.50%, 307, 0, 7, 11.98
1747808657, 4, 649, 1113, 1075, 11, 8.50%, 307, 0, 7, 12.41
1747808662, 4, 652, 1113, 1075, 11, 8.50%, 307, 0, 7, 12.48
1747808668, 4, 654, 1113, 1075, 11, 8.50%, 307, 0, 7, 12.50
1747808673, 4, 655, 1113, 1075, 11, 8.50%, 307, 0, 7, 13.45
1747808678, 4, 656, 1113, 1075, 11, 8.50%, 307, 0, 7, 11.92
1747808683, 4, 659, 1113, 1075, 11, 8.50%, 307, 0, 7, 12.59
1747808688, 4, 660, 1113, 1075, 11, 8.50%, 307, 0, 7, 13.34
1747808693, 4, 661, 1113, 1075, 11, 8.50%, 307, 0, 7, 12.84
1747808698, 4, 662, 1113, 1075, 11, 8.50%, 307, 0, 7, 12.19
1747808703, 4, 664, 1113, 1075, 11, 8.50%, 307, 0, 7, 13.39
1747808708, 4, 665, 1113, 1075, 11, 8.50%, 307, 0, 7, 12.42
1747808713, 4, 666, 1113, 1075, 11, 8.50%, 307, 0, 7, 12.40
1747808719, 4, 667, 1113, 1075, 11, 8.50%, 307, 0, 7, 10.47
1747808724, 4, 670, 1113, 1075, 11, 8.50%, 307, 0, 7, 12.71
1747808729, 4, 671, 1113, 1075, 11, 8.50%, 307, 0, 7, 13.08
1747808734, 4, 672, 1113, 1075, 11, 8.50%, 307, 0, 7, 13.51
1747808739, 4, 673, 1113, 1075, 11, 8.50%, 307, 0, 7, 12.77
1747808745, 4, 676, 1113, 1075, 11, 8.50%, 307, 0, 7, 11.45
1747808750, 4, 677, 1113, 1075, 11, 8.50%, 307, 0, 7, 11.98
1747808755, 4, 678, 1113, 1075, 11, 8.50%, 307, 0, 7, 12.61
1747808760, 4, 681, 1113, 1075, 11, 8.50%, 308, 0, 7, 13.51
1747808765, 4, 683, 1113, 1075, 11, 8.50%, 308, 0, 7, 12.89
1747808770, 4, 684, 1113, 1075, 11, 8.50%, 308, 0, 7, 12.99
1747808775, 4, 685, 1113, 1075, 11, 8.50%, 308, 0, 7, 12.12
1747808780, 4, 687, 1113, 1075, 11, 8.50%, 308, 0, 7, 12.91
1747808785, 4, 690, 1113, 1075, 11, 8.50%, 308, 0, 7, 13.99
1747808790, 4, 691, 1113, 1075, 11, 8.50%, 308, 0, 7, 12.96
1747808796, 4, 692, 1113, 1075, 11, 8.50%, 308, 0, 7, 12.91
1747808801, 4, 694, 1113, 1075, 11, 8.50%, 308, 0, 7, 13.74
1747808806, 4, 695, 1113, 1075, 11, 8.50%, 308, 0, 7, 14.07
1747808811, 4, 696, 1113, 1075, 11, 8.50%, 308, 0, 7, 12.61
1747808816, 4, 698, 1113, 1075, 11, 8.50%, 308, 0, 7, 14.76
1747808821, 4, 699, 1113, 1075, 11, 8.50%, 308, 0, 7, 14.15
1747808827, 4, 701, 1113, 1075, 11, 8.50%, 308, 0, 7, 13.34
1747808832, 4, 704, 1113, 1075, 11, 8.50%, 308, 0, 7, 13.42
1747808837, 4, 705, 1113, 1075, 11, 8.50%, 308, 0, 7, 13.32
1747808842, 4, 707, 1113, 1075, 11, 8.50%, 308, 0, 7, 13.46
1747808847, 4, 708, 1113, 1075, 11, 8.50%, 308, 0, 7, 13.90
1747808852, 4, 709, 1113, 1075, 11, 8.50%, 308, 0, 7, 12.13
1747808858, 4, 711, 1113, 1075, 11, 8.50%, 308, 0, 7, 14.45
1747808863, 4, 712, 1113, 1075, 11, 8.50%, 308, 0, 7, 13.94
1747808868, 4, 713, 1113, 1075, 11, 8.50%, 308, 0, 7, 13.32
1747808873, 4, 715, 1113, 1075, 11, 8.50%, 308, 0, 7, 13.37
1747808878, 4, 716, 1113, 1075, 11, 8.50%, 308, 0, 7, 11.92
1747808883, 4, 718, 1113, 1075, 11, 8.50%, 308, 0, 7, 13.37
1747808888, 4, 720, 1113, 1075, 11, 8.50%, 308, 0, 7, 13.52
1747808894, 4, 721, 1113, 1075, 11, 8.50%, 308, 0, 7, 12.79
1747808899, 4, 722, 1113, 1075, 11, 8.50%, 308, 0, 7, 13.42
1747808904, 4, 723, 1113, 1075, 11, 8.50%, 308, 0, 7, 12.72
1747808909, 4, 725, 1113, 1075, 11, 8.50%, 308, 0, 7, 12.26
1747808914, 4, 728, 1113, 1075, 11, 8.50%, 308, 0, 7, 11.88
1747808919, 4, 729, 1113, 1075, 11, 8.50%, 308, 0, 7, 13.57
1747808924, 4, 730, 1113, 1075, 11, 8.50%, 308, 0, 7, 13.93
1747808929, 4, 732, 1113, 1075, 11, 8.50%, 308, 0, 7, 13.31
1747808935, 4, 733, 1113, 1075, 11, 8.50%, 308, 0, 7, 13.41
1747808940, 4, 735, 1113, 1075, 11, 8.50%, 308, 0, 7, 14.21
1747808945, 4, 736, 1113, 1075, 11, 8.50%, 308, 0, 7, 13.26
1747808950, 4, 738, 1113, 1075, 11, 8.50%, 308, 0, 7, 13.41
1747808955, 4, 739, 1113, 1075, 11, 8.50%, 308, 0, 7, 14.23
1747808960, 4, 741, 1113, 1075, 11, 8.50%, 308, 0, 7, 13.91
1747808965, 4, 742, 1113, 1075, 11, 8.50%, 308, 0, 7, 13.18
1747808970, 4, 743, 1113, 1075, 11, 8.50%, 308, 0, 7, 12.90
1747808976, 4, 744, 1113, 1075, 11, 8.50%, 308, 0, 7, 12.84
1747808981, 4, 747, 1113, 1075, 11, 8.50%, 308, 0, 7, 13.20
1747808986, 4, 749, 1113, 1075, 11, 8.50%, 308, 0, 7, 13.58
1747808991, 4, 750, 1113, 1075, 11, 8.50%, 308, 0, 7, 13.15
1747808996, 4, 751, 1113, 1075, 11, 8.50%, 308, 0, 7, 11.97
1747809001, 4, 753, 1113, 1075, 11, 8.50%, 308, 0, 7, 13.58
1747809006, 4, 754, 1113, 1075, 11, 8.50%, 308, 0, 7, 14.40
1747809012, 4, 756, 1113, 1075, 11, 8.50%, 308, 0, 7, 12.78
1747809017, 4, 759, 1113, 1075, 11, 8.50%, 308, 0, 7, 12.55
1747809022, 4, 760, 1113, 1075, 11, 8.50%, 308, 0, 7, 12.23
1747809027, 4, 761, 1113, 1075, 11, 8.50%, 308, 0, 7, 13.47
1747809032, 4, 763, 1113, 1075, 11, 8.50%, 308, 0, 7, 12.83
1747809037, 4, 764, 1113, 1075, 11, 8.50%, 308, 0, 7, 13.20
1747809042, 4, 767, 1113, 1075, 11, 8.50%, 308, 0, 7, 12.46
1747809048, 4, 769, 1113, 1075, 11, 8.50%, 308, 0, 7, 13.17
1747809053, 4, 771, 1113, 1075, 11, 8.50%, 308, 0, 7, 12.78
1747809058, 4, 772, 1113, 1075, 11, 8.50%, 308, 0, 7, 14.05
1747809063, 4, 773, 1113, 1075, 11, 8.50%, 308, 0, 7, 12.50
1747809068, 4, 774, 1113, 1075, 11, 8.50%, 308, 0, 7, 10.99
1747809073, 4, 777, 1113, 1075, 11, 8.50%, 308, 0, 7, 13.23
1747809078, 4, 778, 1113, 1075, 11, 8.50%, 308, 0, 7, 13.14
1747809083, 4, 779, 1113, 1075, 11, 8.50%, 308, 0, 7, 12.40
1747809089, 4, 780, 1113, 1075, 11, 8.50%, 308, 0, 7, 11.56
1747809094, 4, 782, 1113, 1075, 11, 8.50%, 308, 0, 7, 12.41
1747809099, 4, 784, 1113, 1075, 11, 8.50%, 308, 0, 7, 13.87
1747809104, 4, 785, 1113, 1075, 11, 8.50%, 308, 0, 7, 12.07
1747809109, 4, 786, 1113, 1075, 11, 8.50%, 308, 0, 7, 11.84
1747809114, 4, 788, 1113, 1075, 11, 8.50%, 308, 0, 7, 12.15
1747809119, 4, 790, 1113, 1075, 11, 8.50%, 308, 0, 7, 12.90
1747809124, 4, 791, 1113, 1075, 11, 8.50%, 308, 0, 7, 13.81
1747809129, 4, 796, 1113, 1075, 11, 8.50%, 308, 0, 7, 13.60
1747809134, 4, 798, 1113, 1075, 11, 8.50%, 308, 0, 7, 13.54
1747809139, 4, 799, 1113, 1075, 11, 8.50%, 308, 0, 7, 11.34
1747809144, 4, 800, 1113, 1075, 11, 8.50%, 308, 0, 7, 12.63
1747809150, 4, 801, 1114, 1076, 11, 8.50%, 308, 0, 7, 9.65
1747809160, 4, 804, 1114, 1076, 11, 8.50%, 309, 0, 7, 13.46
1747809165, 4, 806, 1114, 1076, 11, 8.50%, 309, 0, 7, 13.21
1747809170, 4, 808, 1114, 1076, 11, 8.50%, 309, 0, 7, 12.99
1747809175, 4, 809, 1114, 1076, 11, 8.50%, 309, 0, 7, 13.15
1747809180, 4, 811, 1114, 1076, 11, 8.50%, 309, 0, 7, 12.32
1747809185, 4, 812, 1114, 1076, 11, 8.50%, 309, 0, 7, 14.12
1747809191, 4, 813, 1114, 1076, 11, 8.50%, 309, 0, 7, 14.08
1747809196, 4, 815, 1114, 1076, 11, 8.50%, 309, 0, 7, 13.57
1747809201, 4, 817, 1114, 1076, 11, 8.50%, 309, 0, 7, 13.21
1747809206, 4, 818, 1114, 1076, 11, 8.50%, 309, 0, 7, 13.75
1747809211, 4, 820, 1114, 1076, 11, 8.50%, 309, 0, 7, 13.12
1747809217, 4, 821, 1114, 1076, 11, 8.50%, 309, 0, 7, 13.11
1747809222, 4, 824, 1114, 1076, 11, 8.50%, 309, 0, 7, 14.35
1747809227, 4, 825, 1114, 1076, 11, 8.50%, 309, 0, 7, 13.36
1747809232, 4, 826, 1114, 1076, 11, 8.50%, 309, 0, 7, 12.13
1747809237, 4, 828, 1114, 1076, 11, 8.50%, 309, 0, 7, 12.13
1747809242, 4, 831, 1114, 1076, 11, 8.50%, 309, 0, 7, 14.04
1747809247, 4, 832, 1114, 1076, 11, 8.50%, 309, 0, 7, 13.00
1747809253, 4, 835, 1114, 1076, 11, 8.50%, 309, 0, 7, 14.23
1747809258, 4, 839, 1114, 1076, 11, 8.50%, 309, 0, 7, 14.03
1747809263, 4, 840, 1114, 1076, 11, 8.50%, 309, 0, 7, 12.94
1747809268, 4, 841, 1114, 1076, 11, 8.50%, 309, 0, 7, 12.73
1747809273, 4, 843, 1114, 1076, 11, 8.50%, 309, 0, 7, 13.01
1747809278, 4, 844, 1114, 1076, 11, 8.50%, 309, 0, 7, 12.77
1747809283, 4, 845, 1114, 1076, 11, 8.50%, 309, 0, 7, 13.98
1747809289, 4, 847, 1114, 1076, 11, 8.50%, 309, 0, 7, 12.90
1747809294, 4, 849, 1114, 1076, 11, 8.50%, 309, 0, 7, 13.34
1747809299, 4, 851, 1114, 1076, 11, 8.50%, 309, 0, 7, 11.95
1747809304, 4, 852, 1114, 1076, 11, 8.50%, 309, 0, 7, 12.26
1747809309, 4, 855, 1114, 1076, 11, 8.50%, 309, 0, 7, 13.99
1747809314, 4, 856, 1114, 1076, 11, 8.50%, 309, 0, 7, 14.92
1747809319, 4, 857, 1114, 1076, 11, 8.50%, 309, 0, 7, 13.41
1747809324, 4, 859, 1114, 1076, 11, 8.50%, 309, 0, 7, 12.96
1747809329, 4, 860, 1114, 1076, 11, 8.50%, 309, 0, 7, 13.18
1747809334, 4, 861, 1114, 1076, 11, 8.50%, 309, 0, 7, 13.95
1747809340, 4, 862, 1114, 1076, 11, 8.50%, 309, 0, 7, 11.14
1747809345, 4, 864, 1114, 1076, 11, 8.50%, 309, 0, 7, 12.71
1747809350, 4, 865, 1114, 1076, 11, 8.50%, 309, 0, 7, 13.19
1747809355, 4, 866, 1114, 1076, 11, 8.50%, 309, 0, 7, 10.88
1747809360, 4, 867, 1114, 1076, 11, 8.50%, 309, 0, 7, 10.93
1747809365, 4, 868, 1114, 1076, 11, 8.50%, 309, 0, 7, 12.38
1747809371, 4, 869, 1114, 1076, 11, 8.50%, 309, 0, 7, 11.70
1747809376, 4, 871, 1114, 1076, 11, 8.50%, 309, 0, 7, 13.14
1747809381, 4, 872, 1114, 1076, 11, 8.50%, 309, 0, 7, 12.35
1747809386, 4, 874, 1114, 1076, 11, 8.50%, 309, 0, 7, 13.38
1747809391, 4, 877, 1114, 1076, 11, 8.50%, 309, 0, 7, 13.14
1747809396, 4, 878, 1114, 1076, 11, 8.50%, 309, 0, 7, 13.77
1747809401, 4, 879, 1114, 1076, 11, 8.50%, 309, 0, 7, 11.87
1747809407, 4, 880, 1114, 1076, 11, 8.50%, 309, 0, 7, 12.81
1747809412, 4, 882, 1114, 1076, 11, 8.50%, 309, 0, 7, 13.53
1747809417, 4, 883, 1114, 1076, 11, 8.50%, 309, 0, 7, 11.85
1747809422, 4, 884, 1114, 1076, 11, 8.50%, 309, 0, 7, 12.87
1747809427, 4, 887, 1114, 1076, 11, 8.50%, 309, 0, 7, 11.41
1747809432, 4, 890, 1114, 1076, 11, 8.50%, 309, 0, 7, 12.72
1747809437, 4, 891, 1114, 1076, 11, 8.50%, 309, 0, 7, 12.49
1747809443, 4, 892, 1114, 1076, 11, 8.50%, 309, 0, 7, 11.34
1747809448, 4, 893, 1114, 1076, 11, 8.50%, 309, 0, 7, 13.68
1747809494, 4, 893, 1115, 1077, 11, 8.50%, 309, 0, 7, 14.10
1747809652, 4, 893, 1116, 1078, 11, 8.50%, 309, 0, 7, 13.40
1747809678, 4, 894, 1116, 1077, 10, 8.50%, 309, 0, 7, 18.29
1747809683, 4, 895, 1116, 1077, 10, 8.50%, 309, 0, 7, 13.74
1747809688, 4, 898, 1116, 1077, 10, 8.50%, 309, 0, 7, 12.28
1747809693, 4, 901, 1116, 1077, 10, 8.50%, 309, 0, 7, 12.59
1747809698, 4, 902, 1116, 1077, 10, 8.50%, 309, 0, 7, 12.46
1747809703, 4, 906, 1116, 1077, 10, 8.50%, 309, 0, 7, 13.57
1747809708, 4, 907, 1116, 1077, 10, 8.50%, 309, 0, 7, 12.49
1747809714, 4, 908, 1116, 1077, 10, 8.50%, 309, 0, 7, 12.38
1747809719, 4, 910, 1116, 1077, 10, 8.50%, 309, 0, 7, 13.20
1747809724, 4, 911, 1116, 1077, 10, 8.50%, 309, 0, 7, 13.50
1747809729, 4, 912, 1116, 1077, 10, 8.50%, 309, 0, 7, 13.14
1747809734, 4, 914, 1116, 1077, 10, 8.50%, 309, 0, 7, 14.35
1747809739, 4, 915, 1116, 1077, 10, 8.50%, 309, 0, 7, 14.04
1747809744, 4, 916, 1116, 1077, 10, 8.50%, 309, 0, 7, 13.00
1747809750, 4, 917, 1116, 1077, 10, 8.50%, 309, 0, 7, 12.46
1747809755, 4, 918, 1116, 1077, 10, 8.50%, 309, 0, 7, 11.28
1747809760, 4, 920, 1116, 1077, 10, 8.50%, 309, 0, 7, 13.55
1747809765, 4, 921, 1116, 1077, 10, 8.50%, 309, 0, 7, 13.21
1747809770, 4, 923, 1116, 1077, 10, 8.50%, 309, 0, 7, 13.59
1747809775, 4, 925, 1116, 1077, 10, 8.50%, 309, 0, 7, 12.67
1747809780, 4, 926, 1116, 1077, 10, 8.50%, 309, 0, 7, 12.23
1747809786, 4, 927, 1116, 1077, 10, 8.50%, 309, 0, 7, 13.65
1747809791, 4, 929, 1116, 1077, 10, 8.50%, 309, 0, 7, 11.95
1747809796, 4, 933, 1116, 1077, 10, 8.50%, 309, 0, 7, 12.34
1747809801, 4, 934, 1116, 1077, 10, 8.50%, 309, 0, 7, 13.54
1747809807, 4, 935, 1116, 1077, 10, 8.50%, 309, 0, 7, 12.91
1747809812, 4, 936, 1116, 1077, 10, 8.50%, 309, 0, 7, 10.53
1747809817, 4, 939, 1116, 1077, 10, 8.50%, 309, 0, 7, 12.09
1747809822, 4, 941, 1116, 1077, 10, 8.50%, 309, 0, 7, 13.77
1747809827, 4, 942, 1116, 1077, 10, 8.50%, 309, 0, 7, 15.09
1747809832, 4, 945, 1116, 1077, 10, 8.50%, 309, 0, 7, 12.76
1747809837, 4, 946, 1116, 1077, 10, 8.50%, 309, 0, 7, 14.08
1747809842, 4, 947, 1116, 1077, 10, 8.50%, 309, 0, 7, 13.64
1747809847, 4, 949, 1116, 1077, 10, 8.50%, 309, 0, 7, 12.79
1747809853, 4, 950, 1116, 1077, 10, 8.50%, 309, 0, 7, 12.63
1747809858, 4, 952, 1116, 1077, 10, 8.50%, 309, 0, 7, 12.92
1747809863, 4, 953, 1116, 1077, 10, 8.50%, 309, 0, 7, 11.57
1747809868, 4, 955, 1116, 1077, 10, 8.50%, 309, 0, 7, 14.05
1747809873, 4, 957, 1116, 1077, 10, 8.50%, 309, 0, 7, 12.53
1747809878, 4, 958, 1116, 1077, 10, 8.50%, 309, 0, 7, 12.53
1747809883, 4, 959, 1116, 1077, 10, 8.50%, 309, 0, 7, 13.01
1747809888, 4, 962, 1116, 1077, 10, 8.50%, 309, 0, 7, 13.49
1747809893, 4, 963, 1116, 1077, 10, 8.50%, 309, 0, 7, 12.24
1747809899, 4, 964, 1116, 1077, 10, 8.50%, 309, 0, 7, 11.57
1747809904, 4, 965, 1116, 1077, 10, 8.50%, 309, 0, 7, 12.85
1747809909, 4, 968, 1116, 1077, 10, 8.50%, 309, 0, 7, 13.45
1747809914, 4, 969, 1116, 1077, 10, 8.50%, 309, 0, 7, 13.01
1747809919, 4, 970, 1116, 1077, 10, 8.50%, 309, 0, 7, 12.70
1747809924, 4, 971, 1117, 1078, 10, 8.50%, 309, 0, 7, 12.75
1747809934, 4, 975, 1117, 1078, 10, 8.50%, 309, 0, 7, 11.79
1747809940, 4, 977, 1117, 1078, 10, 8.50%, 309, 0, 7, 13.00
1747809945, 4, 977, 1118, 1079, 10, 8.50%, 309, 0, 7, 10.66
1747809950, 4, 978, 1118, 1079, 10, 8.50%, 309, 0, 7, 13.77
1747809955, 4, 979, 1118, 1079, 10, 8.50%, 309, 0, 7, 12.03
1747809960, 4, 980, 1118, 1079, 10, 8.50%, 309, 0, 7, 13.15
1747809966, 4, 982, 1118, 1079, 10, 8.50%, 309, 0, 7, 11.93
1747809971, 4, 983, 1118, 1079, 10, 8.50%, 309, 0, 7, 11.65
1747809976, 4, 986, 1118, 1079, 10, 8.50%, 309, 0, 7, 13.66
1747809981, 4, 988, 1118, 1079, 10, 8.50%, 309, 0, 7, 12.56
1747809986, 4, 989, 1118, 1079, 10, 8.50%, 309, 0, 7, 13.45
1747809991, 4, 990, 1118, 1079, 10, 8.50%, 309, 0, 7, 13.19
1747809996, 4, 992, 1118, 1079, 10, 8.50%, 309, 0, 7, 12.82
1747810002, 4, 996, 1118, 1079, 10, 8.50%, 309, 0, 7, 12.99
1747810007, 4, 997, 1118, 1079, 10, 8.50%, 309, 0, 7, 13.24
1747810012, 4, 998, 1118, 1079, 10, 8.50%, 309, 0, 7, 11.83
1747810017, 4, 999, 1118, 1079, 10, 8.50%, 309, 0, 7, 12.33
1747810022, 4, 1001, 1118, 1079, 10, 8.50%, 309, 0, 7, 6.81
1747810094, 4, 1001, 1119, 1080, 10, 8.50%, 309, 0, 7, 4.17
1747810099, 4, 1001, 1121, 1082, 10, 8.50%, 309, 0, 7, 4.01
1747810115, 4, 1001, 1123, 1084, 10, 8.50%, 309, 0, 7, 4.05
1747810130, 4, 1001, 1124, 1085, 10, 8.50%, 309, 0, 7, 4.08
1747810161, 4, 1001, 1125, 1086, 10, 8.50%, 309, 0, 7, 4.13
1747810202, 4, 1001, 1126, 1087, 10, 8.50%, 309, 0, 7, 4.07
1747810227, 4, 1001, 1127, 1088, 10, 8.50%, 309, 0, 7, 3.97
1747810248, 4, 1001, 1127, 1088, 10, 8.50%, 310, 0, 7, 3.98
1747810288, 4, 1001, 1129, 1090, 10, 8.50%, 310, 0, 7, 3.77
1747810314, 4, 1001, 1130, 1091, 10, 8.50%, 310, 0, 7, 4.00
1747810329, 4, 1001, 1131, 1092, 10, 8.50%, 310, 0, 7, 3.99
1747810344, 4, 1001, 1132, 1093, 10, 8.50%, 310, 0, 7, 3.93
1747810519, 4, 1001, 1133, 1094, 10, 8.50%, 310, 0, 7, 3.83
1747810800, 4, 1001, 1133, 1094, 10, 8.50%, 311, 0, 7, 4.12
1747810872, 4, 1001, 1134, 1095, 10, 8.50%, 311, 0, 7, 4.01
1747810887, 4, 1001, 1135, 1096, 10, 8.50%, 311, 0, 7, 3.97
1747810893, 4, 1001, 1136, 1097, 10, 8.50%, 311, 0, 7, 3.89
1747812748, 4, 1001, 1137, 1098, 10, 8.50%, 311, 0, 7, 4.06
1747812870, 4, 1001, 1138, 1099, 10, 8.50%, 311, 0, 7, 3.97
1747813126, 4, 1001, 1138, 1099, 10, 8.50%, 312, 0, 7, 4.05
1747813193, 4, 1001, 1138, 1099, 10, 8.50%, 313, 0, 7, 4.05
1747813203, 4, 1001, 1138, 1099, 10, 8.50%, 314, 0, 7, 4.09
1747813260, 4, 1001, 1138, 1099, 10, 8.50%, 315, 0, 7, 4.05
1747813307, 4, 1001, 1138, 1099, 10, 8.50%, 316, 0, 7, 4.04
1747813369, 4, 1001, 1138, 1099, 10, 8.50%, 317, 0, 7, 4.02
1747813379, 4, 1001, 1138, 1099, 10, 8.50%, 318, 0, 7, 3.96
1747813394, 4, 1001, 1138, 1099, 10, 8.50%, 319, 0, 7, 3.94
1747813420, 4, 1001, 1138, 1099, 10, 8.50%, 320, 0, 7, 3.95
1747813471, 4, 1001, 1138, 1099, 10, 8.50%, 321, 0, 7, 3.96
