# unix_time, cycles_done, cur_path, paths_total, pending_total, pending_favs, map_size, unique_crashes, unique_hangs, max_depth, execs_per_sec
1747774284, 0, 0, 1, 1, 1, 4.98%, 0, 0, 1, 52.98
1747774289, 0, 0, 32, 32, 1, 5.13%, 0, 0, 2, 53.33
1747774294, 0, 0, 63, 63, 1, 5.13%, 0, 0, 2, 54.78
1747774299, 0, 0, 86, 86, 1, 6.34%, 0, 0, 2, 13.23
1747774304, 0, 0, 99, 99, 1, 6.41%, 0, 0, 2, 24.83
1747774309, 0, 0, 113, 113, 1, 6.57%, 0, 0, 2, 25.58
1747774314, 0, 0, 126, 126, 1, 6.57%, 0, 0, 2, 22.10
1747774320, 0, 0, 134, 134, 1, 6.58%, 0, 0, 2, 17.56
1747774325, 0, 0, 145, 145, 1, 6.80%, 0, 0, 2, 19.22
1747774330, 0, 0, 156, 156, 1, 6.80%, 0, 0, 2, 21.13
1747774335, 0, 0, 167, 167, 1, 6.80%, 0, 0, 2, 20.63
1747774340, 0, 0, 179, 179, 1, 6.81%, 0, 0, 2, 20.17
1747774345, 0, 0, 191, 191, 1, 6.81%, 0, 0, 2, 22.56
1747774351, 0, 0, 201, 201, 1, 6.81%, 0, 0, 2, 20.68
1747774356, 0, 0, 214, 214, 1, 6.81%, 0, 0, 2, 25.97
1747774361, 0, 0, 224, 224, 1, 6.81%, 0, 0, 2, 19.31
1747774366, 0, 0, 234, 234, 1, 6.81%, 0, 0, 2, 17.20
1747774371, 0, 0, 243, 243, 1, 6.81%, 0, 0, 2, 18.13
1747774376, 0, 0, 252, 252, 1, 6.81%, 0, 0, 2, 15.59
1747774382, 0, 0, 260, 260, 1, 6.82%, 0, 0, 2, 14.87
1747774387, 0, 0, 269, 269, 1, 6.82%, 0, 0, 2, 16.79
1747774392, 0, 0, 276, 276, 1, 6.82%, 0, 0, 2, 16.07
1747774397, 0, 0, 290, 290, 1, 6.82%, 0, 0, 2, 23.82
1747774402, 0, 0, 299, 299, 1, 6.82%, 0, 0, 2, 18.55
1747774407, 0, 0, 307, 307, 1, 6.82%, 0, 0, 2, 16.89
1747774412, 0, 0, 316, 316, 1, 6.82%, 0, 0, 2, 17.25
1747774417, 0, 0, 324, 324, 1, 6.82%, 0, 0, 2, 15.17
1747774422, 0, 0, 335, 335, 1, 6.82%, 0, 0, 2, 18.67
1747774427, 0, 0, 346, 346, 1, 6.82%, 0, 0, 2, 18.94
1747774433, 0, 0, 358, 358, 1, 6.82%, 0, 0, 2, 24.38
1747774438, 0, 0, 368, 368, 1, 6.82%, 0, 0, 2, 20.37
1747774443, 0, 0, 376, 376, 1, 6.83%, 0, 0, 2, 17.72
1747774448, 0, 0, 386, 386, 1, 6.83%, 0, 0, 2, 18.98
1747774453, 0, 0, 395, 395, 1, 6.83%, 0, 0, 2, 18.34
1747774458, 0, 0, 404, 404, 1, 6.83%, 0, 0, 2, 20.19
1747774463, 0, 0, 411, 411, 1, 6.83%, 0, 0, 2, 17.62
1747774468, 0, 0, 419, 419, 1, 6.83%, 0, 0, 2, 17.02
1747774473, 0, 0, 424, 424, 1, 6.83%, 0, 0, 2, 15.23
1747774478, 0, 0, 432, 432, 1, 6.83%, 0, 0, 2, 16.37
1747774483, 0, 0, 441, 441, 1, 6.83%, 0, 0, 2, 16.94
1747774489, 0, 0, 448, 448, 1, 6.83%, 0, 0, 2, 15.78
1747774494, 0, 0, 457, 457, 1, 6.83%, 0, 0, 2, 21.80
1747774499, 0, 0, 464, 464, 1, 6.83%, 0, 0, 2, 19.50
1747774504, 0, 0, 474, 474, 1, 6.83%, 0, 0, 2, 21.46
1747774509, 0, 0, 481, 481, 1, 6.83%, 0, 0, 2, 17.15
1747774514, 0, 0, 488, 488, 1, 6.83%, 0, 0, 2, 18.78
1747774519, 0, 0, 496, 496, 1, 6.83%, 0, 0, 2, 20.36
1747774524, 0, 0, 505, 505, 1, 6.83%, 0, 0, 2, 18.11
1747774529, 0, 0, 512, 512, 1, 6.83%, 0, 0, 2, 16.22
1747774535, 0, 0, 520, 520, 1, 6.83%, 0, 0, 2, 18.18
1747774540, 0, 0, 526, 526, 1, 6.83%, 0, 0, 2, 15.40
1747774545, 0, 0, 531, 531, 1, 6.84%, 0, 0, 2, 13.28
1747774550, 0, 0, 538, 538, 1, 6.84%, 0, 0, 2, 17.74
1747774555, 0, 0, 545, 545, 1, 6.84%, 0, 0, 2, 19.66
1747774560, 0, 0, 554, 554, 1, 6.84%, 0, 0, 2, 22.13
1747774565, 0, 0, 560, 560, 1, 6.84%, 0, 0, 2, 17.53
1747774571, 0, 0, 568, 568, 1, 6.84%, 0, 0, 2, 19.31
1747774576, 0, 0, 573, 573, 1, 6.84%, 0, 0, 2, 16.05
1747774581, 0, 0, 578, 578, 1, 6.84%, 0, 0, 2, 16.60
1747774586, 0, 0, 584, 584, 1, 6.84%, 0, 0, 2, 16.89
1747774591, 0, 0, 590, 590, 1, 6.84%, 0, 0, 2, 19.18
1747774596, 0, 0, 592, 592, 1, 6.84%, 0, 0, 2, 20.67
1747774602, 0, 0, 599, 599, 1, 6.84%, 0, 0, 2, 19.68
1747774607, 0, 0, 604, 604, 1, 6.84%, 0, 0, 2, 18.41
1747774612, 0, 0, 610, 610, 1, 6.84%, 0, 0, 2, 22.09
1747774617, 0, 0, 615, 615, 1, 6.84%, 0, 0, 2, 19.77
1747774622, 0, 0, 619, 619, 1, 6.84%, 0, 0, 2, 16.15
1747774627, 0, 0, 624, 624, 1, 6.84%, 0, 0, 2, 15.05
1747774632, 0, 0, 628, 628, 1, 6.84%, 0, 0, 2, 21.11
1747774637, 0, 0, 631, 631, 1, 6.84%, 0, 0, 2, 18.31
1747774642, 0, 0, 634, 634, 1, 6.84%, 0, 0, 2, 17.70
1747774648, 0, 0, 638, 638, 1, 6.84%, 0, 0, 2, 16.72
1747774653, 0, 0, 641, 641, 1, 6.84%, 0, 0, 2, 21.24
1747774658, 0, 0, 645, 645, 1, 6.84%, 0, 0, 2, 21.57
1747774663, 0, 0, 647, 647, 1, 6.84%, 0, 0, 2, 21.24
1747774668, 0, 0, 648, 648, 1, 6.84%, 0, 0, 2, 15.12
1747774673, 0, 0, 651, 651, 1, 6.84%, 0, 0, 2, 14.66
1747774678, 0, 0, 653, 653, 1, 6.84%, 0, 0, 2, 10.03
1747774683, 0, 0, 654, 654, 1, 6.84%, 0, 0, 2, 11.75
1747774688, 0, 0, 655, 655, 1, 6.84%, 0, 0, 2, 13.71
1747774694, 0, 0, 656, 656, 1, 6.84%, 0, 0, 2, 12.57
1747774699, 0, 0, 658, 658, 1, 6.84%, 0, 0, 2, 8.59
1747774704, 0, 0, 660, 660, 1, 6.84%, 0, 0, 2, 11.36
1747774709, 0, 0, 662, 662, 1, 6.84%, 0, 0, 2, 12.78
1747774719, 0, 0, 663, 663, 1, 6.84%, 0, 0, 2, 13.45
1747774724, 0, 0, 665, 665, 1, 6.84%, 0, 0, 2, 12.74
1747774729, 0, 0, 667, 667, 1, 6.84%, 0, 0, 2, 12.12
1747774739, 0, 0, 668, 668, 1, 6.84%, 0, 0, 2, 14.51
1747774744, 0, 0, 669, 669, 1, 6.84%, 0, 0, 2, 13.22
1747774755, 0, 0, 670, 670, 1, 6.84%, 0, 0, 2, 12.48
1747774765, 0, 0, 671, 671, 1, 6.84%, 0, 0, 2, 14.05
1747774770, 0, 0, 672, 672, 1, 6.84%, 0, 0, 2, 12.21
1747774775, 0, 0, 673, 673, 1, 6.84%, 0, 0, 2, 11.63
1747774781, 0, 0, 676, 676, 1, 6.84%, 0, 0, 2, 9.78
1747774786, 0, 0, 679, 679, 1, 6.84%, 0, 0, 2, 10.94
1747774791, 0, 0, 681, 681, 1, 6.84%, 0, 0, 2, 10.12
1747774796, 0, 0, 682, 682, 1, 6.84%, 0, 0, 2, 13.95
1747774812, 0, 0, 683, 683, 1, 6.84%, 0, 0, 2, 16.63
1747774822, 0, 0, 684, 684, 1, 6.84%, 0, 0, 2, 15.50
1747774827, 0, 0, 685, 685, 1, 6.84%, 0, 0, 2, 14.41
1747774832, 0, 0, 686, 686, 1, 6.84%, 0, 0, 2, 13.09
1747774838, 0, 0, 687, 687, 1, 6.84%, 0, 0, 2, 10.86
1747774848, 0, 0, 688, 688, 1, 6.84%, 0, 0, 2, 10.56
1747774853, 0, 0, 689, 689, 1, 6.84%, 0, 0, 2, 9.57
1747774863, 0, 0, 690, 690, 1, 6.84%, 0, 0, 2, 13.32
1747774868, 0, 0, 692, 692, 1, 6.84%, 0, 0, 2, 14.07
1747774879, 0, 0, 693, 693, 1, 6.84%, 0, 0, 2, 11.71
1747774884, 0, 0, 694, 694, 1, 6.84%, 0, 0, 2, 15.61
1747774894, 0, 0, 696, 696, 1, 6.84%, 0, 0, 2, 13.09
1747774920, 0, 0, 697, 697, 1, 6.84%, 0, 0, 2, 13.84
1747774930, 0, 0, 698, 698, 1, 6.84%, 0, 0, 2, 14.56
1747774940, 0, 0, 699, 699, 1, 6.84%, 0, 0, 2, 13.42
1747774955, 0, 0, 700, 700, 1, 6.84%, 0, 0, 2, 13.68
1747774961, 0, 0, 701, 701, 1, 6.84%, 0, 0, 2, 13.16
1747774976, 0, 0, 702, 702, 1, 6.84%, 0, 0, 2, 13.45
1747774996, 0, 0, 703, 703, 1, 6.84%, 0, 0, 2, 11.97
1747775002, 0, 0, 704, 704, 1, 6.84%, 0, 0, 2, 10.08
1747775007, 0, 0, 705, 705, 1, 6.84%, 0, 0, 2, 10.04
1747775012, 0, 0, 706, 706, 1, 6.84%, 0, 0, 2, 10.51
1747775022, 0, 0, 708, 708, 1, 6.84%, 0, 0, 2, 12.43
1747775027, 0, 0, 709, 709, 1, 6.84%, 0, 0, 2, 12.96
1747775032, 0, 0, 710, 710, 1, 6.84%, 0, 0, 2, 11.65
1747775043, 0, 0, 711, 711, 1, 6.84%, 0, 0, 2, 11.36
1747775063, 0, 0, 712, 712, 1, 6.84%, 0, 0, 2, 11.83
1747775069, 0, 0, 713, 713, 1, 6.84%, 0, 0, 2, 11.90
1747775084, 0, 0, 714, 714, 1, 6.84%, 0, 0, 2, 14.47
1747775089, 0, 0, 715, 715, 1, 6.84%, 0, 0, 2, 12.50
1747775125, 0, 0, 716, 716, 1, 6.84%, 0, 0, 2, 12.37
1747775130, 0, 0, 717, 717, 1, 6.84%, 0, 0, 2, 12.24
1747775151, 0, 0, 719, 719, 1, 6.84%, 0, 0, 2, 8.41
1747775171, 0, 0, 720, 720, 1, 6.84%, 0, 0, 2, 13.80
1747775177, 0, 0, 721, 721, 1, 6.84%, 0, 0, 2, 13.51
1747775187, 0, 0, 722, 722, 1, 6.84%, 0, 0, 2, 11.07
1747775197, 0, 0, 723, 723, 1, 6.84%, 0, 0, 2, 14.26
1747775202, 0, 0, 724, 724, 1, 6.84%, 0, 0, 2, 13.34
1747775208, 0, 0, 725, 725, 1, 6.84%, 0, 0, 2, 13.82
1747775228, 0, 0, 726, 726, 1, 6.84%, 0, 0, 2, 14.40
1747775233, 0, 0, 727, 727, 1, 6.84%, 0, 0, 2, 11.87
1747775238, 0, 0, 728, 728, 1, 6.84%, 0, 0, 2, 11.23
1747775264, 0, 0, 729, 729, 1, 6.84%, 0, 0, 2, 13.05
1747775280, 0, 0, 730, 730, 1, 6.84%, 0, 0, 2, 13.88
1747775285, 0, 0, 731, 731, 1, 6.84%, 0, 0, 2, 13.69
1747775295, 0, 0, 732, 732, 1, 6.84%, 0, 0, 2, 12.12
1747775305, 0, 0, 733, 733, 1, 6.84%, 0, 0, 2, 14.00
1747775331, 0, 0, 734, 734, 1, 6.84%, 0, 0, 2, 12.86
1747775373, 0, 0, 735, 735, 1, 6.84%, 0, 0, 2, 16.59
1747775388, 0, 0, 736, 736, 1, 6.84%, 0, 0, 2, 13.03
1747775403, 0, 0, 737, 737, 1, 6.84%, 0, 0, 2, 12.87
1747775419, 0, 0, 738, 738, 1, 6.84%, 0, 0, 2, 11.63
1747775460, 0, 0, 739, 739, 1, 6.84%, 0, 0, 2, 13.49
1747775481, 0, 0, 740, 740, 1, 6.84%, 0, 0, 2, 13.86
1747775486, 0, 0, 741, 741, 1, 6.84%, 0, 0, 2, 12.71
1747775512, 0, 0, 742, 742, 1, 6.84%, 0, 0, 2, 10.81
1747775517, 0, 0, 743, 743, 1, 6.84%, 0, 0, 2, 9.87
1747775532, 0, 0, 744, 744, 1, 6.84%, 0, 0, 2, 12.45
1747775537, 0, 0, 745, 745, 1, 6.84%, 0, 0, 2, 12.68
1747775594, 0, 0, 746, 746, 1, 6.84%, 0, 0, 2, 11.05
1747775599, 0, 0, 747, 747, 1, 6.84%, 0, 0, 2, 11.19
1747775655, 0, 0, 748, 748, 1, 6.84%, 0, 0, 2, 11.94
1747775666, 0, 0, 749, 749, 1, 6.84%, 0, 0, 2, 14.08
1747775733, 0, 0, 750, 750, 1, 6.84%, 0, 0, 2, 12.32
1747775743, 0, 0, 752, 752, 1, 6.84%, 0, 0, 2, 10.61
1747775748, 0, 0, 753, 753, 1, 6.84%, 0, 0, 2, 11.42
1747775769, 0, 0, 754, 754, 1, 6.84%, 0, 0, 2, 13.80
1747775779, 0, 0, 756, 756, 1, 6.84%, 0, 0, 2, 10.81
1747775799, 0, 1, 756, 755, 21, 6.84%, 0, 0, 2, 12.68
1747775804, 0, 1, 757, 756, 21, 6.84%, 0, 0, 2, 8.74
1747775815, 0, 1, 758, 757, 21, 6.84%, 0, 0, 2, 5.63
1747775856, 0, 1, 759, 758, 21, 6.84%, 0, 0, 2, 6.36
1747775872, 0, 1, 760, 759, 21, 6.84%, 0, 0, 2, 6.23
1747775882, 0, 1, 761, 760, 21, 6.84%, 0, 0, 2, 6.06
1747775887, 0, 1, 762, 761, 21, 6.84%, 0, 0, 2, 6.14
1747775923, 0, 1, 763, 762, 21, 6.84%, 0, 0, 2, 6.27
1747775938, 0, 1, 764, 763, 21, 6.84%, 0, 0, 2, 6.05
1747775954, 0, 1, 765, 764, 21, 6.84%, 0, 0, 2, 6.78
1747775959, 0, 1, 766, 765, 21, 6.84%, 0, 0, 2, 5.96
1747775964, 0, 1, 767, 766, 21, 6.84%, 0, 0, 2, 5.94
1747775974, 0, 1, 768, 767, 21, 6.84%, 0, 0, 2, 6.31
1747776062, 0, 1, 769, 768, 21, 6.84%, 0, 0, 2, 5.91
1747776165, 0, 1, 770, 769, 21, 6.85%, 0, 0, 2, 5.25
1747776170, 0, 1, 771, 770, 21, 6.85%, 0, 0, 2, 6.06
1747776196, 0, 1, 772, 771, 21, 6.85%, 0, 0, 2, 6.21
1747776232, 0, 1, 773, 772, 21, 6.85%, 0, 0, 2, 6.00
1747776263, 0, 1, 774, 773, 21, 6.85%, 0, 0, 2, 6.93
1747776350, 0, 1, 775, 774, 21, 6.85%, 0, 0, 2, 7.17
1747776356, 0, 1, 776, 775, 21, 6.85%, 0, 0, 2, 6.17
1747776381, 0, 1, 777, 776, 21, 6.85%, 0, 0, 2, 6.63
1747776459, 0, 1, 778, 777, 21, 6.85%, 0, 0, 2, 6.37
1747776474, 0, 3, 778, 777, 22, 6.85%, 0, 0, 2, 6.41
1747776480, 0, 3, 779, 778, 22, 6.85%, 0, 0, 2, 5.79
1747776495, 0, 3, 780, 779, 22, 6.85%, 0, 0, 2, 6.42
1747776526, 0, 3, 782, 781, 22, 6.85%, 0, 0, 2, 5.47
1747776557, 0, 3, 783, 782, 22, 6.85%, 0, 0, 2, 6.32
1747776603, 0, 3, 784, 783, 22, 6.85%, 0, 0, 2, 7.00
1747776608, 0, 3, 785, 784, 22, 6.85%, 0, 0, 2, 5.90
1747776639, 0, 3, 786, 785, 22, 6.85%, 0, 0, 2, 6.53
1747776649, 0, 3, 787, 786, 22, 6.85%, 0, 0, 2, 6.10
1747776654, 0, 3, 788, 787, 22, 6.85%, 0, 0, 2, 6.16
1747776680, 0, 3, 789, 788, 22, 6.85%, 0, 0, 2, 5.72
1747776701, 0, 3, 790, 789, 22, 6.85%, 0, 0, 2, 6.18
1747776732, 0, 3, 791, 790, 22, 7.41%, 0, 0, 2, 5.87
1747776737, 0, 3, 792, 791, 22, 7.41%, 0, 0, 2, 6.31
1747776841, 0, 3, 793, 792, 22, 7.41%, 0, 0, 2, 6.27
1747776851, 0, 3, 794, 793, 22, 7.41%, 0, 0, 2, 5.40
1747776897, 0, 3, 795, 794, 22, 7.41%, 0, 0, 2, 6.09
1747776907, 0, 3, 796, 795, 22, 7.41%, 0, 0, 2, 5.99
1747776928, 0, 3, 797, 796, 22, 7.41%, 0, 0, 2, 6.02
1747776949, 0, 3, 798, 797, 22, 7.41%, 0, 0, 2, 6.86
1747776995, 0, 3, 799, 798, 22, 7.41%, 0, 0, 2, 6.56
1747777016, 0, 3, 800, 799, 22, 7.41%, 0, 0, 2, 6.36
1747777047, 0, 3, 801, 800, 22, 7.48%, 0, 0, 2, 5.84
1747777083, 0, 3, 802, 801, 22, 7.54%, 0, 0, 2, 5.20
1747777113, 0, 3, 803, 802, 22, 7.54%, 0, 0, 2, 6.67
1747777140, 0, 4, 803, 802, 21, 7.54%, 0, 0, 2, 7.13
1747777155, 0, 4, 804, 803, 21, 7.54%, 0, 0, 2, 6.07
1747777181, 0, 5, 804, 803, 21, 7.54%, 0, 0, 2, 6.73
1747777201, 0, 6, 804, 803, 21, 7.54%, 0, 0, 2, 7.15
1747777217, 0, 8, 804, 803, 21, 7.54%, 0, 0, 2, 6.36
1747777233, 0, 8, 805, 804, 21, 7.54%, 0, 0, 2, 5.28
1747777264, 0, 9, 805, 804, 21, 7.54%, 0, 0, 2, 6.19
1747777274, 0, 9, 806, 805, 21, 7.54%, 0, 0, 2, 5.95
1747777305, 0, 10, 806, 805, 21, 7.54%, 0, 0, 2, 6.99
1747777325, 0, 12, 806, 805, 21, 7.54%, 0, 0, 2, 6.69
1747777330, 0, 12, 807, 806, 21, 7.54%, 0, 0, 2, 6.41
1747777366, 0, 13, 807, 806, 21, 7.54%, 0, 0, 2, 6.58
1747777377, 0, 13, 808, 807, 21, 7.54%, 0, 0, 2, 5.30
1747777382, 0, 13, 809, 808, 21, 7.54%, 0, 0, 2, 6.30
1747777402, 0, 13, 810, 809, 21, 7.54%, 0, 0, 2, 5.94
1747777418, 0, 13, 811, 810, 21, 7.54%, 0, 0, 2, 4.90
1747777423, 0, 13, 812, 811, 21, 7.54%, 0, 0, 2, 4.85
1747777444, 0, 13, 813, 812, 21, 7.56%, 0, 0, 2, 5.08
1747777454, 0, 13, 814, 813, 21, 7.56%, 0, 0, 2, 5.83
1747777537, 0, 13, 815, 814, 21, 7.56%, 0, 0, 2, 5.48
1747777542, 0, 13, 816, 815, 21, 7.56%, 0, 0, 2, 5.77
1747777589, 0, 13, 817, 816, 21, 7.56%, 0, 0, 2, 4.74
1747777594, 0, 13, 818, 817, 21, 7.56%, 0, 0, 2, 5.09
1747777645, 0, 13, 819, 818, 21, 7.56%, 0, 0, 2, 5.38
1747777677, 0, 13, 820, 819, 21, 7.56%, 0, 0, 2, 5.05
1747777713, 0, 13, 821, 820, 21, 7.56%, 0, 0, 2, 5.75
1747777754, 0, 13, 822, 821, 21, 7.56%, 0, 0, 2, 5.74
1747778032, 0, 13, 823, 822, 21, 7.56%, 0, 0, 2, 5.88
1747778074, 0, 13, 824, 823, 21, 7.56%, 0, 0, 2, 6.03
1747778089, 0, 16, 825, 824, 23, 7.56%, 0, 0, 2, 4.90
1747778115, 0, 17, 825, 824, 23, 7.56%, 0, 0, 2, 5.89
1747778135, 0, 17, 826, 825, 23, 7.56%, 0, 0, 2, 6.13
1747778155, 0, 18, 826, 825, 23, 7.56%, 0, 0, 2, 6.47
1747778176, 0, 19, 826, 825, 23, 7.56%, 0, 0, 2, 5.92
1747778196, 0, 22, 826, 825, 23, 7.56%, 0, 0, 2, 6.35
1747778212, 0, 22, 827, 826, 23, 7.56%, 0, 0, 2, 6.50
1747778242, 0, 23, 827, 826, 23, 7.56%, 0, 0, 2, 5.98
1747778268, 0, 24, 827, 826, 23, 7.56%, 0, 0, 2, 6.13
1747778289, 0, 25, 827, 826, 23, 7.56%, 0, 0, 2, 6.79
1747778304, 0, 27, 827, 826, 23, 7.56%, 0, 0, 2, 6.65
1747778325, 0, 29, 827, 826, 23, 7.56%, 0, 0, 2, 6.09
1747778350, 0, 31, 827, 826, 23, 7.56%, 0, 0, 2, 6.06
1747778371, 0, 33, 827, 826, 23, 7.56%, 0, 0, 2, 6.05
1747778392, 0, 34, 827, 826, 23, 7.56%, 0, 0, 2, 6.65
1747778412, 0, 35, 827, 826, 23, 7.56%, 0, 0, 2, 6.65
1747778418, 0, 35, 828, 827, 23, 7.56%, 0, 0, 2, 5.84
1747778454, 0, 37, 829, 828, 23, 7.56%, 0, 0, 2, 6.62
1747778495, 0, 40, 829, 828, 23, 7.56%, 0, 0, 2, 6.52
1747778515, 0, 41, 829, 828, 23, 7.56%, 0, 0, 2, 6.76
1747778536, 0, 42, 829, 828, 23, 7.56%, 0, 0, 2, 6.52
1747778541, 0, 42, 830, 829, 23, 7.56%, 0, 0, 2, 5.88
1747778562, 0, 42, 831, 830, 23, 7.56%, 0, 0, 2, 5.03
1747778577, 0, 42, 832, 831, 23, 7.56%, 0, 0, 2, 6.54
1747778690, 0, 42, 833, 832, 23, 7.56%, 0, 0, 2, 6.67
1747778870, 0, 44, 833, 832, 23, 7.56%, 0, 0, 2, 6.39
1747778891, 0, 45, 833, 832, 23, 7.56%, 0, 0, 2, 6.66
1747778911, 0, 46, 833, 832, 23, 7.56%, 0, 0, 2, 6.70
1747778933, 0, 48, 833, 832, 23, 7.56%, 0, 0, 2, 6.28
1747778953, 0, 49, 833, 832, 23, 7.56%, 0, 0, 2, 6.12
1747778974, 0, 50, 833, 832, 23, 7.56%, 0, 0, 2, 6.53
1747778994, 0, 51, 833, 832, 23, 7.56%, 0, 0, 2, 6.54
1747779015, 0, 52, 833, 832, 23, 7.56%, 0, 0, 2, 6.90
1747779031, 0, 53, 833, 832, 23, 7.56%, 0, 0, 2, 6.74
1747779041, 0, 53, 834, 833, 23, 7.56%, 0, 0, 2, 5.44
1747779051, 0, 53, 835, 834, 23, 7.56%, 0, 0, 2, 4.92
1747779067, 0, 53, 836, 835, 23, 7.59%, 0, 0, 2, 6.04
1747779098, 0, 53, 837, 836, 23, 7.59%, 0, 0, 2, 5.00
1747779155, 0, 53, 838, 837, 23, 7.59%, 0, 0, 2, 8.27
1747779175, 0, 53, 839, 838, 23, 7.59%, 0, 0, 2, 9.88
1747779186, 0, 53, 840, 839, 23, 7.59%, 0, 0, 2, 9.88
1747779222, 0, 53, 841, 840, 23, 7.59%, 0, 0, 2, 10.34
1747779227, 0, 53, 842, 841, 23, 7.59%, 0, 0, 2, 9.41
1747779253, 0, 53, 843, 842, 23, 7.59%, 0, 0, 2, 10.85
1747779283, 0, 53, 844, 843, 23, 7.66%, 0, 0, 2, 9.36
1747779294, 0, 53, 845, 844, 23, 7.66%, 0, 0, 2, 8.57
1747779299, 0, 53, 846, 845, 23, 7.66%, 0, 0, 2, 8.21
1747779319, 0, 53, 847, 846, 23, 7.66%, 0, 0, 2, 8.89
1747779330, 0, 53, 848, 847, 23, 7.66%, 0, 0, 2, 10.25
1747779340, 0, 53, 849, 848, 23, 7.75%, 0, 0, 2, 8.87
1747779350, 0, 53, 851, 850, 23, 7.75%, 0, 0, 2, 6.87
1747779371, 0, 53, 852, 851, 23, 7.76%, 0, 0, 2, 9.34
1747779381, 0, 53, 853, 852, 23, 7.76%, 0, 0, 2, 9.44
1747779386, 0, 53, 854, 853, 23, 7.76%, 0, 0, 2, 9.54
1747779406, 0, 53, 855, 854, 23, 7.76%, 0, 0, 2, 11.17
1747779432, 0, 53, 856, 855, 23, 7.76%, 0, 0, 2, 10.23
1747779458, 0, 53, 857, 856, 23, 7.76%, 0, 0, 2, 8.51
1747779463, 0, 53, 858, 857, 23, 7.76%, 0, 0, 2, 8.62
1747779473, 0, 53, 859, 858, 23, 7.76%, 0, 0, 2, 11.62
1747779499, 0, 56, 860, 859, 23, 7.76%, 0, 0, 2, 8.46
1747779504, 0, 56, 860, 859, 23, 7.76%, 1, 0, 2, 10.01
1747779509, 0, 56, 861, 860, 23, 7.76%, 1, 0, 2, 7.51
1747779515, 0, 56, 862, 861, 23, 7.76%, 1, 0, 2, 7.56
1747779520, 0, 56, 862, 861, 23, 7.76%, 2, 0, 2, 9.15
1747779525, 0, 56, 862, 861, 23, 7.76%, 4, 0, 2, 10.46
1747779546, 0, 56, 862, 861, 23, 7.76%, 5, 0, 2, 11.03
1747779551, 0, 56, 862, 861, 23, 7.76%, 6, 0, 2, 11.83
1747779556, 0, 56, 863, 862, 23, 7.76%, 8, 0, 2, 9.62
1747779561, 0, 56, 864, 863, 23, 7.76%, 8, 0, 2, 8.11
1747779566, 0, 56, 864, 863, 23, 7.76%, 9, 0, 2, 10.37
1747779571, 0, 56, 865, 864, 23, 7.76%, 9, 0, 2, 8.89
1747779576, 0, 56, 865, 864, 23, 7.76%, 10, 0, 2, 9.27
1747779587, 0, 56, 866, 865, 23, 7.76%, 10, 0, 2, 8.30
1747779597, 0, 56, 867, 866, 23, 7.76%, 10, 0, 2, 9.23
1747779602, 0, 56, 868, 867, 23, 7.76%, 11, 0, 2, 8.08
1747779607, 0, 56, 869, 868, 23, 7.76%, 11, 0, 2, 7.13
1747779613, 0, 56, 870, 869, 23, 7.76%, 11, 0, 2, 8.98
1747779623, 0, 56, 870, 869, 23, 7.76%, 12, 0, 2, 10.60
1747779628, 0, 56, 870, 869, 23, 7.76%, 14, 0, 2, 10.08
1747779643, 0, 56, 870, 869, 23, 7.76%, 15, 0, 2, 10.29
1747779649, 0, 56, 871, 870, 23, 7.76%, 16, 0, 2, 8.75
1747779654, 0, 56, 872, 871, 23, 7.76%, 16, 0, 2, 7.55
1747779664, 0, 56, 873, 872, 23, 7.76%, 16, 0, 2, 6.68
1747779679, 0, 56, 874, 873, 23, 7.76%, 16, 0, 2, 9.57
1747779684, 0, 56, 875, 874, 23, 7.76%, 16, 0, 2, 8.22
1747779690, 0, 56, 875, 874, 23, 7.76%, 17, 0, 2, 9.55
1747779695, 0, 56, 875, 874, 23, 7.76%, 18, 0, 2, 10.07
1747779705, 0, 56, 875, 874, 23, 7.76%, 19, 0, 2, 11.19
1747779731, 0, 56, 875, 874, 23, 7.76%, 20, 0, 2, 10.98
1747779736, 0, 56, 876, 875, 23, 7.76%, 20, 0, 2, 9.47
1747779741, 0, 56, 876, 875, 23, 7.76%, 21, 0, 2, 10.77
1747779746, 0, 56, 876, 875, 23, 7.76%, 22, 0, 2, 10.45
1747779751, 0, 56, 877, 876, 23, 7.76%, 22, 0, 2, 10.22
1747779756, 0, 56, 878, 877, 23, 7.76%, 22, 0, 2, 10.09
1747779767, 0, 56, 878, 877, 23, 7.76%, 23, 0, 2, 9.83
1747779782, 0, 56, 879, 878, 23, 7.76%, 23, 0, 2, 7.84
1747779792, 0, 56, 880, 879, 23, 7.76%, 23, 0, 2, 6.92
1747779797, 0, 56, 880, 879, 23, 7.76%, 24, 0, 2, 9.15
1747779813, 0, 56, 880, 879, 23, 7.76%, 25, 0, 2, 10.61
1747779818, 0, 56, 880, 879, 23, 7.76%, 26, 0, 2, 10.47
1747779823, 0, 56, 881, 880, 23, 7.76%, 26, 0, 2, 10.08
1747779828, 0, 56, 882, 881, 23, 7.76%, 26, 0, 2, 9.64
1747779849, 0, 56, 882, 881, 23, 7.76%, 27, 0, 2, 10.15
1747779854, 0, 56, 882, 881, 23, 7.76%, 28, 0, 2, 10.62
1747779879, 0, 56, 882, 881, 23, 7.76%, 29, 0, 2, 10.72
1747779930, 0, 56, 883, 882, 23, 7.76%, 29, 0, 2, 11.47
1747779935, 0, 57, 883, 882, 23, 7.76%, 29, 0, 2, 11.44
1747779951, 0, 58, 883, 882, 23, 7.76%, 29, 0, 2, 11.04
1747779961, 0, 59, 883, 882, 23, 7.76%, 29, 0, 2, 11.20
1747779971, 0, 60, 883, 882, 23, 7.76%, 30, 0, 2, 10.67
1747779981, 0, 60, 883, 882, 23, 7.76%, 31, 0, 2, 9.66
1747779986, 0, 61, 883, 882, 23, 7.76%, 31, 0, 2, 10.52
1747779997, 0, 63, 883, 882, 23, 7.76%, 31, 0, 2, 11.31
1747780002, 0, 63, 883, 882, 23, 7.76%, 33, 0, 2, 10.44
1747780007, 0, 64, 883, 882, 23, 7.76%, 33, 0, 2, 10.75
1747780012, 0, 64, 883, 882, 23, 7.76%, 34, 0, 2, 9.96
1747780017, 0, 64, 883, 882, 23, 7.76%, 37, 0, 2, 9.71
1747780022, 0, 65, 883, 882, 23, 7.76%, 40, 0, 2, 10.01
1747780033, 0, 66, 883, 882, 23, 7.76%, 41, 0, 2, 10.82
1747780043, 0, 66, 884, 883, 23, 7.76%, 41, 0, 2, 10.56
1747780059, 0, 67, 884, 883, 23, 7.76%, 41, 0, 2, 10.52
1747780069, 0, 67, 885, 884, 23, 7.76%, 41, 0, 2, 9.23
1747780074, 0, 67, 885, 884, 23, 7.76%, 43, 0, 2, 9.58
1747780084, 0, 68, 885, 884, 23, 7.76%, 44, 0, 2, 10.30
1747780089, 0, 68, 885, 884, 23, 7.76%, 45, 0, 2, 10.94
1747780095, 0, 68, 885, 884, 23, 7.76%, 47, 0, 2, 9.95
1747780100, 0, 69, 885, 884, 23, 7.76%, 47, 0, 2, 11.40
1747780110, 0, 71, 885, 884, 23, 7.76%, 48, 0, 2, 10.92
1747780115, 0, 71, 885, 884, 23, 7.76%, 49, 0, 2, 9.51
1747780121, 0, 75, 886, 885, 23, 7.76%, 51, 0, 2, 9.74
1747780131, 0, 75, 886, 885, 23, 7.76%, 53, 0, 2, 10.02
1747780136, 0, 75, 886, 885, 23, 7.76%, 54, 0, 2, 10.09
1747780141, 0, 75, 886, 885, 23, 7.76%, 56, 0, 2, 10.21
1747780146, 0, 75, 886, 885, 23, 7.76%, 57, 0, 2, 10.54
1747780151, 0, 76, 886, 885, 23, 7.76%, 57, 0, 2, 11.91
1747780156, 0, 76, 886, 885, 23, 7.76%, 58, 0, 2, 10.70
1747780161, 0, 78, 886, 885, 23, 7.76%, 58, 0, 2, 23.92
1747780234, 0, 81, 886, 884, 22, 7.76%, 58, 0, 2, 10.53
1747780254, 0, 82, 886, 884, 22, 7.76%, 58, 0, 2, 6.06
1747780275, 0, 84, 886, 884, 22, 7.76%, 58, 0, 2, 6.41
1747780280, 0, 84, 887, 885, 22, 7.76%, 58, 0, 3, 5.53
1747780316, 0, 85, 887, 885, 22, 7.76%, 58, 0, 3, 6.49
1747780337, 0, 85, 887, 885, 22, 7.76%, 59, 0, 3, 5.82
1747780342, 0, 86, 887, 885, 22, 7.76%, 59, 0, 3, 6.48
1747780363, 0, 87, 887, 885, 22, 7.76%, 59, 0, 3, 6.20
1747780373, 0, 87, 887, 885, 22, 7.76%, 60, 0, 3, 5.85
1747780384, 0, 88, 887, 885, 22, 7.76%, 60, 0, 3, 6.75
1747780404, 0, 89, 887, 885, 22, 7.76%, 60, 0, 3, 6.71
1747780420, 0, 89, 887, 885, 22, 7.76%, 61, 0, 3, 6.23
1747780425, 0, 90, 887, 885, 22, 7.76%, 62, 0, 3, 5.97
1747780430, 0, 90, 887, 885, 22, 7.76%, 63, 0, 3, 6.08
1747780441, 0, 90, 887, 885, 22, 7.76%, 64, 0, 3, 5.53
1747780446, 0, 91, 887, 885, 22, 7.76%, 64, 0, 3, 5.87
1747780451, 0, 91, 887, 885, 22, 7.76%, 65, 0, 3, 6.06
1747780456, 0, 91, 888, 886, 22, 7.76%, 66, 0, 3, 6.40
1747780467, 0, 91, 889, 887, 22, 7.76%, 66, 0, 3, 4.76
1747780488, 0, 91, 889, 887, 22, 7.76%, 67, 0, 3, 5.53
1747780503, 0, 91, 890, 888, 22, 7.76%, 67, 0, 3, 4.71
1747780539, 0, 91, 890, 888, 22, 7.76%, 68, 0, 3, 6.42
1747780550, 0, 91, 891, 889, 22, 7.76%, 68, 0, 3, 5.44
1747780602, 0, 91, 892, 890, 22, 7.76%, 68, 0, 3, 5.22
1747780643, 0, 91, 892, 890, 22, 7.76%, 69, 0, 3, 6.03
1747780658, 0, 91, 892, 890, 22, 7.76%, 70, 0, 3, 6.37
1747780694, 0, 91, 892, 890, 22, 7.76%, 71, 0, 3, 6.20
1747780704, 0, 91, 893, 891, 22, 7.76%, 71, 0, 3, 4.43
1747780710, 0, 91, 893, 891, 22, 7.76%, 72, 0, 3, 4.76
1747780720, 0, 91, 894, 892, 22, 7.76%, 72, 0, 3, 5.60
1747780741, 0, 91, 895, 893, 22, 7.76%, 72, 0, 3, 4.53
1747780818, 0, 91, 895, 893, 22, 7.76%, 73, 0, 3, 6.43
1747780833, 0, 91, 896, 894, 22, 7.76%, 73, 0, 3, 5.32
1747780838, 0, 91, 897, 895, 22, 7.76%, 73, 0, 3, 4.41
1747780890, 0, 91, 898, 896, 22, 7.76%, 73, 0, 3, 5.44
1747780983, 0, 91, 898, 896, 22, 7.76%, 74, 0, 3, 6.39
1747780999, 0, 91, 899, 897, 22, 7.76%, 74, 0, 3, 4.55
1747781019, 0, 91, 899, 897, 22, 7.76%, 75, 0, 3, 6.46
1747781045, 0, 91, 900, 898, 22, 7.76%, 75, 0, 3, 4.79
1747781055, 0, 91, 900, 898, 22, 7.76%, 76, 0, 3, 6.40
1747781076, 0, 91, 901, 899, 22, 7.76%, 76, 0, 3, 6.12
1747781112, 0, 91, 901, 899, 22, 7.76%, 77, 0, 3, 6.27
1747781128, 0, 91, 902, 900, 22, 7.76%, 77, 0, 3, 5.66
1747781154, 0, 91, 902, 900, 22, 7.76%, 78, 0, 3, 6.58
1747781160, 0, 91, 903, 901, 22, 7.76%, 78, 0, 3, 5.68
1747781180, 0, 92, 903, 901, 22, 7.76%, 78, 0, 3, 6.39
1747781200, 0, 93, 904, 902, 22, 7.76%, 78, 0, 3, 4.71
1747781247, 0, 94, 904, 902, 22, 7.76%, 78, 0, 3, 6.29
1747781267, 0, 95, 904, 902, 22, 7.76%, 78, 0, 3, 5.79
1747781288, 0, 97, 904, 902, 22, 7.76%, 78, 0, 3, 5.82
1747781314, 0, 98, 904, 902, 22, 7.76%, 78, 0, 3, 6.19
1747781335, 0, 100, 904, 902, 22, 7.76%, 79, 0, 3, 6.32
1747781345, 0, 100, 904, 902, 22, 7.76%, 80, 0, 3, 6.28
1747781355, 0, 101, 904, 902, 22, 7.76%, 80, 0, 3, 6.37
1747781376, 0, 102, 904, 902, 22, 7.76%, 80, 0, 3, 6.58
1747781396, 0, 104, 904, 902, 22, 7.76%, 80, 0, 3, 6.02
1747781401, 0, 104, 904, 902, 22, 7.76%, 81, 0, 3, 5.73
1747781406, 0, 104, 904, 902, 22, 7.76%, 82, 0, 3, 5.68
1747781411, 0, 104, 904, 902, 22, 7.76%, 83, 0, 3, 5.87
1747781416, 0, 105, 904, 902, 22, 7.76%, 83, 0, 3, 5.90
1747781442, 0, 107, 904, 902, 22, 7.76%, 83, 0, 3, 5.98
1747781458, 0, 107, 904, 902, 22, 7.76%, 84, 0, 3, 6.27
1747781463, 0, 109, 904, 902, 22, 7.76%, 84, 0, 3, 6.80
1747781484, 0, 110, 904, 902, 22, 7.76%, 84, 0, 3, 6.11
1747781499, 0, 112, 904, 902, 22, 7.76%, 84, 0, 3, 6.88
1747781504, 0, 112, 904, 902, 22, 7.76%, 85, 0, 3, 6.83
1747781514, 0, 112, 905, 903, 22, 7.76%, 85, 0, 3, 4.39
1747781525, 0, 112, 905, 903, 22, 7.76%, 86, 0, 3, 5.53
1747781535, 0, 112, 905, 903, 22, 7.76%, 87, 0, 3, 6.08
1747781550, 0, 113, 905, 903, 22, 7.76%, 87, 0, 3, 6.00
1747781571, 0, 114, 905, 903, 22, 7.76%, 87, 0, 3, 5.84
1747781592, 0, 115, 905, 903, 22, 7.76%, 87, 0, 3, 6.44
1747781607, 0, 115, 905, 903, 22, 7.76%, 88, 0, 3, 6.28
1747781612, 0, 116, 905, 903, 22, 7.76%, 88, 0, 3, 6.98
1747781633, 0, 117, 906, 904, 22, 7.76%, 88, 0, 3, 5.84
1747781649, 0, 117, 906, 904, 22, 7.76%, 89, 0, 3, 6.04
1747781654, 0, 117, 907, 905, 22, 7.76%, 89, 0, 3, 5.62
1747781670, 0, 117, 907, 905, 22, 7.76%, 90, 0, 3, 5.89
1747781680, 0, 117, 908, 906, 22, 7.76%, 90, 0, 3, 5.73
1747781721, 0, 117, 908, 906, 22, 7.76%, 91, 0, 3, 6.20
1747781804, 0, 117, 908, 906, 22, 7.76%, 92, 0, 3, 6.37
1747781809, 0, 119, 908, 906, 22, 7.76%, 92, 0, 3, 6.60
1747781830, 0, 120, 908, 906, 22, 7.76%, 93, 0, 3, 6.17
1747781851, 0, 121, 908, 906, 22, 7.76%, 93, 0, 3, 6.69
1747781856, 0, 121, 909, 907, 22, 7.76%, 93, 0, 3, 6.09
1747781892, 0, 122, 909, 907, 22, 7.76%, 93, 0, 3, 5.69
1747781903, 0, 122, 909, 907, 22, 7.76%, 94, 0, 3, 6.19
1747781913, 0, 122, 910, 908, 22, 7.76%, 94, 0, 3, 6.17
1747781939, 0, 123, 910, 908, 22, 7.76%, 94, 0, 3, 5.68
1747781960, 0, 125, 910, 908, 22, 7.76%, 94, 0, 3, 6.75
1747781970, 0, 125, 910, 908, 22, 7.76%, 95, 0, 3, 6.33
1747781975, 0, 125, 910, 908, 22, 7.76%, 96, 0, 3, 6.25
1747781980, 0, 127, 910, 908, 22, 7.76%, 96, 0, 3, 6.72
1747781996, 0, 127, 910, 908, 22, 7.76%, 98, 0, 3, 6.64
1747782001, 0, 128, 910, 908, 22, 7.76%, 98, 0, 3, 6.51
1747782021, 0, 129, 910, 908, 22, 7.76%, 98, 0, 3, 6.41
1747782042, 0, 130, 910, 908, 22, 7.76%, 99, 0, 3, 6.20
1747782057, 0, 130, 910, 908, 22, 7.76%, 100, 0, 3, 6.49
1747782062, 0, 131, 910, 908, 22, 7.76%, 100, 0, 3, 6.24
1747782083, 0, 132, 910, 908, 22, 7.76%, 100, 0, 3, 6.21
1747782088, 0, 132, 910, 908, 22, 7.76%, 101, 0, 3, 5.96
1747782108, 0, 133, 910, 908, 22, 7.76%, 101, 0, 3, 6.45
1747782119, 0, 133, 910, 908, 22, 7.76%, 103, 0, 3, 5.42
1747782129, 0, 134, 910, 908, 22, 7.76%, 103, 0, 3, 6.18
1747782150, 0, 136, 910, 908, 22, 7.76%, 103, 0, 3, 6.26
1747782171, 0, 137, 910, 908, 22, 7.76%, 103, 0, 3, 6.40
1747782192, 0, 138, 910, 908, 22, 7.76%, 103, 0, 3, 6.36
1747782207, 0, 138, 910, 908, 22, 7.76%, 104, 0, 3, 6.48
1747782212, 0, 140, 910, 908, 22, 7.76%, 104, 0, 3, 6.63
1747782233, 0, 141, 910, 908, 22, 7.76%, 104, 0, 3, 5.94
1747782238, 0, 141, 911, 909, 22, 7.76%, 104, 0, 3, 6.03
1747782279, 0, 142, 911, 909, 22, 7.76%, 104, 0, 3, 6.11
1747782300, 0, 143, 911, 909, 22, 7.76%, 104, 0, 3, 6.37
1747782320, 0, 144, 911, 909, 22, 7.76%, 104, 0, 3, 5.81
1747782341, 0, 145, 911, 909, 22, 7.76%, 105, 0, 3, 5.65
1747782361, 0, 148, 911, 909, 22, 7.76%, 105, 0, 3, 6.30
1747782382, 0, 149, 911, 909, 22, 7.76%, 105, 0, 3, 6.08
1747782387, 0, 149, 911, 909, 22, 7.76%, 106, 0, 3, 5.53
1747782408, 0, 150, 911, 909, 22, 7.76%, 106, 0, 3, 6.62
1747782423, 0, 153, 911, 909, 22, 7.76%, 106, 0, 3, 6.57
1747782444, 0, 154, 911, 909, 22, 7.76%, 106, 0, 3, 6.69
1747782465, 0, 155, 911, 909, 22, 7.76%, 106, 0, 3, 7.06
1747782470, 0, 155, 911, 909, 22, 7.76%, 107, 0, 3, 6.21
1747782480, 0, 155, 912, 910, 22, 7.76%, 107, 0, 3, 5.64
1747782496, 0, 155, 912, 910, 22, 7.76%, 108, 0, 3, 6.05
1747782501, 0, 155, 912, 910, 22, 7.76%, 109, 0, 3, 5.81
1747782506, 0, 155, 912, 910, 22, 7.76%, 110, 0, 3, 5.99
1747782511, 0, 156, 912, 910, 22, 7.76%, 110, 0, 3, 5.98
1747782532, 0, 157, 912, 910, 22, 7.76%, 110, 0, 3, 6.37
1747782552, 0, 157, 913, 911, 22, 7.76%, 110, 0, 3, 6.45
1747782573, 0, 159, 913, 911, 22, 7.76%, 110, 0, 3, 6.76
1747782599, 0, 161, 913, 911, 22, 7.76%, 110, 0, 3, 6.86
1747782619, 0, 162, 913, 911, 22, 7.76%, 110, 0, 3, 5.91
1747782640, 0, 165, 913, 911, 22, 7.76%, 110, 0, 3, 6.14
1747782661, 0, 166, 913, 911, 22, 7.76%, 110, 0, 3, 6.50
1747782681, 0, 167, 913, 911, 22, 7.76%, 110, 0, 3, 6.14
1747782702, 0, 168, 913, 911, 22, 7.76%, 110, 0, 3, 6.38
1747782722, 0, 169, 913, 911, 22, 7.76%, 110, 0, 3, 6.73
1747782737, 0, 169, 913, 911, 22, 7.76%, 111, 0, 3, 6.41
1747782743, 0, 170, 913, 911, 22, 7.76%, 111, 0, 3, 6.07
1747782763, 0, 171, 913, 911, 22, 7.76%, 113, 0, 3, 5.65
1747782768, 0, 171, 913, 911, 22, 7.76%, 114, 0, 3, 6.41
1747782774, 0, 171, 913, 911, 22, 7.76%, 115, 0, 3, 6.83
1747782784, 0, 172, 913, 911, 22, 7.76%, 115, 0, 3, 5.66
1747782804, 0, 173, 913, 911, 22, 7.76%, 115, 0, 3, 6.29
1747782815, 0, 173, 913, 911, 22, 7.76%, 116, 0, 3, 6.16
1747782825, 0, 174, 913, 911, 22, 7.76%, 117, 0, 3, 7.07
1747782846, 0, 175, 913, 911, 22, 7.76%, 117, 0, 3, 6.43
1747782866, 0, 176, 913, 911, 22, 7.76%, 117, 0, 3, 6.34
1747782887, 0, 177, 913, 911, 22, 7.76%, 117, 0, 3, 5.96
1747782914, 0, 178, 913, 911, 22, 7.76%, 117, 0, 3, 6.19
1747782924, 0, 178, 913, 911, 22, 7.76%, 119, 0, 3, 6.23
1747782935, 0, 179, 913, 911, 22, 7.76%, 119, 0, 3, 6.00
1747782955, 0, 180, 913, 911, 22, 7.76%, 119, 0, 3, 6.37
1747782976, 0, 182, 913, 911, 22, 7.76%, 119, 0, 3, 6.28
1747782997, 0, 183, 913, 911, 22, 7.76%, 119, 0, 3, 5.93
1747783017, 0, 184, 913, 911, 22, 7.76%, 119, 0, 3, 6.22
1747783038, 0, 185, 913, 911, 22, 7.76%, 120, 0, 3, 6.10
1747783059, 0, 186, 913, 911, 22, 7.76%, 120, 0, 3, 6.36
1747783079, 0, 187, 913, 911, 22, 7.76%, 120, 0, 3, 6.37
1747783100, 0, 188, 913, 911, 22, 7.76%, 120, 0, 3, 6.00
1747783110, 0, 188, 913, 911, 22, 7.76%, 121, 0, 3, 5.88
1747783120, 0, 189, 914, 912, 22, 7.76%, 121, 0, 3, 5.81
1747783131, 0, 189, 914, 912, 22, 7.76%, 122, 0, 3, 5.70
1747783147, 0, 189, 915, 913, 22, 7.76%, 122, 0, 3, 5.87
1747783157, 0, 189, 915, 913, 22, 7.76%, 123, 0, 3, 5.79
1747783193, 0, 189, 915, 913, 22, 7.76%, 124, 0, 3, 6.83
1747783214, 0, 190, 915, 913, 22, 7.76%, 125, 0, 3, 5.84
1747783235, 0, 191, 915, 913, 22, 7.76%, 125, 0, 3, 6.38
1747783246, 0, 191, 915, 913, 22, 7.76%, 126, 0, 3, 5.78
1747783256, 0, 191, 916, 914, 22, 7.76%, 126, 0, 3, 5.77
1747783277, 0, 191, 917, 915, 22, 7.78%, 126, 0, 3, 4.75
1747783292, 0, 191, 917, 915, 22, 7.78%, 127, 0, 3, 5.69
1747783302, 0, 191, 917, 915, 22, 7.78%, 128, 0, 3, 6.07
1747783307, 0, 191, 917, 915, 22, 7.78%, 129, 0, 3, 5.60
1747783328, 0, 192, 917, 915, 23, 7.78%, 129, 0, 3, 6.44
1747783354, 0, 193, 917, 915, 23, 7.78%, 129, 0, 3, 6.26
1747783369, 0, 194, 917, 915, 23, 7.78%, 129, 0, 3, 6.54
1747783379, 0, 194, 917, 915, 23, 7.78%, 130, 0, 3, 6.27
1747783384, 0, 194, 918, 916, 23, 7.78%, 131, 0, 3, 5.68
1747783400, 0, 194, 918, 916, 23, 7.78%, 133, 0, 3, 6.15
1747783405, 0, 194, 918, 916, 23, 7.78%, 135, 0, 3, 6.01
1747783416, 0, 194, 918, 916, 23, 7.78%, 136, 0, 3, 5.85
1747783421, 0, 195, 918, 916, 23, 7.78%, 138, 0, 3, 5.66
1747783441, 0, 196, 918, 916, 23, 7.78%, 138, 0, 3, 5.60
1747783462, 0, 197, 918, 916, 23, 7.78%, 138, 0, 3, 6.15
1747783483, 0, 198, 918, 916, 23, 7.78%, 138, 0, 3, 6.13
1747783494, 0, 198, 918, 916, 23, 7.78%, 139, 0, 3, 5.68
1747783504, 0, 199, 918, 916, 23, 7.78%, 139, 0, 3, 5.79
1747783525, 0, 200, 918, 916, 23, 7.78%, 139, 0, 3, 6.85
1747783546, 0, 201, 918, 916, 23, 7.78%, 139, 0, 3, 6.14
1747783561, 0, 201, 918, 916, 23, 7.78%, 140, 0, 3, 6.15
1747783566, 0, 202, 918, 916, 23, 7.78%, 140, 0, 3, 5.60
1747783582, 0, 202, 919, 917, 23, 7.78%, 140, 0, 3, 5.47
1747783618, 0, 204, 919, 917, 23, 7.78%, 141, 0, 3, 5.51
1747783638, 0, 206, 919, 917, 23, 7.78%, 141, 0, 3, 6.01
1747783649, 0, 206, 919, 917, 23, 7.78%, 142, 0, 3, 5.95
1747783659, 0, 207, 919, 917, 23, 7.78%, 142, 0, 3, 6.76
1747783669, 0, 207, 919, 917, 23, 7.78%, 143, 0, 3, 6.15
1747783680, 0, 208, 919, 917, 23, 7.78%, 144, 0, 3, 6.12
1747783700, 0, 209, 919, 917, 23, 7.78%, 144, 0, 3, 5.35
1747783720, 0, 210, 919, 917, 23, 7.78%, 144, 0, 3, 6.13
1747783746, 0, 211, 919, 917, 23, 7.78%, 144, 0, 3, 6.18
1747783767, 0, 212, 919, 917, 23, 7.78%, 144, 0, 3, 6.11
1747783772, 0, 212, 920, 918, 23, 7.78%, 144, 0, 3, 5.23
1747783793, 0, 212, 921, 919, 23, 7.78%, 144, 0, 3, 4.68
1747783808, 0, 212, 921, 919, 23, 7.78%, 145, 0, 3, 5.97
1747783814, 0, 212, 921, 919, 23, 7.78%, 146, 0, 3, 5.52
1747783819, 0, 212, 921, 919, 23, 7.78%, 147, 0, 3, 6.03
1747783824, 0, 212, 921, 919, 23, 7.78%, 148, 0, 3, 4.87
1747783829, 0, 212, 922, 920, 23, 7.78%, 148, 0, 3, 3.79
1747783834, 0, 212, 922, 920, 23, 7.78%, 149, 0, 3, 4.92
1747783870, 0, 212, 922, 920, 23, 7.78%, 150, 0, 3, 5.84
1747783875, 0, 212, 923, 921, 23, 7.78%, 150, 0, 3, 6.50
1747783891, 0, 212, 923, 921, 23, 7.78%, 151, 0, 3, 6.46
1747783906, 0, 212, 923, 921, 23, 7.78%, 153, 0, 3, 5.74
1747783912, 0, 212, 924, 922, 23, 7.78%, 153, 0, 3, 5.21
1747783969, 0, 212, 924, 922, 23, 7.78%, 154, 0, 3, 6.32
1747783979, 0, 212, 924, 922, 23, 7.78%, 155, 0, 3, 5.56
1747784000, 0, 212, 924, 922, 23, 7.78%, 156, 0, 3, 6.04
1747784010, 0, 212, 925, 923, 23, 7.78%, 156, 0, 3, 5.89
1747784015, 0, 212, 925, 923, 23, 7.78%, 157, 0, 3, 5.88
1747784026, 0, 212, 925, 923, 23, 7.78%, 158, 0, 3, 5.65
1747784036, 0, 212, 925, 923, 23, 7.78%, 159, 0, 3, 6.33
1747784052, 0, 212, 925, 923, 23, 7.78%, 160, 0, 3, 5.54
1747784068, 0, 212, 925, 923, 23, 7.78%, 161, 0, 3, 6.42
1747784083, 0, 212, 925, 923, 23, 7.78%, 162, 0, 3, 6.16
1747784130, 0, 212, 925, 923, 23, 7.78%, 164, 0, 3, 5.94
1747784150, 0, 212, 925, 923, 23, 7.78%, 165, 0, 3, 6.23
1747784171, 0, 212, 926, 924, 23, 7.78%, 165, 0, 3, 5.26
1747784197, 0, 212, 926, 924, 23, 7.78%, 166, 0, 3, 6.15
1747784233, 0, 212, 927, 925, 23, 7.78%, 166, 0, 3, 4.91
1747784259, 0, 212, 928, 926, 23, 7.78%, 166, 0, 3, 5.47
1747784269, 0, 212, 928, 926, 23, 7.78%, 167, 0, 3, 6.14
1747784274, 0, 212, 928, 926, 23, 7.78%, 168, 0, 3, 5.79
1747784285, 0, 212, 928, 926, 23, 7.78%, 169, 0, 3, 6.28
1747784300, 0, 212, 928, 926, 23, 7.78%, 170, 0, 3, 5.86
1747784306, 0, 212, 928, 926, 23, 7.78%, 171, 0, 3, 6.21
1747784311, 0, 212, 928, 926, 23, 7.78%, 173, 0, 3, 5.61
1747784321, 0, 212, 928, 926, 23, 7.78%, 174, 0, 3, 5.86
1747784326, 0, 212, 928, 926, 23, 7.78%, 175, 0, 3, 5.29
1747784368, 0, 212, 928, 926, 23, 7.78%, 176, 0, 3, 5.47
1747784373, 0, 212, 928, 926, 23, 7.78%, 177, 0, 3, 5.31
1747784384, 0, 212, 928, 926, 23, 7.78%, 178, 0, 3, 5.85
1747784399, 0, 212, 928, 926, 23, 7.78%, 179, 0, 3, 5.63
1747784410, 0, 212, 928, 926, 23, 7.78%, 181, 0, 3, 5.86
1747784436, 0, 212, 928, 926, 23, 7.78%, 182, 0, 3, 5.87
1747784451, 0, 212, 928, 926, 23, 7.78%, 183, 0, 3, 5.32
1747784457, 0, 212, 928, 926, 23, 7.78%, 184, 0, 3, 5.41
1747784462, 0, 212, 929, 927, 23, 7.78%, 184, 0, 3, 5.35
1747784467, 0, 212, 930, 928, 23, 7.78%, 184, 0, 3, 4.85
1747784503, 0, 215, 930, 928, 23, 7.78%, 185, 0, 3, 6.66
1747784524, 0, 215, 931, 929, 23, 7.78%, 185, 0, 3, 5.00
1747784529, 0, 215, 931, 929, 23, 7.78%, 187, 0, 3, 5.12
1747784550, 0, 217, 931, 929, 23, 7.78%, 188, 0, 3, 5.17
1747784566, 0, 217, 931, 929, 23, 7.78%, 189, 0, 3, 6.39
1747784571, 0, 218, 931, 929, 23, 7.78%, 189, 0, 3, 6.29
1747784592, 0, 219, 931, 929, 23, 7.78%, 189, 0, 3, 6.14
1747784602, 0, 219, 931, 929, 23, 7.78%, 190, 0, 3, 5.87
1747784617, 0, 220, 931, 929, 23, 7.78%, 190, 0, 3, 6.49
1747784623, 0, 220, 931, 929, 23, 7.78%, 191, 0, 3, 6.27
1747784633, 0, 220, 931, 929, 23, 7.78%, 192, 0, 3, 5.70
1747784638, 0, 221, 931, 929, 23, 7.78%, 192, 0, 3, 6.23
1747784659, 0, 222, 931, 929, 23, 7.78%, 192, 0, 3, 5.96
1747784669, 0, 222, 932, 930, 23, 7.78%, 192, 0, 3, 6.51
1747784674, 0, 222, 932, 930, 23, 7.78%, 194, 0, 3, 5.59
1747784679, 0, 222, 933, 931, 23, 7.78%, 194, 0, 3, 4.28
1747784684, 0, 222, 933, 931, 23, 7.78%, 195, 0, 3, 5.58
1747784751, 0, 223, 933, 931, 23, 7.78%, 195, 0, 3, 6.15
1747784772, 0, 224, 933, 931, 23, 7.78%, 195, 0, 3, 6.01
1747784793, 0, 225, 933, 931, 23, 7.78%, 195, 0, 3, 6.10
1747784803, 0, 225, 933, 931, 23, 7.78%, 196, 0, 3, 5.76
1747784819, 0, 226, 933, 931, 23, 7.78%, 196, 0, 3, 5.69
1747784840, 0, 227, 933, 931, 23, 7.78%, 196, 0, 3, 6.35
1747784860, 0, 228, 933, 931, 23, 7.78%, 196, 0, 3, 6.37
1747784881, 0, 229, 933, 931, 23, 7.78%, 196, 0, 3, 5.67
1747784891, 0, 229, 934, 932, 23, 7.78%, 196, 0, 3, 4.51
1747784927, 0, 230, 934, 932, 23, 7.78%, 196, 0, 3, 5.97
1747784953, 0, 231, 934, 932, 23, 7.78%, 196, 0, 3, 5.77
1747784973, 0, 233, 934, 932, 23, 7.78%, 196, 0, 3, 6.64
1747784984, 0, 233, 934, 932, 23, 7.78%, 197, 0, 3, 5.61
1747784994, 0, 234, 934, 932, 23, 7.78%, 197, 0, 3, 5.70
1747785015, 0, 235, 934, 932, 23, 7.78%, 197, 0, 3, 5.45
1747785030, 0, 235, 934, 932, 23, 7.78%, 199, 0, 3, 6.01
1747785041, 0, 237, 934, 932, 23, 7.78%, 199, 0, 3, 6.04
1747785061, 0, 238, 934, 932, 23, 7.78%, 199, 0, 3, 6.21
1747785082, 0, 239, 934, 932, 23, 7.78%, 199, 0, 3, 6.27
1747785103, 0, 240, 934, 932, 23, 7.78%, 199, 0, 3, 6.08
1747785123, 0, 241, 934, 932, 23, 7.78%, 200, 0, 3, 5.82
1747785129, 0, 241, 934, 932, 23, 7.78%, 201, 0, 3, 6.14
1747785134, 0, 241, 934, 932, 23, 7.78%, 202, 0, 3, 6.07
1747785139, 0, 241, 934, 932, 23, 7.78%, 203, 0, 3, 6.18
1747785144, 0, 242, 934, 932, 23, 7.78%, 203, 0, 3, 6.29
1747785165, 0, 243, 934, 932, 23, 7.78%, 203, 0, 3, 6.50
1747785170, 0, 243, 934, 932, 23, 7.78%, 204, 0, 3, 6.45
1747785186, 0, 244, 934, 932, 23, 7.78%, 204, 0, 3, 6.60
1747785206, 0, 245, 934, 932, 23, 7.78%, 204, 0, 3, 6.60
1747785227, 0, 246, 934, 932, 23, 7.78%, 204, 0, 3, 6.11
1747785247, 0, 247, 934, 932, 23, 7.78%, 204, 0, 3, 6.35
1747785252, 0, 247, 934, 932, 23, 7.78%, 205, 0, 3, 5.47
1747785273, 0, 248, 934, 932, 23, 7.78%, 205, 0, 3, 6.02
1747785288, 0, 248, 934, 932, 23, 7.78%, 206, 0, 3, 6.18
1747785293, 0, 250, 934, 932, 23, 7.78%, 206, 0, 3, 6.07
1747785298, 0, 250, 934, 932, 23, 7.78%, 207, 0, 3, 5.60
1747785314, 0, 252, 934, 932, 23, 7.78%, 207, 0, 3, 5.92
1747785340, 0, 254, 934, 932, 23, 7.78%, 207, 0, 3, 6.56
1747785355, 0, 255, 934, 932, 23, 7.78%, 207, 0, 3, 6.01
1747785361, 0, 255, 934, 932, 23, 7.78%, 208, 0, 3, 6.08
1747785381, 0, 256, 934, 932, 23, 7.78%, 208, 0, 3, 6.63
1747785392, 0, 256, 935, 933, 23, 7.78%, 208, 0, 3, 5.39
1747785428, 0, 257, 935, 933, 23, 7.78%, 208, 0, 3, 6.45
1747785438, 0, 257, 935, 933, 23, 7.78%, 209, 0, 3, 6.47
1747785449, 0, 258, 935, 933, 23, 7.78%, 209, 0, 3, 6.19
1747785470, 0, 261, 935, 933, 23, 7.78%, 209, 0, 3, 6.03
1747785495, 0, 262, 935, 933, 23, 7.78%, 209, 0, 3, 9.74
1747785551, 0, 262, 936, 934, 23, 7.78%, 209, 0, 3, 9.11
1747785608, 0, 262, 937, 935, 23, 7.78%, 209, 0, 3, 9.02
1747785855, 0, 263, 937, 934, 22, 7.78%, 209, 0, 3, 9.70
1747785876, 0, 265, 937, 934, 22, 7.78%, 209, 0, 3, 6.50
1747785901, 0, 266, 937, 934, 22, 7.78%, 209, 0, 3, 6.05
1747785907, 0, 266, 937, 934, 22, 7.78%, 210, 0, 3, 6.04
1747785922, 0, 267, 937, 934, 22, 7.78%, 210, 0, 3, 5.65
1747785938, 0, 267, 937, 934, 22, 7.78%, 211, 0, 3, 6.26
1747785943, 0, 268, 937, 934, 22, 7.78%, 211, 0, 3, 5.72
1747785959, 0, 268, 937, 934, 22, 7.78%, 212, 0, 3, 5.58
1747785969, 0, 269, 937, 934, 22, 7.78%, 212, 0, 3, 5.67
1747785974, 0, 269, 938, 935, 22, 7.78%, 212, 0, 3, 4.15
1747785985, 0, 269, 938, 935, 22, 7.78%, 213, 0, 3, 5.66
1747786016, 0, 270, 938, 935, 22, 7.78%, 213, 0, 3, 5.87
1747786042, 0, 271, 938, 935, 22, 7.78%, 213, 0, 3, 6.45
1747786057, 0, 272, 938, 935, 22, 7.78%, 213, 0, 3, 6.65
1747786078, 0, 273, 938, 935, 22, 7.78%, 213, 0, 3, 6.01
1747786088, 0, 273, 938, 935, 22, 7.78%, 214, 0, 3, 5.87
1747786104, 0, 275, 938, 935, 22, 7.78%, 214, 0, 3, 5.99
1747786124, 0, 276, 938, 935, 22, 7.78%, 214, 0, 3, 6.83
1747786129, 0, 276, 939, 936, 22, 7.78%, 214, 0, 3, 5.06
1747786140, 0, 276, 939, 936, 22, 7.78%, 215, 0, 3, 6.10
1747786171, 0, 278, 939, 936, 22, 7.78%, 215, 0, 3, 6.28
1747786191, 0, 279, 939, 936, 22, 7.78%, 215, 0, 3, 6.67
1747786212, 0, 280, 939, 936, 22, 7.78%, 215, 0, 3, 6.57
1747786232, 0, 282, 939, 936, 22, 7.78%, 215, 0, 3, 5.98
1747786253, 0, 283, 939, 936, 22, 7.78%, 215, 0, 3, 6.56
1747786269, 0, 283, 939, 936, 22, 7.78%, 216, 0, 3, 5.95
1747786274, 0, 284, 939, 936, 22, 7.78%, 216, 0, 3, 6.09
1747786300, 0, 285, 939, 936, 22, 7.78%, 216, 0, 3, 5.88
1747786321, 0, 286, 939, 936, 22, 7.78%, 216, 0, 3, 6.15
1747786341, 0, 287, 939, 936, 22, 7.78%, 216, 0, 3, 6.65
1747786347, 0, 287, 940, 937, 22, 7.78%, 216, 0, 3, 6.17
1747786383, 0, 288, 940, 937, 22, 7.78%, 216, 0, 3, 6.21
1747786409, 0, 290, 940, 937, 22, 7.78%, 216, 0, 3, 6.12
1747786430, 0, 291, 940, 937, 22, 7.78%, 216, 0, 3, 6.50
1747786450, 0, 293, 940, 937, 22, 7.78%, 216, 0, 3, 6.85
1747786471, 0, 294, 940, 937, 22, 7.78%, 216, 0, 3, 6.34
1747786492, 0, 295, 940, 937, 22, 7.78%, 216, 0, 3, 5.97
1747786512, 0, 296, 940, 937, 22, 7.78%, 216, 0, 3, 5.84
1747786533, 0, 297, 940, 937, 22, 7.78%, 216, 0, 3, 6.50
1747786554, 0, 298, 940, 937, 22, 7.78%, 217, 0, 3, 6.08
1747786575, 0, 299, 940, 937, 22, 7.78%, 217, 0, 3, 5.70
1747786595, 0, 300, 940, 937, 22, 7.78%, 218, 0, 3, 6.14
1747786600, 0, 300, 940, 937, 22, 7.78%, 219, 0, 3, 6.33
1747786621, 0, 301, 940, 937, 22, 7.78%, 219, 0, 3, 6.13
1747786632, 0, 301, 940, 937, 22, 7.78%, 220, 0, 3, 6.18
1747786642, 0, 302, 940, 937, 22, 7.78%, 220, 0, 3, 6.77
1747786662, 0, 303, 940, 937, 22, 7.78%, 220, 0, 3, 6.44
1747786683, 0, 304, 940, 937, 22, 7.78%, 220, 0, 3, 6.19
1747786704, 0, 305, 940, 937, 22, 7.78%, 220, 0, 3, 6.10
1747786725, 0, 306, 940, 937, 22, 7.78%, 220, 0, 3, 6.18
1747786745, 0, 307, 941, 938, 22, 7.78%, 220, 0, 3, 6.26
1747786785, 0, 308, 941, 938, 22, 7.78%, 220, 0, 3, 5.92
1747786801, 0, 308, 941, 938, 22, 7.78%, 221, 0, 3, 5.56
1747786811, 0, 309, 941, 938, 22, 7.78%, 221, 0, 3, 5.72
1747786832, 0, 310, 941, 938, 22, 7.78%, 221, 0, 3, 5.78
1747786857, 0, 311, 941, 938, 22, 7.78%, 221, 0, 3, 6.86
1747786878, 0, 312, 941, 938, 22, 7.78%, 221, 0, 3, 6.59
1747786899, 0, 313, 941, 938, 22, 7.78%, 221, 0, 3, 6.22
1747786920, 0, 314, 941, 938, 22, 7.78%, 221, 0, 3, 6.53
1747786940, 0, 315, 941, 938, 22, 7.78%, 221, 0, 3, 5.90
1747786961, 0, 316, 941, 938, 22, 7.78%, 221, 0, 3, 6.38
1747786981, 0, 318, 941, 938, 22, 7.78%, 221, 0, 3, 6.64
1747786997, 0, 318, 941, 938, 22, 7.78%, 222, 0, 3, 6.12
1747787002, 0, 318, 941, 938, 22, 7.78%, 223, 0, 3, 5.87
1747787007, 0, 319, 941, 938, 22, 7.78%, 223, 0, 3, 5.70
1747787028, 0, 321, 941, 938, 22, 7.78%, 223, 0, 3, 6.17
1747787048, 0, 322, 941, 938, 22, 7.78%, 223, 0, 3, 5.71
1747787074, 0, 323, 941, 938, 22, 7.78%, 223, 0, 3, 5.87
1747787094, 0, 325, 941, 938, 22, 7.78%, 223, 0, 3, 6.14
1747787115, 0, 325, 941, 938, 22, 7.78%, 224, 0, 3, 6.06
1747787120, 0, 327, 941, 938, 22, 7.78%, 224, 0, 3, 6.00
1747787125, 0, 327, 942, 939, 22, 7.78%, 224, 0, 3, 6.60
1747787156, 0, 328, 942, 939, 22, 7.78%, 224, 0, 3, 10.95
1747787166, 0, 329, 942, 939, 22, 7.78%, 225, 0, 3, 10.73
1747787181, 0, 330, 942, 939, 22, 7.78%, 225, 0, 3, 7.38
1747787197, 0, 334, 942, 939, 22, 7.78%, 225, 0, 3, 6.37
1747787222, 0, 335, 942, 939, 22, 7.78%, 225, 0, 3, 6.57
1747787243, 0, 336, 942, 939, 22, 7.78%, 225, 0, 3, 6.36
1747787253, 0, 336, 942, 939, 22, 7.78%, 226, 0, 3, 6.14
1747787263, 0, 337, 942, 939, 22, 7.78%, 227, 0, 3, 5.68
1747787274, 0, 337, 942, 939, 22, 7.78%, 228, 0, 3, 6.28
1747787289, 0, 338, 942, 939, 22, 7.78%, 228, 0, 3, 6.09
1747787305, 0, 338, 942, 939, 22, 7.78%, 229, 0, 3, 5.62
1747787310, 0, 339, 942, 939, 22, 7.78%, 229, 0, 3, 5.85
1747787326, 0, 339, 943, 940, 22, 7.78%, 229, 0, 3, 4.27
1747787356, 0, 340, 943, 940, 22, 7.78%, 229, 0, 3, 6.24
1747787377, 0, 341, 943, 940, 22, 7.78%, 229, 0, 3, 5.51
1747787398, 0, 342, 943, 940, 22, 7.78%, 229, 0, 3, 6.31
1747787418, 0, 343, 943, 940, 22, 7.78%, 229, 0, 3, 6.17
1747787423, 0, 343, 943, 940, 22, 7.78%, 230, 0, 3, 5.44
1747787439, 0, 343, 943, 940, 22, 7.78%, 231, 0, 3, 6.11
1747787444, 0, 344, 943, 940, 22, 7.78%, 231, 0, 3, 6.37
1747787460, 0, 345, 943, 940, 22, 7.78%, 231, 0, 3, 6.89
1747787486, 0, 346, 943, 940, 22, 7.78%, 231, 0, 3, 5.63
1747787507, 0, 347, 943, 940, 22, 7.78%, 231, 0, 3, 6.42
1747787527, 0, 348, 943, 940, 22, 7.78%, 231, 0, 3, 5.96
1747787548, 0, 349, 943, 940, 22, 7.78%, 231, 0, 3, 6.39
1747787574, 0, 350, 943, 940, 22, 7.78%, 231, 0, 3, 6.30
1747787584, 0, 350, 944, 941, 22, 7.78%, 231, 0, 3, 5.56
1747787616, 0, 353, 944, 941, 22, 7.78%, 231, 0, 3, 6.59
1747787641, 0, 355, 944, 941, 22, 7.78%, 231, 0, 3, 6.07
1747787662, 0, 356, 944, 941, 22, 7.78%, 231, 0, 3, 6.21
1747787682, 0, 358, 944, 941, 22, 7.78%, 231, 0, 3, 5.87
1747787703, 0, 359, 944, 941, 22, 7.78%, 231, 0, 3, 5.63
1747787723, 0, 360, 944, 941, 22, 7.78%, 231, 0, 3, 5.71
1747787744, 0, 362, 944, 941, 22, 7.78%, 231, 0, 3, 6.56
1747787765, 0, 363, 944, 941, 22, 7.78%, 231, 0, 3, 6.50
1747787785, 0, 364, 944, 941, 22, 7.78%, 231, 0, 3, 6.14
1747787806, 0, 365, 944, 941, 22, 7.78%, 231, 0, 3, 6.44
1747787833, 0, 366, 944, 941, 22, 7.78%, 231, 0, 3, 5.71
1747787853, 0, 367, 944, 941, 22, 7.78%, 231, 0, 3, 6.13
1747787874, 0, 368, 944, 941, 22, 7.78%, 231, 0, 3, 6.41
1747787894, 0, 369, 944, 941, 22, 7.78%, 231, 0, 3, 5.68
1747787920, 0, 370, 944, 941, 22, 7.78%, 231, 0, 3, 6.85
1747787936, 0, 371, 944, 941, 22, 7.78%, 231, 0, 3, 6.23
1747787962, 0, 372, 944, 941, 22, 7.78%, 231, 0, 3, 6.68
1747787982, 0, 373, 944, 941, 22, 7.78%, 231, 0, 3, 5.93
1747787998, 0, 373, 944, 941, 22, 7.78%, 232, 0, 3, 6.25
1747788003, 0, 374, 944, 941, 22, 7.78%, 232, 0, 3, 6.48
1747788029, 0, 376, 944, 941, 22, 7.78%, 232, 0, 3, 5.38
1747788034, 0, 376, 944, 941, 22, 7.78%, 233, 0, 3, 5.51
1747788049, 0, 378, 944, 941, 22, 7.78%, 233, 0, 3, 6.39
1747788070, 0, 379, 944, 941, 22, 7.78%, 233, 0, 3, 6.61
1747788090, 0, 380, 944, 941, 22, 7.78%, 233, 0, 3, 6.21
1747788111, 0, 382, 944, 941, 22, 7.78%, 233, 0, 3, 6.51
1747788131, 0, 384, 944, 941, 22, 7.78%, 233, 0, 3, 5.50
1747788157, 0, 385, 944, 941, 22, 7.78%, 233, 0, 3, 6.19
1747788178, 0, 386, 944, 941, 22, 7.78%, 233, 0, 3, 5.93
1747788188, 0, 386, 944, 941, 22, 7.78%, 234, 0, 3, 6.25
1747788198, 0, 387, 944, 941, 22, 7.78%, 234, 0, 3, 5.93
1747788219, 0, 388, 944, 941, 22, 7.78%, 234, 0, 3, 6.07
1747788240, 0, 390, 944, 941, 22, 7.78%, 234, 0, 3, 6.06
1747788265, 0, 391, 944, 941, 22, 7.78%, 234, 0, 3, 6.80
1747788286, 0, 392, 944, 941, 22, 7.78%, 234, 0, 3, 6.35
1747788306, 0, 393, 944, 941, 22, 7.78%, 234, 0, 3, 6.35
1747788322, 0, 393, 944, 941, 22, 7.78%, 235, 0, 3, 6.04
1747788327, 0, 394, 944, 941, 22, 7.78%, 235, 0, 3, 6.00
1747788352, 0, 395, 944, 941, 22, 7.78%, 235, 0, 3, 6.68
1747788373, 0, 396, 944, 941, 22, 7.78%, 235, 0, 3, 5.73
1747788389, 0, 396, 944, 941, 22, 7.78%, 236, 0, 3, 6.26
1747788394, 0, 398, 945, 942, 22, 7.78%, 236, 0, 3, 6.46
1747788441, 0, 399, 945, 942, 22, 7.78%, 236, 0, 3, 6.13
1747788462, 0, 401, 945, 942, 22, 7.78%, 236, 0, 3, 6.32
1747788483, 0, 403, 945, 942, 22, 7.78%, 236, 0, 3, 6.36
1747788503, 0, 404, 945, 942, 22, 7.78%, 236, 0, 3, 6.17
1747788524, 0, 406, 945, 942, 22, 7.78%, 236, 0, 3, 5.78
1747788539, 0, 406, 946, 943, 22, 7.78%, 236, 0, 3, 5.08
1747788570, 0, 407, 946, 943, 22, 7.78%, 236, 0, 3, 5.83
1747788581, 0, 407, 946, 943, 22, 7.78%, 237, 0, 3, 6.55
1747788591, 0, 408, 946, 943, 22, 7.78%, 237, 0, 3, 6.17
1747788602, 0, 408, 946, 943, 22, 7.78%, 238, 0, 3, 6.35
1747788612, 0, 409, 946, 943, 22, 7.78%, 238, 0, 3, 5.88
1747788638, 0, 410, 946, 943, 22, 7.78%, 238, 0, 3, 6.47
1747788659, 0, 413, 946, 943, 22, 7.78%, 238, 0, 3, 6.43
1747788664, 0, 413, 946, 943, 22, 7.78%, 239, 0, 3, 6.42
1747788679, 0, 414, 946, 943, 22, 7.78%, 239, 0, 3, 6.07
1747788700, 0, 415, 946, 943, 22, 7.78%, 239, 0, 3, 6.32
1747788720, 0, 418, 946, 943, 22, 7.78%, 239, 0, 3, 6.81
1747788725, 0, 418, 946, 943, 22, 7.78%, 240, 0, 3, 6.38
1747788741, 0, 419, 946, 943, 22, 7.78%, 240, 0, 3, 6.26
1747788751, 0, 419, 947, 944, 22, 7.78%, 240, 0, 3, 6.02
1747788787, 0, 420, 947, 944, 22, 7.78%, 240, 0, 3, 6.26
1747788808, 0, 421, 947, 944, 22, 7.78%, 240, 0, 3, 6.26
1747788824, 0, 421, 947, 944, 22, 7.78%, 241, 0, 3, 6.13
1747788829, 0, 422, 947, 944, 22, 7.78%, 241, 0, 3, 6.38
1747788850, 0, 423, 947, 944, 22, 7.78%, 241, 0, 3, 5.38
1747788870, 0, 424, 947, 944, 22, 7.78%, 241, 0, 3, 6.45
1747788891, 0, 425, 947, 944, 22, 7.78%, 241, 0, 3, 5.96
1747788911, 0, 426, 947, 944, 22, 7.78%, 241, 0, 3, 6.69
1747788937, 0, 428, 947, 944, 22, 7.78%, 241, 0, 3, 5.79
1747788957, 0, 429, 947, 944, 22, 7.78%, 241, 0, 3, 6.34
1747788978, 0, 430, 947, 944, 22, 7.78%, 241, 0, 3, 5.98
1747788999, 0, 431, 947, 944, 22, 7.78%, 241, 0, 3, 5.86
1747789025, 0, 432, 947, 944, 22, 7.78%, 241, 0, 3, 6.25
1747789030, 0, 432, 948, 945, 22, 7.78%, 241, 0, 3, 5.81
1747789066, 0, 433, 948, 945, 22, 7.78%, 241, 0, 3, 5.95
1747789087, 0, 434, 948, 945, 22, 7.78%, 241, 0, 3, 6.24
1747789107, 0, 436, 948, 945, 22, 7.78%, 241, 0, 3, 5.38
1747789128, 0, 437, 948, 945, 22, 7.78%, 241, 0, 3, 6.93
1747789148, 0, 438, 948, 945, 22, 7.78%, 241, 0, 3, 6.05
1747789175, 0, 439, 948, 945, 22, 7.78%, 241, 0, 3, 6.36
1747789195, 0, 440, 948, 945, 22, 7.78%, 241, 0, 3, 6.10
1747789210, 0, 440, 948, 945, 22, 7.78%, 242, 0, 3, 5.49
1747789215, 0, 441, 948, 945, 22, 7.78%, 242, 0, 3, 5.93
1747789236, 0, 442, 948, 945, 22, 7.78%, 242, 0, 3, 6.10
1747789262, 0, 443, 948, 945, 22, 7.78%, 242, 0, 3, 6.81
1747789283, 0, 445, 948, 945, 22, 7.78%, 242, 0, 3, 5.85
1747789304, 0, 446, 948, 945, 22, 7.78%, 242, 0, 3, 6.35
1747789325, 0, 447, 948, 945, 22, 7.78%, 242, 0, 3, 6.18
1747789350, 0, 448, 948, 945, 22, 7.78%, 243, 0, 3, 5.46
1747789371, 0, 449, 948, 945, 22, 7.78%, 243, 0, 3, 5.38
1747789392, 0, 450, 948, 945, 22, 7.78%, 243, 0, 3, 6.61
1747789412, 0, 451, 948, 945, 22, 7.78%, 243, 0, 3, 6.11
1747789433, 0, 452, 948, 945, 22, 7.78%, 243, 0, 3, 6.55
1747789459, 0, 453, 948, 945, 22, 7.78%, 243, 0, 3, 5.95
1747789464, 0, 453, 948, 945, 22, 7.78%, 244, 0, 3, 6.18
1747789475, 0, 454, 948, 945, 22, 7.78%, 244, 0, 3, 6.64
1747789495, 0, 455, 948, 945, 22, 7.78%, 244, 0, 3, 6.35
1747789521, 0, 457, 948, 945, 22, 7.78%, 244, 0, 3, 6.93
1747789634, 0, 460, 948, 944, 22, 7.78%, 244, 0, 3, 7.15
1747789655, 0, 461, 948, 944, 22, 7.78%, 244, 0, 3, 6.19
1747789681, 0, 462, 948, 944, 22, 7.78%, 244, 0, 3, 6.62
1747789701, 0, 463, 948, 944, 22, 7.78%, 244, 0, 3, 5.44
1747789722, 0, 464, 948, 944, 22, 7.78%, 244, 0, 3, 5.73
1747789742, 0, 465, 948, 944, 22, 7.78%, 244, 0, 3, 6.78
1747789763, 0, 469, 948, 944, 22, 7.78%, 244, 0, 3, 6.29
1747789768, 0, 469, 948, 944, 22, 7.78%, 245, 0, 3, 5.56
1747789779, 0, 469, 949, 945, 22, 7.78%, 245, 0, 3, 5.54
1747789784, 0, 469, 949, 945, 22, 7.78%, 246, 0, 3, 5.82
1747789789, 0, 469, 950, 946, 22, 7.78%, 246, 0, 3, 5.47
1747789815, 0, 469, 950, 946, 22, 7.78%, 247, 0, 3, 6.52
1747789831, 0, 469, 950, 946, 22, 7.78%, 249, 0, 3, 5.60
1747789836, 0, 469, 950, 946, 22, 7.78%, 250, 0, 3, 5.80
1747789857, 0, 470, 950, 946, 23, 7.78%, 250, 0, 3, 6.11
1747789877, 0, 471, 950, 946, 23, 7.78%, 250, 0, 3, 6.81
1747789898, 0, 472, 950, 946, 23, 7.78%, 250, 0, 3, 6.32
1747789918, 0, 474, 950, 946, 23, 7.78%, 250, 0, 3, 6.12
1747789944, 0, 475, 950, 946, 23, 7.78%, 250, 0, 3, 6.83
1747789965, 0, 476, 950, 946, 23, 7.78%, 250, 0, 3, 5.88
1747789985, 0, 477, 950, 946, 23, 7.78%, 250, 0, 3, 5.85
1747790006, 0, 479, 950, 946, 23, 7.78%, 250, 0, 3, 6.40
1747790027, 0, 480, 950, 946, 23, 7.78%, 250, 0, 3, 6.41
1747790037, 0, 480, 950, 946, 23, 7.78%, 251, 0, 3, 5.68
1747790047, 0, 481, 950, 946, 23, 7.78%, 251, 0, 3, 7.59
1747790169, 0, 482, 950, 945, 23, 7.78%, 251, 0, 3, 8.77
1747790195, 0, 483, 950, 945, 23, 7.78%, 251, 0, 3, 6.19
1747790216, 0, 484, 950, 945, 23, 7.78%, 251, 0, 3, 6.23
1747790236, 0, 485, 950, 945, 23, 7.78%, 251, 0, 3, 6.70
1747790257, 0, 486, 950, 945, 23, 7.78%, 251, 0, 3, 5.59
1747790278, 0, 487, 950, 945, 23, 7.78%, 251, 0, 3, 6.03
1747790303, 0, 488, 950, 945, 23, 7.78%, 251, 0, 3, 5.54
1747790324, 0, 489, 950, 945, 23, 7.78%, 251, 0, 3, 6.18
1747790344, 0, 490, 950, 945, 23, 7.78%, 251, 0, 3, 5.96
1747790365, 0, 492, 950, 945, 23, 7.78%, 251, 0, 3, 6.21
1747790386, 0, 494, 950, 945, 23, 7.78%, 251, 0, 3, 5.71
1747790412, 0, 495, 950, 945, 23, 7.78%, 251, 0, 3, 6.25
1747790433, 0, 497, 950, 945, 23, 7.78%, 251, 0, 3, 6.42
1747790453, 0, 498, 950, 945, 23, 7.78%, 251, 0, 3, 6.37
1747790474, 0, 501, 950, 945, 23, 7.78%, 251, 0, 3, 5.51
1747790500, 0, 502, 950, 945, 23, 7.78%, 251, 0, 3, 5.59
1747790521, 0, 503, 950, 945, 23, 7.78%, 251, 0, 3, 6.07
1747790541, 0, 504, 950, 945, 23, 7.78%, 251, 0, 3, 6.64
1747790562, 0, 506, 950, 945, 23, 7.78%, 251, 0, 3, 5.85
1747790573, 0, 506, 950, 945, 23, 7.78%, 252, 0, 3, 5.91
1747790583, 0, 506, 950, 945, 23, 7.78%, 253, 0, 3, 6.23
1747790588, 0, 507, 950, 945, 23, 7.78%, 253, 0, 3, 6.00
1747790609, 0, 508, 950, 945, 23, 7.78%, 253, 0, 3, 6.06
1747790629, 0, 509, 950, 945, 23, 7.78%, 253, 0, 3, 6.22
1747790656, 0, 510, 950, 945, 23, 7.78%, 253, 0, 3, 6.17
1747790677, 0, 511, 950, 945, 23, 7.78%, 253, 0, 3, 6.20
1747790687, 0, 511, 950, 945, 23, 7.78%, 254, 0, 3, 5.87
1747790697, 0, 512, 950, 945, 23, 7.78%, 254, 0, 3, 6.28
1747790717, 0, 513, 950, 945, 23, 7.78%, 254, 0, 3, 6.64
1747790739, 0, 514, 950, 945, 23, 7.78%, 254, 0, 3, 5.52
1747790749, 0, 514, 951, 946, 23, 7.78%, 254, 0, 3, 5.09
1747790785, 0, 516, 951, 946, 23, 7.78%, 254, 0, 3, 6.40
1747790806, 0, 517, 951, 946, 23, 7.78%, 254, 0, 3, 6.71
1747790832, 0, 519, 951, 946, 23, 7.78%, 254, 0, 3, 5.11
1747790847, 0, 519, 951, 946, 23, 7.78%, 255, 0, 3, 5.51
1747790852, 0, 520, 951, 946, 23, 7.78%, 255, 0, 3, 5.94
1747790873, 0, 521, 951, 946, 23, 7.78%, 255, 0, 3, 6.64
1747790894, 0, 522, 951, 946, 23, 7.78%, 255, 0, 3, 6.18
1747790905, 0, 522, 951, 946, 23, 7.78%, 256, 0, 3, 5.81
1747790915, 0, 523, 951, 946, 23, 7.78%, 256, 0, 3, 6.41
1747790920, 0, 523, 951, 946, 23, 7.78%, 257, 0, 3, 6.29
1747790936, 0, 524, 951, 946, 23, 7.78%, 257, 0, 3, 6.58
1747790962, 0, 525, 951, 946, 23, 7.78%, 257, 0, 3, 6.66
1747790982, 0, 526, 951, 946, 23, 7.78%, 257, 0, 3, 5.96
1747791002, 0, 527, 951, 946, 23, 7.78%, 257, 0, 3, 6.49
1747791023, 0, 528, 951, 946, 23, 7.78%, 257, 0, 3, 6.73
1747791044, 0, 529, 951, 946, 23, 7.78%, 257, 0, 3, 6.21
1747791064, 0, 530, 951, 946, 23, 7.78%, 257, 0, 3, 6.46
1747791090, 0, 531, 951, 946, 23, 7.78%, 257, 0, 3, 6.09
1747791110, 0, 532, 951, 946, 23, 7.78%, 257, 0, 3, 17.44
1747791188, 0, 532, 952, 947, 23, 7.78%, 257, 0, 3, 11.02
1747791465, 0, 533, 952, 946, 22, 7.78%, 257, 0, 3, 7.80
1747791486, 0, 534, 952, 946, 22, 7.78%, 257, 0, 3, 5.67
1747791506, 0, 536, 952, 946, 22, 7.78%, 257, 0, 3, 6.65
1747791527, 0, 537, 952, 946, 22, 7.78%, 257, 0, 3, 6.58
1747791548, 0, 539, 952, 946, 22, 7.78%, 257, 0, 3, 6.35
1747791569, 0, 541, 952, 946, 22, 7.78%, 257, 0, 3, 6.20
1747791589, 0, 542, 952, 946, 22, 7.78%, 257, 0, 3, 6.20
1747791615, 0, 543, 952, 946, 22, 7.78%, 257, 0, 3, 5.46
1747791635, 0, 544, 952, 946, 22, 7.78%, 257, 0, 3, 6.02
1747791661, 0, 545, 952, 946, 22, 7.78%, 257, 0, 3, 5.72
1747791682, 0, 546, 952, 946, 22, 7.78%, 257, 0, 3, 5.86
1747791703, 0, 547, 952, 946, 22, 7.78%, 258, 0, 3, 5.99
1747791723, 0, 548, 952, 946, 22, 7.78%, 258, 0, 3, 6.08
1747791744, 0, 549, 952, 946, 22, 7.78%, 258, 0, 3, 6.30
1747791769, 0, 550, 952, 946, 22, 7.78%, 258, 0, 3, 6.09
1747791775, 0, 550, 952, 946, 22, 7.78%, 259, 0, 3, 6.32
1747791790, 0, 551, 952, 946, 22, 7.78%, 259, 0, 3, 6.39
1747791811, 0, 552, 952, 946, 22, 7.78%, 259, 0, 3, 6.11
1747791837, 0, 553, 952, 946, 22, 7.78%, 259, 0, 3, 5.32
1747791858, 0, 554, 952, 946, 22, 7.78%, 259, 0, 3, 6.21
1747791878, 0, 555, 952, 946, 22, 7.78%, 259, 0, 3, 6.16
1747791893, 0, 555, 952, 946, 22, 7.78%, 260, 0, 3, 6.29
1747791899, 0, 556, 952, 946, 22, 7.78%, 260, 0, 3, 6.52
1747791919, 0, 557, 952, 946, 22, 7.78%, 260, 0, 3, 5.58
1747791945, 0, 558, 952, 946, 22, 7.78%, 260, 0, 3, 6.44
1747791966, 0, 559, 952, 946, 22, 7.78%, 260, 0, 3, 6.14
1747791987, 0, 559, 953, 947, 22, 7.78%, 260, 0, 3, 4.75
1747792007, 0, 559, 953, 947, 22, 7.78%, 261, 0, 3, 5.87
1747792018, 0, 560, 953, 947, 22, 7.78%, 261, 0, 3, 5.79
1747792038, 0, 561, 953, 947, 22, 7.78%, 261, 0, 3, 6.35
1747792059, 0, 562, 953, 947, 22, 7.78%, 261, 0, 3, 5.66
1747792074, 0, 562, 954, 948, 22, 7.78%, 261, 0, 3, 4.71
1747792105, 0, 563, 954, 948, 22, 7.78%, 261, 0, 3, 6.09
1747792126, 0, 564, 954, 948, 22, 7.78%, 261, 0, 3, 6.68
1747792146, 0, 565, 954, 948, 22, 7.78%, 261, 0, 3, 6.23
1747792167, 0, 567, 954, 948, 22, 7.78%, 261, 0, 3, 6.06
1747792193, 0, 568, 954, 948, 22, 7.78%, 261, 0, 3, 6.40
1747792213, 0, 569, 954, 948, 22, 7.78%, 261, 0, 3, 5.86
1747792234, 0, 570, 954, 948, 22, 7.78%, 261, 0, 3, 6.40
1747792255, 0, 571, 954, 948, 22, 7.78%, 261, 0, 3, 5.71
1747792276, 0, 572, 954, 948, 22, 7.78%, 262, 0, 3, 5.84
1747792301, 0, 573, 954, 948, 22, 7.78%, 262, 0, 3, 6.16
1747792317, 0, 573, 955, 949, 22, 7.78%, 262, 0, 3, 4.86
1747792338, 0, 573, 955, 949, 22, 7.78%, 263, 0, 3, 6.15
1747792348, 0, 574, 955, 949, 22, 7.78%, 263, 0, 3, 6.12
1747792369, 0, 576, 955, 949, 22, 7.78%, 263, 0, 3, 6.30
1747792390, 0, 577, 955, 949, 22, 7.78%, 263, 0, 3, 5.75
1747792411, 0, 577, 956, 950, 22, 7.78%, 263, 0, 3, 6.86
1747792416, 0, 577, 957, 951, 22, 7.78%, 263, 0, 3, 5.51
1747792458, 0, 577, 957, 951, 22, 7.78%, 264, 0, 3, 5.00
1747792489, 0, 578, 957, 951, 22, 7.78%, 264, 0, 3, 5.16
1747792510, 0, 582, 957, 951, 22, 7.78%, 264, 0, 3, 6.17
1747792531, 0, 583, 957, 951, 22, 7.78%, 264, 0, 3, 6.01
1747792557, 0, 584, 957, 951, 22, 7.78%, 264, 0, 3, 5.50
1747792577, 0, 585, 957, 951, 22, 7.78%, 264, 0, 3, 6.51
1747792598, 0, 587, 957, 951, 22, 7.78%, 264, 0, 3, 5.49
1747792608, 0, 587, 957, 951, 22, 7.78%, 265, 0, 3, 5.40
1747792624, 0, 588, 957, 951, 22, 7.78%, 265, 0, 3, 5.95
1747792644, 0, 589, 957, 951, 22, 7.78%, 265, 0, 3, 6.13
1747792665, 0, 590, 957, 951, 22, 7.78%, 265, 0, 3, 5.93
1747792686, 0, 590, 957, 951, 22, 7.78%, 266, 0, 3, 5.52
1747792691, 0, 591, 957, 951, 22, 7.78%, 266, 0, 3, 5.84
1747792711, 0, 593, 957, 951, 22, 7.78%, 266, 0, 3, 6.37
1747792732, 0, 594, 957, 951, 22, 7.78%, 266, 0, 3, 6.32
1747792758, 0, 595, 957, 951, 22, 7.78%, 266, 0, 3, 5.53
1747792784, 0, 596, 957, 951, 22, 7.78%, 266, 0, 3, 6.16
1747792804, 0, 597, 957, 951, 22, 7.78%, 266, 0, 3, 6.01
1747792820, 0, 597, 958, 952, 22, 7.78%, 266, 0, 3, 4.35
1747792846, 0, 597, 959, 953, 22, 7.78%, 266, 0, 3, 5.20
1747792882, 0, 597, 959, 953, 22, 7.78%, 267, 0, 3, 5.64
1747792903, 0, 598, 959, 953, 22, 7.78%, 267, 0, 3, 6.59
1747792923, 0, 599, 959, 953, 22, 7.78%, 267, 0, 3, 5.87
1747792929, 0, 599, 959, 953, 22, 7.78%, 268, 0, 3, 5.91
1747792934, 0, 599, 959, 953, 22, 7.78%, 271, 0, 3, 6.01
1747792950, 0, 600, 959, 953, 22, 7.78%, 271, 0, 3, 5.99
1747792970, 0, 601, 959, 953, 22, 7.78%, 271, 0, 3, 5.30
1747792991, 0, 601, 959, 953, 22, 7.78%, 272, 0, 3, 5.71
1747792996, 0, 602, 959, 953, 22, 7.78%, 272, 0, 3, 5.55
1747793017, 0, 604, 959, 953, 22, 7.78%, 272, 0, 3, 5.74
1747793043, 0, 605, 959, 953, 22, 7.78%, 272, 0, 3, 6.00
1747793063, 0, 607, 959, 953, 22, 7.78%, 272, 0, 3, 5.79
1747793084, 0, 608, 959, 953, 22, 7.78%, 272, 0, 3, 6.18
1747793094, 0, 608, 960, 954, 22, 7.78%, 272, 0, 3, 6.44
1747793131, 0, 609, 960, 954, 22, 7.78%, 272, 0, 3, 5.28
1747793157, 0, 610, 960, 954, 22, 7.78%, 272, 0, 3, 6.32
1747793178, 0, 611, 960, 954, 22, 7.78%, 272, 0, 3, 7.09
1747793188, 0, 611, 961, 955, 22, 7.78%, 272, 0, 3, 5.56
1747793219, 0, 612, 961, 955, 22, 7.78%, 272, 0, 3, 5.84
1747793245, 0, 614, 961, 955, 22, 7.78%, 272, 0, 3, 6.26
1747793250, 0, 614, 961, 955, 22, 7.78%, 273, 0, 3, 6.31
1747793266, 0, 616, 961, 955, 22, 7.78%, 273, 0, 3, 6.41
1747793286, 0, 617, 961, 955, 22, 7.78%, 273, 0, 3, 6.03
1747793307, 0, 619, 961, 955, 22, 7.78%, 273, 0, 3, 6.60
1747793328, 0, 620, 961, 955, 22, 7.78%, 273, 0, 3, 6.12
1747793348, 0, 621, 961, 955, 22, 7.78%, 273, 0, 3, 6.17
1747793374, 0, 622, 961, 955, 22, 7.78%, 273, 0, 3, 6.06
1747793400, 0, 623, 961, 955, 22, 7.78%, 273, 0, 3, 5.11
1747793420, 0, 624, 961, 955, 22, 7.78%, 273, 0, 3, 5.99
1747793426, 0, 624, 961, 955, 22, 7.78%, 274, 0, 3, 5.88
1747793446, 0, 627, 961, 955, 22, 7.78%, 274, 0, 3, 6.01
1747793467, 0, 628, 961, 955, 22, 7.78%, 274, 0, 3, 6.45
1747793487, 0, 629, 961, 955, 22, 7.78%, 274, 0, 3, 6.49
1747793508, 0, 630, 961, 955, 22, 7.78%, 274, 0, 3, 6.00
1747793529, 0, 632, 961, 955, 22, 7.78%, 274, 0, 3, 5.82
1747793544, 0, 632, 961, 955, 22, 7.78%, 275, 0, 3, 5.50
1747793555, 0, 633, 961, 955, 22, 7.78%, 275, 0, 3, 6.41
1747793575, 0, 634, 961, 955, 22, 7.78%, 275, 0, 3, 5.57
1747793596, 0, 635, 961, 955, 22, 7.78%, 276, 0, 3, 5.83
1747793617, 0, 636, 961, 955, 22, 7.78%, 276, 0, 3, 6.51
1747793627, 0, 636, 961, 955, 22, 7.78%, 277, 0, 3, 5.70
1747793637, 0, 636, 961, 955, 22, 7.78%, 278, 0, 3, 5.95
1747793642, 0, 637, 961, 955, 22, 7.78%, 278, 0, 3, 5.81
1747793663, 0, 638, 961, 955, 22, 7.78%, 278, 0, 3, 6.64
1747793684, 0, 638, 962, 956, 22, 7.78%, 278, 0, 3, 5.73
1747793710, 0, 639, 962, 956, 22, 7.78%, 278, 0, 3, 6.18
1747793730, 0, 642, 962, 956, 22, 7.78%, 278, 0, 3, 6.37
1747793751, 0, 643, 963, 957, 22, 7.78%, 278, 0, 3, 5.43
1747793798, 0, 644, 963, 957, 22, 7.78%, 278, 0, 3, 6.11
1747793819, 0, 645, 963, 957, 22, 7.78%, 278, 0, 3, 5.78
1747793839, 0, 647, 963, 957, 22, 7.78%, 278, 0, 3, 6.09
1747793865, 0, 648, 963, 957, 22, 7.78%, 278, 0, 3, 5.54
1747793891, 0, 649, 963, 957, 22, 7.78%, 278, 0, 3, 6.02
1747793911, 0, 650, 963, 957, 22, 7.78%, 278, 0, 3, 5.68
1747793937, 0, 651, 963, 957, 22, 7.78%, 278, 0, 3, 6.59
1747793957, 0, 652, 963, 957, 22, 7.78%, 278, 0, 3, 6.33
1747793978, 0, 653, 963, 957, 22, 7.78%, 278, 0, 3, 6.44
1747793998, 0, 654, 963, 957, 22, 7.78%, 278, 0, 3, 6.08
1747794019, 0, 655, 963, 957, 22, 7.78%, 278, 0, 3, 6.33
1747794040, 0, 656, 963, 957, 22, 7.78%, 278, 0, 3, 5.44
1747794066, 0, 657, 963, 957, 22, 7.78%, 278, 0, 3, 6.36
1747794071, 0, 657, 964, 958, 22, 7.78%, 278, 0, 3, 4.56
1747794112, 0, 658, 964, 958, 22, 7.78%, 278, 0, 3, 5.98
1747794128, 0, 658, 964, 958, 22, 7.78%, 279, 0, 3, 5.43
1747794138, 0, 659, 964, 958, 22, 7.78%, 279, 0, 3, 5.98
1747794159, 0, 660, 964, 958, 22, 7.78%, 279, 0, 3, 6.10
1747794180, 0, 661, 964, 958, 22, 7.78%, 279, 0, 3, 5.93
1747794196, 0, 661, 964, 958, 22, 7.78%, 280, 0, 3, 5.29
1747794207, 0, 662, 964, 958, 22, 7.78%, 280, 0, 3, 5.83
1747794228, 0, 663, 964, 958, 22, 7.78%, 280, 0, 3, 6.17
1747794253, 0, 664, 964, 958, 22, 7.78%, 280, 0, 3, 6.03
1747794274, 0, 665, 964, 958, 22, 7.78%, 280, 0, 3, 5.99
1747794295, 0, 666, 964, 958, 22, 7.78%, 281, 0, 3, 5.45
1747794316, 0, 666, 964, 958, 22, 7.78%, 282, 0, 3, 5.54
1747794321, 0, 667, 964, 958, 22, 7.78%, 282, 0, 3, 6.03
1747794341, 0, 668, 964, 958, 22, 7.78%, 282, 0, 3, 5.60
1747794362, 0, 668, 964, 958, 22, 7.78%, 283, 0, 3, 5.76
1747794367, 0, 669, 964, 958, 22, 7.78%, 283, 0, 3, 5.98
1747794382, 0, 669, 964, 958, 22, 7.78%, 284, 0, 3, 5.94
1747794388, 0, 670, 964, 958, 22, 7.78%, 284, 0, 3, 6.71
1747794408, 0, 671, 964, 958, 22, 7.78%, 284, 0, 3, 6.12
1747794419, 0, 671, 964, 958, 22, 7.78%, 285, 0, 3, 6.61
1747794429, 0, 673, 964, 958, 22, 7.78%, 285, 0, 3, 6.25
1747794450, 0, 674, 964, 958, 22, 7.78%, 285, 0, 3, 5.89
1747794471, 0, 675, 964, 958, 22, 7.78%, 285, 0, 3, 6.98
1747794497, 0, 676, 964, 958, 22, 7.78%, 285, 0, 3, 5.00
1747794517, 0, 677, 964, 958, 22, 7.78%, 285, 0, 3, 6.22
1747794523, 0, 677, 964, 958, 22, 7.78%, 286, 0, 3, 5.36
1747794543, 0, 678, 964, 958, 22, 7.78%, 286, 0, 3, 5.48
1747794554, 0, 678, 965, 959, 22, 7.78%, 286, 0, 3, 4.48
1747794559, 0, 678, 965, 959, 22, 7.78%, 287, 0, 3, 4.54
1747794591, 0, 678, 965, 959, 22, 7.78%, 288, 0, 3, 5.79
1747794596, 0, 680, 965, 959, 22, 7.78%, 288, 0, 3, 6.29
1747794617, 0, 682, 965, 959, 22, 7.78%, 288, 0, 3, 6.14
1747794637, 0, 683, 965, 959, 22, 7.78%, 288, 0, 3, 5.71
1747794663, 0, 684, 965, 959, 22, 7.78%, 288, 0, 3, 5.46
1747794683, 0, 686, 965, 959, 22, 7.78%, 288, 0, 3, 5.93
1747794704, 0, 687, 965, 959, 22, 7.78%, 288, 0, 3, 6.22
1747794709, 0, 687, 965, 959, 22, 7.78%, 289, 0, 3, 5.90
1747794730, 0, 688, 965, 959, 22, 7.78%, 290, 0, 3, 5.81
1747794751, 0, 689, 965, 959, 22, 7.78%, 290, 0, 3, 6.04
1747794772, 0, 690, 965, 959, 22, 7.78%, 290, 0, 3, 5.50
1747794798, 0, 692, 965, 959, 22, 7.78%, 290, 0, 3, 5.80
1747794818, 0, 693, 965, 959, 22, 7.78%, 290, 0, 3, 5.73
1747794839, 0, 694, 965, 959, 22, 7.78%, 290, 0, 3, 6.03
1747794860, 0, 695, 965, 959, 22, 7.78%, 290, 0, 3, 6.18
1747794886, 0, 696, 966, 960, 22, 7.78%, 290, 0, 3, 5.15
1747794933, 0, 697, 966, 960, 22, 7.78%, 290, 0, 3, 6.56
1747794953, 0, 698, 966, 960, 22, 7.78%, 290, 0, 3, 6.38
1747794979, 0, 700, 966, 960, 22, 7.78%, 291, 0, 3, 5.62
1747795000, 0, 701, 966, 960, 22, 7.78%, 291, 0, 3, 6.38
1747795010, 0, 701, 967, 961, 22, 7.78%, 291, 0, 3, 5.26
1747795051, 0, 703, 967, 961, 22, 7.78%, 291, 0, 3, 5.95
1747795072, 0, 704, 967, 961, 22, 7.78%, 291, 0, 3, 6.45
1747795093, 0, 705, 967, 961, 22, 7.78%, 291, 0, 3, 5.68
1747795118, 0, 706, 967, 961, 22, 7.78%, 291, 0, 3, 6.16
1747795139, 0, 707, 967, 961, 22, 7.78%, 291, 0, 3, 6.40
1747795144, 0, 707, 967, 961, 22, 7.78%, 292, 0, 3, 5.91
1747795159, 0, 708, 967, 961, 22, 7.78%, 292, 0, 3, 6.35
1747795185, 0, 709, 967, 961, 22, 7.78%, 292, 0, 3, 6.06
1747795205, 0, 711, 967, 961, 22, 7.78%, 292, 0, 3, 5.71
1747795226, 0, 713, 967, 961, 22, 7.78%, 292, 0, 3, 5.53
1747795252, 0, 714, 967, 961, 22, 7.78%, 292, 0, 3, 5.93
1747795273, 0, 715, 967, 961, 22, 7.78%, 292, 0, 3, 5.88
1747795294, 0, 718, 967, 961, 22, 7.78%, 292, 0, 3, 5.77
1747795319, 0, 719, 967, 961, 22, 7.78%, 292, 0, 3, 6.42
1747795340, 0, 721, 967, 961, 22, 7.78%, 292, 0, 3, 6.45
1747795361, 0, 723, 967, 961, 22, 7.78%, 292, 0, 3, 6.77
1747795382, 0, 724, 967, 961, 22, 7.78%, 292, 0, 3, 5.96
1747795402, 0, 726, 967, 961, 22, 7.78%, 292, 0, 3, 6.59
1747795428, 0, 728, 967, 961, 22, 7.78%, 292, 0, 3, 5.19
1747795449, 0, 729, 967, 961, 22, 7.78%, 292, 0, 3, 6.64
1747795469, 0, 730, 967, 961, 22, 7.78%, 292, 0, 3, 6.02
1747795491, 0, 731, 967, 961, 22, 7.78%, 292, 0, 3, 5.96
1747795516, 0, 733, 967, 961, 22, 7.78%, 292, 0, 3, 6.00
1747795537, 0, 735, 967, 961, 22, 7.78%, 292, 0, 3, 5.76
1747795557, 0, 736, 967, 961, 22, 7.78%, 292, 0, 3, 5.56
1747795583, 0, 737, 967, 961, 22, 7.78%, 292, 0, 3, 6.08
1747795604, 0, 738, 967, 961, 22, 7.78%, 292, 0, 3, 6.06
1747795624, 0, 739, 967, 961, 22, 7.78%, 292, 0, 3, 5.79
1747795650, 0, 740, 967, 961, 22, 7.78%, 292, 0, 3, 5.53
1747795660, 0, 740, 968, 962, 22, 7.78%, 292, 0, 3, 5.12
1747795681, 0, 740, 969, 963, 22, 7.78%, 292, 0, 3, 5.93
1747795738, 0, 741, 969, 963, 22, 7.78%, 292, 0, 3, 6.51
1747795758, 0, 742, 969, 963, 22, 7.78%, 292, 0, 3, 6.29
1747795784, 0, 743, 969, 963, 22, 7.78%, 292, 0, 3, 5.73
1747795795, 0, 743, 970, 964, 22, 7.78%, 293, 0, 3, 6.03
1747795831, 0, 744, 970, 964, 22, 7.78%, 293, 0, 3, 6.67
1747795851, 0, 745, 970, 964, 22, 7.78%, 293, 0, 3, 5.48
1747795877, 0, 746, 970, 964, 22, 7.78%, 293, 0, 3, 5.91
1747795898, 0, 747, 970, 964, 22, 7.78%, 293, 0, 3, 6.02
1747795918, 0, 749, 970, 964, 22, 7.78%, 293, 0, 3, 6.62
1747795939, 0, 750, 970, 964, 22, 7.78%, 293, 0, 3, 6.17
1747795965, 0, 753, 970, 964, 22, 7.78%, 293, 0, 3, 5.28
1747795986, 0, 754, 970, 964, 22, 7.78%, 293, 0, 3, 6.07
1747796007, 0, 755, 970, 964, 22, 7.78%, 293, 0, 3, 5.87
1747796028, 0, 757, 970, 964, 22, 7.78%, 293, 0, 3, 6.05
1747796049, 0, 758, 970, 964, 22, 7.78%, 293, 0, 3, 6.92
1747796074, 0, 760, 970, 964, 22, 7.78%, 293, 0, 3, 6.39
1747796095, 0, 761, 970, 964, 22, 7.78%, 293, 0, 3, 6.11
1747796116, 0, 762, 970, 964, 22, 7.78%, 293, 0, 3, 6.18
1747796142, 0, 764, 970, 964, 22, 7.78%, 293, 0, 3, 5.73
1747796157, 0, 766, 970, 964, 22, 7.78%, 293, 0, 3, 6.48
1747796183, 0, 767, 970, 964, 22, 7.78%, 293, 0, 3, 6.41
1747796204, 0, 767, 971, 965, 22, 7.78%, 293, 0, 3, 4.46
1747796209, 0, 767, 971, 965, 22, 7.78%, 294, 0, 3, 5.58
1747796235, 0, 768, 971, 965, 22, 7.78%, 294, 0, 3, 5.59
1747796255, 0, 769, 971, 965, 22, 7.78%, 294, 0, 3, 5.67
1747796281, 0, 770, 971, 965, 22, 7.78%, 294, 0, 3, 6.18
1747796302, 0, 771, 971, 965, 22, 7.78%, 294, 0, 3, 6.12
1747796322, 0, 772, 971, 965, 22, 7.78%, 294, 0, 3, 7.03
1747796342, 0, 773, 971, 965, 22, 7.78%, 294, 0, 3, 6.02
1747796368, 0, 774, 971, 965, 22, 7.78%, 294, 0, 3, 6.47
1747796389, 0, 775, 971, 965, 22, 7.78%, 294, 0, 3, 5.86
1747796410, 0, 776, 971, 965, 22, 7.78%, 294, 0, 3, 6.09
1747796676, 0, 776, 972, 966, 22, 7.78%, 294, 0, 3, 8.20
1747796707, 0, 776, 973, 967, 22, 7.78%, 294, 0, 3, 8.16
1747796892, 0, 777, 973, 966, 21, 7.78%, 294, 0, 3, 6.43
1747796917, 0, 778, 973, 966, 21, 7.78%, 294, 0, 3, 5.84
1747796938, 0, 779, 973, 966, 21, 7.78%, 294, 0, 3, 6.03
1747796959, 0, 781, 973, 966, 21, 7.78%, 294, 0, 3, 6.70
1747796985, 0, 782, 973, 966, 21, 7.78%, 294, 0, 3, 6.20
1747797006, 0, 783, 973, 966, 21, 7.78%, 294, 0, 3, 6.62
1747797027, 0, 784, 973, 966, 21, 7.78%, 294, 0, 3, 5.78
1747797047, 0, 785, 973, 966, 21, 7.78%, 294, 0, 3, 5.80
1747797073, 0, 786, 973, 966, 21, 7.78%, 294, 0, 3, 6.23
1747797084, 0, 786, 973, 966, 21, 7.78%, 295, 0, 3, 5.71
1747797089, 0, 786, 973, 966, 21, 7.78%, 296, 0, 3, 5.92
1747797094, 0, 787, 973, 966, 21, 7.78%, 296, 0, 3, 5.97
1747797115, 0, 788, 973, 966, 21, 7.78%, 296, 0, 3, 6.24
1747797136, 0, 789, 973, 966, 21, 7.78%, 296, 0, 3, 6.49
1747797157, 0, 790, 973, 966, 21, 7.78%, 296, 0, 3, 5.96
1747797177, 0, 791, 973, 966, 21, 7.78%, 296, 0, 3, 6.18
1747797198, 0, 792, 973, 966, 21, 7.78%, 296, 0, 3, 6.34
1747797224, 0, 794, 973, 966, 21, 7.78%, 296, 0, 3, 5.66
1747797245, 0, 795, 973, 966, 21, 7.78%, 296, 0, 3, 6.52
1747797266, 0, 796, 973, 966, 21, 7.78%, 296, 0, 3, 6.07
1747797286, 0, 797, 973, 966, 21, 7.78%, 296, 0, 3, 6.25
1747797312, 0, 798, 973, 966, 21, 7.78%, 296, 0, 3, 6.39
1747797332, 0, 799, 973, 966, 21, 7.78%, 296, 0, 3, 6.31
1747797353, 0, 800, 973, 966, 21, 7.78%, 296, 0, 3, 6.54
1747797374, 0, 801, 973, 966, 21, 7.78%, 296, 0, 3, 6.51
1747797395, 0, 803, 973, 966, 21, 7.78%, 296, 0, 3, 6.24
1747797416, 0, 805, 973, 966, 21, 7.78%, 296, 0, 3, 5.56
1747797421, 0, 805, 974, 967, 21, 7.78%, 296, 0, 3, 5.36
1747797462, 0, 807, 974, 967, 21, 7.78%, 296, 0, 3, 6.21
1747797488, 0, 808, 974, 967, 21, 7.78%, 296, 0, 3, 5.56
1747797509, 0, 809, 974, 967, 21, 7.78%, 296, 0, 3, 5.87
1747797529, 0, 810, 974, 967, 21, 7.78%, 296, 0, 3, 6.29
1747797550, 0, 811, 974, 967, 21, 7.78%, 296, 0, 3, 5.98
1747797575, 0, 812, 974, 967, 21, 7.78%, 296, 0, 3, 6.00
1747797596, 0, 813, 974, 967, 21, 7.78%, 296, 0, 3, 6.29
1747797622, 0, 814, 974, 967, 21, 7.78%, 296, 0, 3, 5.98
1747797643, 0, 815, 974, 967, 21, 7.78%, 296, 0, 3, 6.24
1747797663, 0, 816, 974, 967, 21, 7.78%, 296, 0, 3, 5.75
1747797684, 0, 817, 974, 967, 21, 7.78%, 296, 0, 3, 6.39
1747797689, 0, 817, 975, 968, 21, 7.78%, 296, 0, 3, 5.04
1747797730, 0, 818, 975, 968, 21, 7.78%, 296, 0, 3, 6.14
1747797756, 0, 819, 975, 968, 21, 7.78%, 296, 0, 3, 6.03
1747797777, 0, 820, 975, 968, 21, 7.78%, 296, 0, 3, 6.29
1747797798, 0, 823, 975, 968, 21, 7.78%, 296, 0, 3, 6.72
1747797818, 0, 824, 975, 968, 21, 7.78%, 296, 0, 3, 6.39
1747797844, 0, 825, 975, 968, 21, 7.78%, 296, 0, 3, 6.68
1747797860, 0, 826, 975, 968, 21, 7.78%, 296, 0, 3, 6.46
1747797886, 0, 828, 975, 968, 21, 7.78%, 296, 0, 3, 6.10
1747797907, 0, 829, 975, 968, 21, 7.78%, 296, 0, 3, 6.84
1747797927, 0, 830, 975, 968, 21, 7.78%, 296, 0, 3, 6.55
1747797948, 0, 832, 975, 968, 21, 7.78%, 296, 0, 3, 5.86
1747797953, 0, 832, 975, 968, 21, 7.78%, 297, 0, 3, 5.34
1747797974, 0, 833, 975, 968, 21, 7.78%, 297, 0, 3, 5.92
1747797994, 0, 834, 975, 968, 21, 7.78%, 297, 0, 3, 5.77
1747798020, 0, 836, 975, 968, 21, 7.78%, 297, 0, 3, 5.91
1747798041, 0, 837, 975, 968, 21, 7.78%, 297, 0, 3, 6.21
1747798061, 0, 838, 975, 968, 21, 7.78%, 297, 0, 3, 6.72
1747798082, 0, 839, 975, 968, 21, 7.78%, 297, 0, 3, 5.52
1747798103, 0, 839, 976, 969, 21, 7.78%, 297, 0, 3, 5.05
1747798113, 0, 839, 977, 970, 21, 7.78%, 297, 0, 3, 4.00
1747798124, 0, 839, 978, 971, 21, 7.78%, 297, 0, 3, 3.82
1747798159, 0, 839, 979, 972, 21, 7.78%, 297, 0, 3, 3.81
1747798200, 0, 839, 980, 973, 21, 7.78%, 297, 0, 3, 3.80
1747798226, 0, 839, 981, 974, 21, 7.78%, 297, 0, 3, 5.05
1747798241, 0, 839, 982, 975, 21, 7.78%, 297, 0, 3, 8.65
1747798395, 0, 839, 984, 977, 21, 7.78%, 297, 0, 3, 3.77
1747798400, 0, 839, 985, 978, 21, 7.78%, 297, 0, 3, 3.73
1747798657, 0, 839, 986, 979, 21, 7.78%, 297, 0, 3, 4.21
1747798662, 0, 839, 987, 980, 21, 7.78%, 297, 0, 3, 4.65
1747798739, 0, 839, 988, 981, 21, 7.78%, 297, 0, 3, 3.86
1747798749, 0, 839, 989, 982, 21, 7.78%, 297, 0, 3, 3.85
1747798755, 0, 839, 990, 983, 21, 7.78%, 297, 0, 3, 3.93
1747798848, 0, 839, 991, 984, 21, 7.79%, 297, 0, 3, 4.77
1747798961, 0, 840, 991, 983, 20, 7.79%, 297, 0, 3, 7.50
1747798986, 0, 842, 991, 983, 20, 7.79%, 297, 0, 3, 6.23
1747799002, 0, 843, 991, 983, 20, 7.79%, 297, 0, 3, 6.80
1747799028, 0, 844, 991, 983, 20, 7.79%, 297, 0, 3, 5.70
1747799048, 0, 845, 991, 983, 20, 7.79%, 297, 0, 3, 6.12
1747799069, 0, 847, 991, 983, 20, 7.79%, 297, 0, 3, 6.69
1747799090, 0, 848, 991, 983, 20, 7.79%, 297, 0, 3, 6.11
1747799100, 0, 848, 991, 983, 20, 7.79%, 298, 0, 3, 5.45
1747799110, 0, 849, 991, 983, 20, 7.79%, 298, 0, 3, 6.14
1747799125, 0, 849, 991, 983, 20, 7.79%, 299, 0, 3, 6.28
1747799131, 0, 850, 991, 983, 20, 7.79%, 299, 0, 3, 6.08
1747799157, 0, 851, 991, 983, 20, 7.79%, 299, 0, 3, 5.60
1747799178, 0, 852, 991, 983, 20, 7.79%, 299, 0, 3, 6.02
1747799198, 0, 853, 991, 983, 20, 7.79%, 299, 0, 3, 5.45
1747799225, 0, 855, 991, 983, 20, 7.79%, 299, 0, 3, 6.57
1747799230, 0, 855, 992, 984, 20, 7.79%, 299, 0, 3, 4.85
1747799271, 0, 856, 992, 984, 20, 7.79%, 299, 0, 3, 5.81
1747799292, 0, 857, 992, 984, 20, 7.79%, 299, 0, 3, 5.64
1747799317, 0, 859, 992, 984, 20, 7.79%, 299, 0, 3, 6.40
1747799338, 0, 860, 992, 984, 20, 7.79%, 299, 0, 3, 5.99
1747799359, 0, 861, 992, 984, 20, 7.79%, 299, 0, 3, 5.69
1747799709, 0, 861, 993, 985, 20, 7.79%, 299, 0, 3, 2.52
1747800669, 0, 861, 994, 986, 20, 7.79%, 299, 0, 3, 3.98
1747800814, 0, 861, 995, 987, 20, 7.79%, 299, 0, 3, 4.00
1747801112, 0, 862, 995, 986, 19, 7.79%, 299, 0, 3, 10.67
1747801122, 0, 863, 995, 986, 19, 7.79%, 299, 0, 3, 10.81
1747801137, 0, 864, 995, 986, 19, 7.79%, 300, 0, 3, 9.76
1747801148, 0, 865, 995, 986, 19, 7.79%, 300, 0, 3, 10.69
1747801163, 0, 867, 995, 986, 19, 7.79%, 300, 0, 3, 9.97
1747801174, 0, 868, 995, 986, 19, 7.79%, 300, 0, 3, 10.17
1747801184, 0, 868, 996, 987, 19, 7.79%, 300, 0, 3, 7.32
1747801204, 0, 869, 996, 987, 19, 7.79%, 301, 0, 3, 9.56
1747801210, 0, 869, 997, 988, 19, 7.79%, 301, 0, 3, 9.68
1747801230, 0, 870, 997, 988, 19, 7.79%, 301, 0, 3, 10.41
1747801245, 0, 871, 997, 988, 19, 7.79%, 301, 0, 3, 10.85
1747801256, 0, 872, 997, 988, 19, 7.79%, 301, 0, 3, 10.48
1747801271, 0, 873, 997, 988, 19, 7.79%, 301, 0, 3, 10.86
1747801281, 0, 874, 997, 988, 19, 7.79%, 301, 0, 3, 10.03
1747801291, 0, 875, 997, 988, 19, 7.79%, 301, 0, 3, 10.51
1747801306, 0, 876, 997, 988, 19, 7.79%, 302, 0, 3, 9.53
1747801322, 0, 877, 997, 988, 19, 7.79%, 302, 0, 3, 10.08
1747801332, 0, 878, 997, 988, 19, 7.79%, 302, 0, 3, 9.84
1747801348, 0, 879, 997, 988, 19, 7.79%, 302, 0, 3, 9.76
1747801358, 0, 881, 997, 988, 19, 7.79%, 302, 0, 3, 10.40
1747801373, 0, 882, 997, 988, 19, 7.79%, 302, 0, 3, 10.44
1747801383, 0, 883, 997, 988, 19, 7.79%, 302, 0, 3, 9.61
1747801399, 0, 885, 997, 988, 19, 7.79%, 302, 0, 3, 9.76
1747801409, 0, 886, 997, 988, 19, 7.79%, 302, 0, 3, 10.08
1747801425, 0, 887, 997, 988, 19, 7.79%, 302, 0, 3, 10.50
1747801440, 0, 888, 997, 988, 19, 7.79%, 302, 0, 3, 9.64
1747801451, 0, 889, 997, 988, 19, 7.79%, 302, 0, 3, 9.86
1747801466, 0, 890, 997, 988, 19, 7.79%, 302, 0, 3, 9.02
1747801476, 0, 891, 997, 988, 19, 7.79%, 302, 0, 3, 9.98
1747801492, 0, 892, 997, 988, 19, 7.79%, 302, 0, 3, 10.66
1747801502, 0, 893, 997, 988, 19, 7.79%, 302, 0, 3, 10.46
1747801518, 0, 894, 997, 988, 19, 7.79%, 302, 0, 3, 10.50
1747801528, 0, 895, 997, 988, 19, 7.79%, 302, 0, 3, 10.72
1747801543, 0, 896, 997, 988, 19, 7.79%, 302, 0, 3, 9.55
1747801554, 0, 897, 997, 988, 19, 7.79%, 302, 0, 3, 9.82
1747801569, 0, 898, 997, 988, 19, 7.79%, 302, 0, 3, 9.29
1747801579, 0, 899, 997, 988, 19, 7.79%, 302, 0, 3, 9.95
1747801594, 0, 900, 997, 988, 19, 7.79%, 302, 0, 3, 10.54
1747801605, 0, 901, 997, 988, 19, 7.79%, 302, 0, 3, 9.91
1747801620, 0, 902, 997, 988, 19, 7.79%, 302, 0, 3, 10.83
1747801631, 0, 903, 997, 988, 19, 7.79%, 302, 0, 3, 10.15
1747801646, 0, 904, 997, 988, 19, 7.79%, 302, 0, 3, 11.05
1747801657, 0, 905, 997, 988, 19, 7.79%, 302, 0, 3, 10.32
1747801672, 0, 906, 997, 988, 19, 7.79%, 302, 0, 3, 10.31
1747801682, 0, 907, 997, 988, 19, 7.79%, 302, 0, 3, 9.35
1747801698, 0, 908, 997, 988, 19, 7.79%, 302, 0, 3, 10.48
1747801708, 0, 909, 997, 988, 19, 7.79%, 302, 0, 3, 10.92
1747801723, 0, 910, 997, 988, 19, 7.79%, 302, 0, 3, 10.73
1747801734, 0, 911, 997, 988, 19, 7.79%, 302, 0, 3, 10.50
1747801749, 0, 912, 997, 988, 19, 7.79%, 302, 0, 3, 10.58
1747801759, 0, 914, 997, 988, 19, 7.79%, 302, 0, 3, 10.27
1747801775, 0, 915, 997, 988, 19, 7.79%, 302, 0, 3, 10.11
1747801790, 0, 916, 997, 988, 19, 7.79%, 302, 0, 3, 11.13
1747801800, 0, 917, 997, 988, 19, 7.79%, 302, 0, 3, 11.03
1747801811, 0, 918, 997, 988, 19, 7.79%, 302, 0, 3, 10.60
1747801826, 0, 919, 997, 988, 19, 7.79%, 302, 0, 3, 10.14
1747801836, 0, 920, 997, 988, 19, 7.79%, 302, 0, 3, 9.98
1747801851, 0, 921, 997, 988, 19, 7.79%, 302, 0, 3, 10.16
1747801862, 0, 922, 997, 988, 19, 7.79%, 302, 0, 3, 9.52
1747801877, 0, 923, 997, 988, 19, 7.79%, 302, 0, 3, 11.12
1747801887, 0, 924, 997, 988, 19, 7.79%, 303, 0, 3, 10.64
1747801902, 0, 925, 997, 988, 19, 7.79%, 303, 0, 3, 10.13
1747801913, 0, 926, 997, 988, 19, 7.79%, 303, 0, 3, 10.37
1747801928, 0, 927, 997, 988, 19, 7.79%, 303, 0, 3, 10.35
1747801938, 0, 928, 997, 988, 19, 7.79%, 303, 0, 3, 9.78
1747801954, 0, 929, 997, 988, 19, 7.79%, 303, 0, 3, 9.28
1747801964, 0, 929, 998, 989, 19, 7.79%, 303, 0, 3, 9.06
1747801980, 0, 930, 998, 989, 19, 7.79%, 303, 0, 3, 10.61
1747801995, 0, 931, 998, 989, 19, 7.79%, 304, 0, 3, 11.23
1747802005, 0, 932, 998, 989, 19, 7.79%, 304, 0, 3, 10.04
1747802020, 0, 933, 998, 989, 19, 7.79%, 304, 0, 3, 10.39
1747802031, 0, 934, 998, 989, 19, 7.79%, 304, 0, 3, 10.55
1747802041, 0, 935, 998, 989, 19, 7.79%, 304, 0, 3, 11.10
1747802056, 0, 936, 998, 989, 19, 7.79%, 304, 0, 3, 9.87
1747802072, 0, 938, 998, 989, 19, 7.79%, 304, 0, 3, 8.99
1747802082, 0, 939, 998, 989, 19, 7.79%, 304, 0, 3, 9.58
1747802097, 0, 940, 998, 989, 19, 7.79%, 304, 0, 3, 10.71
1747802107, 0, 941, 998, 989, 19, 7.79%, 304, 0, 3, 10.23
1747802123, 0, 942, 998, 989, 19, 7.79%, 304, 0, 3, 9.75
1747802133, 0, 943, 998, 989, 19, 7.79%, 304, 0, 3, 10.55
1747802149, 0, 945, 998, 989, 19, 7.79%, 304, 0, 3, 10.35
1747802159, 0, 946, 998, 989, 19, 7.79%, 304, 0, 3, 10.34
1747802174, 0, 948, 998, 989, 19, 7.79%, 304, 0, 3, 10.52
1747802184, 0, 949, 998, 989, 19, 7.79%, 304, 0, 3, 11.04
1747802195, 0, 950, 998, 989, 19, 7.79%, 304, 0, 3, 9.97
1747802210, 0, 951, 998, 989, 19, 7.79%, 304, 0, 3, 11.13
1747802220, 0, 952, 998, 989, 19, 7.79%, 304, 0, 3, 10.65
1747802236, 0, 954, 998, 989, 19, 7.79%, 304, 0, 3, 11.06
1747802246, 0, 957, 998, 989, 19, 7.79%, 304, 0, 3, 10.04
1747802261, 0, 958, 998, 989, 19, 7.79%, 304, 0, 3, 10.55
1747802272, 0, 959, 998, 989, 19, 7.79%, 304, 0, 3, 10.19
1747802287, 0, 961, 998, 989, 19, 7.79%, 304, 0, 3, 10.40
1747802298, 0, 962, 998, 989, 19, 7.79%, 304, 0, 3, 10.53
1747802313, 0, 963, 998, 989, 19, 7.79%, 304, 0, 3, 9.88
1747802323, 0, 964, 998, 989, 19, 7.79%, 304, 0, 3, 11.21
1747802333, 0, 965, 998, 989, 19, 7.79%, 304, 0, 3, 11.60
1747802349, 0, 966, 998, 989, 19, 7.79%, 304, 0, 3, 10.16
1747802359, 0, 967, 998, 989, 19, 7.79%, 304, 0, 3, 10.45
1747802364, 0, 967, 998, 989, 19, 7.79%, 305, 0, 3, 10.82
1747802374, 0, 968, 998, 989, 19, 7.79%, 305, 0, 3, 9.98
1747802385, 0, 969, 998, 989, 19, 7.79%, 305, 0, 3, 9.94
1747802405, 0, 970, 998, 989, 19, 7.79%, 305, 0, 3, 6.37
1747802415, 0, 970, 998, 989, 19, 7.79%, 306, 0, 3, 6.05
1747802426, 0, 971, 998, 989, 19, 7.79%, 306, 0, 3, 5.99
1747802447, 0, 972, 998, 989, 19, 7.79%, 306, 0, 3, 6.18
1747802473, 0, 973, 998, 989, 19, 7.79%, 306, 0, 3, 6.21
1747802494, 0, 974, 998, 989, 19, 7.79%, 306, 0, 3, 6.19
1747802515, 0, 976, 998, 989, 19, 7.79%, 306, 0, 3, 5.91
1747802536, 0, 977, 998, 989, 19, 7.79%, 306, 0, 3, 5.74
1747802557, 0, 978, 998, 989, 19, 7.79%, 306, 0, 3, 6.28
1747802582, 0, 979, 998, 989, 19, 7.79%, 306, 0, 3, 5.85
1747802588, 0, 979, 998, 989, 19, 7.79%, 307, 0, 3, 5.45
1747802603, 0, 980, 998, 989, 19, 7.79%, 307, 0, 3, 6.33
1747802624, 0, 981, 998, 989, 19, 7.79%, 307, 0, 3, 5.83
1747802650, 0, 982, 998, 989, 19, 7.79%, 307, 0, 3, 5.24
1747802671, 0, 983, 998, 989, 19, 7.79%, 307, 0, 3, 6.24
1747802691, 0, 984, 998, 989, 19, 7.79%, 307, 0, 3, 6.76
1747802712, 0, 986, 998, 989, 19, 7.79%, 307, 0, 3, 6.09
1747802738, 0, 987, 998, 989, 19, 7.79%, 307, 0, 3, 5.87
1747802758, 0, 990, 998, 989, 19, 7.79%, 307, 0, 3, 6.31
1747802779, 0, 991, 998, 989, 19, 7.79%, 307, 0, 3, 5.83
1747802800, 0, 992, 998, 989, 19, 7.79%, 307, 0, 3, 6.05
1747802820, 0, 993, 998, 989, 19, 7.79%, 307, 0, 3, 6.25
1747802841, 0, 994, 998, 989, 19, 7.79%, 307, 0, 3, 6.62
1747802868, 0, 995, 998, 989, 19, 7.79%, 307, 0, 3, 6.40
1747802889, 0, 996, 998, 989, 19, 7.79%, 307, 0, 3, 6.16
1747802910, 1, 0, 998, 989, 19, 7.79%, 307, 0, 3, 5.83
1747802936, 1, 1, 998, 989, 19, 7.79%, 307, 0, 3, 5.62
1747802951, 1, 1, 999, 990, 19, 7.79%, 307, 0, 3, 6.32
1747802982, 1, 2, 999, 990, 19, 7.79%, 307, 0, 3, 6.22
1747803003, 1, 3, 999, 990, 19, 7.79%, 307, 0, 3, 6.12
1747803024, 1, 4, 999, 990, 19, 7.79%, 307, 0, 3, 5.94
1747803050, 1, 5, 999, 990, 19, 7.79%, 307, 0, 3, 6.25
1747803070, 1, 6, 999, 990, 19, 7.79%, 307, 0, 3, 6.33
1747803091, 1, 7, 999, 990, 19, 7.79%, 307, 0, 3, 5.85
1747803112, 1, 8, 999, 990, 19, 7.79%, 307, 0, 3, 5.75
1747803133, 1, 9, 999, 990, 19, 7.79%, 307, 0, 3, 6.09
1747803159, 1, 10, 999, 990, 19, 7.79%, 307, 0, 3, 5.57
1747803179, 1, 12, 999, 990, 19, 7.79%, 307, 0, 3, 6.27
1747803200, 1, 13, 999, 990, 19, 7.79%, 307, 0, 3, 6.34
1747803226, 1, 15, 999, 990, 19, 7.79%, 307, 0, 3, 5.81
1747803246, 1, 16, 999, 990, 19, 7.79%, 307, 0, 3, 6.26
1747803267, 1, 17, 999, 990, 19, 7.79%, 307, 0, 3, 6.12
1747803292, 1, 18, 999, 990, 19, 7.79%, 307, 0, 3, 6.67
1747803313, 1, 18, 1000, 991, 19, 7.79%, 307, 0, 3, 6.43
1747803334, 1, 19, 1000, 991, 19, 7.79%, 307, 0, 3, 6.38
1747803360, 1, 20, 1000, 991, 19, 7.79%, 307, 0, 3, 6.51
1747803381, 1, 22, 1000, 991, 19, 7.79%, 307, 0, 3, 6.41
1747803401, 1, 23, 1000, 991, 19, 7.79%, 307, 0, 3, 6.26
1747803422, 1, 24, 1000, 991, 19, 7.79%, 307, 0, 3, 5.69
1747803443, 1, 26, 1000, 991, 19, 7.79%, 307, 0, 3, 6.11
1747803463, 1, 27, 1000, 991, 19, 7.79%, 307, 0, 3, 5.92
1747803489, 1, 28, 1000, 991, 19, 7.79%, 307, 0, 3, 5.97
1747803510, 1, 30, 1000, 991, 19, 7.79%, 307, 0, 3, 6.49
1747803531, 1, 31, 1000, 991, 19, 7.79%, 307, 0, 3, 5.98
1747803536, 1, 31, 1001, 992, 19, 7.79%, 307, 0, 3, 5.81
1747803577, 1, 33, 1001, 992, 19, 7.79%, 308, 0, 3, 5.84
1747803598, 1, 35, 1001, 992, 19, 7.79%, 308, 0, 3, 6.46
1747803618, 1, 36, 1001, 992, 19, 7.79%, 308, 0, 3, 5.94
1747803639, 1, 39, 1001, 992, 19, 7.79%, 308, 0, 3, 6.52
1747803665, 1, 40, 1001, 992, 19, 7.79%, 308, 0, 3, 6.40
1747803686, 1, 41, 1001, 992, 19, 7.79%, 308, 0, 3, 6.65
1747803707, 1, 42, 1001, 992, 19, 7.79%, 308, 0, 3, 5.93
1747803728, 1, 43, 1001, 992, 19, 7.79%, 308, 0, 3, 6.93
1747803749, 1, 45, 1001, 992, 19, 7.79%, 308, 0, 3, 6.14
1747803759, 1, 45, 1002, 993, 19, 7.79%, 308, 0, 3, 6.18
1747803795, 1, 46, 1002, 993, 19, 7.79%, 308, 0, 3, 6.00
1747803816, 1, 47, 1002, 993, 19, 7.79%, 308, 0, 3, 5.81
1747803842, 1, 48, 1002, 993, 19, 7.79%, 308, 0, 3, 5.69
1747803863, 1, 50, 1002, 993, 19, 7.79%, 308, 0, 3, 6.10
1747803883, 1, 53, 1002, 993, 19, 7.79%, 308, 0, 3, 5.67
1747803909, 1, 54, 1002, 993, 19, 7.79%, 308, 0, 3, 5.41
1747803924, 1, 54, 1003, 994, 19, 7.79%, 308, 0, 3, 6.22
1747803956, 1, 55, 1003, 994, 19, 7.79%, 308, 0, 3, 6.23
1747803976, 1, 56, 1003, 994, 19, 7.79%, 308, 0, 3, 5.99
1747803997, 1, 58, 1003, 994, 19, 7.79%, 308, 0, 3, 5.50
1747804023, 1, 59, 1003, 994, 19, 7.79%, 308, 0, 3, 6.60
1747804044, 1, 60, 1003, 994, 19, 7.79%, 308, 0, 3, 6.17
1747804064, 1, 61, 1003, 994, 19, 7.79%, 308, 0, 3, 6.24
1747804085, 1, 64, 1003, 994, 19, 7.79%, 308, 0, 3, 5.33
1747804111, 1, 65, 1003, 994, 19, 7.79%, 308, 0, 3, 6.12
1747804132, 1, 66, 1003, 994, 19, 7.79%, 308, 0, 3, 6.35
1747804153, 1, 67, 1003, 994, 19, 7.79%, 308, 0, 3, 6.72
1747804173, 1, 69, 1003, 994, 19, 7.79%, 308, 0, 3, 5.97
1747804199, 1, 70, 1003, 994, 19, 7.79%, 308, 0, 3, 6.77
1747804214, 1, 70, 1003, 994, 19, 7.79%, 309, 0, 3, 5.89
1747804219, 1, 71, 1003, 994, 19, 7.79%, 309, 0, 3, 5.84
1747804240, 1, 72, 1003, 994, 19, 7.79%, 309, 0, 3, 5.77
1747804261, 1, 73, 1003, 994, 19, 7.79%, 309, 0, 3, 6.14
1747804286, 1, 75, 1003, 994, 19, 7.79%, 309, 0, 3, 6.15
1747804307, 1, 76, 1003, 994, 19, 7.79%, 309, 0, 3, 5.80
1747804333, 1, 78, 1003, 994, 19, 7.79%, 309, 0, 3, 5.75
1747804353, 1, 79, 1003, 994, 19, 7.79%, 309, 0, 3, 6.18
1747804374, 1, 80, 1003, 994, 19, 7.79%, 309, 0, 3, 5.94
1747804389, 1, 80, 1004, 995, 19, 7.79%, 309, 0, 3, 4.80
1747804425, 1, 81, 1004, 995, 19, 7.79%, 309, 0, 3, 6.39
1747804441, 1, 82, 1004, 995, 19, 7.79%, 309, 0, 3, 6.54
1747804467, 1, 83, 1004, 995, 19, 7.79%, 309, 0, 3, 6.35
1747804487, 1, 84, 1004, 995, 19, 7.79%, 309, 0, 3, 5.68
1747804507, 1, 86, 1004, 995, 19, 7.79%, 309, 0, 3, 5.91
1747804533, 1, 87, 1004, 995, 19, 7.79%, 309, 0, 3, 5.82
1747804554, 1, 88, 1004, 995, 19, 7.79%, 309, 0, 3, 6.41
1747804580, 1, 89, 1004, 995, 19, 7.79%, 309, 0, 3, 5.74
1747804602, 1, 91, 1004, 995, 19, 7.79%, 309, 0, 3, 6.08
1747804622, 1, 92, 1004, 995, 19, 7.79%, 309, 0, 3, 6.30
1747804648, 1, 94, 1004, 995, 19, 7.79%, 309, 0, 3, 5.62
1747804669, 1, 96, 1004, 995, 19, 7.79%, 309, 0, 3, 5.90
1747804689, 1, 97, 1004, 995, 19, 7.79%, 309, 0, 3, 6.41
1747804715, 1, 98, 1004, 995, 19, 7.79%, 309, 0, 3, 5.16
1747804736, 1, 99, 1004, 995, 19, 7.79%, 309, 0, 3, 5.73
1747804762, 1, 100, 1004, 995, 19, 7.79%, 309, 0, 3, 5.60
1747804782, 1, 102, 1004, 995, 19, 7.79%, 309, 0, 3, 6.01
1747804808, 1, 103, 1004, 995, 19, 7.79%, 309, 0, 3, 5.88
1747804829, 1, 104, 1004, 995, 19, 7.79%, 309, 0, 3, 6.08
1747804850, 1, 105, 1004, 995, 19, 7.79%, 309, 0, 3, 6.50
1747804870, 1, 106, 1004, 995, 19, 7.79%, 309, 0, 3, 6.57
1747804896, 1, 107, 1004, 995, 19, 7.79%, 309, 0, 3, 5.87
1747804916, 1, 108, 1004, 995, 19, 7.79%, 309, 0, 3, 6.15
1747804937, 1, 109, 1004, 995, 19, 7.79%, 309, 0, 3, 6.35
1747804963, 1, 110, 1004, 995, 19, 7.79%, 309, 0, 3, 5.95
1747804984, 1, 111, 1004, 995, 19, 7.79%, 309, 0, 3, 6.02
1747805004, 1, 112, 1004, 995, 19, 7.79%, 309, 0, 3, 6.05
1747805025, 1, 114, 1004, 995, 19, 7.79%, 309, 0, 3, 6.41
1747805046, 1, 115, 1004, 995, 19, 7.79%, 309, 0, 3, 5.91
1747805072, 1, 116, 1004, 995, 19, 7.79%, 309, 0, 3, 6.33
1747805092, 1, 119, 1004, 995, 19, 7.79%, 309, 0, 3, 6.23
1747805113, 1, 121, 1004, 995, 19, 7.79%, 309, 0, 3, 5.70
1747805134, 1, 122, 1004, 995, 19, 7.79%, 309, 0, 3, 6.02
1747805160, 1, 123, 1004, 995, 19, 7.79%, 309, 0, 3, 6.07
1747805180, 1, 124, 1004, 995, 19, 7.79%, 309, 0, 3, 5.72
1747805191, 1, 124, 1005, 996, 19, 7.79%, 309, 0, 3, 4.74
1747805232, 1, 125, 1005, 996, 19, 7.79%, 309, 0, 3, 5.81
1747805253, 1, 126, 1005, 996, 19, 7.79%, 309, 0, 3, 6.83
1747805269, 1, 127, 1005, 996, 19, 7.79%, 309, 0, 3, 6.02
1747805294, 1, 128, 1005, 996, 19, 7.79%, 309, 0, 3, 6.02
1747805316, 1, 130, 1005, 996, 19, 7.79%, 309, 0, 3, 5.83
1747805337, 1, 132, 1005, 996, 19, 7.79%, 309, 0, 3, 6.08
1747805358, 1, 134, 1005, 996, 19, 7.79%, 309, 0, 3, 11.21
1747805501, 1, 135, 1005, 995, 18, 7.79%, 309, 0, 3, 10.54
1747805527, 1, 136, 1005, 995, 18, 7.79%, 309, 0, 3, 5.75
1747805548, 1, 137, 1005, 995, 18, 7.79%, 309, 0, 3, 6.36
1747805568, 1, 139, 1005, 995, 18, 7.79%, 309, 0, 3, 6.56
1747805589, 1, 141, 1005, 995, 18, 7.79%, 309, 0, 3, 6.20
1747805609, 1, 142, 1005, 995, 18, 7.79%, 309, 0, 3, 5.93
1747805630, 1, 143, 1005, 995, 18, 7.79%, 309, 0, 3, 6.32
1747805651, 1, 144, 1005, 995, 18, 7.79%, 309, 0, 3, 5.83
1747805677, 1, 145, 1005, 995, 18, 7.79%, 309, 0, 3, 6.23
1747805697, 1, 146, 1005, 995, 18, 7.79%, 309, 0, 3, 5.32
1747805723, 1, 147, 1005, 995, 18, 7.79%, 309, 0, 3, 5.80
1747805743, 1, 148, 1005, 995, 18, 7.79%, 309, 0, 3, 6.15
1747805754, 1, 148, 1006, 996, 18, 7.79%, 309, 0, 3, 5.96
1747805790, 1, 149, 1006, 996, 18, 7.79%, 309, 0, 3, 5.98
1747805811, 1, 150, 1006, 996, 18, 7.79%, 309, 0, 3, 5.16
1747805837, 1, 151, 1006, 996, 18, 7.79%, 309, 0, 3, 5.13
1747805858, 1, 153, 1006, 996, 18, 7.79%, 309, 0, 3, 6.13
1747805879, 1, 154, 1006, 996, 18, 7.79%, 309, 0, 3, 5.61
1747805904, 1, 155, 1006, 996, 18, 7.79%, 309, 0, 3, 6.01
1747805925, 1, 157, 1006, 996, 18, 7.79%, 309, 0, 3, 6.63
1747805945, 1, 158, 1006, 996, 18, 7.79%, 309, 0, 3, 6.30
1747805966, 1, 159, 1006, 996, 18, 7.79%, 309, 0, 3, 5.87
1747805992, 1, 160, 1006, 996, 18, 7.79%, 309, 0, 3, 6.05
1747806012, 1, 161, 1006, 996, 18, 7.79%, 309, 0, 3, 5.73
1747806023, 1, 161, 1007, 997, 18, 7.79%, 309, 0, 3, 4.54
1747806059, 1, 162, 1007, 997, 18, 7.79%, 309, 0, 3, 6.48
1747806079, 1, 163, 1007, 997, 18, 7.79%, 309, 0, 3, 6.49
1747806100, 1, 165, 1007, 997, 18, 7.79%, 309, 0, 3, 6.77
1747806120, 1, 167, 1007, 997, 18, 7.79%, 309, 0, 3, 5.88
1747806141, 1, 168, 1007, 997, 18, 7.79%, 309, 0, 3, 6.52
1747806162, 1, 169, 1007, 997, 18, 7.79%, 309, 0, 3, 6.07
1747806183, 1, 170, 1007, 997, 18, 7.79%, 309, 0, 3, 6.09
1747806209, 1, 171, 1007, 997, 18, 7.79%, 309, 0, 3, 5.67
1747806229, 1, 174, 1007, 997, 18, 7.79%, 309, 0, 3, 6.27
1747806250, 1, 176, 1007, 997, 18, 7.79%, 309, 0, 3, 6.02
1747806276, 1, 177, 1007, 997, 18, 7.79%, 309, 0, 3, 6.23
1747806297, 1, 178, 1007, 997, 18, 7.79%, 309, 0, 3, 6.23
1747806317, 1, 181, 1007, 997, 18, 7.79%, 309, 0, 3, 6.29
1747806338, 1, 182, 1007, 997, 18, 7.79%, 309, 0, 3, 5.90
1747806359, 1, 183, 1007, 997, 18, 7.79%, 309, 0, 3, 5.57
1747806385, 1, 184, 1007, 997, 18, 7.79%, 309, 0, 3, 5.70
1747806406, 1, 185, 1007, 997, 18, 7.79%, 309, 0, 3, 6.69
1747806426, 1, 188, 1007, 997, 18, 7.79%, 309, 0, 3, 6.16
1747806447, 1, 189, 1007, 997, 18, 7.79%, 309, 0, 3, 5.98
1747806468, 1, 190, 1007, 997, 18, 7.79%, 309, 0, 3, 5.44
1747806488, 1, 191, 1007, 997, 18, 7.79%, 309, 0, 3, 7.18
1747806509, 1, 194, 1007, 997, 18, 7.79%, 309, 0, 3, 6.16
1747806535, 1, 195, 1007, 997, 18, 7.79%, 309, 0, 3, 5.94
1747806555, 1, 196, 1007, 997, 18, 7.79%, 309, 0, 3, 5.71
1747806576, 1, 197, 1007, 997, 18, 7.79%, 309, 0, 3, 6.67
1747806602, 1, 198, 1007, 997, 18, 7.79%, 309, 0, 3, 6.25
1747806622, 1, 199, 1007, 997, 18, 7.79%, 309, 0, 3, 6.21
1747806643, 1, 200, 1007, 997, 18, 7.79%, 309, 0, 3, 6.19
1747806664, 1, 201, 1007, 997, 18, 7.79%, 309, 0, 3, 5.34
1747806690, 1, 202, 1007, 997, 18, 7.79%, 309, 0, 3, 6.09
1747806711, 1, 203, 1007, 997, 18, 7.79%, 309, 0, 3, 6.13
1747806731, 1, 204, 1007, 997, 18, 7.79%, 309, 0, 3, 6.20
1747806757, 1, 205, 1007, 997, 18, 7.79%, 309, 0, 3, 6.36
1747806778, 1, 206, 1007, 997, 18, 7.79%, 309, 0, 3, 6.54
1747806799, 1, 207, 1007, 997, 18, 7.79%, 309, 0, 3, 6.37
1747806819, 1, 208, 1007, 997, 18, 7.79%, 309, 0, 3, 6.28
1747806840, 1, 209, 1007, 997, 18, 7.79%, 309, 0, 3, 6.38
1747806866, 1, 210, 1007, 997, 18, 7.79%, 309, 0, 3, 6.45
1747806881, 1, 211, 1007, 997, 18, 7.79%, 309, 0, 3, 6.91
1747806984, 1, 212, 1007, 996, 17, 7.79%, 309, 0, 3, 8.37
1747807010, 1, 213, 1007, 996, 17, 7.79%, 309, 0, 3, 6.20
1747807031, 1, 214, 1007, 996, 17, 7.79%, 309, 0, 3, 6.31
1747807052, 1, 215, 1007, 996, 17, 7.79%, 309, 0, 3, 5.76
1747807073, 1, 216, 1007, 996, 17, 7.79%, 309, 0, 3, 6.41
1747807093, 1, 217, 1007, 996, 17, 7.79%, 309, 0, 3, 5.91
1747807114, 1, 219, 1007, 996, 17, 7.79%, 309, 0, 3, 6.67
1747807140, 1, 220, 1007, 996, 17, 7.79%, 309, 0, 3, 6.63
1747807161, 1, 221, 1007, 996, 17, 7.79%, 309, 0, 3, 6.01
1747807181, 1, 222, 1007, 996, 17, 7.79%, 309, 0, 3, 6.14
1747807207, 1, 223, 1007, 996, 17, 7.79%, 309, 0, 3, 6.15
1747807228, 1, 224, 1007, 996, 17, 7.79%, 309, 0, 3, 6.15
1747807249, 1, 225, 1007, 996, 17, 7.79%, 309, 0, 3, 6.09
1747807275, 1, 226, 1007, 996, 17, 7.79%, 309, 0, 3, 5.80
1747807295, 1, 227, 1007, 996, 17, 7.79%, 309, 0, 3, 6.39
1747807316, 1, 228, 1007, 996, 17, 7.79%, 309, 0, 3, 6.65
1747807336, 1, 229, 1007, 996, 17, 7.79%, 309, 0, 3, 5.60
1747807357, 1, 230, 1007, 996, 17, 7.79%, 309, 0, 3, 6.46
1747807383, 1, 234, 1007, 996, 17, 7.79%, 309, 0, 3, 5.76
1747807404, 1, 235, 1007, 996, 17, 7.79%, 309, 0, 3, 6.24
1747807424, 1, 236, 1007, 996, 17, 7.79%, 309, 0, 3, 5.87
1747807445, 1, 237, 1007, 996, 17, 7.79%, 309, 0, 3, 6.14
1747807471, 1, 238, 1007, 996, 17, 7.79%, 309, 0, 3, 5.96
1747807492, 1, 239, 1007, 996, 17, 7.79%, 309, 0, 3, 6.65
1747807513, 1, 240, 1007, 996, 17, 7.79%, 309, 0, 3, 5.95
1747807538, 1, 241, 1007, 996, 17, 7.79%, 309, 0, 3, 5.98
1747807559, 1, 242, 1007, 996, 17, 7.79%, 309, 0, 3, 6.52
1747807574, 1, 243, 1007, 996, 17, 7.79%, 309, 0, 3, 7.20
1747807600, 1, 244, 1007, 996, 17, 7.79%, 309, 0, 3, 6.69
1747807616, 1, 245, 1007, 996, 17, 7.79%, 309, 0, 3, 6.49
1747807642, 1, 246, 1007, 996, 17, 7.79%, 309, 0, 3, 6.00
1747807663, 1, 247, 1007, 996, 17, 7.79%, 309, 0, 3, 5.50
1747807689, 1, 249, 1007, 996, 17, 7.79%, 309, 0, 3, 6.69
1747807705, 1, 250, 1007, 996, 17, 7.79%, 309, 0, 3, 6.48
1747807731, 1, 252, 1007, 996, 17, 7.79%, 309, 0, 3, 5.92
1747807752, 1, 253, 1007, 996, 17, 7.79%, 309, 0, 3, 6.03
1747807772, 1, 254, 1007, 996, 17, 7.79%, 309, 0, 3, 6.58
1747807798, 1, 255, 1007, 996, 17, 7.79%, 309, 0, 3, 5.69
1747807819, 1, 256, 1007, 996, 17, 7.79%, 309, 0, 3, 6.10
1747807844, 1, 257, 1007, 996, 17, 7.79%, 309, 0, 3, 6.06
1747807865, 1, 258, 1007, 996, 17, 7.79%, 309, 0, 3, 6.05
1747807891, 1, 259, 1007, 996, 17, 7.79%, 309, 0, 3, 5.65
1747807912, 1, 260, 1007, 996, 17, 7.79%, 309, 0, 3, 6.28
1747807933, 1, 262, 1007, 996, 17, 7.79%, 309, 0, 3, 5.75
1747807953, 1, 263, 1007, 996, 17, 7.79%, 309, 0, 3, 6.14
1747807974, 1, 264, 1007, 996, 17, 7.79%, 309, 0, 3, 6.50
1747807999, 1, 265, 1007, 996, 17, 7.79%, 309, 0, 3, 6.46
1747808020, 1, 266, 1007, 996, 17, 7.79%, 309, 0, 3, 6.74
1747808040, 1, 267, 1007, 996, 17, 7.79%, 309, 0, 3, 6.26
1747808061, 1, 271, 1007, 996, 17, 7.79%, 309, 0, 3, 6.00
1747808087, 1, 273, 1007, 996, 17, 7.79%, 309, 0, 3, 6.52
1747808107, 1, 275, 1007, 996, 17, 7.79%, 309, 0, 3, 6.42
1747808113, 1, 275, 1008, 997, 17, 7.79%, 309, 0, 3, 6.03
1747808149, 1, 276, 1008, 997, 17, 7.79%, 309, 0, 3, 6.66
1747808170, 1, 277, 1008, 997, 17, 7.79%, 309, 0, 3, 5.58
1747808195, 1, 278, 1008, 997, 17, 7.79%, 309, 0, 3, 6.19
1747808216, 1, 279, 1008, 997, 17, 7.79%, 309, 0, 3, 6.28
1747808236, 1, 280, 1008, 997, 17, 7.79%, 309, 0, 3, 6.63
1747808257, 1, 281, 1008, 997, 17, 7.79%, 309, 0, 3, 6.08
1747808267, 1, 281, 1008, 997, 17, 7.79%, 310, 0, 3, 6.00
1747808282, 1, 283, 1008, 997, 17, 7.79%, 310, 0, 3, 5.77
1747808303, 1, 284, 1008, 997, 17, 7.79%, 310, 0, 3, 6.25
1747808329, 1, 285, 1008, 997, 17, 7.79%, 310, 0, 3, 6.48
1747808349, 1, 286, 1008, 997, 17, 7.79%, 310, 0, 3, 6.02
1747808370, 1, 287, 1008, 997, 17, 7.79%, 310, 0, 3, 6.13
1747808390, 1, 288, 1008, 997, 17, 7.79%, 310, 0, 3, 6.55
1747808416, 1, 289, 1008, 997, 17, 7.79%, 310, 0, 3, 6.16
1747808437, 1, 290, 1008, 997, 17, 7.79%, 310, 0, 3, 6.12
1747808458, 1, 291, 1008, 997, 17, 7.79%, 310, 0, 3, 6.14
1747808479, 1, 292, 1008, 997, 17, 7.79%, 310, 0, 3, 6.28
1747808500, 1, 293, 1008, 997, 17, 7.79%, 310, 0, 3, 6.79
1747808521, 1, 294, 1008, 997, 17, 7.79%, 310, 0, 3, 5.58
1747808541, 1, 295, 1008, 997, 17, 7.79%, 310, 0, 3, 5.98
1747808562, 1, 296, 1008, 997, 17, 7.79%, 310, 0, 3, 6.03
1747808583, 1, 297, 1008, 997, 17, 7.79%, 310, 0, 3, 6.51
1747808608, 1, 298, 1008, 997, 17, 7.79%, 310, 0, 3, 5.97
1747808630, 1, 299, 1008, 997, 17, 7.79%, 310, 0, 3, 5.96
1747808655, 1, 301, 1008, 997, 17, 7.79%, 310, 0, 3, 5.85
1747808676, 1, 302, 1008, 997, 17, 7.79%, 310, 0, 3, 6.05
1747808697, 1, 304, 1008, 997, 17, 7.79%, 310, 0, 3, 6.36
1747808722, 1, 305, 1008, 997, 17, 7.79%, 310, 0, 3, 6.68
1747808738, 1, 306, 1008, 997, 17, 7.79%, 310, 0, 3, 10.35
1747808748, 1, 307, 1008, 997, 17, 7.79%, 310, 0, 3, 10.12
1747808764, 1, 308, 1008, 997, 17, 7.79%, 310, 0, 3, 9.86
1747808774, 1, 311, 1008, 997, 17, 7.79%, 310, 0, 3, 10.17
1747808784, 1, 312, 1008, 997, 17, 7.79%, 310, 0, 3, 10.92
1747808800, 1, 313, 1008, 997, 17, 7.79%, 310, 0, 3, 11.06
1747808810, 1, 316, 1008, 997, 17, 7.79%, 310, 0, 3, 10.38
1747808825, 1, 317, 1008, 997, 17, 7.79%, 310, 0, 3, 10.69
1747808836, 1, 318, 1008, 997, 17, 7.79%, 310, 0, 3, 10.81
1747808851, 1, 319, 1008, 997, 17, 7.79%, 310, 0, 3, 10.64
1747808861, 1, 321, 1008, 997, 17, 7.79%, 310, 0, 3, 10.35
1747808876, 1, 323, 1008, 997, 17, 7.79%, 310, 0, 3, 10.49
1747808887, 1, 324, 1008, 997, 17, 7.79%, 310, 0, 3, 9.83
1747808897, 1, 325, 1008, 997, 17, 7.79%, 310, 0, 3, 11.16
1747808912, 1, 326, 1008, 997, 17, 7.79%, 310, 0, 3, 10.23
1747808922, 1, 327, 1008, 997, 17, 7.79%, 310, 0, 3, 9.86
1747808938, 1, 329, 1008, 997, 17, 7.79%, 310, 0, 3, 10.24
1747808948, 1, 330, 1008, 997, 17, 7.79%, 310, 0, 3, 10.41
1747808964, 1, 332, 1008, 997, 17, 7.79%, 310, 0, 3, 9.72
1747808979, 1, 333, 1008, 997, 17, 7.79%, 310, 0, 3, 10.59
1747808989, 1, 334, 1008, 997, 17, 7.79%, 310, 0, 3, 10.38
1747809000, 1, 336, 1008, 997, 17, 7.79%, 310, 0, 3, 10.25
1747809015, 1, 337, 1008, 997, 17, 7.79%, 310, 0, 3, 10.64
1747809025, 1, 338, 1008, 997, 17, 7.79%, 310, 0, 3, 10.78
1747809041, 1, 339, 1008, 997, 17, 7.79%, 310, 0, 3, 11.08
1747809051, 1, 340, 1008, 997, 17, 7.79%, 310, 0, 3, 9.14
1747809062, 1, 341, 1008, 997, 17, 7.79%, 310, 0, 3, 11.04
1747809072, 1, 343, 1008, 997, 17, 7.79%, 310, 0, 3, 11.08
1747809087, 1, 344, 1008, 997, 17, 7.79%, 310, 0, 3, 9.11
1747809103, 1, 345, 1008, 997, 17, 7.79%, 310, 0, 3, 9.50
1747809114, 1, 346, 1008, 997, 17, 7.79%, 310, 0, 3, 10.01
1747809129, 1, 347, 1008, 997, 17, 7.79%, 310, 0, 3, 9.76
1747809139, 1, 348, 1008, 997, 17, 7.79%, 310, 0, 3, 10.64
1747809155, 1, 349, 1008, 997, 17, 7.79%, 310, 0, 3, 10.22
1747809165, 1, 350, 1008, 997, 17, 7.79%, 310, 0, 3, 11.15
1747809180, 1, 352, 1008, 997, 17, 7.79%, 310, 0, 3, 10.92
1747809190, 1, 354, 1008, 997, 17, 7.79%, 310, 0, 3, 10.91
1747809206, 1, 356, 1008, 997, 17, 7.79%, 310, 0, 3, 10.33
1747809216, 1, 357, 1008, 997, 17, 7.79%, 310, 0, 3, 10.46
1747809231, 1, 358, 1008, 997, 17, 7.79%, 310, 0, 3, 10.30
1747809241, 1, 359, 1008, 997, 17, 7.79%, 310, 0, 3, 9.91
1747809257, 1, 361, 1008, 997, 17, 7.79%, 310, 0, 3, 10.11
1747809272, 1, 362, 1008, 997, 17, 7.79%, 310, 0, 3, 10.21
1747809282, 1, 363, 1008, 997, 17, 7.79%, 310, 0, 3, 10.30
1747809297, 1, 364, 1008, 997, 17, 7.79%, 310, 0, 3, 10.35
1747809307, 1, 365, 1008, 997, 17, 7.79%, 310, 0, 3, 10.28
1747809323, 1, 366, 1008, 997, 17, 7.79%, 310, 0, 3, 9.52
1747809333, 1, 367, 1008, 997, 17, 7.79%, 310, 0, 3, 9.99
1747809343, 1, 367, 1009, 998, 17, 7.79%, 310, 0, 3, 10.44
1747809364, 1, 369, 1009, 998, 17, 7.79%, 310, 0, 3, 10.33
1747809374, 1, 370, 1009, 998, 17, 7.79%, 310, 0, 3, 10.86
1747809384, 1, 371, 1009, 998, 17, 7.79%, 310, 0, 3, 10.51
1747809395, 1, 371, 1010, 999, 17, 7.79%, 310, 0, 3, 10.70
1747809410, 1, 372, 1010, 999, 17, 7.79%, 310, 0, 3, 10.77
1747809426, 1, 373, 1010, 999, 17, 7.79%, 310, 0, 3, 12.97
1747809672, 1, 374, 1010, 998, 17, 7.79%, 310, 0, 3, 11.61
1747809682, 1, 378, 1010, 998, 17, 7.79%, 310, 0, 3, 9.72
1747809688, 1, 378, 1011, 999, 17, 7.79%, 310, 0, 3, 10.75
1747809708, 1, 379, 1011, 999, 17, 7.79%, 310, 0, 3, 9.81
1747809723, 1, 380, 1011, 999, 17, 7.79%, 310, 0, 3, 10.20
1747809739, 1, 381, 1011, 999, 17, 7.79%, 310, 0, 3, 10.73
1747809749, 1, 382, 1011, 999, 17, 7.79%, 310, 0, 3, 10.32
1747809764, 1, 383, 1011, 999, 17, 7.79%, 310, 0, 3, 10.35
1747809775, 1, 384, 1011, 999, 17, 7.79%, 310, 0, 3, 10.79
1747809785, 1, 385, 1011, 999, 17, 7.79%, 310, 0, 3, 10.68
1747809801, 1, 386, 1011, 999, 17, 7.79%, 310, 0, 3, 9.27
1747809811, 1, 389, 1011, 999, 17, 7.79%, 310, 0, 3, 10.21
1747809826, 1, 390, 1011, 999, 17, 7.79%, 310, 0, 3, 9.76
1747809837, 1, 391, 1011, 999, 17, 7.79%, 310, 0, 3, 9.93
1747809852, 1, 392, 1011, 999, 17, 7.79%, 310, 0, 3, 10.31
1747809862, 1, 394, 1011, 999, 17, 7.79%, 310, 0, 3, 10.30
1747809878, 1, 395, 1011, 999, 17, 7.79%, 310, 0, 3, 10.22
1747809888, 1, 396, 1011, 999, 17, 7.79%, 310, 0, 3, 10.26
1747809904, 1, 398, 1011, 999, 17, 7.79%, 310, 0, 3, 10.35
1747809914, 1, 401, 1011, 999, 17, 7.79%, 310, 0, 3, 9.78
1747809929, 1, 402, 1011, 999, 17, 7.79%, 310, 0, 3, 9.81
1747809940, 1, 403, 1011, 999, 17, 7.79%, 310, 0, 3, 10.61
1747809955, 1, 405, 1011, 999, 17, 7.79%, 310, 0, 3, 19.23
1747810048, 1, 406, 1011, 998, 17, 7.79%, 310, 0, 3, 8.62
1747810073, 1, 407, 1011, 998, 17, 7.79%, 310, 0, 3, 6.22
1747810094, 1, 408, 1011, 998, 17, 7.79%, 310, 0, 3, 6.11
1747810115, 1, 409, 1011, 998, 17, 7.79%, 310, 0, 3, 6.25
1747810135, 1, 410, 1011, 998, 17, 7.79%, 310, 0, 3, 5.71
1747810155, 1, 412, 1011, 998, 17, 7.79%, 310, 0, 3, 6.35
1747810176, 1, 413, 1011, 998, 17, 7.79%, 310, 0, 3, 6.79
1747810202, 1, 414, 1011, 998, 17, 7.79%, 310, 0, 3, 5.98
1747810218, 1, 415, 1011, 998, 17, 7.79%, 310, 0, 3, 6.57
1747810234, 1, 417, 1011, 998, 17, 7.79%, 310, 0, 3, 10.19
1747810249, 1, 419, 1011, 998, 17, 7.79%, 310, 0, 3, 9.63
1747810259, 1, 421, 1011, 998, 17, 7.79%, 310, 0, 3, 10.24
1747810264, 1, 421, 1011, 998, 17, 7.79%, 311, 0, 3, 9.90
1747810275, 1, 423, 1011, 998, 17, 7.79%, 311, 0, 3, 11.02
1747810285, 1, 424, 1011, 998, 17, 7.79%, 311, 0, 3, 11.32
1747810301, 1, 425, 1011, 998, 17, 7.79%, 311, 0, 3, 10.37
1747810311, 1, 426, 1011, 998, 17, 7.79%, 311, 0, 3, 9.79
1747810326, 1, 427, 1011, 998, 17, 7.79%, 311, 0, 3, 9.89
1747810337, 1, 428, 1011, 998, 17, 7.79%, 311, 0, 3, 10.30
1747810352, 1, 430, 1011, 998, 17, 7.79%, 311, 0, 3, 9.99
1747810363, 1, 431, 1011, 998, 17, 7.79%, 311, 0, 3, 10.17
1747810378, 1, 432, 1011, 998, 17, 7.79%, 311, 0, 3, 10.42
1747810388, 1, 434, 1011, 998, 17, 7.79%, 311, 0, 3, 9.55
1747810404, 1, 435, 1011, 998, 17, 7.79%, 311, 0, 3, 10.84
1747810414, 1, 437, 1011, 998, 17, 7.79%, 311, 0, 3, 10.17
1747810435, 1, 441, 1011, 998, 17, 7.79%, 311, 0, 3, 5.66
1747810455, 1, 442, 1011, 998, 17, 7.79%, 311, 0, 3, 6.32
1747810481, 1, 443, 1011, 998, 17, 7.79%, 311, 0, 3, 5.69
1747810507, 1, 444, 1011, 998, 17, 7.79%, 311, 0, 3, 5.34
1747810527, 1, 445, 1011, 998, 17, 7.79%, 311, 0, 3, 5.76
1747810548, 1, 447, 1011, 998, 17, 7.79%, 311, 0, 3, 6.34
1747810574, 1, 448, 1011, 998, 17, 7.79%, 311, 0, 3, 6.05
1747810595, 1, 450, 1011, 998, 17, 7.79%, 311, 0, 3, 6.75
1747810616, 1, 451, 1011, 998, 17, 7.79%, 311, 0, 3, 6.08
1747810636, 1, 453, 1011, 998, 17, 7.79%, 311, 0, 3, 6.03
1747810662, 1, 454, 1011, 998, 17, 7.79%, 311, 0, 3, 6.09
1747810667, 1, 454, 1011, 998, 17, 7.79%, 312, 0, 3, 6.29
1747810683, 1, 455, 1011, 998, 17, 7.79%, 312, 0, 3, 5.94
1747810703, 1, 456, 1011, 998, 17, 7.79%, 312, 0, 3, 5.97
1747810729, 1, 457, 1011, 998, 17, 7.79%, 312, 0, 3, 6.60
1747810750, 1, 458, 1011, 998, 17, 7.79%, 312, 0, 3, 5.98
1747810770, 1, 459, 1011, 998, 17, 7.79%, 312, 0, 3, 5.82
1747810791, 1, 460, 1011, 998, 17, 7.79%, 312, 0, 3, 5.73
1747810812, 1, 461, 1011, 998, 17, 7.79%, 312, 0, 3, 6.56
1747810838, 1, 462, 1011, 998, 17, 7.79%, 312, 0, 3, 6.00
1747810858, 1, 463, 1011, 998, 17, 7.79%, 312, 0, 3, 5.81
1747810879, 1, 465, 1011, 998, 17, 7.79%, 312, 0, 3, 6.31
1747810905, 1, 466, 1011, 998, 17, 7.79%, 312, 0, 3, 6.23
1747810925, 1, 467, 1011, 998, 17, 7.79%, 312, 0, 3, 5.50
1747810945, 1, 468, 1011, 998, 17, 7.79%, 312, 0, 3, 6.43
1747810966, 1, 469, 1011, 998, 17, 7.79%, 312, 0, 3, 6.25
1747810992, 1, 471, 1011, 998, 17, 7.79%, 312, 0, 3, 5.55
1747811013, 1, 472, 1011, 998, 17, 7.79%, 312, 0, 3, 5.52
1747811039, 1, 473, 1011, 998, 17, 7.79%, 312, 0, 3, 5.86
1747811060, 1, 474, 1011, 998, 17, 7.79%, 312, 0, 3, 6.04
1747811080, 1, 476, 1011, 998, 17, 7.79%, 312, 0, 3, 6.14
1747811106, 1, 477, 1011, 998, 17, 7.79%, 312, 0, 3, 5.44
1747811127, 1, 479, 1011, 998, 17, 7.79%, 312, 0, 3, 6.66
1747811147, 1, 480, 1011, 998, 17, 7.79%, 312, 0, 3, 5.92
1747811168, 1, 482, 1011, 998, 17, 7.79%, 312, 0, 3, 6.15
1747811189, 1, 482, 1012, 999, 17, 7.79%, 312, 0, 3, 4.79
1747811215, 1, 484, 1012, 999, 17, 7.79%, 312, 0, 3, 6.19
1747811230, 1, 485, 1012, 999, 17, 7.79%, 312, 0, 3, 10.31
1747811240, 1, 486, 1012, 999, 17, 7.79%, 312, 0, 3, 10.04
1747811256, 1, 487, 1012, 999, 17, 7.79%, 312, 0, 3, 10.38
1747811266, 1, 488, 1012, 999, 17, 7.79%, 312, 0, 3, 11.34
1747811282, 1, 489, 1012, 999, 17, 7.79%, 312, 0, 3, 9.88
1747811292, 1, 491, 1012, 999, 17, 7.79%, 312, 0, 3, 10.19
1747811297, 1, 491, 1012, 999, 17, 7.79%, 313, 0, 3, 9.98
1747811307, 1, 493, 1012, 999, 17, 7.79%, 313, 0, 3, 9.46
1747811323, 1, 494, 1012, 999, 17, 7.79%, 313, 0, 3, 10.27
1747811333, 1, 495, 1012, 999, 17, 7.79%, 313, 0, 3, 9.92
1747811354, 1, 496, 1012, 999, 17, 7.79%, 313, 0, 3, 5.91
1747811374, 1, 498, 1012, 999, 17, 7.79%, 313, 0, 3, 5.72
1747811400, 1, 499, 1012, 999, 17, 7.79%, 313, 0, 3, 6.37
1747811421, 1, 500, 1012, 999, 17, 7.79%, 313, 0, 3, 6.38
1747811441, 1, 501, 1012, 999, 17, 7.79%, 313, 0, 3, 5.62
1747811462, 1, 503, 1012, 999, 17, 7.79%, 313, 0, 3, 6.51
1747811482, 1, 505, 1012, 999, 17, 7.79%, 313, 0, 3, 7.17
1747811498, 1, 505, 1013, 1000, 17, 7.79%, 313, 0, 3, 5.00
1747811529, 1, 506, 1013, 1000, 17, 7.79%, 313, 0, 3, 6.16
1747811549, 1, 507, 1013, 1000, 17, 7.79%, 313, 0, 3, 5.78
1747811570, 1, 507, 1013, 1000, 17, 7.79%, 314, 0, 3, 5.70
1747811575, 1, 508, 1013, 1000, 17, 7.79%, 314, 0, 3, 5.80
1747811601, 1, 510, 1013, 1000, 17, 7.79%, 314, 0, 3, 5.47
1747811621, 1, 511, 1013, 1000, 17, 7.79%, 314, 0, 3, 6.51
1747811642, 1, 513, 1013, 1000, 17, 7.79%, 314, 0, 3, 6.02
1747811668, 1, 514, 1013, 1000, 17, 7.79%, 314, 0, 3, 5.81
1747811694, 1, 515, 1013, 1000, 17, 7.79%, 314, 0, 3, 5.68
1747811714, 1, 516, 1013, 1000, 17, 7.79%, 314, 0, 3, 6.00
1747811735, 1, 517, 1013, 1000, 17, 7.79%, 314, 0, 3, 5.88
1747811761, 1, 518, 1013, 1000, 17, 7.79%, 314, 0, 3, 5.69
1747811782, 1, 519, 1013, 1000, 17, 7.79%, 314, 0, 3, 4.95
1747811808, 1, 521, 1013, 1000, 17, 7.79%, 314, 0, 3, 5.68
1747811829, 1, 523, 1013, 1000, 17, 7.79%, 314, 0, 3, 6.19
1747811849, 1, 524, 1013, 1000, 17, 7.79%, 314, 0, 3, 6.11
1747811875, 1, 526, 1013, 1000, 17, 7.79%, 314, 0, 3, 6.22
1747811896, 1, 527, 1013, 1000, 17, 7.79%, 314, 0, 3, 6.08
1747811917, 1, 528, 1013, 1000, 17, 7.79%, 314, 0, 3, 5.44
1747811943, 1, 529, 1013, 1000, 17, 7.79%, 314, 0, 3, 5.30
1747811964, 1, 530, 1013, 1000, 17, 7.79%, 314, 0, 3, 6.18
1747811990, 1, 531, 1013, 1000, 17, 7.79%, 314, 0, 3, 5.58
1747812011, 1, 532, 1013, 1000, 17, 7.79%, 314, 0, 3, 5.80
1747812037, 1, 533, 1013, 1000, 17, 7.79%, 314, 0, 3, 5.72
1747812058, 1, 534, 1013, 1000, 17, 7.79%, 314, 0, 3, 5.27
1747812079, 1, 535, 1013, 1000, 17, 7.79%, 314, 0, 3, 6.17
1747812104, 1, 536, 1013, 1000, 17, 7.79%, 314, 0, 3, 5.50
1747812125, 1, 537, 1013, 1000, 17, 7.79%, 314, 0, 3, 5.77
1747812146, 1, 539, 1013, 1000, 17, 7.79%, 314, 0, 3, 5.90
1747812172, 1, 540, 1013, 1000, 17, 7.79%, 314, 0, 3, 6.27
1747812192, 1, 542, 1013, 1000, 17, 7.79%, 314, 0, 3, 5.22
1747812218, 1, 544, 1013, 1000, 17, 7.79%, 314, 0, 3, 6.13
1747812238, 1, 545, 1013, 1000, 17, 7.79%, 314, 0, 3, 5.41
1747812259, 1, 547, 1013, 1000, 17, 7.79%, 314, 0, 3, 6.26
1747812285, 1, 549, 1013, 1000, 17, 7.79%, 314, 0, 3, 5.51
1747812305, 1, 550, 1013, 1000, 17, 7.79%, 314, 0, 3, 5.52
1747812331, 1, 551, 1013, 1000, 17, 7.79%, 314, 0, 3, 6.25
1747812352, 1, 552, 1013, 1000, 17, 7.79%, 314, 0, 3, 5.81
1747812378, 1, 553, 1013, 1000, 17, 7.79%, 314, 0, 3, 6.27
1747812399, 1, 554, 1013, 1000, 17, 7.79%, 314, 0, 3, 6.23
1747812420, 1, 556, 1013, 1000, 17, 7.79%, 314, 0, 3, 6.08
1747812440, 1, 558, 1013, 1000, 17, 7.79%, 314, 0, 3, 5.75
1747812466, 1, 559, 1013, 1000, 17, 7.79%, 314, 0, 3, 6.38
1747812486, 1, 560, 1013, 1000, 17, 7.79%, 314, 0, 3, 7.16
1747812630, 1, 561, 1013, 999, 16, 7.79%, 314, 0, 3, 7.79
1747812651, 1, 562, 1013, 999, 16, 7.79%, 314, 0, 3, 5.97
1747812677, 1, 563, 1013, 999, 16, 7.79%, 314, 0, 3, 6.14
1747812698, 1, 564, 1013, 999, 16, 7.79%, 314, 0, 3, 6.56
1747812719, 1, 565, 1013, 999, 16, 7.79%, 314, 0, 3, 5.95
1747812740, 1, 566, 1013, 999, 16, 7.79%, 314, 0, 3, 5.91
1747812766, 1, 567, 1013, 999, 16, 7.79%, 314, 0, 3, 6.61
1747812787, 1, 569, 1013, 999, 16, 7.79%, 314, 0, 3, 5.28
1747812809, 1, 570, 1013, 999, 16, 7.79%, 314, 0, 3, 5.65
1747812829, 1, 572, 1013, 999, 16, 7.79%, 314, 0, 3, 6.20
1747812855, 1, 573, 1013, 999, 16, 7.79%, 314, 0, 3, 5.46
1747812881, 1, 574, 1013, 999, 16, 7.79%, 314, 0, 3, 5.66
1747812901, 1, 575, 1013, 999, 16, 7.79%, 314, 0, 3, 5.86
1747812927, 1, 577, 1013, 999, 16, 7.79%, 314, 0, 3, 6.46
1747812948, 1, 578, 1013, 999, 16, 7.79%, 314, 0, 3, 5.99
1747812969, 1, 579, 1013, 999, 16, 7.79%, 314, 0, 3, 5.75
1747812995, 1, 581, 1013, 999, 16, 7.79%, 314, 0, 3, 5.59
1747813015, 1, 582, 1013, 999, 16, 7.79%, 314, 0, 3, 5.32
1747813041, 1, 583, 1013, 999, 16, 7.79%, 314, 0, 3, 5.11
1747813061, 1, 584, 1013, 999, 16, 7.79%, 314, 0, 3, 6.59
1747813087, 1, 585, 1013, 999, 16, 7.79%, 314, 0, 3, 6.25
1747813113, 1, 586, 1013, 999, 16, 7.79%, 314, 0, 3, 5.34
1747813134, 1, 587, 1013, 999, 16, 7.79%, 314, 0, 3, 6.32
1747813154, 1, 588, 1013, 999, 16, 7.79%, 314, 0, 3, 5.82
1747813175, 1, 590, 1013, 999, 16, 7.79%, 314, 0, 3, 6.57
1747813200, 1, 591, 1013, 999, 16, 7.79%, 314, 0, 3, 5.51
1747813221, 1, 592, 1013, 999, 16, 7.79%, 314, 0, 3, 5.89
1747813242, 1, 593, 1013, 999, 16, 7.79%, 314, 0, 3, 5.96
1747813263, 1, 595, 1013, 999, 16, 7.79%, 314, 0, 3, 6.15
1747813288, 1, 596, 1013, 999, 16, 7.79%, 314, 0, 3, 6.43
1747813309, 1, 597, 1013, 999, 16, 7.79%, 314, 0, 3, 6.02
1747813330, 1, 598, 1013, 999, 16, 7.79%, 314, 0, 3, 6.12
1747813350, 1, 599, 1013, 999, 16, 7.79%, 314, 0, 3, 6.25
1747813376, 1, 600, 1013, 999, 16, 7.79%, 314, 0, 3, 6.12
1747813397, 1, 601, 1013, 999, 16, 7.79%, 314, 0, 3, 6.25
1747813418, 1, 602, 1013, 999, 16, 7.79%, 314, 0, 3, 5.88
1747813444, 1, 603, 1013, 999, 16, 7.79%, 314, 0, 3, 6.19
1747813465, 1, 604, 1013, 999, 16, 7.79%, 314, 0, 3, 5.61
1747813485, 1, 605, 1013, 999, 16, 7.79%, 314, 0, 3, 6.45
1747813506, 1, 606, 1013, 999, 16, 7.79%, 314, 0, 3, 5.80
1747813532, 1, 610, 1013, 999, 16, 7.79%, 314, 0, 3, 5.38
1747813558, 1, 611, 1013, 999, 16, 7.79%, 314, 0, 3, 5.93
1747813578, 1, 612, 1013, 999, 16, 7.79%, 314, 0, 3, 5.30
1747813599, 1, 613, 1013, 999, 16, 7.79%, 314, 0, 3, 6.31
1747813624, 1, 615, 1013, 999, 16, 7.79%, 314, 0, 3, 6.59
1747813645, 1, 616, 1013, 999, 16, 7.79%, 314, 0, 3, 5.93
1747813671, 1, 617, 1013, 999, 16, 7.79%, 314, 0, 3, 5.76
1747813692, 1, 618, 1013, 999, 16, 7.79%, 314, 0, 3, 6.24
1747813712, 1, 619, 1013, 999, 16, 7.79%, 314, 0, 3, 6.35
1747813738, 1, 623, 1013, 999, 16, 7.79%, 314, 0, 3, 5.98
1747813758, 1, 624, 1013, 999, 16, 7.79%, 314, 0, 3, 5.98
1747813779, 1, 626, 1013, 999, 16, 7.79%, 314, 0, 3, 6.63
1747813800, 1, 627, 1013, 999, 16, 7.79%, 314, 0, 3, 6.12
1747813825, 1, 631, 1013, 999, 16, 7.79%, 314, 0, 3, 5.40
1747813846, 1, 633, 1013, 999, 16, 7.79%, 314, 0, 3, 5.70
1747813872, 1, 636, 1013, 999, 16, 7.79%, 314, 0, 3, 5.82
1747813893, 1, 637, 1013, 999, 16, 7.79%, 314, 0, 3, 6.06
1747813913, 1, 638, 1013, 999, 16, 7.79%, 314, 0, 3, 6.26
1747813939, 1, 639, 1013, 999, 16, 7.79%, 314, 0, 3, 5.61
1747813961, 1, 640, 1013, 999, 16, 7.79%, 314, 0, 3, 5.80
1747813981, 1, 641, 1013, 999, 16, 7.79%, 314, 0, 3, 5.91
1747814002, 1, 642, 1013, 999, 16, 7.79%, 314, 0, 3, 6.47
1747814028, 1, 643, 1013, 999, 16, 7.79%, 314, 0, 3, 5.92
1747814049, 1, 644, 1013, 999, 16, 7.79%, 314, 0, 3, 6.09
1747814069, 1, 645, 1013, 999, 16, 7.79%, 314, 0, 3, 5.67
1747814095, 1, 646, 1013, 999, 16, 7.79%, 314, 0, 3, 6.45
1747814116, 1, 647, 1013, 999, 16, 7.79%, 314, 0, 3, 5.59
1747814137, 1, 649, 1013, 999, 16, 7.79%, 314, 0, 3, 5.48
1747814163, 1, 650, 1013, 999, 16, 7.79%, 314, 0, 3, 5.68
1747814183, 1, 651, 1013, 999, 16, 7.79%, 314, 0, 3, 5.76
1747814209, 1, 652, 1013, 999, 16, 7.79%, 314, 0, 3, 6.08
1747814229, 1, 653, 1013, 999, 16, 7.79%, 314, 0, 3, 5.93
1747814255, 1, 654, 1013, 999, 16, 7.79%, 314, 0, 3, 6.07
1747814275, 1, 655, 1013, 999, 16, 7.79%, 314, 0, 3, 5.65
1747814297, 1, 656, 1013, 999, 16, 7.79%, 314, 0, 3, 6.16
1747814317, 1, 657, 1013, 999, 16, 7.79%, 314, 0, 3, 6.47
1747814338, 1, 658, 1013, 999, 16, 7.79%, 314, 0, 3, 6.23
1747814364, 1, 659, 1013, 999, 16, 7.79%, 314, 0, 3, 5.68
1747814385, 1, 660, 1013, 999, 16, 7.79%, 314, 0, 3, 5.83
1747814411, 1, 661, 1013, 999, 16, 7.79%, 314, 0, 3, 6.59
1747814432, 1, 662, 1013, 999, 16, 7.79%, 314, 0, 3, 5.74
1747814458, 1, 663, 1013, 999, 16, 7.79%, 314, 0, 3, 5.32
1747814478, 1, 664, 1013, 999, 16, 7.79%, 314, 0, 3, 5.88
1747814504, 1, 665, 1013, 999, 16, 7.79%, 314, 0, 3, 5.65
1747814525, 1, 666, 1013, 999, 16, 7.79%, 314, 0, 3, 6.11
1747814546, 1, 667, 1013, 999, 16, 7.79%, 314, 0, 3, 6.17
1747814566, 1, 668, 1013, 999, 16, 7.79%, 314, 0, 3, 6.59
1747814592, 1, 669, 1013, 999, 16, 7.79%, 314, 0, 3, 5.71
1747814612, 1, 670, 1013, 999, 16, 7.79%, 314, 0, 3, 6.46
1747814638, 1, 672, 1013, 999, 16, 7.79%, 314, 0, 3, 5.47
1747814659, 1, 673, 1013, 999, 16, 7.79%, 314, 0, 3, 6.24
1747814680, 1, 674, 1013, 999, 16, 7.79%, 314, 0, 3, 6.19
1747814700, 1, 675, 1013, 999, 16, 7.79%, 314, 0, 3, 6.09
1747814726, 1, 676, 1013, 999, 16, 7.79%, 314, 0, 3, 6.06
1747814747, 1, 678, 1013, 999, 16, 7.79%, 314, 0, 3, 5.56
1747814773, 1, 680, 1013, 999, 16, 7.79%, 314, 0, 3, 5.61
1747814793, 1, 683, 1013, 999, 16, 7.79%, 314, 0, 3, 5.43
1747814818, 1, 685, 1013, 999, 16, 7.79%, 314, 0, 3, 6.15
1747814844, 1, 686, 1013, 999, 16, 7.79%, 314, 0, 3, 5.61
1747814865, 1, 687, 1013, 999, 16, 7.79%, 314, 0, 3, 5.51
1747814890, 1, 688, 1013, 999, 16, 7.79%, 314, 0, 3, 6.11
1747814911, 1, 689, 1013, 999, 16, 7.79%, 314, 0, 3, 6.04
1747814937, 1, 690, 1013, 999, 16, 7.79%, 314, 0, 3, 6.10
1747814958, 1, 691, 1013, 999, 16, 7.79%, 314, 0, 3, 6.28
1747814978, 1, 694, 1013, 999, 16, 7.79%, 314, 0, 3, 6.02
1747815004, 1, 695, 1013, 999, 16, 7.79%, 314, 0, 3, 6.48
1747815025, 1, 696, 1013, 999, 16, 7.79%, 314, 0, 3, 6.40
1747815046, 1, 697, 1013, 999, 16, 7.79%, 314, 0, 3, 5.35
1747815067, 1, 698, 1013, 999, 16, 7.79%, 314, 0, 3, 6.51
1747815092, 1, 699, 1013, 999, 16, 7.79%, 314, 0, 3, 5.47
1747815113, 1, 700, 1013, 999, 16, 7.79%, 314, 0, 3, 6.26
1747815139, 1, 701, 1013, 999, 16, 7.79%, 314, 0, 3, 5.96
1747815160, 1, 702, 1013, 999, 16, 7.79%, 314, 0, 3, 6.01
1747815181, 1, 703, 1013, 999, 16, 7.79%, 314, 0, 3, 5.59
1747815207, 1, 704, 1013, 999, 16, 7.79%, 314, 0, 3, 5.69
1747815227, 1, 706, 1013, 999, 16, 7.79%, 314, 0, 3, 5.85
1747815253, 1, 707, 1013, 999, 16, 7.79%, 314, 0, 3, 5.88
1747815274, 1, 708, 1013, 999, 16, 7.79%, 314, 0, 3, 6.82
1747815295, 1, 709, 1013, 999, 16, 7.79%, 314, 0, 3, 5.54
1747815320, 1, 712, 1013, 999, 16, 7.79%, 314, 0, 3, 5.67
1747815341, 1, 713, 1013, 999, 16, 7.79%, 314, 0, 3, 6.17
1747815362, 1, 714, 1013, 999, 16, 7.79%, 314, 0, 3, 5.80
1747815382, 1, 715, 1013, 999, 16, 7.79%, 314, 0, 3, 6.72
1747815408, 1, 716, 1013, 999, 16, 7.79%, 314, 0, 3, 5.74
1747815428, 1, 717, 1013, 999, 16, 7.79%, 314, 0, 3, 6.39
1747815454, 1, 718, 1013, 999, 16, 7.79%, 314, 0, 3, 5.29
1747815475, 1, 719, 1013, 999, 16, 7.79%, 314, 0, 3, 5.59
1747815501, 1, 720, 1013, 999, 16, 7.79%, 314, 0, 3, 5.57
1747815522, 1, 722, 1013, 999, 16, 7.79%, 314, 0, 3, 5.79
1747815542, 1, 724, 1013, 999, 16, 7.79%, 314, 0, 3, 6.27
1747815568, 1, 726, 1013, 999, 16, 7.79%, 314, 0, 3, 5.73
1747815589, 1, 727, 1013, 999, 16, 7.79%, 314, 0, 3, 5.18
1747815615, 1, 730, 1013, 999, 16, 7.79%, 314, 0, 3, 6.19
1747815636, 1, 731, 1013, 999, 16, 7.79%, 314, 0, 3, 5.69
1747815662, 1, 732, 1013, 999, 16, 7.79%, 314, 0, 3, 5.80
1747815683, 1, 733, 1013, 999, 16, 7.79%, 314, 0, 3, 6.23
1747815704, 1, 734, 1013, 999, 16, 7.79%, 314, 0, 3, 5.34
1747815724, 1, 735, 1013, 999, 16, 7.79%, 314, 0, 3, 8.46
1747815744, 1, 736, 1013, 999, 16, 7.79%, 314, 0, 3, 8.78
1747815755, 1, 737, 1013, 999, 16, 7.79%, 314, 0, 3, 9.44
1747815770, 1, 738, 1013, 999, 16, 7.79%, 314, 0, 3, 10.63
1747815780, 1, 739, 1013, 999, 16, 7.79%, 314, 0, 3, 9.57
1747815796, 1, 742, 1013, 999, 16, 7.79%, 314, 0, 3, 6.55
1747815822, 1, 743, 1013, 999, 16, 7.79%, 314, 0, 3, 5.77
1747815843, 1, 744, 1013, 999, 16, 7.79%, 314, 0, 3, 6.34
1747815863, 1, 745, 1013, 999, 16, 7.79%, 314, 0, 3, 6.80
1747815884, 1, 746, 1013, 999, 16, 7.79%, 314, 0, 3, 6.17
1747815894, 1, 746, 1013, 999, 16, 7.79%, 315, 0, 3, 6.30
1747815910, 1, 747, 1013, 999, 16, 7.79%, 315, 0, 3, 6.18
1747815931, 1, 748, 1013, 999, 16, 7.79%, 315, 0, 3, 6.55
1747815952, 1, 749, 1013, 999, 16, 7.79%, 315, 0, 3, 9.17
1747815962, 1, 751, 1013, 999, 16, 7.79%, 315, 0, 3, 9.52
1747815977, 1, 752, 1013, 999, 16, 7.79%, 315, 0, 3, 10.13
1747815988, 1, 753, 1013, 999, 16, 7.79%, 315, 0, 3, 10.36
1747816003, 1, 754, 1013, 999, 16, 7.79%, 315, 0, 3, 8.65
1747816023, 1, 755, 1013, 999, 16, 7.79%, 315, 0, 3, 5.74
1747816045, 1, 756, 1013, 999, 16, 7.79%, 315, 0, 3, 6.59
1747816065, 1, 757, 1013, 999, 16, 7.79%, 315, 0, 3, 6.12
1747816091, 1, 759, 1013, 999, 16, 7.79%, 315, 0, 3, 6.51
1747816112, 1, 760, 1013, 999, 16, 7.79%, 315, 0, 3, 6.67
1747816132, 1, 762, 1013, 999, 16, 7.79%, 315, 0, 3, 5.50
1747816153, 1, 763, 1013, 999, 16, 7.79%, 315, 0, 3, 6.43
1747816174, 1, 764, 1013, 999, 16, 7.79%, 315, 0, 3, 6.18
1747816199, 1, 765, 1013, 999, 16, 7.79%, 315, 0, 3, 6.37
1747816220, 1, 766, 1013, 999, 16, 7.79%, 315, 0, 3, 6.19
1747816241, 1, 768, 1013, 999, 16, 7.79%, 315, 0, 3, 5.86
1747816267, 1, 769, 1013, 999, 16, 7.79%, 315, 0, 3, 6.48
1747816288, 1, 770, 1013, 999, 16, 7.79%, 315, 0, 3, 6.59
1747816308, 1, 771, 1013, 999, 16, 7.79%, 315, 0, 3, 6.71
1747816329, 1, 773, 1013, 999, 16, 7.79%, 315, 0, 3, 6.34
1747816350, 1, 774, 1014, 1000, 16, 7.79%, 315, 0, 3, 4.95
1747816396, 1, 775, 1014, 1000, 16, 7.79%, 315, 0, 3, 5.89
1747816417, 1, 776, 1014, 1000, 16, 7.79%, 315, 0, 3, 6.01
1747816442, 1, 778, 1014, 1000, 16, 7.79%, 315, 0, 3, 6.04
1747816463, 1, 779, 1014, 1000, 16, 7.79%, 315, 0, 3, 5.84
1747816484, 1, 780, 1014, 1000, 16, 7.79%, 315, 0, 3, 6.47
1747816509, 1, 781, 1014, 1000, 16, 7.79%, 315, 0, 3, 6.42
1747816530, 1, 782, 1014, 1000, 16, 7.79%, 315, 0, 3, 6.67
1747816551, 1, 783, 1014, 1000, 16, 7.79%, 315, 0, 3, 5.82
1747816571, 1, 784, 1014, 1000, 16, 7.79%, 315, 0, 3, 5.83
1747816597, 1, 785, 1014, 1000, 16, 7.79%, 315, 0, 3, 6.04
1747816618, 1, 786, 1014, 1000, 16, 7.79%, 315, 0, 3, 5.91
1747816639, 1, 787, 1014, 1000, 16, 7.79%, 315, 0, 3, 5.72
1747816660, 1, 788, 1014, 1000, 16, 7.79%, 315, 0, 3, 5.69
1747816686, 1, 789, 1014, 1000, 16, 7.79%, 315, 0, 3, 5.73
1747816708, 1, 790, 1014, 1000, 16, 7.79%, 315, 0, 3, 6.02
1747816713, 1, 790, 1015, 1001, 16, 7.79%, 315, 0, 3, 4.84
1747816753, 1, 791, 1015, 1001, 16, 7.79%, 315, 0, 3, 6.37
1747816774, 1, 792, 1015, 1001, 16, 7.79%, 315, 0, 3, 5.71
1747816800, 1, 793, 1015, 1001, 16, 7.79%, 315, 0, 3, 6.22
1747816821, 1, 794, 1015, 1001, 16, 7.79%, 315, 0, 3, 5.56
1747816847, 1, 795, 1015, 1001, 16, 7.79%, 315, 0, 3, 5.55
1747816867, 1, 796, 1015, 1001, 16, 7.79%, 315, 0, 3, 5.90
1747816893, 1, 797, 1015, 1001, 16, 7.79%, 315, 0, 3, 4.97
1747816914, 1, 798, 1015, 1001, 16, 7.79%, 315, 0, 3, 5.72
1747816935, 1, 801, 1015, 1001, 16, 7.79%, 315, 0, 3, 6.67
1747816961, 1, 802, 1015, 1001, 16, 7.79%, 315, 0, 3, 5.92
1747816981, 1, 803, 1015, 1001, 16, 7.79%, 315, 0, 3, 6.24
1747817001, 1, 804, 1015, 1001, 16, 7.79%, 315, 0, 3, 6.43
1747817023, 1, 805, 1015, 1001, 16, 7.79%, 315, 0, 3, 6.01
1747817043, 1, 806, 1015, 1001, 16, 7.79%, 315, 0, 3, 6.19
1747817064, 1, 807, 1015, 1001, 16, 7.79%, 315, 0, 3, 5.63
1747817090, 1, 808, 1015, 1001, 16, 7.79%, 315, 0, 3, 6.78
1747817111, 1, 809, 1015, 1001, 16, 7.79%, 315, 0, 3, 5.86
1747817131, 1, 810, 1015, 1001, 16, 7.79%, 315, 0, 3, 6.59
1747817152, 1, 811, 1015, 1001, 16, 7.79%, 315, 0, 3, 5.67
1747817178, 1, 812, 1015, 1001, 16, 7.79%, 315, 0, 3, 5.23
1747817199, 1, 813, 1015, 1001, 16, 7.79%, 315, 0, 3, 6.34
1747817224, 1, 814, 1015, 1001, 16, 7.79%, 315, 0, 3, 6.21
1747817245, 1, 815, 1015, 1001, 16, 7.79%, 315, 0, 3, 6.02
1747817266, 1, 816, 1015, 1001, 16, 7.79%, 315, 0, 3, 5.75
1747817287, 1, 817, 1015, 1001, 16, 7.79%, 315, 0, 3, 6.23
1747817313, 1, 818, 1015, 1001, 16, 7.79%, 315, 0, 3, 5.84
1747817334, 1, 820, 1015, 1001, 16, 7.79%, 315, 0, 3, 5.94
1747817354, 1, 822, 1015, 1001, 16, 7.79%, 315, 0, 3, 6.37
1747817370, 1, 822, 1016, 1002, 16, 7.79%, 315, 0, 3, 5.56
1747817401, 1, 824, 1016, 1002, 16, 7.79%, 315, 0, 3, 5.76
1747817422, 1, 826, 1016, 1002, 16, 7.79%, 315, 0, 3, 6.16
1747817447, 1, 827, 1016, 1002, 16, 7.79%, 315, 0, 3, 5.80
1747817463, 1, 828, 1016, 1002, 16, 7.79%, 315, 0, 3, 7.38
