# unix_time, cycles_done, cur_path, paths_total, pending_total, pending_favs, map_size, unique_crashes, unique_hangs, max_depth, execs_per_sec
1747774254, 0, 0, 1, 1, 1, 4.68%, 0, 0, 1, 45.20
1747774259, 0, 0, 36, 36, 1, 4.89%, 0, 0, 2, 56.44
1747774264, 0, 0, 69, 69, 1, 4.89%, 0, 0, 2, 59.32
1747774269, 0, 0, 98, 98, 1, 5.09%, 0, 0, 2, 55.12
1747774274, 0, 0, 117, 117, 1, 5.54%, 0, 0, 2, 48.71
1747774279, 0, 0, 134, 134, 1, 5.55%, 0, 0, 2, 53.60
1747774284, 0, 0, 149, 149, 1, 5.60%, 0, 0, 2, 46.29
1747774290, 0, 0, 162, 162, 1, 5.60%, 0, 0, 2, 43.60
1747774295, 0, 0, 177, 177, 1, 5.60%, 0, 0, 2, 47.63
1747774300, 0, 0, 192, 192, 1, 5.60%, 0, 0, 2, 48.78
1747774305, 0, 0, 202, 202, 1, 5.60%, 0, 0, 2, 48.35
1747774310, 0, 0, 210, 210, 1, 5.60%, 0, 0, 2, 44.68
1747774315, 0, 0, 220, 220, 1, 5.60%, 0, 0, 2, 46.23
1747774320, 0, 0, 228, 228, 1, 5.60%, 0, 0, 2, 46.77
1747774325, 0, 0, 233, 233, 1, 5.60%, 0, 0, 2, 47.35
1747774330, 0, 0, 241, 241, 1, 5.60%, 0, 0, 2, 47.29
1747774335, 0, 0, 245, 245, 1, 5.60%, 0, 0, 2, 44.56
1747774340, 0, 0, 247, 247, 1, 5.60%, 0, 0, 2, 30.45
1747774345, 0, 0, 252, 252, 1, 5.60%, 0, 0, 2, 26.08
1747774351, 0, 0, 255, 255, 1, 5.60%, 0, 0, 2, 26.27
1747774356, 0, 0, 259, 259, 1, 5.60%, 0, 0, 2, 28.75
1747774361, 0, 0, 261, 261, 1, 5.60%, 0, 0, 2, 38.38
1747774366, 0, 0, 263, 263, 1, 5.60%, 0, 0, 2, 37.55
1747774371, 0, 0, 267, 267, 1, 5.60%, 0, 0, 2, 36.46
1747774376, 0, 0, 268, 268, 1, 5.60%, 0, 0, 2, 30.20
1747774381, 0, 0, 272, 272, 1, 5.60%, 0, 0, 2, 31.88
1747774387, 0, 0, 277, 277, 1, 5.60%, 0, 0, 2, 31.16
1747774392, 0, 0, 279, 279, 1, 5.60%, 0, 0, 2, 28.52
1747774397, 0, 0, 282, 282, 1, 5.60%, 0, 0, 2, 26.91
1747774402, 0, 0, 286, 286, 1, 5.60%, 0, 0, 2, 26.85
1747774407, 0, 0, 288, 288, 1, 5.60%, 0, 0, 2, 26.60
1747774412, 0, 0, 291, 291, 1, 5.60%, 0, 0, 2, 37.44
1747774417, 0, 0, 293, 293, 1, 5.60%, 0, 0, 2, 45.23
1747774422, 0, 0, 298, 298, 1, 5.60%, 0, 0, 2, 45.54
1747774427, 0, 0, 302, 302, 1, 5.60%, 0, 0, 2, 44.61
1747774432, 0, 0, 303, 303, 1, 5.60%, 0, 0, 2, 47.37
1747774437, 0, 0, 310, 310, 1, 5.60%, 0, 0, 2, 44.54
1747774447, 0, 0, 311, 311, 1, 5.60%, 0, 0, 2, 31.36
1747774463, 0, 0, 314, 314, 1, 5.60%, 0, 0, 2, 26.01
1747774468, 0, 0, 315, 315, 1, 5.60%, 0, 0, 2, 26.42
1747774473, 0, 0, 317, 317, 1, 5.60%, 0, 0, 2, 25.44
1747774488, 0, 0, 318, 318, 1, 5.60%, 0, 0, 2, 28.01
1747774493, 0, 0, 320, 320, 1, 5.60%, 0, 0, 2, 28.48
1747774504, 0, 0, 322, 322, 1, 5.60%, 0, 0, 2, 28.04
1747774514, 0, 0, 324, 324, 1, 5.60%, 0, 0, 2, 38.34
1747774535, 0, 0, 327, 327, 1, 5.60%, 0, 0, 2, 26.01
1747774540, 0, 0, 329, 329, 1, 5.60%, 0, 0, 2, 25.98
1747774545, 0, 0, 330, 330, 1, 5.60%, 0, 0, 2, 26.85
1747774565, 0, 0, 332, 332, 1, 5.60%, 0, 0, 2, 26.80
1747774570, 0, 0, 333, 333, 1, 5.60%, 0, 0, 2, 26.91
1747774576, 0, 0, 334, 334, 1, 5.60%, 0, 0, 2, 27.00
1747774581, 0, 0, 335, 335, 1, 5.60%, 0, 0, 2, 26.54
1747774586, 0, 0, 337, 337, 1, 5.60%, 0, 0, 2, 26.23
1747774591, 0, 0, 339, 339, 1, 5.60%, 0, 0, 2, 25.66
1747774596, 0, 0, 341, 341, 1, 5.60%, 0, 0, 2, 26.58
1747774601, 0, 0, 342, 342, 1, 5.60%, 0, 0, 2, 26.83
1747774611, 0, 0, 343, 343, 1, 5.60%, 0, 0, 2, 26.72
1747774616, 0, 0, 345, 345, 1, 5.60%, 0, 0, 2, 25.54
1747774622, 0, 0, 347, 347, 1, 5.60%, 0, 0, 2, 26.56
1747774627, 0, 0, 348, 348, 1, 5.60%, 0, 0, 2, 27.92
1747774642, 0, 0, 349, 349, 1, 5.60%, 0, 0, 2, 26.93
1747774652, 0, 0, 350, 350, 1, 5.60%, 0, 0, 2, 25.87
1747774662, 0, 0, 351, 351, 1, 5.60%, 0, 0, 2, 26.66
1747774668, 0, 0, 352, 352, 1, 5.60%, 0, 0, 2, 27.19
1747774698, 0, 0, 353, 353, 1, 5.60%, 0, 0, 2, 26.38
1747774708, 0, 0, 355, 355, 1, 5.60%, 0, 0, 2, 26.77
1747774713, 0, 0, 356, 356, 1, 5.60%, 0, 0, 2, 26.20
1747774724, 0, 0, 357, 357, 1, 5.60%, 0, 0, 2, 26.93
1747774729, 0, 0, 359, 359, 1, 5.60%, 0, 0, 2, 25.99
1747774734, 0, 0, 360, 360, 1, 5.60%, 0, 0, 2, 26.23
1747774744, 0, 0, 361, 361, 1, 5.60%, 0, 0, 2, 26.50
1747774749, 0, 0, 362, 362, 1, 5.60%, 0, 0, 2, 26.60
1747774754, 0, 0, 364, 364, 1, 5.60%, 0, 0, 2, 26.78
1747774759, 0, 0, 367, 367, 1, 5.60%, 0, 0, 2, 25.90
1747774764, 0, 0, 369, 369, 1, 5.60%, 0, 0, 2, 26.48
1747774769, 0, 0, 372, 372, 1, 5.60%, 0, 0, 2, 26.86
1747774795, 0, 0, 373, 373, 1, 5.60%, 0, 0, 2, 26.89
1747774800, 0, 0, 374, 374, 1, 5.60%, 0, 0, 2, 26.07
1747774805, 0, 0, 375, 375, 1, 5.60%, 0, 0, 2, 27.00
1747774810, 0, 0, 376, 376, 1, 5.60%, 0, 0, 2, 25.48
1747774815, 0, 0, 378, 378, 1, 5.60%, 0, 0, 2, 26.06
1747774836, 0, 0, 379, 379, 1, 5.61%, 0, 0, 2, 25.23
1747774841, 0, 0, 380, 380, 1, 5.61%, 0, 0, 2, 26.24
1747774866, 0, 0, 381, 381, 1, 5.61%, 0, 0, 2, 26.36
1747774871, 0, 0, 382, 382, 1, 5.61%, 0, 0, 2, 27.02
1747774876, 0, 0, 383, 383, 1, 5.61%, 0, 0, 2, 27.16
1747774881, 0, 1, 385, 384, 11, 5.61%, 0, 0, 2, 20.86
1747774886, 0, 1, 386, 385, 11, 5.61%, 0, 0, 2, 18.92
1747774891, 0, 1, 390, 389, 11, 5.61%, 0, 0, 2, 17.70
1747774897, 0, 1, 394, 393, 11, 6.18%, 0, 0, 2, 16.50
1747774907, 0, 1, 396, 395, 11, 6.18%, 0, 0, 2, 15.45
1747774912, 0, 1, 400, 399, 11, 6.18%, 0, 0, 2, 17.64
1747774917, 0, 1, 402, 401, 11, 6.18%, 0, 0, 2, 15.55
1747774922, 0, 1, 406, 405, 11, 6.19%, 0, 0, 2, 16.88
1747774927, 0, 1, 407, 406, 11, 6.19%, 0, 0, 2, 18.11
1747774932, 0, 1, 410, 409, 11, 6.19%, 0, 0, 2, 17.21
1747774937, 0, 1, 413, 412, 11, 6.19%, 0, 0, 2, 17.16
1747774943, 0, 1, 414, 413, 11, 6.19%, 0, 0, 2, 17.77
1747774948, 0, 1, 416, 415, 11, 6.19%, 0, 0, 2, 14.35
1747774953, 0, 1, 419, 418, 11, 6.19%, 0, 0, 2, 14.01
1747774958, 0, 1, 421, 420, 11, 6.19%, 0, 0, 2, 13.51
1747774963, 0, 1, 423, 422, 11, 6.19%, 0, 0, 2, 14.31
1747774968, 0, 1, 425, 424, 11, 6.19%, 0, 0, 2, 15.88
1747774973, 0, 1, 428, 427, 11, 6.19%, 0, 0, 2, 17.54
1747774978, 0, 1, 429, 428, 11, 6.19%, 0, 0, 2, 18.40
1747774984, 0, 1, 430, 429, 11, 6.19%, 0, 0, 2, 16.96
1747774989, 0, 1, 432, 431, 11, 6.19%, 0, 0, 2, 15.58
1747774994, 0, 1, 436, 435, 11, 6.19%, 0, 0, 2, 17.57
1747774999, 0, 1, 437, 436, 11, 6.19%, 0, 0, 2, 18.24
1747775004, 0, 1, 440, 439, 11, 6.38%, 0, 0, 2, 15.27
1747775014, 0, 1, 442, 441, 11, 6.38%, 0, 0, 2, 16.91
1747775019, 0, 1, 444, 443, 11, 6.38%, 0, 0, 2, 14.72
1747775024, 0, 1, 446, 445, 11, 6.38%, 0, 0, 2, 17.80
1747775030, 0, 1, 449, 448, 11, 6.38%, 0, 0, 2, 13.76
1747775035, 0, 1, 451, 450, 11, 6.38%, 0, 0, 2, 15.48
1747775045, 0, 1, 452, 451, 11, 6.38%, 0, 0, 2, 16.02
1747775050, 0, 1, 453, 452, 11, 6.38%, 0, 0, 2, 17.09
1747775055, 0, 1, 454, 453, 11, 6.38%, 0, 0, 2, 17.81
1747775060, 0, 1, 457, 456, 11, 6.38%, 0, 0, 2, 18.10
1747775066, 0, 1, 458, 457, 11, 6.38%, 0, 0, 2, 16.66
1747775076, 0, 1, 459, 458, 11, 6.38%, 0, 0, 2, 18.60
1747775081, 0, 1, 461, 460, 11, 6.38%, 0, 0, 2, 15.90
1747775096, 0, 1, 462, 461, 11, 6.38%, 0, 0, 2, 16.27
1747775101, 0, 1, 463, 462, 11, 6.38%, 0, 0, 2, 16.88
1747775106, 0, 1, 465, 464, 11, 6.38%, 0, 0, 2, 17.65
1747775117, 0, 1, 467, 466, 11, 6.38%, 0, 0, 2, 15.29
1747775122, 0, 1, 468, 467, 11, 6.38%, 0, 0, 2, 16.61
1747775127, 0, 1, 469, 468, 11, 6.38%, 0, 0, 2, 16.01
1747775132, 0, 1, 471, 470, 11, 6.38%, 0, 0, 2, 15.30
1747775137, 0, 1, 473, 472, 11, 6.38%, 0, 0, 2, 17.72
1747775142, 0, 1, 475, 474, 11, 6.38%, 0, 0, 2, 18.01
1747775147, 0, 1, 478, 477, 11, 6.38%, 0, 0, 2, 18.16
1747775157, 0, 1, 479, 478, 11, 6.38%, 0, 0, 2, 18.21
1747775168, 0, 1, 480, 479, 11, 6.38%, 0, 0, 2, 17.05
1747775173, 0, 2, 481, 480, 14, 6.38%, 0, 0, 2, 17.42
1747775178, 0, 2, 482, 481, 14, 6.38%, 0, 0, 2, 16.79
1747775183, 0, 2, 485, 484, 14, 6.38%, 0, 0, 2, 17.19
1747775224, 0, 2, 486, 485, 14, 6.38%, 0, 0, 2, 16.17
1747775229, 0, 2, 487, 486, 14, 6.38%, 0, 0, 2, 17.25
1747775234, 0, 2, 488, 487, 14, 6.38%, 0, 0, 2, 17.91
1747775249, 0, 2, 489, 488, 14, 6.38%, 0, 0, 2, 17.55
1747775259, 0, 2, 490, 489, 14, 6.38%, 0, 0, 2, 17.54
1747775264, 0, 2, 491, 490, 14, 6.38%, 0, 0, 2, 17.69
1747775269, 0, 2, 493, 492, 14, 6.38%, 0, 0, 2, 15.73
1747775285, 0, 2, 494, 493, 14, 6.69%, 0, 0, 2, 15.64
1747775300, 0, 2, 495, 494, 14, 6.69%, 0, 0, 2, 18.01
1747775305, 0, 2, 497, 496, 14, 6.69%, 0, 0, 2, 16.15
1747775310, 0, 2, 498, 497, 14, 6.69%, 0, 0, 2, 17.61
1747775315, 0, 2, 499, 498, 14, 6.69%, 0, 0, 2, 17.36
1747775341, 0, 2, 500, 499, 14, 6.69%, 0, 0, 2, 15.65
1747775346, 0, 2, 502, 501, 14, 6.69%, 0, 0, 2, 15.43
1747775351, 0, 2, 503, 502, 14, 6.69%, 0, 0, 2, 15.00
1747775362, 0, 2, 505, 504, 14, 6.69%, 0, 0, 2, 14.50
1747775367, 0, 2, 506, 505, 14, 6.69%, 0, 0, 2, 16.51
1747775377, 0, 2, 507, 506, 14, 6.69%, 0, 0, 2, 21.97
1747775382, 0, 2, 508, 507, 14, 6.69%, 0, 0, 2, 26.97
1747775392, 0, 2, 509, 508, 14, 6.69%, 0, 0, 2, 27.63
1747775408, 0, 4, 510, 509, 14, 6.69%, 0, 0, 2, 32.75
1747775413, 0, 5, 511, 510, 14, 6.69%, 0, 0, 2, 29.48
1747775418, 0, 5, 513, 512, 14, 6.69%, 0, 0, 2, 27.65
1747775423, 0, 5, 517, 516, 14, 6.69%, 0, 0, 2, 26.00
1747775428, 0, 5, 519, 518, 14, 6.69%, 0, 0, 2, 25.37
1747775433, 0, 5, 520, 519, 14, 6.69%, 0, 0, 2, 27.35
1747775438, 0, 5, 521, 520, 14, 6.69%, 0, 0, 2, 28.18
1747775443, 0, 5, 522, 521, 14, 6.69%, 0, 0, 2, 28.63
1747775448, 0, 5, 523, 522, 14, 6.69%, 0, 0, 2, 30.24
1747775453, 0, 5, 526, 525, 14, 6.69%, 0, 0, 2, 29.73
1747775459, 0, 5, 528, 527, 14, 6.69%, 0, 0, 2, 27.35
1747775464, 0, 5, 530, 529, 14, 6.69%, 0, 0, 2, 29.20
1747775474, 0, 5, 531, 530, 14, 6.69%, 0, 0, 2, 28.02
1747775479, 0, 5, 533, 532, 14, 6.69%, 0, 0, 2, 28.60
1747775484, 0, 5, 536, 535, 14, 6.69%, 0, 0, 2, 25.85
1747775530, 0, 5, 537, 536, 14, 6.69%, 0, 0, 2, 16.84
1747775540, 0, 5, 538, 537, 14, 6.69%, 0, 0, 2, 15.50
1747775546, 0, 5, 539, 538, 14, 6.69%, 0, 0, 2, 17.93
1747775556, 0, 5, 540, 539, 14, 6.69%, 0, 0, 2, 17.71
1747775561, 0, 5, 541, 540, 14, 6.69%, 0, 0, 2, 17.94
1747775566, 0, 5, 543, 542, 14, 6.84%, 0, 0, 2, 14.90
1747775581, 0, 5, 544, 543, 14, 6.84%, 0, 0, 2, 15.16
1747775592, 0, 5, 546, 545, 14, 6.84%, 0, 0, 2, 16.57
1747775607, 0, 5, 547, 546, 14, 6.84%, 0, 0, 2, 17.26
1747775612, 0, 5, 548, 547, 14, 6.84%, 0, 0, 2, 17.67
1747775617, 0, 6, 548, 547, 13, 6.84%, 0, 0, 2, 17.67
1747775622, 0, 7, 548, 547, 13, 6.84%, 0, 0, 2, 18.22
1747775633, 0, 8, 550, 549, 13, 6.84%, 0, 0, 2, 13.46
1747775638, 0, 8, 552, 551, 13, 6.84%, 0, 0, 2, 12.09
1747775648, 0, 8, 554, 553, 13, 6.84%, 0, 0, 2, 11.41
1747775658, 0, 8, 555, 554, 13, 6.88%, 0, 0, 2, 14.02
1747775663, 0, 8, 557, 556, 13, 7.48%, 0, 0, 2, 10.71
1747775669, 0, 8, 558, 557, 13, 7.48%, 0, 0, 2, 11.87
1747775674, 0, 8, 560, 559, 13, 7.48%, 0, 0, 2, 11.89
1747775679, 0, 8, 561, 560, 13, 7.48%, 0, 0, 2, 12.38
1747775684, 0, 8, 562, 561, 13, 7.48%, 0, 0, 2, 10.59
1747775689, 0, 8, 563, 562, 13, 7.48%, 0, 0, 2, 11.61
1747775695, 0, 8, 565, 564, 13, 7.48%, 0, 0, 2, 9.31
1747775705, 0, 8, 567, 566, 13, 7.48%, 0, 0, 2, 9.83
1747775710, 0, 8, 570, 569, 13, 7.48%, 0, 0, 2, 11.05
1747775715, 0, 8, 571, 570, 13, 7.48%, 0, 0, 2, 11.41
1747775725, 0, 8, 572, 571, 13, 7.48%, 0, 0, 2, 11.69
1747775730, 0, 8, 573, 572, 13, 7.48%, 0, 0, 2, 12.51
1747775735, 0, 8, 574, 573, 13, 7.48%, 0, 0, 2, 11.50
1747775741, 0, 8, 575, 574, 13, 7.48%, 0, 0, 2, 9.60
1747775746, 0, 8, 576, 575, 13, 7.48%, 0, 0, 2, 10.07
1747775756, 0, 8, 577, 576, 13, 7.48%, 0, 0, 2, 11.57
1747775771, 0, 8, 579, 578, 13, 7.48%, 0, 0, 2, 9.65
1747775781, 0, 8, 580, 579, 13, 7.48%, 0, 0, 2, 13.42
1747775786, 0, 8, 582, 581, 13, 7.48%, 0, 0, 2, 11.34
1747775792, 0, 8, 583, 582, 13, 7.48%, 0, 0, 2, 11.04
1747775797, 0, 8, 585, 584, 13, 7.48%, 0, 0, 2, 10.81
1747775807, 0, 8, 587, 586, 13, 7.48%, 0, 0, 2, 11.53
1747775812, 0, 8, 588, 587, 13, 7.48%, 0, 0, 2, 11.97
1747775822, 0, 8, 590, 589, 13, 7.50%, 0, 0, 2, 9.07
1747775843, 0, 8, 591, 590, 13, 7.50%, 0, 0, 2, 13.37
1747775848, 0, 8, 592, 591, 13, 7.50%, 0, 0, 2, 11.40
1747775853, 0, 8, 594, 593, 13, 7.50%, 0, 0, 2, 8.80
1747775858, 0, 8, 596, 595, 13, 7.50%, 0, 0, 2, 9.28
1747775863, 0, 8, 597, 596, 13, 7.50%, 0, 0, 2, 9.67
1747775868, 0, 8, 599, 598, 13, 7.50%, 0, 0, 2, 10.15
1747775889, 0, 8, 600, 599, 13, 7.50%, 0, 0, 2, 11.15
1747775894, 0, 8, 601, 600, 13, 7.50%, 0, 0, 2, 9.56
1747775905, 0, 8, 602, 601, 13, 7.50%, 0, 0, 2, 11.23
1747775910, 0, 8, 603, 602, 13, 7.50%, 0, 0, 2, 11.99
1747775915, 0, 8, 604, 603, 13, 7.50%, 0, 0, 2, 10.67
1747775946, 0, 8, 605, 604, 13, 7.50%, 0, 0, 2, 15.74
1747775961, 0, 8, 608, 607, 13, 7.50%, 0, 0, 2, 19.49
1747775972, 0, 8, 609, 608, 13, 7.50%, 0, 0, 2, 18.47
1747775977, 0, 8, 611, 610, 13, 7.51%, 0, 0, 2, 12.94
1747775982, 0, 8, 612, 611, 13, 7.51%, 0, 0, 2, 19.26
1747775998, 0, 8, 614, 613, 13, 7.51%, 0, 0, 2, 11.41
1747776003, 0, 8, 615, 614, 13, 7.51%, 0, 0, 2, 10.83
1747776013, 0, 9, 615, 614, 14, 7.51%, 0, 0, 2, 14.53
1747776023, 0, 10, 616, 615, 14, 7.51%, 0, 0, 2, 2.49
1747776029, 0, 10, 618, 617, 14, 7.51%, 0, 0, 2, 2.77
1747776034, 0, 10, 619, 618, 14, 7.51%, 0, 0, 2, 2.76
1747776039, 0, 10, 620, 619, 14, 7.51%, 0, 0, 2, 3.00
1747776044, 0, 10, 622, 621, 14, 7.51%, 0, 0, 2, 3.42
1747776049, 0, 10, 624, 623, 14, 7.51%, 0, 0, 2, 4.87
1747776055, 0, 10, 625, 624, 14, 7.51%, 0, 0, 2, 5.16
1747776060, 0, 10, 627, 626, 14, 7.51%, 0, 0, 2, 4.00
1747776065, 0, 10, 628, 627, 14, 7.51%, 0, 0, 2, 3.22
1747776070, 0, 10, 629, 628, 14, 7.51%, 0, 0, 2, 5.72
1747776075, 0, 10, 631, 630, 14, 7.51%, 0, 0, 2, 5.70
1747776080, 0, 10, 632, 631, 14, 7.51%, 0, 0, 2, 5.86
1747776085, 0, 10, 633, 632, 14, 7.51%, 0, 0, 2, 4.90
1747776091, 0, 10, 635, 634, 14, 7.51%, 0, 0, 2, 6.02
1747776096, 0, 10, 636, 635, 14, 7.51%, 0, 0, 2, 4.22
1747776101, 0, 10, 637, 636, 14, 7.51%, 0, 0, 2, 3.89
1747776106, 0, 10, 639, 638, 14, 7.53%, 0, 0, 2, 2.22
1747776111, 0, 10, 640, 639, 14, 7.53%, 0, 0, 2, 3.68
1747776117, 0, 10, 641, 640, 14, 7.53%, 0, 0, 2, 3.16
1747776122, 0, 10, 642, 641, 14, 7.53%, 0, 0, 2, 2.89
1747776127, 0, 10, 644, 643, 14, 7.53%, 0, 0, 2, 3.58
1747776132, 0, 10, 645, 644, 14, 7.53%, 0, 0, 2, 3.20
1747776137, 0, 10, 646, 645, 14, 8.52%, 0, 0, 2, 1.93
1747776143, 0, 10, 647, 646, 14, 8.52%, 0, 0, 2, 2.55
1747776148, 0, 10, 648, 647, 14, 8.52%, 0, 0, 2, 2.88
1747776153, 0, 10, 649, 648, 14, 8.53%, 0, 0, 2, 2.75
1747776159, 0, 10, 650, 649, 14, 9.11%, 0, 0, 2, 2.36
1747776164, 0, 10, 651, 650, 14, 9.11%, 0, 0, 2, 3.25
1747776169, 0, 10, 652, 651, 14, 9.11%, 0, 0, 2, 3.13
1747776174, 0, 10, 653, 652, 14, 9.11%, 0, 0, 2, 3.03
1747776179, 0, 10, 655, 654, 14, 9.11%, 0, 0, 2, 3.69
1747776184, 0, 10, 656, 655, 14, 9.11%, 0, 0, 2, 1.94
1747776190, 0, 10, 658, 657, 14, 9.11%, 0, 0, 2, 2.40
1747776195, 0, 10, 659, 658, 14, 9.11%, 0, 0, 2, 2.36
1747776200, 0, 10, 661, 660, 14, 9.12%, 0, 0, 2, 2.59
1747776206, 0, 10, 662, 661, 14, 9.12%, 0, 0, 2, 2.38
1747776211, 0, 10, 663, 662, 14, 9.12%, 0, 0, 2, 1.51
1747776216, 0, 10, 664, 663, 14, 9.14%, 0, 0, 2, 1.65
1747776222, 0, 10, 666, 665, 14, 9.16%, 0, 0, 2, 1.45
1747776232, 0, 10, 668, 667, 14, 9.16%, 0, 0, 2, 10.99
1747776238, 0, 10, 669, 668, 14, 9.16%, 0, 0, 2, 1.92
1747776243, 0, 10, 670, 669, 14, 9.16%, 0, 0, 2, 2.24
1747776248, 0, 10, 671, 670, 14, 9.16%, 0, 0, 2, 2.26
1747776253, 0, 10, 672, 671, 14, 9.16%, 0, 0, 2, 2.82
1747776259, 0, 10, 673, 672, 14, 9.16%, 0, 0, 2, 1.95
1747776264, 0, 10, 674, 673, 14, 9.16%, 0, 0, 2, 1.92
1747776269, 0, 10, 676, 675, 14, 9.16%, 0, 0, 2, 2.96
1747776274, 0, 10, 677, 676, 14, 9.16%, 0, 0, 2, 3.22
1747776279, 0, 10, 678, 677, 14, 9.16%, 0, 0, 2, 3.55
1747776285, 0, 10, 679, 678, 14, 9.17%, 0, 0, 2, 5.94
1747776290, 0, 10, 681, 680, 14, 9.17%, 0, 0, 2, 5.22
1747776296, 0, 10, 682, 681, 14, 9.17%, 0, 0, 2, 4.14
1747776301, 0, 10, 683, 682, 14, 9.17%, 0, 0, 2, 3.58
1747776306, 0, 10, 684, 683, 14, 9.17%, 0, 0, 2, 3.14
1747776311, 0, 10, 685, 684, 14, 9.19%, 0, 0, 2, 2.50
1747776316, 0, 10, 686, 685, 14, 9.19%, 0, 0, 2, 2.46
1747776322, 0, 10, 688, 687, 14, 9.19%, 0, 0, 2, 2.86
1747776327, 0, 10, 689, 688, 14, 9.19%, 0, 0, 2, 2.95
1747776332, 0, 10, 690, 689, 14, 9.19%, 0, 0, 2, 23.36
1747776337, 0, 10, 691, 690, 14, 9.19%, 0, 0, 2, 2.34
1747776342, 0, 10, 693, 692, 14, 9.19%, 0, 0, 2, 2.42
1747776348, 0, 10, 694, 693, 14, 9.19%, 0, 0, 2, 11.73
1747776353, 0, 10, 695, 694, 14, 9.19%, 0, 0, 2, 1.47
1747776358, 0, 10, 696, 695, 14, 9.19%, 0, 0, 2, 1.93
1747776363, 0, 10, 697, 696, 14, 9.19%, 0, 0, 2, 1.92
1747776368, 0, 10, 698, 697, 14, 9.19%, 0, 0, 2, 2.40
1747776373, 0, 10, 699, 698, 14, 9.19%, 0, 0, 2, 2.99
1747776379, 0, 10, 700, 699, 14, 9.19%, 0, 0, 2, 2.56
1747776384, 0, 10, 701, 700, 14, 9.19%, 0, 0, 2, 2.54
1747776389, 0, 10, 702, 701, 14, 9.19%, 0, 0, 2, 1.94
1747776394, 0, 10, 703, 702, 14, 9.19%, 0, 0, 2, 2.12
1747776399, 0, 10, 704, 703, 14, 9.19%, 0, 0, 2, 2.36
1747776405, 0, 10, 705, 704, 14, 9.21%, 0, 0, 2, 2.32
1747776410, 0, 10, 706, 705, 14, 9.21%, 0, 0, 2, 2.93
1747776416, 0, 10, 707, 706, 14, 9.21%, 0, 0, 2, 2.63
1747776421, 0, 10, 708, 707, 14, 9.21%, 0, 0, 2, 2.49
1747776426, 0, 10, 710, 709, 14, 9.21%, 0, 0, 2, 3.78
1747776431, 0, 10, 713, 712, 14, 9.23%, 0, 0, 2, 5.05
1747776436, 0, 10, 714, 713, 14, 9.23%, 0, 0, 2, 3.90
1747776441, 0, 10, 717, 716, 14, 9.23%, 0, 0, 2, 12.56
1747776446, 0, 10, 719, 718, 14, 9.49%, 0, 0, 2, 8.27
1747776452, 0, 10, 721, 720, 14, 9.49%, 0, 0, 2, 4.71
1747776457, 0, 10, 723, 722, 14, 9.49%, 0, 0, 2, 5.65
1747776462, 0, 10, 724, 723, 14, 9.49%, 0, 0, 2, 6.69
1747776467, 0, 10, 727, 726, 14, 9.49%, 0, 0, 2, 11.09
1747776472, 0, 10, 729, 728, 14, 9.49%, 0, 0, 2, 7.16
1747776483, 0, 10, 731, 730, 14, 9.49%, 0, 0, 2, 5.27
1747776488, 0, 10, 733, 732, 14, 9.49%, 0, 0, 2, 7.71
1747776493, 0, 10, 735, 734, 14, 9.49%, 0, 0, 2, 6.05
1747776498, 0, 10, 737, 736, 14, 9.49%, 0, 0, 2, 4.93
1747776503, 0, 10, 738, 737, 14, 9.49%, 0, 0, 2, 4.15
1747776508, 0, 10, 740, 739, 14, 9.49%, 0, 0, 2, 4.00
1747776514, 0, 10, 741, 740, 14, 9.49%, 0, 0, 2, 4.24
1747776519, 0, 10, 743, 742, 14, 9.49%, 0, 0, 2, 4.31
1747776524, 0, 10, 744, 743, 14, 9.49%, 0, 0, 2, 4.56
1747776529, 0, 10, 746, 745, 14, 9.49%, 0, 0, 2, 2.54
1747776534, 0, 10, 747, 746, 14, 9.49%, 0, 0, 2, 2.56
1747776539, 0, 10, 748, 747, 14, 9.49%, 0, 0, 2, 18.44
1747776544, 0, 10, 750, 749, 14, 9.49%, 0, 0, 2, 14.43
1747776550, 0, 10, 751, 750, 14, 9.49%, 0, 0, 2, 8.80
1747776555, 0, 10, 753, 752, 14, 9.49%, 0, 0, 2, 6.51
1747776560, 0, 10, 755, 754, 14, 9.49%, 0, 0, 2, 4.41
1747776565, 0, 10, 756, 755, 14, 9.49%, 0, 0, 2, 2.29
1747776571, 0, 10, 757, 756, 14, 9.49%, 0, 0, 2, 3.07
1747776576, 0, 10, 760, 759, 14, 9.49%, 0, 0, 2, 16.15
1747776581, 0, 10, 761, 760, 14, 9.49%, 0, 0, 2, 9.59
1747776586, 0, 10, 763, 762, 14, 9.49%, 0, 0, 2, 6.07
1747776591, 0, 10, 765, 764, 14, 9.49%, 0, 0, 2, 9.29
1747776596, 0, 10, 766, 765, 14, 9.49%, 0, 0, 2, 9.78
1747776601, 0, 10, 768, 767, 14, 9.49%, 0, 0, 2, 8.98
1747776607, 0, 10, 769, 768, 14, 9.49%, 0, 0, 2, 9.16
1747776612, 0, 10, 770, 769, 14, 9.49%, 0, 0, 2, 8.59
1747776617, 0, 10, 771, 770, 14, 9.49%, 0, 0, 2, 8.06
1747776622, 0, 10, 773, 772, 14, 9.49%, 0, 0, 2, 6.54
1747776627, 0, 10, 776, 775, 14, 9.49%, 0, 0, 2, 13.64
1747776632, 0, 10, 777, 776, 14, 9.49%, 0, 0, 2, 7.77
1747776638, 0, 10, 779, 778, 14, 9.49%, 0, 0, 2, 7.83
1747776643, 0, 10, 781, 780, 14, 9.49%, 0, 0, 2, 7.15
1747776648, 0, 10, 783, 782, 14, 9.49%, 0, 0, 2, 2.75
1747776653, 0, 10, 784, 783, 14, 9.54%, 0, 0, 2, 3.83
1747776658, 0, 10, 786, 785, 14, 9.54%, 0, 0, 2, 5.44
1747776663, 0, 10, 787, 786, 14, 9.55%, 0, 0, 2, 4.39
1747776669, 0, 10, 789, 788, 14, 9.55%, 0, 0, 2, 4.47
1747776674, 0, 10, 790, 789, 14, 9.55%, 0, 0, 2, 31.36
1747776679, 0, 10, 792, 791, 14, 9.55%, 0, 0, 2, 14.42
1747776684, 0, 10, 793, 792, 14, 9.55%, 0, 0, 2, 7.40
1747776689, 0, 10, 794, 793, 14, 9.55%, 0, 0, 2, 7.16
1747776694, 0, 10, 796, 795, 14, 9.55%, 0, 0, 2, 7.69
1747776700, 0, 10, 797, 796, 14, 9.55%, 0, 0, 2, 4.69
1747776705, 0, 10, 798, 797, 14, 9.55%, 0, 0, 2, 3.66
1747776710, 0, 10, 799, 798, 14, 9.55%, 0, 0, 2, 2.55
1747776715, 0, 10, 801, 800, 14, 9.55%, 0, 0, 2, 15.28
1747776720, 0, 10, 803, 802, 14, 9.55%, 0, 0, 2, 19.44
1747776726, 0, 10, 805, 804, 14, 9.55%, 0, 0, 2, 9.51
1747776731, 0, 10, 806, 805, 14, 9.55%, 0, 0, 2, 7.77
1747776736, 0, 10, 807, 806, 14, 9.55%, 0, 0, 2, 5.97
1747776741, 0, 10, 809, 808, 14, 9.55%, 0, 0, 2, 3.93
1747776746, 0, 10, 810, 809, 14, 9.55%, 0, 0, 2, 27.83
1747776751, 0, 10, 812, 811, 14, 9.55%, 0, 0, 2, 6.08
1747776757, 0, 10, 813, 812, 14, 9.55%, 0, 0, 2, 23.88
1747776762, 0, 10, 814, 813, 14, 9.55%, 0, 0, 2, 3.00
1747776767, 0, 10, 816, 815, 14, 9.55%, 0, 0, 2, 4.89
1747776772, 0, 10, 817, 816, 14, 9.55%, 0, 0, 2, 6.05
1747776777, 0, 10, 819, 818, 14, 9.55%, 0, 0, 2, 8.92
1747776782, 0, 10, 821, 820, 14, 9.55%, 0, 0, 2, 6.53
1747776787, 0, 10, 822, 821, 14, 9.55%, 0, 0, 2, 8.39
1747776793, 0, 10, 823, 822, 14, 9.55%, 0, 0, 2, 2.52
1747776798, 0, 10, 825, 824, 14, 9.55%, 0, 0, 2, 3.58
1747776803, 0, 10, 827, 826, 14, 9.55%, 0, 0, 2, 27.46
1747776808, 0, 10, 828, 827, 14, 9.55%, 0, 0, 2, 6.81
1747776819, 0, 10, 829, 828, 14, 9.55%, 0, 0, 2, 7.61
1747776824, 0, 10, 830, 829, 14, 9.55%, 0, 0, 2, 6.10
1747776829, 0, 10, 831, 830, 14, 9.55%, 0, 0, 2, 5.41
1747776834, 0, 10, 832, 831, 14, 9.55%, 0, 0, 2, 4.53
1747776839, 0, 10, 833, 832, 14, 9.55%, 0, 0, 2, 3.57
1747776845, 0, 10, 834, 833, 14, 9.55%, 0, 0, 2, 1.52
1747776850, 0, 10, 835, 834, 14, 9.55%, 0, 0, 2, 17.76
1747776855, 0, 10, 836, 835, 14, 9.55%, 0, 0, 2, 1.66
1747776866, 0, 10, 837, 836, 14, 9.55%, 0, 0, 2, 1.45
1747776871, 0, 10, 838, 837, 14, 9.55%, 0, 0, 2, 9.18
1747776877, 0, 10, 839, 838, 14, 9.55%, 0, 0, 2, 1.72
1747776882, 0, 10, 840, 839, 14, 9.73%, 0, 0, 2, 7.50
1747776888, 0, 10, 841, 840, 14, 9.73%, 0, 0, 2, 4.94
1747776893, 0, 10, 843, 842, 14, 9.73%, 0, 0, 2, 4.83
1747776898, 0, 10, 844, 843, 14, 9.73%, 0, 0, 2, 4.57
1747776904, 0, 10, 845, 844, 14, 9.73%, 0, 0, 2, 3.38
1747776909, 0, 10, 846, 845, 14, 9.73%, 0, 0, 2, 2.77
1747776914, 0, 10, 847, 846, 14, 9.73%, 0, 0, 2, 3.25
1747776926, 0, 10, 848, 847, 14, 9.73%, 0, 0, 2, 1.28
1747776931, 0, 10, 849, 848, 14, 9.73%, 0, 0, 2, 7.45
1747776936, 0, 10, 850, 849, 14, 9.73%, 0, 0, 2, 6.46
1747776942, 0, 10, 851, 850, 14, 9.73%, 0, 0, 2, 4.46
1747776952, 0, 10, 852, 851, 14, 9.73%, 0, 0, 2, 11.68
1747776957, 0, 10, 854, 853, 14, 9.73%, 0, 0, 2, 7.33
1747776962, 0, 10, 855, 854, 14, 9.73%, 0, 0, 2, 5.70
1747776968, 0, 10, 856, 855, 14, 9.73%, 0, 0, 2, 5.37
1747776973, 0, 10, 859, 858, 14, 9.73%, 0, 0, 2, 7.08
1747776978, 0, 10, 861, 860, 14, 9.73%, 0, 0, 2, 10.55
1747776983, 0, 10, 863, 862, 14, 9.73%, 0, 0, 2, 9.56
1747776988, 0, 10, 865, 864, 14, 9.73%, 0, 0, 2, 9.21
1747776993, 0, 10, 866, 865, 14, 9.73%, 0, 0, 2, 6.33
1747776999, 0, 10, 868, 867, 14, 9.73%, 0, 0, 2, 5.11
1747777004, 0, 10, 869, 868, 14, 9.73%, 0, 0, 2, 4.44
1747777009, 0, 10, 871, 870, 14, 9.73%, 0, 0, 2, 3.12
1747777014, 0, 10, 872, 871, 14, 9.73%, 0, 0, 2, 6.18
1747777019, 0, 10, 873, 872, 14, 9.73%, 0, 0, 2, 8.79
1747777024, 0, 10, 874, 873, 14, 9.73%, 0, 0, 2, 5.37
1747777030, 0, 10, 875, 874, 14, 9.73%, 0, 0, 2, 8.74
1747777035, 0, 10, 876, 875, 14, 9.73%, 0, 0, 2, 7.75
1747777040, 0, 10, 877, 876, 14, 9.73%, 0, 0, 2, 7.99
1747777045, 0, 10, 878, 877, 14, 9.73%, 0, 0, 2, 9.45
1747777050, 0, 10, 879, 878, 14, 9.73%, 0, 0, 2, 6.96
1747777055, 0, 10, 880, 879, 14, 9.73%, 0, 0, 2, 4.56
1747777060, 0, 10, 881, 880, 14, 9.73%, 0, 0, 2, 4.63
1747777066, 0, 10, 882, 881, 14, 9.73%, 0, 0, 2, 5.43
1747777076, 0, 10, 883, 882, 14, 9.73%, 0, 0, 2, 3.67
1747777081, 0, 10, 884, 883, 14, 9.73%, 0, 0, 2, 3.76
1747777086, 0, 10, 886, 885, 14, 9.73%, 0, 0, 2, 3.26
1747777092, 0, 10, 887, 886, 14, 9.73%, 0, 0, 2, 5.30
1747777097, 0, 10, 889, 888, 14, 9.73%, 0, 0, 2, 5.22
1747777102, 0, 10, 890, 889, 14, 9.73%, 0, 0, 2, 3.27
1747777107, 0, 10, 891, 890, 14, 9.73%, 0, 0, 2, 2.63
1747777113, 0, 10, 892, 891, 14, 9.73%, 0, 0, 2, 3.71
1747777118, 0, 10, 893, 892, 14, 9.73%, 0, 0, 2, 32.53
1747777123, 0, 10, 894, 893, 14, 9.73%, 0, 0, 2, 4.83
1747777128, 0, 10, 895, 894, 14, 9.73%, 0, 0, 2, 2.67
1747777133, 0, 10, 896, 895, 14, 9.73%, 0, 0, 2, 4.74
1747777138, 0, 10, 898, 897, 14, 9.73%, 0, 0, 2, 5.05
1747777143, 0, 10, 899, 898, 14, 9.73%, 0, 0, 2, 7.50
1747777154, 0, 10, 901, 900, 14, 9.73%, 0, 0, 2, 8.24
1747777164, 0, 10, 902, 901, 14, 9.73%, 0, 0, 2, 3.02
1747777170, 0, 10, 903, 902, 14, 9.73%, 0, 0, 2, 15.14
1747777181, 0, 10, 904, 903, 14, 9.73%, 0, 0, 2, 2.03
1747777186, 0, 10, 905, 904, 14, 9.73%, 0, 0, 2, 3.96
1747777191, 0, 10, 906, 905, 14, 9.73%, 0, 0, 2, 5.99
1747777202, 0, 10, 907, 906, 14, 9.73%, 0, 0, 2, 9.60
1747777207, 0, 10, 908, 907, 14, 9.73%, 0, 0, 2, 1.74
1747777212, 0, 10, 909, 908, 14, 9.73%, 0, 0, 2, 3.18
1747777217, 0, 10, 910, 909, 14, 9.73%, 0, 0, 2, 3.85
1747777223, 0, 10, 911, 910, 14, 9.73%, 0, 0, 2, 3.40
1747777228, 0, 10, 912, 911, 14, 9.73%, 0, 0, 2, 1.83
1747777233, 0, 10, 913, 912, 14, 9.73%, 0, 0, 2, 8.34
1747777238, 0, 10, 915, 914, 14, 9.73%, 0, 0, 2, 11.07
1747777248, 0, 10, 916, 915, 14, 9.73%, 0, 0, 2, 9.43
1747777254, 0, 10, 918, 917, 14, 9.73%, 0, 0, 2, 1.58
1747777265, 0, 11, 919, 918, 26, 9.73%, 0, 0, 2, 3.84
1747777270, 0, 11, 920, 919, 26, 9.73%, 0, 0, 2, 5.21
1747777275, 0, 11, 921, 920, 26, 9.73%, 0, 0, 2, 4.37
1747777280, 0, 11, 922, 921, 26, 9.73%, 0, 0, 2, 4.11
1747777286, 0, 11, 924, 923, 26, 9.73%, 0, 0, 2, 3.62
1747777296, 0, 11, 926, 925, 26, 9.73%, 0, 0, 2, 5.24
1747777301, 0, 11, 927, 926, 26, 9.73%, 0, 0, 2, 4.51
1747777306, 0, 11, 929, 928, 26, 9.73%, 0, 0, 2, 4.16
1747777311, 0, 11, 930, 929, 26, 9.73%, 0, 0, 2, 4.44
1747777317, 0, 11, 933, 932, 26, 9.73%, 0, 0, 2, 7.12
1747777322, 0, 11, 934, 933, 26, 9.73%, 0, 0, 2, 7.99
1747777327, 0, 11, 936, 935, 26, 9.73%, 0, 0, 2, 5.29
1747777332, 0, 11, 937, 936, 26, 9.73%, 0, 0, 2, 5.91
1747777337, 0, 11, 939, 938, 26, 9.73%, 0, 0, 2, 2.66
1747777342, 0, 11, 940, 939, 26, 9.74%, 0, 0, 2, 22.75
1747777348, 0, 11, 941, 940, 26, 9.74%, 0, 0, 2, 22.66
1747777353, 0, 11, 943, 942, 26, 9.74%, 0, 0, 2, 14.66
1747777363, 0, 11, 944, 943, 26, 9.74%, 0, 0, 2, 10.65
1747777369, 0, 11, 946, 945, 26, 9.74%, 0, 0, 2, 8.60
1747777374, 0, 11, 947, 946, 26, 9.74%, 0, 0, 2, 5.84
1747777379, 0, 11, 948, 947, 26, 9.74%, 0, 0, 2, 2.94
1747777384, 0, 11, 949, 948, 26, 9.74%, 0, 0, 2, 2.99
1747777389, 0, 11, 950, 949, 26, 9.74%, 0, 0, 2, 2.51
1747777395, 0, 11, 951, 950, 26, 9.74%, 0, 0, 2, 12.04
1747777400, 0, 11, 952, 951, 26, 9.74%, 0, 0, 2, 12.15
1747777405, 0, 11, 954, 953, 26, 9.74%, 0, 0, 2, 8.46
1747777410, 0, 11, 955, 954, 26, 9.74%, 0, 0, 2, 10.09
1747777415, 0, 11, 956, 955, 26, 9.74%, 0, 0, 2, 8.92
1747777420, 0, 11, 957, 956, 26, 9.74%, 0, 0, 2, 5.33
1747777425, 0, 11, 958, 957, 26, 9.74%, 0, 0, 2, 2.82
1747777430, 0, 11, 959, 958, 26, 9.74%, 0, 0, 2, 3.01
1747777436, 0, 11, 961, 960, 26, 9.74%, 0, 0, 2, 3.68
1747777441, 0, 11, 962, 961, 26, 9.74%, 0, 0, 2, 4.87
1747777446, 0, 11, 964, 963, 26, 9.74%, 0, 0, 2, 5.52
1747777451, 0, 11, 966, 965, 26, 9.74%, 0, 0, 2, 6.29
1747777456, 0, 11, 967, 966, 26, 9.74%, 0, 0, 2, 5.26
1747777467, 0, 11, 969, 968, 26, 9.74%, 0, 0, 2, 6.34
1747777477, 0, 11, 970, 969, 26, 9.74%, 0, 0, 2, 2.82
1747777482, 0, 11, 971, 970, 26, 9.74%, 0, 0, 2, 3.00
1747777487, 0, 11, 973, 972, 26, 9.74%, 0, 0, 2, 2.71
1747777498, 0, 11, 974, 973, 26, 9.74%, 0, 0, 2, 2.49
1747777503, 0, 11, 976, 975, 26, 9.74%, 0, 0, 2, 7.45
1747777508, 0, 11, 978, 977, 26, 9.74%, 0, 0, 2, 4.97
1747777519, 0, 11, 979, 978, 26, 9.74%, 0, 0, 2, 5.40
1747777524, 0, 11, 980, 979, 26, 9.74%, 0, 0, 2, 8.65
1747777534, 0, 11, 981, 980, 26, 9.74%, 0, 0, 2, 7.74
1747777539, 0, 11, 982, 981, 26, 9.74%, 0, 0, 2, 7.14
1747777544, 0, 11, 983, 982, 26, 9.74%, 0, 0, 2, 6.69
1747777555, 0, 11, 984, 983, 26, 9.74%, 0, 0, 2, 4.29
1747777560, 0, 11, 985, 984, 26, 9.74%, 0, 0, 2, 36.20
1747777565, 0, 11, 986, 985, 26, 9.74%, 0, 0, 2, 20.20
1747777571, 0, 11, 987, 986, 26, 9.74%, 0, 0, 2, 2.86
1747777576, 0, 11, 988, 987, 26, 9.74%, 0, 0, 2, 3.73
1747777591, 0, 11, 989, 988, 26, 9.74%, 0, 0, 2, 9.48
1747777597, 0, 11, 990, 989, 26, 9.74%, 0, 0, 2, 8.50
1747777602, 0, 11, 991, 990, 26, 9.74%, 0, 0, 2, 9.92
1747777607, 0, 11, 992, 991, 26, 9.74%, 0, 0, 2, 7.88
1747777623, 0, 11, 993, 992, 26, 9.74%, 0, 0, 2, 2.45
1747777633, 0, 11, 994, 993, 26, 9.74%, 0, 0, 2, 2.91
1747777638, 0, 11, 996, 995, 26, 9.74%, 0, 0, 2, 2.80
1747777643, 0, 11, 997, 996, 26, 9.74%, 0, 0, 2, 3.25
1747777648, 0, 11, 998, 997, 26, 9.74%, 0, 0, 2, 3.92
1747777653, 0, 11, 999, 998, 26, 9.74%, 0, 0, 2, 33.30
1747777664, 0, 11, 1001, 1000, 26, 9.74%, 0, 0, 2, 5.21
1747777669, 0, 11, 1002, 1001, 26, 9.74%, 0, 0, 2, 2.46
1747777674, 0, 11, 1003, 1002, 26, 9.74%, 0, 0, 2, 2.54
1747777680, 0, 11, 1004, 1003, 26, 9.74%, 0, 0, 2, 2.62
1747777690, 0, 11, 1005, 1004, 26, 9.74%, 0, 0, 2, 2.80
1747777695, 0, 11, 1007, 1006, 26, 9.74%, 0, 0, 2, 3.50
1747777700, 0, 11, 1008, 1007, 26, 9.74%, 0, 0, 2, 5.03
1747777706, 0, 11, 1010, 1009, 26, 9.91%, 0, 0, 2, 2.63
1747777716, 0, 11, 1011, 1010, 26, 9.91%, 0, 0, 2, 24.15
1747777721, 0, 11, 1012, 1011, 26, 9.91%, 0, 0, 2, 20.98
1747777731, 0, 11, 1013, 1012, 26, 9.91%, 0, 0, 2, 3.29
1747777741, 0, 11, 1014, 1013, 26, 9.91%, 0, 0, 2, 7.28
1747777747, 0, 11, 1016, 1015, 26, 9.91%, 0, 0, 2, 8.68
1747777762, 0, 11, 1017, 1016, 26, 9.91%, 0, 0, 2, 8.13
1747777767, 0, 11, 1018, 1017, 26, 9.91%, 0, 0, 2, 7.72
1747777773, 0, 11, 1019, 1018, 26, 9.91%, 0, 0, 2, 10.44
1747777783, 0, 11, 1020, 1019, 26, 9.91%, 0, 0, 2, 11.73
1747777793, 0, 11, 1022, 1021, 26, 9.91%, 0, 0, 2, 7.74
1747777799, 0, 11, 1023, 1022, 26, 9.91%, 0, 0, 2, 12.31
1747777809, 0, 11, 1024, 1023, 26, 9.91%, 0, 0, 2, 26.04
1747777814, 0, 11, 1025, 1024, 26, 9.91%, 0, 0, 2, 4.17
1747777829, 0, 11, 1026, 1025, 26, 9.91%, 0, 0, 2, 2.86
1747777835, 0, 11, 1027, 1026, 26, 9.91%, 0, 0, 2, 26.67
1747777840, 0, 11, 1029, 1028, 26, 9.91%, 0, 0, 2, 14.20
1747777850, 0, 11, 1030, 1029, 26, 9.91%, 0, 0, 2, 13.73
1747777855, 0, 11, 1032, 1031, 26, 9.91%, 0, 0, 2, 8.69
1747777860, 0, 11, 1033, 1032, 26, 9.91%, 0, 0, 2, 9.15
1747777865, 0, 11, 1035, 1034, 26, 9.91%, 0, 0, 2, 7.45
1747777870, 0, 11, 1036, 1035, 26, 9.91%, 0, 0, 2, 8.67
1747777886, 0, 11, 1038, 1037, 26, 9.91%, 0, 0, 2, 7.72
1747777891, 0, 11, 1039, 1038, 26, 9.91%, 0, 0, 2, 4.80
1747777896, 0, 11, 1040, 1039, 26, 9.91%, 0, 0, 2, 5.21
1747777901, 0, 11, 1041, 1040, 26, 9.91%, 0, 0, 2, 2.65
1747777907, 0, 11, 1042, 1041, 26, 9.91%, 0, 0, 2, 29.25
1747777912, 0, 11, 1043, 1042, 26, 9.92%, 0, 0, 2, 2.30
1747777922, 0, 11, 1044, 1043, 26, 9.92%, 0, 0, 2, 6.32
1747777933, 0, 11, 1045, 1044, 26, 9.92%, 0, 0, 2, 5.85
1747777938, 0, 11, 1046, 1045, 26, 9.92%, 0, 0, 2, 7.95
1747777948, 0, 11, 1048, 1047, 26, 9.92%, 0, 0, 2, 7.78
1747777953, 0, 11, 1049, 1048, 26, 9.92%, 0, 0, 2, 6.40
1747777958, 0, 11, 1050, 1049, 26, 9.92%, 0, 0, 2, 6.90
1747777964, 0, 11, 1051, 1050, 26, 9.92%, 0, 0, 2, 6.40
1747777969, 0, 11, 1053, 1052, 26, 9.92%, 0, 0, 2, 5.06
1747777974, 0, 11, 1054, 1053, 26, 9.92%, 0, 0, 2, 2.85
1747777979, 0, 15, 1055, 1054, 26, 9.92%, 0, 0, 2, 2.82
1747777984, 0, 15, 1056, 1055, 26, 9.92%, 0, 0, 2, 31.51
1747777989, 0, 15, 1057, 1056, 26, 9.92%, 0, 0, 2, 3.62
1747778005, 0, 15, 1058, 1057, 26, 9.92%, 0, 0, 2, 5.26
1747778016, 0, 15, 1060, 1059, 26, 9.93%, 0, 0, 2, 4.36
1747778042, 0, 15, 1061, 1060, 26, 9.93%, 0, 0, 2, 1.30
1747778053, 0, 15, 1062, 1061, 26, 9.93%, 0, 0, 2, 1.54
1747778058, 0, 15, 1063, 1062, 26, 9.93%, 0, 0, 2, 12.94
1747778079, 0, 15, 1064, 1063, 26, 9.93%, 0, 0, 2, 1.63
1747778095, 0, 15, 1065, 1064, 26, 9.93%, 0, 0, 2, 5.74
1747778111, 0, 15, 1066, 1065, 26, 9.93%, 0, 0, 2, 6.55
1747778142, 0, 15, 1067, 1066, 26, 9.95%, 0, 0, 2, 1.41
1747778157, 0, 15, 1068, 1067, 26, 9.95%, 0, 0, 2, 6.15
1747778173, 0, 15, 1069, 1068, 26, 9.95%, 0, 0, 2, 8.18
1747778194, 0, 15, 1070, 1069, 26, 9.95%, 0, 0, 2, 4.93
1747778205, 0, 15, 1071, 1070, 26, 9.95%, 0, 0, 2, 6.19
1747778210, 0, 15, 1072, 1071, 26, 9.95%, 0, 0, 2, 4.41
1747778241, 0, 15, 1073, 1072, 26, 9.95%, 0, 0, 2, 3.70
1747778278, 0, 15, 1074, 1073, 26, 9.95%, 0, 0, 2, 2.69
1747778283, 0, 15, 1075, 1074, 26, 9.95%, 0, 0, 2, 2.60
1747778294, 0, 15, 1076, 1075, 26, 9.95%, 0, 0, 2, 2.16
1747778305, 0, 15, 1077, 1076, 26, 9.95%, 0, 0, 2, 14.29
1747778310, 0, 15, 1079, 1078, 26, 9.95%, 0, 0, 2, 9.09
1747778331, 0, 15, 1080, 1079, 26, 9.95%, 0, 0, 2, 10.27
1747778352, 0, 15, 1081, 1080, 26, 9.95%, 0, 0, 2, 7.52
1747778357, 0, 15, 1082, 1081, 26, 9.95%, 0, 0, 2, 8.28
1747778362, 0, 15, 1083, 1082, 26, 9.95%, 0, 0, 2, 8.00
1747778367, 0, 15, 1084, 1083, 26, 9.95%, 0, 0, 2, 5.32
1747778383, 0, 15, 1086, 1085, 26, 9.95%, 0, 0, 2, 8.35
1747778393, 0, 15, 1087, 1086, 26, 9.95%, 0, 0, 2, 7.42
1747778403, 0, 15, 1088, 1087, 26, 9.95%, 0, 0, 2, 9.33
1747778408, 0, 15, 1089, 1088, 26, 9.95%, 0, 0, 2, 9.50
1747778424, 0, 15, 1090, 1089, 26, 9.95%, 0, 0, 2, 3.35
1747778429, 0, 15, 1091, 1090, 26, 9.95%, 0, 0, 2, 27.21
1747778440, 0, 15, 1092, 1091, 26, 9.95%, 0, 0, 2, 2.43
1747778456, 0, 15, 1093, 1092, 26, 9.95%, 0, 0, 2, 5.30
1747778467, 0, 15, 1094, 1093, 26, 9.95%, 0, 0, 2, 2.95
1747778483, 0, 15, 1095, 1094, 26, 9.95%, 0, 0, 2, 3.73
1747778508, 0, 15, 1096, 1095, 26, 9.95%, 0, 0, 2, 6.18
1747778519, 0, 15, 1097, 1096, 26, 9.95%, 0, 0, 2, 5.05
1747778546, 0, 15, 1098, 1097, 26, 9.95%, 0, 0, 2, 1.73
1747778551, 0, 15, 1099, 1098, 26, 9.95%, 0, 0, 2, 1.91
1747778562, 0, 15, 1100, 1099, 26, 9.95%, 0, 0, 2, 1.52
1747778583, 0, 15, 1101, 1100, 26, 9.95%, 0, 0, 2, 7.81
1747778594, 0, 15, 1102, 1101, 26, 9.95%, 0, 0, 2, 1.68
1747778625, 0, 15, 1103, 1102, 26, 9.95%, 0, 0, 2, 2.92
1747778637, 0, 15, 1104, 1103, 26, 9.95%, 0, 0, 2, 2.39
1747778647, 0, 15, 1105, 1104, 26, 9.95%, 0, 0, 2, 2.61
1747778678, 0, 15, 1106, 1105, 26, 9.95%, 0, 0, 2, 2.53
1747778684, 0, 15, 1107, 1106, 26, 9.95%, 0, 0, 2, 2.56
1747778704, 0, 15, 1108, 1107, 26, 9.95%, 0, 0, 2, 7.62
1747778715, 0, 15, 1109, 1108, 26, 9.95%, 0, 0, 2, 7.15
1747778736, 0, 15, 1111, 1110, 26, 9.95%, 0, 0, 2, 8.10
1747778747, 0, 16, 1112, 1111, 27, 9.95%, 0, 0, 2, 15.38
1747778758, 0, 16, 1113, 1112, 27, 9.95%, 0, 0, 2, 2.59
1747778763, 0, 16, 1114, 1113, 27, 9.95%, 0, 0, 2, 3.55
1747778768, 0, 16, 1115, 1114, 27, 9.95%, 0, 0, 2, 3.33
1747778779, 0, 16, 1116, 1115, 27, 9.95%, 0, 0, 2, 3.01
1747778784, 0, 16, 1117, 1116, 27, 9.96%, 0, 0, 2, 3.67
1747778800, 0, 16, 1118, 1117, 27, 9.96%, 0, 0, 2, 3.85
1747778805, 0, 16, 1119, 1118, 27, 9.98%, 0, 0, 2, 2.93
1747778816, 0, 16, 1120, 1119, 27, 9.99%, 0, 0, 2, 9.20
1747778821, 0, 16, 1121, 1120, 27, 9.99%, 0, 0, 2, 5.62
1747778867, 0, 16, 1122, 1121, 27, 9.99%, 0, 0, 2, 2.11
1747778872, 0, 16, 1123, 1122, 27, 9.99%, 0, 0, 2, 1.95
1747778878, 0, 16, 1124, 1123, 27, 9.99%, 0, 0, 2, 3.11
1747778893, 0, 16, 1125, 1124, 27, 9.99%, 0, 0, 2, 7.76
1747778904, 0, 16, 1126, 1125, 27, 9.99%, 0, 0, 2, 6.70
1747778909, 0, 16, 1127, 1126, 27, 9.99%, 0, 0, 2, 6.04
1747778914, 0, 16, 1128, 1127, 27, 9.99%, 0, 0, 2, 5.31
1747778924, 0, 16, 1129, 1128, 27, 9.99%, 0, 0, 2, 1.41
1747778935, 0, 16, 1130, 1129, 27, 9.99%, 0, 0, 2, 3.85
1747778945, 0, 16, 1131, 1130, 27, 9.99%, 0, 0, 2, 4.88
1747778956, 0, 16, 1132, 1131, 27, 9.99%, 0, 0, 2, 3.92
1747778967, 0, 16, 1133, 1132, 27, 9.99%, 0, 0, 2, 8.12
1747778978, 0, 16, 1134, 1133, 27, 9.99%, 0, 0, 2, 5.92
1747778989, 0, 16, 1135, 1134, 27, 9.99%, 0, 0, 2, 8.07
1747778994, 0, 16, 1136, 1135, 27, 9.99%, 0, 0, 2, 7.46
1747779005, 0, 16, 1137, 1136, 27, 9.99%, 0, 0, 2, 4.46
1747779015, 0, 16, 1138, 1137, 27, 9.99%, 0, 0, 2, 4.83
1747779025, 0, 16, 1139, 1138, 27, 9.99%, 0, 0, 2, 6.39
1747779041, 0, 16, 1140, 1139, 27, 9.99%, 0, 0, 2, 1.59
1747779067, 0, 16, 1141, 1140, 27, 9.99%, 0, 0, 2, 2.02
1747779077, 0, 16, 1142, 1141, 27, 9.99%, 0, 0, 2, 16.78
1747779098, 0, 16, 1143, 1142, 27, 9.99%, 0, 0, 2, 2.08
1747779114, 0, 16, 1144, 1143, 27, 9.99%, 0, 0, 2, 11.58
1747779145, 0, 16, 1145, 1144, 27, 9.99%, 0, 0, 2, 5.61
1747779150, 0, 16, 1146, 1145, 27, 9.99%, 0, 0, 2, 6.12
1747779166, 0, 16, 1147, 1146, 27, 9.99%, 0, 0, 2, 6.45
1747779177, 0, 16, 1148, 1147, 27, 9.99%, 0, 0, 2, 5.24
1747779261, 0, 16, 1149, 1148, 27, 9.99%, 0, 0, 2, 7.16
1747779266, 0, 16, 1150, 1149, 27, 9.99%, 0, 0, 2, 6.11
1747779272, 0, 16, 1151, 1150, 27, 9.99%, 0, 0, 2, 1.45
1747779288, 0, 16, 1152, 1151, 27, 9.99%, 0, 0, 2, 2.36
1747779293, 0, 16, 1153, 1152, 27, 9.99%, 0, 0, 2, 2.45
1747779298, 0, 16, 1154, 1153, 27, 9.99%, 0, 0, 2, 2.56
1747779309, 0, 16, 1155, 1154, 27, 9.99%, 0, 0, 2, 1.59
1747779325, 0, 16, 1156, 1155, 27, 9.99%, 0, 0, 2, 6.52
1747779340, 0, 16, 1157, 1156, 27, 9.99%, 0, 0, 2, 8.43
1747779361, 0, 16, 1158, 1157, 27, 9.99%, 0, 0, 2, 6.07
1747779381, 0, 16, 1159, 1158, 27, 9.99%, 0, 0, 2, 7.20
1747779402, 0, 16, 1160, 1159, 27, 9.99%, 0, 0, 2, 7.18
1747779407, 0, 16, 1161, 1160, 27, 9.99%, 0, 0, 2, 5.07
1747779423, 0, 16, 1162, 1161, 27, 9.99%, 0, 0, 2, 3.99
1747779434, 0, 16, 1163, 1162, 27, 9.99%, 0, 0, 2, 4.85
1747779445, 0, 16, 1164, 1163, 27, 9.99%, 0, 0, 2, 2.72
1747779461, 0, 16, 1165, 1164, 27, 9.99%, 0, 0, 2, 2.76
1747779466, 0, 16, 1166, 1165, 27, 9.99%, 0, 0, 2, 2.18
1747779508, 0, 16, 1167, 1166, 27, 9.99%, 0, 0, 2, 1.62
1747779571, 0, 16, 1168, 1167, 27, 9.99%, 0, 0, 2, 2.06
1747779608, 0, 16, 1169, 1168, 27, 9.99%, 0, 0, 2, 1.56
1747779613, 0, 16, 1170, 1169, 27, 9.99%, 0, 0, 2, 3.06
1747779623, 0, 17, 1171, 1170, 29, 9.99%, 0, 0, 2, 6.94
1747779634, 0, 17, 1172, 1171, 29, 9.99%, 0, 0, 2, 5.70
1747779650, 0, 17, 1173, 1172, 29, 9.99%, 0, 0, 2, 5.68
1747779665, 0, 17, 1174, 1173, 29, 9.99%, 0, 0, 2, 6.73
1747779676, 0, 17, 1175, 1174, 29, 9.99%, 0, 0, 2, 7.76
1747779681, 0, 17, 1176, 1175, 29, 9.99%, 0, 0, 2, 5.41
1747779702, 0, 17, 1177, 1176, 29, 9.99%, 0, 0, 2, 1.60
1747779708, 0, 17, 1178, 1177, 29, 9.99%, 0, 0, 2, 2.90
1747779734, 0, 17, 1179, 1178, 29, 9.99%, 0, 0, 2, 7.15
1747779739, 0, 17, 1180, 1179, 29, 9.99%, 0, 0, 2, 5.40
1747779744, 0, 17, 1181, 1180, 29, 9.99%, 0, 0, 2, 4.67
1747779765, 0, 17, 1182, 1181, 29, 9.99%, 0, 0, 2, 6.75
1747779775, 0, 17, 1183, 1182, 29, 9.99%, 0, 0, 2, 5.30
1747779780, 0, 17, 1184, 1183, 29, 9.99%, 0, 0, 2, 4.53
1747779786, 0, 17, 1185, 1184, 29, 9.99%, 0, 0, 2, 4.78
1747779812, 0, 17, 1186, 1185, 29, 9.99%, 0, 0, 2, 7.77
1747779817, 0, 17, 1187, 1186, 29, 9.99%, 0, 0, 2, 6.29
1747779932, 0, 17, 1188, 1187, 29, 9.99%, 0, 0, 2, 2.58
1747779938, 0, 17, 1189, 1188, 29, 9.99%, 0, 0, 2, 2.32
1747779943, 0, 17, 1190, 1189, 29, 9.99%, 0, 0, 2, 2.65
1747779969, 0, 17, 1191, 1190, 29, 9.99%, 0, 0, 2, 4.90
1747779985, 0, 17, 1192, 1191, 29, 9.99%, 0, 0, 2, 1.51
1747779996, 0, 17, 1193, 1192, 29, 9.99%, 0, 0, 2, 1.63
1747780001, 0, 17, 1194, 1193, 29, 9.99%, 0, 0, 2, 10.63
1747780021, 0, 17, 1195, 1194, 29, 9.99%, 0, 0, 2, 7.92
1747780032, 0, 17, 1196, 1195, 29, 9.99%, 0, 0, 2, 8.22
1747780079, 0, 17, 1197, 1196, 29, 9.99%, 0, 0, 2, 5.70
1747780121, 0, 17, 1198, 1197, 29, 9.99%, 0, 0, 2, 2.21
1747780163, 0, 17, 1199, 1198, 29, 9.99%, 0, 0, 2, 6.39
1747780225, 0, 17, 1200, 1199, 29, 9.99%, 0, 0, 2, 3.02
1747780277, 0, 17, 1201, 1200, 29, 9.99%, 0, 0, 2, 17.90
1747780294, 0, 18, 1201, 1200, 30, 9.99%, 0, 0, 2, 11.17
1747780304, 0, 20, 1201, 1200, 30, 9.99%, 0, 0, 2, 17.78
1747780309, 0, 21, 1201, 1200, 30, 9.99%, 0, 0, 2, 17.81
1747780319, 0, 22, 1201, 1200, 30, 9.99%, 0, 0, 2, 3.52
1747780335, 0, 22, 1202, 1201, 30, 9.99%, 0, 0, 2, 6.95
1747780345, 0, 22, 1203, 1202, 30, 9.99%, 0, 0, 2, 4.94
1747780392, 0, 22, 1204, 1203, 30, 9.99%, 0, 0, 2, 1.43
1747780403, 0, 22, 1205, 1204, 30, 9.99%, 0, 0, 2, 1.97
1747780420, 0, 22, 1206, 1205, 30, 9.99%, 0, 0, 2, 4.80
1747780425, 0, 22, 1207, 1206, 30, 9.99%, 0, 0, 2, 5.18
1747780436, 0, 22, 1208, 1207, 30, 9.99%, 0, 0, 2, 1.39
1747780467, 0, 22, 1209, 1208, 30, 9.99%, 0, 0, 2, 2.46
1747780504, 0, 22, 1210, 1209, 30, 9.99%, 0, 0, 2, 9.56
1747780525, 0, 22, 1211, 1210, 30, 9.99%, 0, 0, 2, 3.01
1747780531, 0, 22, 1212, 1211, 30, 9.99%, 0, 0, 2, 1.29
1747780547, 0, 22, 1213, 1212, 30, 9.99%, 0, 0, 2, 1.41
1747780558, 0, 22, 1214, 1213, 30, 9.99%, 0, 0, 2, 2.14
1747780594, 0, 22, 1215, 1214, 30, 9.99%, 0, 0, 2, 1.88
1747780605, 0, 22, 1216, 1215, 30, 9.99%, 0, 0, 2, 3.00
1747780610, 0, 22, 1217, 1216, 30, 9.99%, 0, 0, 2, 2.36
1747780621, 0, 22, 1218, 1217, 30, 9.99%, 0, 0, 2, 1.33
1747780647, 0, 22, 1219, 1218, 30, 9.99%, 0, 0, 2, 6.26
1747780706, 0, 22, 1220, 1219, 30, 9.99%, 0, 0, 2, 18.19
1747780733, 0, 22, 1221, 1220, 30, 9.99%, 0, 0, 2, 1.37
1747780749, 0, 22, 1222, 1221, 30, 9.99%, 0, 0, 2, 2.07
1747780810, 0, 22, 1223, 1222, 30, 9.99%, 0, 0, 2, 6.57
1747780816, 0, 22, 1224, 1223, 30, 9.99%, 0, 0, 2, 2.74
1747780827, 0, 22, 1225, 1224, 30, 9.99%, 0, 0, 2, 1.56
1747780842, 0, 22, 1226, 1225, 30, 9.99%, 0, 0, 2, 1.44
1747780847, 0, 22, 1227, 1226, 30, 9.99%, 0, 0, 2, 1.56
1747780896, 0, 22, 1228, 1227, 30, 9.99%, 0, 0, 2, 6.02
1747780923, 0, 22, 1229, 1228, 30, 9.99%, 0, 0, 2, 1.33
1747780928, 0, 22, 1230, 1229, 30, 9.99%, 0, 0, 2, 2.42
1747780944, 0, 22, 1231, 1230, 30, 9.99%, 0, 0, 2, 6.61
1747780997, 0, 22, 1232, 1231, 30, 9.99%, 0, 0, 2, 1.36
1747781017, 0, 22, 1233, 1232, 30, 9.99%, 0, 0, 2, 19.21
1747781054, 0, 22, 1234, 1233, 30, 9.99%, 0, 0, 2, 6.18
1747781086, 0, 22, 1235, 1234, 30, 9.99%, 0, 0, 2, 3.16
1747781102, 0, 22, 1236, 1235, 30, 9.99%, 0, 0, 2, 6.54
1747781117, 0, 22, 1237, 1236, 30, 9.99%, 0, 0, 2, 1.40
1747781133, 0, 22, 1238, 1237, 30, 9.99%, 0, 0, 2, 18.53
1747781138, 0, 23, 1238, 1237, 30, 9.99%, 0, 0, 2, 19.70
1747781159, 0, 24, 1238, 1237, 30, 9.99%, 0, 0, 2, 14.42
1747781164, 0, 25, 1238, 1237, 30, 9.99%, 0, 0, 2, 16.84
1747781174, 0, 26, 1238, 1237, 30, 9.99%, 0, 0, 2, 17.75
1747781179, 0, 27, 1238, 1237, 30, 9.99%, 0, 0, 2, 2.40
1747781185, 0, 27, 1239, 1238, 30, 9.99%, 0, 0, 2, 8.02
1747781190, 0, 27, 1240, 1239, 30, 9.99%, 0, 0, 2, 5.62
1747781195, 0, 27, 1241, 1240, 30, 9.99%, 0, 0, 2, 6.08
1747781210, 0, 27, 1242, 1241, 30, 9.99%, 0, 0, 2, 6.76
1747781215, 0, 27, 1243, 1242, 30, 9.99%, 0, 0, 2, 4.43
1747781231, 0, 27, 1244, 1243, 30, 9.99%, 0, 0, 2, 6.69
1747781241, 0, 27, 1245, 1244, 30, 9.99%, 0, 0, 2, 6.91
1747781247, 0, 27, 1246, 1245, 30, 9.99%, 0, 0, 2, 5.32
1747781262, 0, 27, 1247, 1246, 30, 9.99%, 0, 0, 2, 7.86
1747781278, 0, 27, 1248, 1247, 30, 9.99%, 0, 0, 2, 8.35
1747781283, 0, 27, 1249, 1248, 30, 9.99%, 0, 0, 2, 5.22
1747781298, 0, 27, 1250, 1249, 30, 9.99%, 0, 0, 2, 1.83
1747781339, 0, 27, 1251, 1250, 30, 9.99%, 0, 0, 2, 5.96
1747781403, 0, 27, 1252, 1251, 30, 9.99%, 0, 0, 2, 7.39
1747781434, 0, 27, 1253, 1252, 30, 9.99%, 0, 0, 2, 9.96
1747781486, 0, 27, 1254, 1253, 30, 9.99%, 0, 0, 2, 6.81
1747781506, 0, 27, 1255, 1254, 30, 9.99%, 0, 0, 2, 6.82
1747781532, 0, 27, 1256, 1255, 30, 9.99%, 0, 0, 2, 5.23
1747781563, 0, 27, 1257, 1256, 30, 9.99%, 0, 0, 2, 7.64
1747781568, 0, 27, 1258, 1257, 30, 9.99%, 0, 0, 2, 6.89
1747781594, 0, 27, 1259, 1258, 30, 9.99%, 0, 0, 2, 6.66
1747781630, 0, 27, 1260, 1259, 30, 9.99%, 0, 0, 2, 7.01
1747781641, 0, 27, 1261, 1260, 30, 9.99%, 0, 0, 2, 4.97
1747781646, 0, 27, 1262, 1261, 30, 9.99%, 0, 0, 2, 3.66
1747781673, 0, 27, 1264, 1263, 30, 9.99%, 0, 0, 2, 4.17
1747781693, 0, 27, 1265, 1264, 30, 9.99%, 0, 0, 2, 6.78
1747781714, 0, 27, 1266, 1265, 30, 9.99%, 0, 0, 2, 6.77
1747781729, 0, 27, 1267, 1266, 30, 9.99%, 0, 0, 2, 6.12
1747781806, 0, 27, 1268, 1267, 30, 9.99%, 0, 0, 2, 1.67
1747781817, 0, 27, 1269, 1268, 30, 9.99%, 0, 0, 2, 1.57
1747781822, 0, 28, 1269, 1268, 29, 9.99%, 0, 0, 2, 16.67
1747781843, 0, 29, 1269, 1268, 29, 9.99%, 0, 0, 2, 5.22
1747781859, 0, 29, 1270, 1269, 29, 9.99%, 0, 0, 2, 2.14
1747781890, 0, 32, 1270, 1269, 29, 9.99%, 0, 0, 2, 15.53
1747781896, 0, 33, 1270, 1269, 29, 9.99%, 0, 0, 2, 3.82
1747781911, 0, 34, 1270, 1269, 29, 9.99%, 0, 0, 2, 12.87
1747781916, 0, 35, 1270, 1269, 29, 9.99%, 0, 0, 2, 16.43
1747781927, 0, 35, 1271, 1270, 29, 9.99%, 0, 0, 2, 5.34
1747781932, 0, 35, 1272, 1271, 29, 9.99%, 0, 0, 2, 6.49
1747781990, 0, 35, 1273, 1272, 29, 9.99%, 0, 0, 2, 5.39
1747782036, 0, 35, 1274, 1273, 29, 9.99%, 0, 0, 2, 6.72
1747782057, 0, 35, 1275, 1274, 29, 9.99%, 0, 0, 2, 1.42
1747782083, 0, 35, 1276, 1275, 29, 9.99%, 0, 0, 2, 7.71
1747782124, 0, 35, 1277, 1276, 29, 10.00%, 0, 0, 2, 3.72
1747782134, 0, 35, 1278, 1277, 29, 10.00%, 0, 0, 2, 6.45
1747782279, 0, 35, 1279, 1278, 29, 10.00%, 0, 0, 2, 6.69
1747782395, 0, 35, 1280, 1279, 29, 10.00%, 0, 0, 2, 1.59
1747782536, 0, 37, 1280, 1279, 30, 10.00%, 0, 0, 2, 8.28
1747782551, 0, 38, 1280, 1279, 30, 10.00%, 0, 0, 2, 8.29
1747782566, 0, 39, 1280, 1279, 30, 10.00%, 0, 0, 2, 8.83
1747782587, 0, 42, 1280, 1279, 30, 10.00%, 0, 0, 2, 3.39
1747782608, 0, 44, 1280, 1279, 30, 10.00%, 0, 0, 2, 19.09
1747782613, 0, 45, 1280, 1279, 30, 10.00%, 0, 0, 2, 2.12
1747782634, 0, 48, 1280, 1279, 30, 10.00%, 0, 0, 2, 19.54
1747782639, 0, 49, 1280, 1279, 30, 10.00%, 0, 0, 2, 2.68
1747782660, 0, 50, 1280, 1279, 30, 10.00%, 0, 0, 2, 9.64
1747782675, 0, 51, 1280, 1279, 30, 10.00%, 0, 0, 2, 8.52
1747782686, 0, 52, 1280, 1279, 30, 10.00%, 0, 0, 2, 2.87
1747782701, 0, 53, 1280, 1279, 30, 10.00%, 0, 0, 2, 10.87
1747782711, 0, 54, 1280, 1279, 30, 10.00%, 0, 0, 2, 15.58
1747782717, 0, 55, 1280, 1279, 30, 10.00%, 0, 0, 2, 26.73
1747782722, 0, 56, 1280, 1279, 30, 10.00%, 0, 0, 2, 6.06
1747782732, 0, 58, 1280, 1279, 30, 10.00%, 0, 0, 2, 10.52
1747782737, 0, 58, 1281, 1280, 30, 10.00%, 0, 0, 2, 7.46
1747782743, 0, 58, 1282, 1281, 30, 10.00%, 0, 0, 2, 6.17
1747782753, 0, 58, 1283, 1282, 30, 10.00%, 0, 0, 2, 5.17
1747782758, 0, 58, 1284, 1283, 30, 10.00%, 0, 0, 2, 3.66
1747782789, 0, 58, 1285, 1284, 30, 10.00%, 0, 0, 2, 4.86
1747782810, 0, 58, 1286, 1285, 30, 10.00%, 0, 0, 2, 2.14
1747782831, 0, 58, 1287, 1286, 30, 10.00%, 0, 0, 2, 2.06
1747782841, 0, 58, 1288, 1287, 30, 10.00%, 0, 0, 2, 3.32
1747782852, 0, 58, 1289, 1288, 30, 10.00%, 0, 0, 2, 15.09
1747782867, 0, 58, 1290, 1289, 30, 10.00%, 0, 0, 2, 8.95
1747782878, 0, 58, 1291, 1290, 30, 10.00%, 0, 0, 2, 7.74
1747782888, 0, 58, 1292, 1291, 30, 10.00%, 0, 0, 2, 8.71
1747782946, 0, 58, 1293, 1292, 30, 10.00%, 0, 0, 2, 1.89
1747782982, 0, 58, 1294, 1293, 30, 10.00%, 0, 0, 2, 2.35
1747782993, 0, 58, 1295, 1294, 30, 10.00%, 0, 0, 2, 4.36
1747782998, 0, 58, 1296, 1295, 30, 10.00%, 0, 0, 2, 9.89
1747783040, 0, 58, 1297, 1296, 30, 10.00%, 0, 0, 2, 2.02
1747783098, 0, 58, 1298, 1297, 30, 10.00%, 0, 0, 2, 3.13
1747783124, 0, 58, 1299, 1298, 30, 10.00%, 0, 0, 2, 2.41
1747783155, 0, 58, 1300, 1299, 30, 10.00%, 0, 0, 2, 4.44
1747783177, 0, 58, 1301, 1300, 30, 10.00%, 0, 0, 2, 9.01
1747783192, 0, 59, 1301, 1300, 29, 10.00%, 0, 0, 2, 5.66
1747783197, 0, 59, 1302, 1301, 29, 10.00%, 0, 0, 2, 5.86
1747783213, 0, 59, 1303, 1302, 29, 10.00%, 0, 0, 2, 13.34
1747783229, 0, 59, 1304, 1303, 29, 10.00%, 0, 0, 2, 10.34
1747783250, 0, 59, 1305, 1304, 29, 10.00%, 0, 0, 2, 8.09
1747783276, 0, 59, 1306, 1305, 29, 10.00%, 0, 0, 2, 9.99
1747783302, 0, 59, 1307, 1306, 29, 10.00%, 0, 0, 2, 7.96
1747783360, 0, 59, 1308, 1307, 29, 10.00%, 0, 0, 2, 2.44
1747783370, 0, 59, 1309, 1308, 29, 10.00%, 0, 0, 2, 2.47
1747783375, 0, 59, 1310, 1309, 29, 10.00%, 0, 0, 2, 2.35
1747783465, 0, 59, 1311, 1310, 29, 10.00%, 0, 0, 2, 11.35
1747783480, 0, 59, 1312, 1311, 29, 10.00%, 0, 0, 2, 3.84
1747783511, 0, 59, 1313, 1312, 29, 10.00%, 0, 0, 2, 6.25
1747783537, 0, 59, 1314, 1313, 29, 10.00%, 0, 0, 2, 2.27
1747783574, 0, 59, 1315, 1314, 29, 10.00%, 0, 0, 2, 5.45
1747783594, 0, 59, 1317, 1316, 29, 10.00%, 0, 0, 2, 9.21
1747783641, 0, 60, 1317, 1316, 29, 10.00%, 0, 0, 2, 23.83
1747783646, 0, 61, 1317, 1316, 29, 10.00%, 0, 0, 2, 7.81
1747783657, 0, 62, 1317, 1316, 29, 10.00%, 0, 0, 2, 24.56
1747783662, 0, 65, 1317, 1316, 29, 10.00%, 0, 0, 2, 29.19
1747783667, 0, 66, 1317, 1316, 29, 10.00%, 0, 0, 2, 4.09
1747783683, 0, 68, 1317, 1316, 29, 10.00%, 0, 0, 2, 23.38
1747783688, 0, 69, 1317, 1316, 29, 10.00%, 0, 0, 2, 28.04
1747783693, 0, 70, 1317, 1316, 29, 10.00%, 0, 0, 2, 30.62
1747783698, 0, 71, 1317, 1316, 29, 10.00%, 0, 0, 2, 5.03
1747783709, 0, 71, 1318, 1317, 29, 10.00%, 0, 0, 2, 9.37
1747783724, 0, 72, 1318, 1317, 29, 10.00%, 0, 0, 2, 9.36
1747783740, 0, 74, 1318, 1317, 29, 10.00%, 0, 0, 2, 10.54
1747783750, 0, 75, 1318, 1317, 29, 10.00%, 0, 0, 2, 17.56
1747783755, 0, 76, 1318, 1317, 29, 10.00%, 0, 0, 2, 2.05
1747783775, 0, 77, 1318, 1317, 29, 10.00%, 0, 0, 2, 31.38
1747783816, 0, 78, 1318, 1316, 28, 10.00%, 0, 0, 2, 21.54
1747783821, 0, 81, 1318, 1316, 28, 10.00%, 0, 0, 2, 16.94
1747783842, 0, 82, 1318, 1316, 28, 10.00%, 0, 0, 2, 5.21
1747783863, 0, 85, 1318, 1316, 28, 10.00%, 0, 0, 2, 10.40
1747783884, 0, 86, 1318, 1316, 28, 10.00%, 0, 0, 2, 13.49
1747783889, 0, 88, 1318, 1316, 28, 10.00%, 0, 0, 2, 18.87
1747783910, 0, 88, 1319, 1317, 28, 10.00%, 0, 0, 3, 1.21
1747783941, 0, 89, 1319, 1317, 28, 10.00%, 0, 0, 3, 11.71
1747783957, 0, 92, 1319, 1317, 28, 10.00%, 0, 0, 3, 12.69
1747783978, 0, 93, 1319, 1317, 28, 10.00%, 0, 0, 3, 8.09
1747783994, 0, 94, 1319, 1317, 28, 10.00%, 0, 0, 3, 8.08
1747784009, 0, 96, 1319, 1317, 28, 10.00%, 0, 0, 3, 3.13
1747784020, 0, 96, 1320, 1318, 28, 10.00%, 0, 0, 3, 4.99
1747784030, 0, 96, 1321, 1319, 28, 10.00%, 0, 0, 3, 5.14
1747784051, 0, 96, 1322, 1320, 28, 10.00%, 0, 0, 3, 6.08
1747784078, 0, 96, 1323, 1321, 28, 10.00%, 0, 0, 3, 7.68
1747784366, 0, 97, 1323, 1321, 28, 10.00%, 0, 0, 3, 14.84
1747784371, 0, 98, 1323, 1321, 28, 10.00%, 0, 0, 3, 2.78
1747784392, 0, 99, 1324, 1322, 28, 10.00%, 0, 0, 3, 5.53
1747784434, 0, 100, 1324, 1322, 28, 10.00%, 0, 0, 3, 10.39
1747784444, 0, 101, 1324, 1322, 28, 10.00%, 0, 0, 3, 2.78
1747784460, 0, 102, 1324, 1322, 28, 10.00%, 0, 0, 3, 14.24
1747784481, 0, 104, 1324, 1322, 28, 10.00%, 0, 0, 3, 2.84
1747784507, 0, 105, 1324, 1322, 28, 10.00%, 0, 0, 3, 15.20
1747784512, 0, 106, 1324, 1322, 28, 10.00%, 0, 0, 3, 14.39
1747784533, 0, 107, 1324, 1322, 28, 10.00%, 0, 0, 3, 18.14
1747784559, 0, 108, 1324, 1322, 28, 10.00%, 0, 0, 3, 5.36
1747784575, 0, 109, 1324, 1322, 28, 10.00%, 0, 0, 3, 1.39
1747784596, 0, 110, 1324, 1322, 28, 10.00%, 0, 0, 3, 7.56
1747784612, 0, 110, 1325, 1323, 28, 10.00%, 0, 0, 3, 5.44
1747784632, 0, 111, 1325, 1323, 28, 10.00%, 0, 0, 3, 14.43
1747784638, 0, 112, 1325, 1323, 28, 10.00%, 0, 0, 3, 17.27
1747784648, 0, 113, 1325, 1323, 28, 10.00%, 0, 0, 3, 18.15
1747784653, 0, 114, 1325, 1323, 28, 10.00%, 0, 0, 3, 17.62
1747784663, 0, 115, 1325, 1323, 28, 10.00%, 0, 0, 3, 18.30
1747784669, 0, 117, 1325, 1323, 28, 10.00%, 0, 0, 3, 2.18
1747784684, 0, 117, 1326, 1324, 28, 10.00%, 0, 0, 3, 9.07
1747784711, 0, 119, 1326, 1324, 28, 10.00%, 0, 0, 3, 9.79
1747784726, 0, 120, 1326, 1324, 28, 10.00%, 0, 0, 3, 4.65
1747784742, 0, 121, 1326, 1324, 28, 10.00%, 0, 0, 3, 6.05
1747784752, 0, 122, 1326, 1324, 28, 10.00%, 0, 0, 3, 16.91
1747784757, 0, 123, 1326, 1324, 28, 10.00%, 0, 0, 3, 17.43
1747784768, 0, 125, 1326, 1324, 28, 10.00%, 0, 0, 3, 12.87
1747784778, 0, 126, 1326, 1324, 28, 10.00%, 0, 0, 3, 2.82
1747784784, 0, 126, 1327, 1325, 28, 10.00%, 0, 0, 3, 2.17
1747784820, 0, 127, 1327, 1325, 28, 10.00%, 0, 0, 3, 7.70
1747784835, 0, 128, 1327, 1325, 28, 10.00%, 0, 0, 3, 13.35
1747784840, 0, 130, 1327, 1325, 28, 10.00%, 0, 0, 3, 16.65
1747784850, 0, 131, 1327, 1325, 28, 10.00%, 0, 0, 3, 17.89
1747784856, 0, 132, 1327, 1325, 28, 10.00%, 0, 0, 3, 3.36
1747784866, 0, 132, 1328, 1326, 28, 10.00%, 0, 0, 3, 12.49
1747784897, 0, 133, 1328, 1326, 28, 10.00%, 0, 0, 3, 13.31
1747784902, 0, 135, 1328, 1326, 28, 10.00%, 0, 0, 3, 16.25
1747784912, 0, 136, 1328, 1326, 28, 10.00%, 0, 0, 3, 13.91
1747784928, 0, 136, 1329, 1327, 28, 10.00%, 0, 0, 3, 1.56
1747784954, 0, 138, 1329, 1327, 28, 10.00%, 0, 0, 3, 8.48
1747784976, 0, 139, 1329, 1327, 28, 10.00%, 0, 0, 3, 6.97
1747784987, 0, 139, 1330, 1328, 28, 10.00%, 0, 0, 3, 9.06
1747784997, 0, 139, 1331, 1329, 28, 10.00%, 0, 0, 3, 3.08
1747785054, 0, 140, 1332, 1330, 29, 10.00%, 0, 0, 3, 7.67
1747785080, 0, 140, 1333, 1331, 29, 10.00%, 0, 0, 3, 1.65
1747785133, 0, 141, 1333, 1331, 29, 10.00%, 0, 0, 3, 7.13
1747785154, 0, 142, 1333, 1331, 29, 10.00%, 0, 0, 3, 7.38
1747785175, 0, 143, 1333, 1331, 29, 10.00%, 0, 0, 3, 13.72
1747785180, 0, 144, 1333, 1331, 29, 10.00%, 0, 0, 3, 13.71
1747785201, 0, 145, 1333, 1331, 29, 10.00%, 0, 0, 3, 8.87
1747785217, 0, 146, 1333, 1331, 29, 10.00%, 0, 0, 3, 8.06
1747785238, 0, 147, 1333, 1331, 29, 10.00%, 0, 0, 3, 8.10
1747785259, 0, 148, 1333, 1331, 29, 10.00%, 0, 0, 3, 13.38
1747785264, 0, 149, 1333, 1331, 29, 10.00%, 0, 0, 3, 16.07
1747785269, 0, 150, 1333, 1331, 29, 10.00%, 0, 0, 3, 16.38
1747785290, 0, 151, 1333, 1331, 29, 10.00%, 0, 0, 3, 6.30
1747785311, 0, 153, 1333, 1331, 29, 10.00%, 0, 0, 3, 2.80
1747785327, 0, 154, 1333, 1331, 29, 10.00%, 0, 0, 3, 15.33
1747785332, 0, 156, 1333, 1331, 29, 10.00%, 0, 0, 3, 17.30
1747785342, 0, 157, 1333, 1331, 29, 10.00%, 0, 0, 3, 1.80
1747785357, 0, 158, 1333, 1331, 29, 10.00%, 0, 0, 3, 12.23
1747785367, 0, 159, 1333, 1331, 29, 10.00%, 0, 0, 3, 10.18
1747785383, 0, 160, 1333, 1331, 29, 10.00%, 0, 0, 3, 10.34
1747785399, 0, 162, 1333, 1331, 29, 10.00%, 0, 0, 3, 9.09
1747785409, 0, 163, 1333, 1331, 29, 10.00%, 0, 0, 3, 2.51
1747785430, 0, 164, 1333, 1331, 29, 10.00%, 0, 0, 3, 13.23
1747785435, 0, 166, 1333, 1331, 29, 10.00%, 0, 0, 3, 1.94
1747785456, 0, 167, 1333, 1331, 29, 10.00%, 0, 0, 3, 12.84
1747785476, 0, 168, 1333, 1331, 29, 10.00%, 0, 0, 3, 2.46
1747785493, 0, 169, 1333, 1331, 29, 10.00%, 0, 0, 3, 7.44
1747785514, 0, 169, 1334, 1332, 29, 10.00%, 0, 0, 3, 5.20
1747785534, 0, 170, 1334, 1332, 29, 10.00%, 0, 0, 3, 17.78
1747785545, 0, 171, 1334, 1332, 29, 10.00%, 0, 0, 3, 16.19
1747785560, 0, 173, 1334, 1332, 29, 10.00%, 0, 0, 3, 13.88
1747785566, 0, 174, 1334, 1332, 29, 10.00%, 0, 0, 3, 14.89
1747785576, 0, 174, 1335, 1333, 29, 10.00%, 0, 0, 3, 3.92
1747785608, 0, 175, 1335, 1333, 29, 10.00%, 0, 0, 3, 14.13
1747785613, 0, 176, 1335, 1333, 29, 10.00%, 0, 0, 3, 14.00
1747785633, 0, 177, 1335, 1333, 29, 10.00%, 0, 0, 3, 15.80
1747785715, 0, 178, 1335, 1332, 29, 10.00%, 0, 0, 3, 23.15
1747785732, 0, 179, 1335, 1332, 29, 10.00%, 0, 0, 3, 4.30
1747785748, 0, 180, 1335, 1332, 29, 10.00%, 0, 0, 3, 1.21
1747785769, 0, 181, 1335, 1332, 29, 10.00%, 0, 0, 3, 8.05
1747785790, 0, 182, 1335, 1332, 29, 10.00%, 0, 0, 3, 7.73
1747785805, 0, 183, 1335, 1332, 29, 10.00%, 0, 0, 3, 17.53
1747785816, 0, 184, 1335, 1332, 29, 10.00%, 0, 0, 3, 17.33
1747785821, 0, 188, 1335, 1332, 29, 10.00%, 0, 0, 3, 18.14
1747785831, 0, 189, 1335, 1332, 29, 10.00%, 0, 0, 3, 11.08
1747785853, 0, 190, 1335, 1332, 29, 10.00%, 0, 0, 3, 8.08
1747785868, 0, 191, 1335, 1332, 29, 10.00%, 0, 0, 3, 10.99
1747785884, 0, 192, 1335, 1332, 29, 10.00%, 0, 0, 3, 10.12
1747785894, 0, 193, 1335, 1332, 29, 10.00%, 0, 0, 3, 16.61
1747785900, 0, 194, 1335, 1332, 29, 10.00%, 0, 0, 3, 12.42
1747785915, 0, 194, 1336, 1333, 29, 10.00%, 0, 0, 3, 6.97
1747785936, 0, 195, 1336, 1333, 29, 10.00%, 0, 0, 3, 14.55
1747785942, 0, 196, 1336, 1333, 29, 10.00%, 0, 0, 3, 16.48
1747785968, 0, 197, 1336, 1333, 29, 10.00%, 0, 0, 3, 12.25
1747785983, 0, 199, 1336, 1333, 29, 10.00%, 0, 0, 3, 11.90
1747785989, 0, 200, 1336, 1333, 29, 10.00%, 0, 0, 3, 16.72
1747786009, 0, 201, 1337, 1334, 29, 10.00%, 0, 0, 3, 6.73
1747786050, 0, 202, 1337, 1334, 29, 10.00%, 0, 0, 3, 12.36
1747786060, 0, 203, 1337, 1334, 29, 10.00%, 0, 0, 3, 4.02
1747786071, 0, 203, 1338, 1335, 29, 10.00%, 0, 0, 3, 6.70
1747786097, 0, 205, 1338, 1335, 29, 10.00%, 0, 0, 3, 7.35
1747786117, 0, 206, 1338, 1335, 29, 10.00%, 0, 0, 3, 19.42
1747786133, 0, 207, 1338, 1335, 29, 10.00%, 0, 0, 3, 12.25
1747786143, 0, 208, 1338, 1335, 29, 10.00%, 0, 0, 3, 10.61
1747786159, 0, 209, 1338, 1335, 29, 10.00%, 0, 0, 3, 16.12
1747786180, 0, 212, 1338, 1335, 29, 10.00%, 0, 0, 3, 8.36
1747786196, 0, 213, 1338, 1335, 29, 10.00%, 0, 0, 3, 7.32
1747786211, 0, 214, 1338, 1335, 29, 10.00%, 0, 0, 3, 10.92
1747786222, 0, 215, 1339, 1336, 29, 10.00%, 0, 0, 3, 2.86
1747786258, 0, 216, 1339, 1336, 29, 10.00%, 0, 0, 3, 8.79
1747786278, 0, 218, 1339, 1336, 29, 10.00%, 0, 0, 3, 6.95
1747786299, 0, 219, 1339, 1336, 29, 10.00%, 0, 0, 3, 5.20
1747786320, 0, 220, 1339, 1336, 29, 10.00%, 0, 0, 3, 2.75
1747786342, 0, 221, 1339, 1336, 29, 10.00%, 0, 0, 3, 7.25
1747786358, 0, 223, 1339, 1336, 29, 10.00%, 0, 0, 3, 23.38
1747786419, 0, 224, 1339, 1335, 29, 10.00%, 0, 0, 3, 20.00
1747786445, 0, 225, 1339, 1335, 29, 10.00%, 0, 0, 3, 13.13
1747786450, 0, 226, 1339, 1335, 29, 10.00%, 0, 0, 3, 15.37
1747786471, 0, 226, 1340, 1336, 29, 10.00%, 0, 0, 3, 1.54
1747786493, 0, 227, 1340, 1336, 29, 10.00%, 0, 0, 3, 5.76
1747786514, 0, 228, 1340, 1336, 29, 10.00%, 0, 0, 3, 6.82
1747786530, 0, 228, 1341, 1337, 29, 10.00%, 0, 0, 3, 5.81
1747786545, 0, 231, 1341, 1337, 29, 10.00%, 0, 0, 3, 11.88
1747786555, 0, 234, 1341, 1337, 29, 10.00%, 0, 0, 3, 17.65
1747786560, 0, 235, 1341, 1337, 29, 10.00%, 0, 0, 3, 17.52
1747786566, 0, 236, 1341, 1337, 29, 10.00%, 0, 0, 3, 18.49
1747786586, 0, 237, 1341, 1337, 29, 10.00%, 0, 0, 3, 8.26
1747786607, 0, 238, 1341, 1337, 29, 10.00%, 0, 0, 3, 4.63
1747786628, 0, 239, 1341, 1337, 29, 10.00%, 0, 0, 3, 8.59
1747786649, 0, 240, 1341, 1337, 29, 10.00%, 0, 0, 3, 6.14
1747786669, 0, 243, 1341, 1337, 29, 10.00%, 0, 0, 3, 7.74
1747786680, 0, 243, 1342, 1338, 29, 10.00%, 0, 0, 3, 6.18
1747786717, 0, 244, 1342, 1338, 29, 10.00%, 0, 0, 3, 15.85
1747786722, 0, 245, 1342, 1338, 29, 10.00%, 0, 0, 3, 1.42
1747786743, 0, 247, 1342, 1338, 29, 10.00%, 0, 0, 3, 8.94
1747786765, 0, 248, 1342, 1338, 29, 10.00%, 0, 0, 3, 7.93
1747786786, 0, 249, 1342, 1338, 29, 10.00%, 0, 0, 3, 13.86
1747786791, 0, 250, 1342, 1338, 29, 10.00%, 0, 0, 3, 17.15
1747786801, 0, 251, 1342, 1338, 29, 10.00%, 0, 0, 3, 3.39
1747786822, 0, 253, 1342, 1338, 29, 10.00%, 0, 0, 3, 6.92
1747786842, 0, 254, 1342, 1338, 29, 10.00%, 0, 0, 3, 14.09
1747786847, 0, 255, 1342, 1338, 29, 10.00%, 0, 0, 3, 17.21
1747786857, 0, 256, 1342, 1338, 29, 10.00%, 0, 0, 3, 3.29
1747786878, 0, 257, 1342, 1338, 29, 10.00%, 0, 0, 3, 15.63
1747786883, 0, 258, 1342, 1338, 29, 10.00%, 0, 0, 3, 15.76
1747786904, 0, 259, 1342, 1338, 29, 10.00%, 0, 0, 3, 1.83
1747786920, 0, 260, 1342, 1338, 29, 10.00%, 0, 0, 3, 3.68
1747786942, 0, 262, 1342, 1338, 29, 10.00%, 0, 0, 3, 18.73
1747786952, 0, 263, 1342, 1338, 29, 10.00%, 0, 0, 3, 15.44
1747786968, 0, 265, 1342, 1338, 29, 10.00%, 0, 0, 3, 10.84
1747786978, 0, 266, 1342, 1338, 29, 10.00%, 0, 0, 3, 12.48
1747786998, 0, 267, 1342, 1338, 29, 10.00%, 0, 0, 3, 5.94
1747787019, 0, 268, 1342, 1338, 29, 10.00%, 0, 0, 3, 4.80
1747787035, 0, 268, 1343, 1339, 29, 10.00%, 0, 0, 3, 6.85
1747787056, 0, 269, 1343, 1339, 29, 10.00%, 0, 0, 3, 11.13
1747787066, 0, 270, 1343, 1339, 29, 10.00%, 0, 0, 3, 10.82
1747787082, 0, 271, 1343, 1339, 29, 10.00%, 0, 0, 3, 10.74
1747787103, 0, 272, 1343, 1339, 29, 10.00%, 0, 0, 3, 7.74
1747787118, 0, 274, 1343, 1339, 29, 10.00%, 0, 0, 3, 8.17
1747787139, 0, 275, 1343, 1339, 29, 10.00%, 0, 0, 3, 19.56
1747787160, 0, 276, 1343, 1339, 29, 10.00%, 0, 0, 3, 10.40
1747787175, 0, 277, 1343, 1339, 29, 10.00%, 0, 0, 3, 8.21
1747787196, 0, 278, 1343, 1339, 29, 10.00%, 0, 0, 3, 8.45
1747787212, 0, 279, 1343, 1339, 29, 10.00%, 0, 0, 3, 9.01
1747787228, 0, 281, 1343, 1339, 29, 10.00%, 0, 0, 3, 12.03
1747787238, 0, 282, 1344, 1340, 29, 10.00%, 0, 0, 3, 2.40
1747787275, 0, 284, 1344, 1340, 30, 10.00%, 0, 0, 3, 3.14
1747787296, 0, 285, 1344, 1340, 30, 10.00%, 0, 0, 3, 7.91
1747787317, 0, 286, 1344, 1340, 30, 10.00%, 0, 0, 3, 7.43
1747787333, 0, 287, 1344, 1340, 30, 10.00%, 0, 0, 3, 11.43
1747787343, 0, 288, 1344, 1340, 30, 10.00%, 0, 0, 3, 3.89
1747787365, 0, 290, 1344, 1340, 30, 10.00%, 0, 0, 3, 3.80
1747787380, 0, 292, 1344, 1340, 30, 10.00%, 0, 0, 3, 10.41
1747787390, 0, 293, 1344, 1340, 30, 10.00%, 0, 0, 3, 17.57
1747787395, 0, 294, 1344, 1340, 30, 10.00%, 0, 0, 3, 3.55
1747787417, 0, 295, 1344, 1340, 30, 10.00%, 0, 0, 3, 13.21
1747787422, 0, 298, 1344, 1340, 30, 10.00%, 0, 0, 3, 15.79
1747787443, 0, 299, 1344, 1340, 30, 10.00%, 0, 0, 3, 15.11
1747787449, 0, 300, 1345, 1341, 30, 10.00%, 0, 0, 3, 1.60
1747787485, 0, 302, 1345, 1341, 30, 10.00%, 0, 0, 3, 2.11
1747787490, 0, 302, 1346, 1342, 30, 10.00%, 0, 0, 3, 2.87
1747787522, 0, 303, 1346, 1342, 30, 10.00%, 0, 0, 3, 9.96
1747787532, 0, 306, 1346, 1342, 30, 10.00%, 0, 0, 3, 18.04
1747787537, 0, 309, 1346, 1342, 30, 10.00%, 0, 0, 3, 16.88
1747787558, 0, 311, 1346, 1342, 30, 10.00%, 0, 0, 3, 6.78
1747787579, 0, 312, 1346, 1342, 30, 10.00%, 0, 0, 3, 15.11
1747787584, 0, 313, 1346, 1342, 30, 10.00%, 0, 0, 3, 14.98
1747787605, 0, 314, 1346, 1342, 30, 10.00%, 0, 0, 3, 6.91
1747787632, 0, 316, 1346, 1342, 30, 10.00%, 0, 0, 3, 17.81
1747787637, 0, 317, 1346, 1342, 30, 10.00%, 0, 0, 3, 2.49
1747787653, 0, 320, 1346, 1342, 30, 10.00%, 0, 0, 3, 6.25
1747787669, 0, 321, 1346, 1342, 30, 10.00%, 0, 0, 3, 8.64
1747787690, 0, 322, 1346, 1342, 30, 10.00%, 0, 0, 3, 10.09
1747787700, 0, 323, 1346, 1342, 30, 10.00%, 0, 0, 3, 5.29
1747787716, 0, 326, 1346, 1342, 30, 10.00%, 0, 0, 3, 12.96
1747787726, 0, 327, 1346, 1342, 30, 10.00%, 0, 0, 3, 17.04
1747787731, 0, 328, 1346, 1342, 30, 10.00%, 0, 0, 3, 2.51
1747787752, 0, 329, 1346, 1342, 30, 10.00%, 0, 0, 3, 18.01
1747787757, 0, 331, 1346, 1342, 30, 10.00%, 0, 0, 3, 3.65
1747787778, 0, 332, 1346, 1342, 30, 10.00%, 0, 0, 3, 9.05
1747787794, 0, 333, 1346, 1342, 30, 10.00%, 0, 0, 3, 9.14
1747787805, 0, 334, 1346, 1342, 30, 10.00%, 0, 0, 3, 7.68
1747787826, 0, 336, 1346, 1342, 30, 10.00%, 0, 0, 3, 13.92
1747787831, 0, 337, 1346, 1342, 30, 10.00%, 0, 0, 3, 13.65
1747787852, 0, 338, 1347, 1343, 30, 10.00%, 0, 0, 3, 2.51
1747787889, 0, 339, 1347, 1343, 30, 10.00%, 0, 0, 3, 8.77
1747787899, 0, 340, 1347, 1343, 30, 10.00%, 0, 0, 3, 20.37
1747787914, 0, 341, 1347, 1343, 30, 10.00%, 0, 0, 3, 19.70
1747787930, 0, 342, 1347, 1343, 30, 10.00%, 0, 0, 3, 10.17
1747787940, 0, 342, 1348, 1344, 30, 10.00%, 0, 0, 3, 1.42
1747787982, 0, 343, 1348, 1344, 30, 10.00%, 0, 0, 3, 14.33
1747787987, 0, 344, 1348, 1344, 30, 10.00%, 0, 0, 3, 2.64
1747788003, 0, 345, 1348, 1344, 30, 10.00%, 0, 0, 3, 21.83
1747788024, 0, 346, 1348, 1344, 30, 10.00%, 0, 0, 3, 6.13
1747788044, 0, 347, 1349, 1345, 30, 10.00%, 0, 0, 3, 8.26
1747788082, 0, 348, 1349, 1345, 30, 10.00%, 0, 0, 3, 2.45
1747788103, 0, 349, 1349, 1345, 30, 10.00%, 0, 0, 3, 9.03
1747788119, 0, 350, 1349, 1345, 30, 10.00%, 0, 0, 3, 6.61
1747788140, 0, 353, 1349, 1345, 30, 10.00%, 0, 0, 3, 8.37
1747788155, 0, 354, 1349, 1345, 30, 10.00%, 0, 0, 3, 8.84
1747788166, 0, 356, 1349, 1345, 30, 10.00%, 0, 0, 3, 10.97
1747788186, 0, 358, 1349, 1345, 30, 10.00%, 0, 0, 3, 7.47
1747788202, 0, 359, 1349, 1345, 30, 10.00%, 0, 0, 3, 14.50
1747788207, 0, 361, 1349, 1345, 30, 10.00%, 0, 0, 3, 17.36
1747788217, 0, 362, 1349, 1345, 30, 10.00%, 0, 0, 3, 17.65
1747788222, 0, 364, 1349, 1345, 30, 10.00%, 0, 0, 3, 17.45
1747788233, 0, 366, 1349, 1345, 30, 10.00%, 0, 0, 3, 19.09
1747788238, 0, 367, 1349, 1345, 30, 10.00%, 0, 0, 3, 14.94
1747788253, 0, 368, 1350, 1346, 30, 10.00%, 0, 0, 3, 7.28
1747788294, 0, 370, 1350, 1346, 30, 10.00%, 0, 0, 3, 7.92
1747788310, 0, 371, 1350, 1346, 30, 10.00%, 0, 0, 3, 12.39
1747788320, 0, 372, 1350, 1346, 30, 10.00%, 0, 0, 3, 17.23
1747788325, 0, 373, 1350, 1346, 30, 10.00%, 0, 0, 3, 15.51
1747788346, 0, 374, 1350, 1346, 30, 10.00%, 0, 0, 3, 11.51
1747788357, 0, 374, 1351, 1347, 30, 10.01%, 0, 0, 3, 1.89
1747788389, 0, 376, 1351, 1347, 30, 10.01%, 0, 0, 3, 8.71
1747788409, 0, 377, 1351, 1347, 30, 10.01%, 0, 0, 3, 1.33
1747788425, 0, 378, 1351, 1347, 30, 10.01%, 0, 0, 3, 18.58
1747788435, 0, 381, 1351, 1347, 30, 10.01%, 0, 0, 3, 17.67
1747788440, 0, 382, 1351, 1347, 30, 10.01%, 0, 0, 3, 2.20
1747788455, 0, 383, 1351, 1347, 30, 10.01%, 0, 0, 3, 16.37
1747788476, 0, 384, 1351, 1347, 30, 10.01%, 0, 0, 3, 2.34
1747788497, 0, 385, 1351, 1347, 30, 10.01%, 0, 0, 3, 4.16
1747788512, 0, 386, 1351, 1347, 30, 10.01%, 0, 0, 3, 7.45
1747788533, 0, 387, 1351, 1347, 30, 10.01%, 0, 0, 3, 13.65
1747788538, 0, 389, 1351, 1347, 30, 10.01%, 0, 0, 3, 15.16
1747788559, 0, 390, 1351, 1347, 30, 10.01%, 0, 0, 3, 8.09
1747788580, 0, 391, 1352, 1348, 30, 10.01%, 0, 0, 3, 6.03
1747788622, 0, 393, 1352, 1348, 30, 10.01%, 0, 0, 3, 12.87
1747788627, 0, 394, 1352, 1348, 30, 10.01%, 0, 0, 3, 2.00
1747788632, 0, 394, 1353, 1349, 30, 10.01%, 0, 0, 3, 1.88
1747788654, 0, 394, 1354, 1350, 30, 10.01%, 0, 0, 3, 5.97
1747788722, 0, 395, 1354, 1350, 30, 10.01%, 0, 0, 3, 6.26
1747788743, 0, 396, 1354, 1350, 30, 10.01%, 0, 0, 3, 6.87
1747788764, 0, 397, 1354, 1350, 30, 10.01%, 0, 0, 3, 3.24
1747788785, 0, 398, 1354, 1350, 30, 10.01%, 0, 0, 3, 2.71
1747788806, 0, 399, 1354, 1350, 30, 10.01%, 0, 0, 3, 14.10
1747788811, 0, 400, 1354, 1350, 30, 10.01%, 0, 0, 3, 12.64
1747788832, 0, 401, 1355, 1351, 30, 10.01%, 0, 0, 3, 1.54
1747788869, 0, 402, 1355, 1351, 30, 10.01%, 0, 0, 3, 5.92
1747788889, 0, 403, 1355, 1351, 30, 10.01%, 0, 0, 3, 8.62
1747788910, 0, 405, 1355, 1351, 30, 10.01%, 0, 0, 3, 13.93
1747788915, 0, 406, 1355, 1351, 30, 10.01%, 0, 0, 3, 15.43
1747788936, 0, 407, 1355, 1351, 30, 10.01%, 0, 0, 3, 7.56
1747788957, 0, 408, 1355, 1351, 30, 10.01%, 0, 0, 3, 1.46
1747788978, 0, 409, 1355, 1351, 30, 10.01%, 0, 0, 3, 18.54
1747788983, 0, 411, 1355, 1351, 30, 10.01%, 0, 0, 3, 18.00
1747788994, 0, 412, 1355, 1351, 30, 10.01%, 0, 0, 3, 20.99
1747789004, 0, 413, 1355, 1351, 30, 10.01%, 0, 0, 3, 2.26
1747789015, 0, 413, 1356, 1352, 30, 10.01%, 0, 0, 3, 1.80
1747789051, 0, 414, 1356, 1352, 30, 10.01%, 0, 0, 3, 1.68
1747789068, 0, 415, 1356, 1352, 30, 10.01%, 0, 0, 3, 3.30
1747789089, 0, 416, 1356, 1352, 30, 10.01%, 0, 0, 3, 7.40
1747789104, 0, 417, 1356, 1352, 30, 10.01%, 0, 0, 3, 11.28
1747789124, 0, 418, 1356, 1352, 30, 10.01%, 0, 0, 3, 16.32
1747789129, 0, 420, 1356, 1352, 30, 10.01%, 0, 0, 3, 17.62
1747789135, 0, 422, 1356, 1352, 30, 10.01%, 0, 0, 3, 2.57
1747789156, 0, 423, 1356, 1352, 30, 10.01%, 0, 0, 3, 1.71
1747789176, 0, 424, 1356, 1352, 30, 10.01%, 0, 0, 3, 19.80
1747789197, 0, 425, 1356, 1352, 30, 10.01%, 0, 0, 3, 19.29
1747789202, 0, 427, 1356, 1352, 30, 10.01%, 0, 0, 3, 16.70
1747789223, 0, 428, 1356, 1352, 30, 10.01%, 0, 0, 3, 3.51
1747789239, 0, 429, 1356, 1352, 30, 10.01%, 0, 0, 3, 20.00
1747789260, 0, 430, 1356, 1352, 30, 10.01%, 0, 0, 3, 18.40
1747789265, 0, 431, 1356, 1352, 30, 10.01%, 0, 0, 3, 15.51
1747789280, 0, 432, 1356, 1352, 30, 10.01%, 0, 0, 3, 9.89
1747789285, 0, 432, 1357, 1353, 30, 10.01%, 0, 0, 3, 1.24
1747789291, 0, 432, 1358, 1354, 30, 10.01%, 0, 0, 3, 1.72
1747789372, 0, 433, 1358, 1354, 30, 10.01%, 0, 0, 3, 10.39
1747789382, 0, 434, 1358, 1354, 30, 10.01%, 0, 0, 3, 17.37
1747789387, 0, 435, 1358, 1354, 30, 10.01%, 0, 0, 3, 14.76
1747789408, 0, 436, 1358, 1354, 30, 10.01%, 0, 0, 3, 1.39
1747789423, 0, 437, 1358, 1354, 30, 10.01%, 0, 0, 3, 19.43
1747789434, 0, 439, 1358, 1354, 30, 10.01%, 0, 0, 3, 19.38
1747789449, 0, 440, 1358, 1354, 30, 10.01%, 0, 0, 3, 13.85
1747789454, 0, 441, 1358, 1354, 30, 10.01%, 0, 0, 3, 14.20
1747789475, 0, 442, 1358, 1354, 30, 10.01%, 0, 0, 3, 15.16
1747789480, 0, 443, 1358, 1354, 30, 10.01%, 0, 0, 3, 17.02
1747789486, 0, 444, 1358, 1354, 30, 10.01%, 0, 0, 3, 16.29
1747789512, 0, 445, 1358, 1354, 30, 10.01%, 0, 0, 3, 17.43
1747789517, 0, 446, 1358, 1354, 30, 10.01%, 0, 0, 3, 17.58
1747789523, 0, 447, 1358, 1354, 30, 10.01%, 0, 0, 3, 16.27
1747789543, 0, 448, 1358, 1354, 30, 10.01%, 0, 0, 3, 8.21
1747789559, 0, 449, 1358, 1354, 30, 10.01%, 0, 0, 3, 1.42
1747789581, 0, 450, 1358, 1354, 30, 10.01%, 0, 0, 3, 16.85
1747789586, 0, 451, 1358, 1354, 30, 10.01%, 0, 0, 3, 3.02
1747789608, 0, 452, 1358, 1354, 30, 10.01%, 0, 0, 3, 13.85
1747789613, 0, 453, 1358, 1354, 30, 10.01%, 0, 0, 3, 8.32
1747789634, 0, 454, 1358, 1354, 30, 10.01%, 0, 0, 3, 11.26
1747789639, 0, 457, 1358, 1354, 30, 10.01%, 0, 0, 3, 15.67
1747789659, 0, 458, 1358, 1354, 30, 10.01%, 0, 0, 3, 14.46
1747789664, 0, 459, 1358, 1354, 30, 10.01%, 0, 0, 3, 13.28
1747789680, 0, 459, 1359, 1355, 30, 10.01%, 0, 0, 3, 4.70
1747789706, 0, 460, 1359, 1355, 30, 10.01%, 0, 0, 3, 17.03
1747789722, 0, 461, 1359, 1355, 30, 10.01%, 0, 0, 3, 11.01
1747789732, 0, 463, 1359, 1355, 30, 10.01%, 0, 0, 3, 17.97
1747789737, 0, 464, 1359, 1355, 30, 10.01%, 0, 0, 3, 2.72
1747789758, 0, 467, 1359, 1355, 30, 10.01%, 0, 0, 3, 7.49
1747789779, 0, 468, 1359, 1355, 30, 10.01%, 0, 0, 3, 8.22
1747789794, 0, 469, 1359, 1355, 30, 10.01%, 0, 0, 3, 9.26
1747789804, 0, 470, 1359, 1355, 30, 10.01%, 0, 0, 3, 17.67
1747789809, 0, 472, 1359, 1355, 30, 10.01%, 0, 0, 3, 17.67
1747789820, 0, 473, 1359, 1355, 30, 10.01%, 0, 0, 3, 17.45
1747789825, 0, 475, 1359, 1355, 30, 10.01%, 0, 0, 3, 17.27
1747789835, 0, 476, 1359, 1355, 30, 10.01%, 0, 0, 3, 2.00
1747789851, 0, 477, 1359, 1355, 30, 10.01%, 0, 0, 3, 18.11
1747789856, 0, 479, 1359, 1355, 30, 10.01%, 0, 0, 3, 15.21
1747789877, 0, 480, 1360, 1356, 30, 10.01%, 0, 0, 3, 8.66
1747789924, 0, 481, 1360, 1356, 30, 10.01%, 0, 0, 3, 17.26
1747789945, 0, 482, 1360, 1356, 30, 10.01%, 0, 0, 3, 8.06
1747789960, 0, 483, 1360, 1356, 30, 10.01%, 0, 0, 3, 8.04
1747789976, 0, 484, 1360, 1356, 30, 10.01%, 0, 0, 3, 9.81
1747789986, 0, 485, 1360, 1356, 30, 10.01%, 0, 0, 3, 3.60
1747790002, 0, 487, 1360, 1356, 30, 10.01%, 0, 0, 3, 10.30
1747790012, 0, 488, 1360, 1356, 30, 10.01%, 0, 0, 3, 2.89
1747790033, 0, 490, 1360, 1356, 30, 10.01%, 0, 0, 3, 13.43
1747790053, 0, 491, 1360, 1356, 30, 10.01%, 0, 0, 3, 14.02
1747790058, 0, 493, 1360, 1356, 30, 10.01%, 0, 0, 3, 16.95
1747790069, 0, 495, 1360, 1356, 30, 10.01%, 0, 0, 3, 13.39
1747790084, 0, 496, 1360, 1356, 30, 10.01%, 0, 0, 3, 2.51
1747790100, 0, 499, 1360, 1356, 30, 10.01%, 0, 0, 3, 8.41
1747790115, 0, 500, 1360, 1356, 30, 10.01%, 0, 0, 3, 7.84
1747790136, 0, 500, 1361, 1357, 30, 10.01%, 0, 0, 3, 2.66
1747790168, 0, 503, 1361, 1357, 30, 10.01%, 0, 0, 3, 6.02
1747790188, 0, 504, 1361, 1357, 30, 10.01%, 0, 0, 3, 4.55
1747790204, 0, 505, 1361, 1357, 30, 10.01%, 0, 0, 3, 9.75
1747790219, 0, 506, 1361, 1357, 30, 10.01%, 0, 0, 3, 14.27
1747790224, 0, 507, 1361, 1357, 30, 10.01%, 0, 0, 3, 17.10
1747790235, 0, 508, 1361, 1357, 30, 10.01%, 0, 0, 3, 17.93
1747790240, 0, 509, 1361, 1357, 30, 10.01%, 0, 0, 3, 17.33
1747790250, 0, 510, 1361, 1357, 30, 10.01%, 0, 0, 3, 2.51
1747790266, 0, 511, 1361, 1357, 30, 10.01%, 0, 0, 3, 3.18
1747790282, 0, 512, 1361, 1357, 30, 10.01%, 0, 0, 3, 1.36
1747790292, 0, 512, 1362, 1358, 30, 10.01%, 0, 0, 3, 1.99
1747790334, 0, 513, 1362, 1358, 30, 10.01%, 0, 0, 3, 17.00
1747790339, 0, 514, 1362, 1358, 30, 10.01%, 0, 0, 3, 15.71
1747790360, 0, 515, 1362, 1358, 30, 10.01%, 0, 0, 3, 6.01
1747790375, 0, 516, 1362, 1358, 30, 10.01%, 0, 0, 3, 9.29
1747790391, 0, 517, 1362, 1358, 30, 10.01%, 0, 0, 3, 11.21
1747790401, 0, 518, 1362, 1358, 30, 10.01%, 0, 0, 3, 18.19
1747790407, 0, 519, 1362, 1358, 30, 10.01%, 0, 0, 3, 2.50
1747790428, 0, 520, 1362, 1358, 30, 10.01%, 0, 0, 3, 5.66
1747790449, 0, 521, 1362, 1358, 30, 10.01%, 0, 0, 3, 3.82
1747790464, 0, 522, 1362, 1358, 30, 10.01%, 0, 0, 3, 6.59
1747790485, 0, 523, 1362, 1358, 30, 10.01%, 0, 0, 3, 10.96
1747790490, 0, 523, 1363, 1359, 30, 10.01%, 0, 0, 3, 15.99
1747790500, 0, 525, 1363, 1359, 30, 10.01%, 0, 0, 3, 2.18
1747790521, 0, 526, 1363, 1359, 30, 10.01%, 0, 0, 3, 8.90
1747790537, 0, 527, 1363, 1359, 30, 10.01%, 0, 0, 3, 9.92
1747790553, 0, 528, 1363, 1359, 30, 10.01%, 0, 0, 3, 3.78
1747790574, 0, 529, 1363, 1359, 30, 10.01%, 0, 0, 3, 7.74
1747790595, 0, 530, 1363, 1359, 30, 10.01%, 0, 0, 3, 15.91
1747790611, 0, 531, 1363, 1359, 30, 10.01%, 0, 0, 3, 11.34
1747790616, 0, 532, 1363, 1359, 30, 10.01%, 0, 0, 3, 16.22
1747790626, 0, 533, 1363, 1359, 30, 10.01%, 0, 0, 3, 18.11
1747790631, 0, 535, 1363, 1359, 30, 10.01%, 0, 0, 3, 18.45
1747790641, 0, 537, 1363, 1359, 30, 10.01%, 0, 0, 3, 3.26
1747790657, 0, 538, 1363, 1359, 30, 10.01%, 0, 0, 3, 17.25
1747790662, 0, 539, 1363, 1359, 30, 10.01%, 0, 0, 3, 23.36
1747790677, 0, 540, 1363, 1359, 30, 10.01%, 0, 0, 3, 9.64
1747790698, 0, 541, 1363, 1359, 30, 10.01%, 0, 0, 3, 6.73
1747790719, 0, 542, 1363, 1359, 30, 10.01%, 0, 0, 3, 6.02
1747790740, 0, 543, 1363, 1359, 30, 10.01%, 0, 0, 3, 12.82
1747790745, 0, 544, 1363, 1359, 30, 10.01%, 0, 0, 3, 15.43
1747790766, 0, 545, 1363, 1359, 30, 10.01%, 0, 0, 3, 10.71
1747790776, 0, 548, 1363, 1359, 30, 10.01%, 0, 0, 3, 3.06
1747790792, 0, 549, 1363, 1359, 30, 10.01%, 0, 0, 3, 8.32
1747790812, 0, 551, 1363, 1359, 30, 10.01%, 0, 0, 3, 13.71
1747790817, 0, 552, 1363, 1359, 30, 10.01%, 0, 0, 3, 15.54
1747790838, 0, 553, 1363, 1359, 30, 10.01%, 0, 0, 3, 7.83
1747790853, 0, 554, 1363, 1359, 30, 10.01%, 0, 0, 3, 7.58
1747790879, 0, 556, 1363, 1359, 30, 10.01%, 0, 0, 3, 14.55
1747790884, 0, 557, 1363, 1359, 30, 10.01%, 0, 0, 3, 14.75
1747790905, 0, 558, 1363, 1359, 30, 10.01%, 0, 0, 3, 7.10
1747790920, 0, 559, 1363, 1359, 30, 10.01%, 0, 0, 3, 14.08
1747790925, 0, 560, 1363, 1359, 30, 10.01%, 0, 0, 3, 16.35
1747790946, 0, 561, 1363, 1359, 30, 10.01%, 0, 0, 3, 6.83
1747790966, 0, 562, 1363, 1359, 30, 10.01%, 0, 0, 3, 15.46
1747790972, 0, 563, 1363, 1359, 30, 10.01%, 0, 0, 3, 3.64
1747790987, 0, 563, 1364, 1360, 30, 10.01%, 0, 0, 3, 1.41
1747791013, 0, 564, 1364, 1360, 30, 10.01%, 0, 0, 3, 6.56
1747791029, 0, 565, 1364, 1360, 30, 10.01%, 0, 0, 3, 9.73
1747791045, 0, 566, 1364, 1360, 30, 10.01%, 0, 0, 3, 9.21
1747791060, 0, 567, 1364, 1360, 30, 10.01%, 0, 0, 3, 13.42
1747791081, 0, 568, 1364, 1360, 30, 10.01%, 0, 0, 3, 10.88
1747791098, 0, 569, 1364, 1360, 30, 10.01%, 0, 0, 3, 3.01
1747791114, 0, 570, 1364, 1360, 30, 10.01%, 0, 0, 3, 18.04
1747791139, 0, 571, 1364, 1360, 30, 10.01%, 0, 0, 3, 13.03
1747791150, 0, 572, 1364, 1360, 30, 10.01%, 0, 0, 3, 3.43
1747791165, 0, 572, 1365, 1361, 30, 10.01%, 0, 0, 3, 6.36
1747791197, 0, 573, 1365, 1361, 30, 10.01%, 0, 0, 3, 15.01
1747791202, 0, 574, 1365, 1361, 30, 10.01%, 0, 0, 3, 17.70
1747791207, 0, 575, 1365, 1361, 30, 10.01%, 0, 0, 3, 1.55
1747791233, 0, 576, 1365, 1361, 30, 10.01%, 0, 0, 3, 15.10
1747791249, 0, 577, 1365, 1361, 30, 10.01%, 0, 0, 3, 7.90
1747791265, 0, 578, 1365, 1361, 30, 10.01%, 0, 0, 3, 12.17
1747791275, 0, 578, 1366, 1362, 30, 10.01%, 0, 0, 3, 17.04
1747791280, 0, 579, 1366, 1362, 30, 10.01%, 0, 0, 3, 1.39
1747791302, 0, 580, 1366, 1362, 30, 10.01%, 0, 0, 3, 14.08
1747791322, 0, 581, 1366, 1362, 30, 10.01%, 0, 0, 3, 7.99
1747791338, 0, 582, 1366, 1362, 30, 10.01%, 0, 0, 3, 16.68
1747791343, 0, 583, 1366, 1362, 30, 10.01%, 0, 0, 3, 16.56
1747791348, 0, 585, 1366, 1362, 30, 10.01%, 0, 0, 3, 16.75
1747791369, 0, 586, 1366, 1362, 30, 10.01%, 0, 0, 3, 6.86
1747791396, 0, 587, 1366, 1362, 30, 10.01%, 0, 0, 3, 7.70
1747791416, 0, 588, 1366, 1362, 30, 10.01%, 0, 0, 3, 17.02
1747791422, 0, 589, 1366, 1362, 30, 10.01%, 0, 0, 3, 3.62
1747791443, 0, 590, 1366, 1362, 30, 10.01%, 0, 0, 3, 8.35
1747791458, 0, 591, 1366, 1362, 30, 10.01%, 0, 0, 3, 8.30
1747791464, 0, 591, 1367, 1363, 30, 10.01%, 0, 0, 3, 6.63
1747791500, 0, 592, 1367, 1363, 30, 10.01%, 0, 0, 3, 9.34
1747791521, 0, 593, 1367, 1363, 30, 10.01%, 0, 0, 3, 7.86
1747791541, 0, 594, 1367, 1363, 30, 10.01%, 0, 0, 3, 17.92
1747791546, 0, 595, 1367, 1363, 30, 10.01%, 0, 0, 3, 18.49
1747791552, 0, 596, 1367, 1363, 30, 10.01%, 0, 0, 3, 18.43
1747791562, 0, 598, 1367, 1363, 30, 10.01%, 0, 0, 3, 15.88
1747791578, 0, 599, 1367, 1363, 30, 10.01%, 0, 0, 3, 7.49
1747791594, 0, 600, 1367, 1363, 30, 10.01%, 0, 0, 3, 11.01
1747791599, 0, 601, 1367, 1363, 30, 10.01%, 0, 0, 3, 15.19
1747791615, 0, 602, 1367, 1363, 30, 10.01%, 0, 0, 3, 17.48
1747791636, 0, 603, 1367, 1363, 30, 10.01%, 0, 0, 3, 3.32
1747791647, 0, 603, 1368, 1364, 30, 10.01%, 0, 0, 3, 2.65
1747791678, 0, 604, 1368, 1364, 30, 10.01%, 0, 0, 3, 11.97
1747791688, 0, 605, 1368, 1364, 30, 10.01%, 0, 0, 3, 17.02
1747791693, 0, 606, 1368, 1364, 30, 10.01%, 0, 0, 3, 17.82
1747791698, 0, 607, 1368, 1364, 30, 10.01%, 0, 0, 3, 18.44
1747791719, 0, 608, 1368, 1364, 30, 10.01%, 0, 0, 3, 2.78
1747791739, 0, 610, 1368, 1364, 30, 10.01%, 0, 0, 3, 7.04
1747791756, 0, 611, 1368, 1364, 30, 10.01%, 0, 0, 3, 8.72
1747791776, 0, 612, 1368, 1364, 30, 10.01%, 0, 0, 3, 6.91
1747791797, 0, 613, 1368, 1364, 30, 10.01%, 0, 0, 3, 17.35
1747791813, 0, 615, 1368, 1364, 30, 10.01%, 0, 0, 3, 16.25
1747791818, 0, 616, 1368, 1364, 30, 10.01%, 0, 0, 3, 16.06
1747791823, 0, 616, 1369, 1365, 30, 10.01%, 0, 0, 3, 4.64
1747791854, 0, 617, 1369, 1365, 30, 10.01%, 0, 0, 3, 12.09
1747791865, 0, 618, 1369, 1365, 30, 10.01%, 0, 0, 3, 17.10
1747791880, 0, 619, 1369, 1365, 30, 10.01%, 0, 0, 3, 8.64
1747791897, 0, 620, 1369, 1365, 30, 10.01%, 0, 0, 3, 1.95
1747791917, 0, 621, 1369, 1365, 30, 10.01%, 0, 0, 3, 7.25
1747791933, 0, 622, 1369, 1365, 30, 10.01%, 0, 0, 3, 6.93
1747791949, 0, 623, 1369, 1365, 30, 10.01%, 0, 0, 3, 8.87
1747791970, 0, 624, 1369, 1365, 30, 10.01%, 0, 0, 3, 6.37
1747791990, 0, 625, 1369, 1365, 30, 10.01%, 0, 0, 3, 1.51
1747792006, 0, 626, 1369, 1365, 30, 10.01%, 0, 0, 3, 5.77
1747792022, 0, 626, 1370, 1366, 30, 10.01%, 0, 0, 3, 2.47
1747792048, 0, 627, 1370, 1366, 30, 10.01%, 0, 0, 3, 15.62
1747792053, 0, 630, 1370, 1366, 30, 10.01%, 0, 0, 3, 2.90
1747792069, 0, 631, 1370, 1366, 30, 10.01%, 0, 0, 3, 18.22
1747792089, 0, 633, 1370, 1366, 30, 10.01%, 0, 0, 3, 9.76
1747792110, 0, 634, 1370, 1366, 30, 10.01%, 0, 0, 3, 7.07
1747792126, 0, 635, 1370, 1366, 30, 10.01%, 0, 0, 3, 7.53
1747792147, 0, 636, 1370, 1366, 30, 10.01%, 0, 0, 3, 8.93
1747792162, 0, 637, 1370, 1366, 30, 10.01%, 0, 0, 3, 4.47
1747792183, 0, 638, 1370, 1366, 30, 10.01%, 0, 0, 3, 1.66
1747792203, 0, 639, 1370, 1366, 30, 10.01%, 0, 0, 3, 10.75
1747792213, 0, 640, 1370, 1366, 30, 10.01%, 0, 0, 3, 11.56
1747792229, 0, 641, 1370, 1366, 30, 10.01%, 0, 0, 3, 7.80
1747792245, 0, 642, 1370, 1366, 30, 10.01%, 0, 0, 3, 1.64
1747792260, 0, 643, 1370, 1366, 30, 10.01%, 0, 0, 3, 19.12
1747792271, 0, 644, 1370, 1366, 30, 10.01%, 0, 0, 3, 4.18
1747792287, 0, 645, 1370, 1366, 30, 10.01%, 0, 0, 3, 7.34
1747792308, 0, 646, 1370, 1366, 30, 10.01%, 0, 0, 3, 7.34
1747792323, 0, 648, 1370, 1366, 30, 10.01%, 0, 0, 3, 3.12
1747792339, 0, 652, 1370, 1366, 30, 10.01%, 0, 0, 3, 7.75
1747792360, 0, 653, 1370, 1366, 30, 10.01%, 0, 0, 3, 10.82
1747792370, 0, 655, 1370, 1366, 30, 10.01%, 0, 0, 3, 17.16
1747792375, 0, 657, 1370, 1366, 30, 10.01%, 0, 0, 3, 17.72
1747792380, 0, 658, 1370, 1366, 30, 10.01%, 0, 0, 3, 18.07
1747792391, 0, 660, 1370, 1366, 30, 10.01%, 0, 0, 3, 17.79
1747792396, 0, 661, 1370, 1366, 30, 10.01%, 0, 0, 3, 16.82
1747792417, 0, 663, 1370, 1366, 30, 10.01%, 0, 0, 3, 7.77
1747792422, 0, 663, 1371, 1367, 30, 10.01%, 0, 0, 3, 7.65
1747792454, 0, 664, 1371, 1367, 30, 10.01%, 0, 0, 3, 7.85
1747792464, 0, 665, 1371, 1367, 30, 10.01%, 0, 0, 3, 17.66
1747792469, 0, 666, 1371, 1367, 30, 10.01%, 0, 0, 3, 18.15
1747792479, 0, 668, 1371, 1367, 30, 10.01%, 0, 0, 3, 1.24
1747792501, 0, 669, 1371, 1367, 30, 10.01%, 0, 0, 3, 2.58
1747792522, 0, 670, 1371, 1367, 30, 10.01%, 0, 0, 3, 12.36
1747792543, 0, 671, 1371, 1367, 30, 10.01%, 0, 0, 3, 13.49
1747792548, 0, 672, 1371, 1367, 30, 10.01%, 0, 0, 3, 15.41
1747792564, 0, 673, 1371, 1367, 30, 10.01%, 0, 0, 3, 5.50
1747792585, 0, 673, 1372, 1368, 30, 10.01%, 0, 0, 3, 2.14
1747792611, 0, 674, 1372, 1368, 30, 10.01%, 0, 0, 3, 8.96
1747792627, 0, 675, 1372, 1368, 30, 10.01%, 0, 0, 3, 7.94
1747792638, 0, 675, 1373, 1369, 30, 10.01%, 0, 0, 3, 1.49
1747792675, 0, 676, 1373, 1369, 30, 10.01%, 0, 0, 3, 18.44
1747792696, 0, 677, 1373, 1369, 30, 10.01%, 0, 0, 3, 5.65
1747792717, 0, 678, 1373, 1369, 30, 10.01%, 0, 0, 3, 8.84
1747792733, 0, 679, 1373, 1369, 30, 10.01%, 0, 0, 3, 8.44
1747792749, 0, 680, 1373, 1369, 30, 10.01%, 0, 0, 3, 10.41
1747792759, 0, 681, 1373, 1369, 30, 10.01%, 0, 0, 3, 17.56
1747792764, 0, 682, 1373, 1369, 30, 10.01%, 0, 0, 3, 3.08
1747792785, 0, 683, 1373, 1369, 30, 10.01%, 0, 0, 3, 6.04
1747792806, 0, 684, 1373, 1369, 30, 10.01%, 0, 0, 3, 2.76
1747792827, 0, 685, 1373, 1369, 30, 10.01%, 0, 0, 3, 6.48
1747792843, 0, 686, 1373, 1369, 30, 10.01%, 0, 0, 3, 9.93
1747792853, 0, 687, 1373, 1369, 30, 10.01%, 0, 0, 3, 12.81
1747792869, 0, 692, 1373, 1369, 30, 10.01%, 0, 0, 3, 1.99
1747792890, 0, 693, 1373, 1369, 30, 10.01%, 0, 0, 3, 6.23
1747792910, 0, 695, 1373, 1369, 30, 10.01%, 0, 0, 3, 14.69
1747792916, 0, 697, 1373, 1369, 30, 10.01%, 0, 0, 3, 20.67
1747792936, 0, 698, 1373, 1369, 30, 10.01%, 0, 0, 3, 8.75
1747792946, 0, 699, 1373, 1369, 30, 10.01%, 0, 0, 3, 10.47
1747792967, 0, 700, 1373, 1369, 30, 10.01%, 0, 0, 3, 3.26
1747792983, 0, 701, 1373, 1369, 30, 10.01%, 0, 0, 3, 10.44
1747793003, 0, 702, 1373, 1369, 30, 10.01%, 0, 0, 3, 12.68
1747793013, 0, 703, 1373, 1369, 30, 10.01%, 0, 0, 3, 6.12
1747793029, 0, 704, 1373, 1369, 30, 10.01%, 0, 0, 3, 7.81
1747793050, 0, 706, 1373, 1369, 30, 10.01%, 0, 0, 3, 7.02
1747793065, 0, 707, 1373, 1369, 30, 10.01%, 0, 0, 3, 10.33
1747793076, 0, 708, 1373, 1369, 30, 10.01%, 0, 0, 3, 9.87
1747793713, 0, 708, 1374, 1370, 30, 10.01%, 0, 0, 3, 3.02
1747793820, 0, 708, 1375, 1371, 30, 10.01%, 0, 0, 3, 3.54
1747793877, 0, 708, 1376, 1372, 30, 10.01%, 0, 0, 3, 9.39
1747793908, 0, 708, 1377, 1373, 30, 10.01%, 0, 0, 3, 2.34
1747793975, 0, 708, 1378, 1374, 30, 10.01%, 0, 0, 3, 2.33
1747793996, 0, 708, 1379, 1375, 30, 10.01%, 0, 0, 3, 2.84
1747794108, 0, 708, 1380, 1376, 30, 10.01%, 0, 0, 3, 3.37
1747794422, 0, 708, 1381, 1377, 30, 10.01%, 0, 0, 3, 19.51
1747794752, 0, 708, 1382, 1378, 30, 10.01%, 0, 0, 3, 4.70
1747795040, 0, 709, 1382, 1377, 31, 10.01%, 0, 0, 3, 13.48
1747795055, 0, 710, 1382, 1377, 31, 10.01%, 0, 0, 3, 2.79
1747795076, 0, 712, 1382, 1377, 31, 10.01%, 0, 0, 3, 8.62
1747795097, 0, 713, 1382, 1377, 31, 10.01%, 0, 0, 3, 3.72
1747795117, 0, 714, 1382, 1377, 31, 10.01%, 0, 0, 3, 2.72
1747795133, 0, 715, 1382, 1377, 31, 10.01%, 0, 0, 3, 3.47
1747795154, 0, 716, 1382, 1377, 31, 10.01%, 0, 0, 3, 8.09
1747795175, 0, 718, 1382, 1377, 31, 10.01%, 0, 0, 3, 5.73
1747795195, 0, 719, 1382, 1377, 31, 10.01%, 0, 0, 3, 12.97
1747795200, 0, 720, 1382, 1377, 31, 10.01%, 0, 0, 3, 17.00
1747795221, 0, 721, 1382, 1377, 31, 10.01%, 0, 0, 3, 10.09
1747795237, 0, 723, 1382, 1377, 31, 10.01%, 0, 0, 3, 5.31
1747795247, 0, 724, 1382, 1377, 31, 10.01%, 0, 0, 3, 13.71
1747795268, 0, 725, 1382, 1377, 31, 10.01%, 0, 0, 3, 6.60
1747795284, 0, 725, 1383, 1378, 31, 10.01%, 0, 0, 3, 5.01
1747795310, 0, 726, 1383, 1378, 31, 10.01%, 0, 0, 3, 13.27
1747795315, 0, 727, 1383, 1378, 31, 10.01%, 0, 0, 3, 16.57
1747795342, 0, 728, 1383, 1378, 31, 10.01%, 0, 0, 3, 9.14
1747795358, 0, 729, 1383, 1378, 31, 10.01%, 0, 0, 3, 13.94
1747795363, 0, 731, 1383, 1378, 31, 10.01%, 0, 0, 3, 15.04
1747795385, 0, 732, 1383, 1378, 31, 10.01%, 0, 0, 3, 15.33
1747795406, 0, 733, 1383, 1378, 31, 10.01%, 0, 0, 3, 11.15
1747795427, 0, 735, 1383, 1378, 31, 10.01%, 0, 0, 3, 8.18
1747795442, 0, 736, 1383, 1378, 31, 10.01%, 0, 0, 3, 7.61
1747795468, 0, 737, 1383, 1378, 31, 10.01%, 0, 0, 3, 7.92
1747795489, 0, 738, 1383, 1378, 31, 10.01%, 0, 0, 3, 15.72
1747795494, 0, 739, 1383, 1378, 31, 10.01%, 0, 0, 3, 2.29
1747795514, 0, 740, 1383, 1378, 31, 10.01%, 0, 0, 3, 9.68
1747795530, 0, 742, 1383, 1378, 31, 10.01%, 0, 0, 3, 12.92
1747795551, 0, 743, 1383, 1378, 31, 10.01%, 0, 0, 3, 7.98
1747795571, 0, 744, 1383, 1378, 31, 10.01%, 0, 0, 3, 9.65
1747795593, 0, 745, 1383, 1378, 31, 10.01%, 0, 0, 3, 13.01
1747795598, 0, 746, 1383, 1378, 31, 10.01%, 0, 0, 3, 16.97
1747795608, 0, 747, 1383, 1378, 31, 10.01%, 0, 0, 3, 17.78
1747795613, 0, 748, 1383, 1378, 31, 10.01%, 0, 0, 3, 17.84
1747795624, 0, 749, 1383, 1378, 31, 10.01%, 0, 0, 3, 17.98
1747795640, 0, 751, 1383, 1378, 31, 10.01%, 0, 0, 3, 5.37
1747795661, 0, 752, 1383, 1378, 31, 10.01%, 0, 0, 3, 10.18
1747795682, 0, 753, 1383, 1378, 31, 10.01%, 0, 0, 3, 8.50
1747795703, 0, 754, 1383, 1378, 31, 10.01%, 0, 0, 3, 18.86
1747795713, 0, 755, 1383, 1378, 31, 10.01%, 0, 0, 3, 13.09
1747795734, 0, 756, 1383, 1378, 31, 10.01%, 0, 0, 3, 6.55
1747795749, 0, 758, 1383, 1378, 31, 10.01%, 0, 0, 3, 9.15
1747795770, 0, 759, 1383, 1378, 31, 10.01%, 0, 0, 3, 13.26
1747795775, 0, 760, 1383, 1378, 31, 10.01%, 0, 0, 3, 16.47
1747795785, 0, 761, 1383, 1378, 31, 10.01%, 0, 0, 3, 18.38
1747795791, 0, 762, 1383, 1378, 31, 10.01%, 0, 0, 3, 4.83
1747795806, 0, 762, 1384, 1379, 31, 10.03%, 0, 0, 3, 1.14
1747795839, 0, 763, 1384, 1379, 32, 10.03%, 0, 0, 3, 5.44
1747795860, 0, 764, 1384, 1379, 32, 10.03%, 0, 0, 3, 11.33
1747795870, 0, 765, 1384, 1379, 32, 10.03%, 0, 0, 3, 5.01
1747795891, 0, 766, 1384, 1379, 32, 10.03%, 0, 0, 3, 6.38
1747795907, 0, 767, 1384, 1379, 32, 10.03%, 0, 0, 3, 9.84
1747795928, 0, 768, 1384, 1379, 32, 10.03%, 0, 0, 3, 9.78
1747795944, 0, 769, 1384, 1379, 32, 10.03%, 0, 0, 3, 14.32
1747795949, 0, 770, 1384, 1379, 32, 10.03%, 0, 0, 3, 15.43
1747795970, 0, 771, 1384, 1379, 32, 10.03%, 0, 0, 3, 14.52
1747795975, 0, 772, 1384, 1379, 32, 10.03%, 0, 0, 3, 17.10
1747795985, 0, 773, 1384, 1379, 32, 10.03%, 0, 0, 3, 18.96
1747796007, 0, 774, 1384, 1379, 32, 10.03%, 0, 0, 3, 17.39
1747796023, 0, 775, 1384, 1379, 32, 10.03%, 0, 0, 3, 4.41
1747796043, 0, 776, 1384, 1379, 32, 10.03%, 0, 0, 3, 16.09
1747796048, 0, 777, 1384, 1379, 32, 10.03%, 0, 0, 3, 15.66
1747796069, 0, 778, 1384, 1379, 32, 10.03%, 0, 0, 3, 11.34
1747796079, 0, 780, 1384, 1379, 32, 10.03%, 0, 0, 3, 16.44
1747796084, 0, 781, 1384, 1379, 32, 10.03%, 0, 0, 3, 14.33
1747796105, 0, 782, 1384, 1379, 32, 10.03%, 0, 0, 3, 7.64
1747796131, 0, 783, 1384, 1379, 32, 10.03%, 0, 0, 3, 6.57
1747796152, 0, 784, 1384, 1379, 32, 10.03%, 0, 0, 3, 3.05
1747796173, 0, 785, 1384, 1379, 32, 10.03%, 0, 0, 3, 8.89
1747796194, 0, 786, 1384, 1379, 32, 10.03%, 0, 0, 3, 16.49
1747796199, 0, 787, 1384, 1379, 32, 10.03%, 0, 0, 3, 14.66
1747796219, 0, 788, 1384, 1379, 32, 10.03%, 0, 0, 3, 6.81
1747796235, 0, 789, 1384, 1379, 32, 10.03%, 0, 0, 3, 8.09
1747796262, 0, 790, 1384, 1379, 32, 10.03%, 0, 0, 3, 8.77
1747796277, 0, 791, 1384, 1379, 32, 10.03%, 0, 0, 3, 11.63
1747796287, 0, 792, 1384, 1379, 32, 10.03%, 0, 0, 3, 16.94
1747796292, 0, 793, 1384, 1379, 32, 10.03%, 0, 0, 3, 14.82
1747796313, 0, 794, 1384, 1379, 32, 10.03%, 0, 0, 3, 14.51
1747796329, 0, 795, 1384, 1379, 32, 10.03%, 0, 0, 3, 11.66
1747796339, 0, 796, 1384, 1379, 32, 10.03%, 0, 0, 3, 17.52
1747796344, 0, 797, 1384, 1379, 32, 10.03%, 0, 0, 3, 2.07
1747796370, 0, 798, 1384, 1379, 32, 10.03%, 0, 0, 3, 12.12
1747796375, 0, 799, 1384, 1379, 32, 10.03%, 0, 0, 3, 15.09
1747796397, 0, 799, 1385, 1380, 32, 10.03%, 0, 0, 3, 1.41
1747796423, 0, 800, 1385, 1380, 32, 10.03%, 0, 0, 3, 11.75
1747796434, 0, 801, 1385, 1380, 32, 10.03%, 0, 0, 3, 3.95
1747796449, 0, 802, 1385, 1380, 32, 10.03%, 0, 0, 3, 7.80
1747796476, 0, 804, 1385, 1380, 32, 10.03%, 0, 0, 3, 3.11
1747796496, 0, 806, 1385, 1380, 32, 10.03%, 0, 0, 3, 17.89
1747796502, 0, 807, 1385, 1380, 32, 10.03%, 0, 0, 3, 17.19
1747796507, 0, 809, 1385, 1380, 32, 10.03%, 0, 0, 3, 16.42
1747796527, 0, 810, 1385, 1380, 32, 10.03%, 0, 0, 3, 5.51
1747796548, 0, 811, 1385, 1380, 32, 10.03%, 0, 0, 3, 2.22
1747796569, 0, 812, 1385, 1380, 32, 10.03%, 0, 0, 3, 5.99
1747796590, 0, 813, 1385, 1380, 32, 10.03%, 0, 0, 3, 9.38
1747796601, 0, 814, 1385, 1380, 32, 10.03%, 0, 0, 3, 1.35
1747796617, 0, 815, 1385, 1380, 32, 10.03%, 0, 0, 3, 10.79
1747796638, 0, 816, 1385, 1380, 32, 10.03%, 0, 0, 3, 11.84
1747796649, 0, 817, 1385, 1380, 32, 10.03%, 0, 0, 3, 6.10
1747796670, 0, 818, 1385, 1380, 32, 10.03%, 0, 0, 3, 17.03
1747796675, 0, 819, 1385, 1380, 32, 10.03%, 0, 0, 3, 17.34
1747796685, 0, 820, 1385, 1380, 32, 10.03%, 0, 0, 3, 1.85
1747796707, 0, 821, 1385, 1380, 32, 10.03%, 0, 0, 3, 7.12
1747796723, 0, 821, 1386, 1381, 32, 10.03%, 0, 0, 3, 1.07
1747796734, 0, 821, 1387, 1382, 32, 10.03%, 0, 0, 3, 1.20
1747796804, 0, 822, 1387, 1382, 32, 10.03%, 0, 0, 3, 13.43
1747796825, 0, 823, 1387, 1382, 32, 10.03%, 0, 0, 3, 2.38
1747796830, 0, 823, 1388, 1383, 32, 10.03%, 0, 0, 3, 3.12
1747796872, 0, 825, 1388, 1383, 32, 10.03%, 0, 0, 3, 7.37
1747796893, 0, 826, 1388, 1383, 32, 10.03%, 0, 0, 3, 6.31
1747796909, 0, 827, 1388, 1383, 32, 10.03%, 0, 0, 3, 8.42
1747796929, 0, 828, 1388, 1383, 32, 10.03%, 0, 0, 3, 8.93
1747796950, 0, 829, 1388, 1383, 32, 10.03%, 0, 0, 3, 6.31
1747796972, 0, 831, 1388, 1383, 32, 10.03%, 0, 0, 3, 9.37
1747796982, 0, 832, 1388, 1383, 32, 10.03%, 0, 0, 3, 11.37
1747796997, 0, 833, 1388, 1383, 32, 10.03%, 0, 0, 3, 12.11
1747797008, 0, 835, 1388, 1383, 32, 10.03%, 0, 0, 3, 17.36
1747797013, 0, 836, 1388, 1383, 32, 10.03%, 0, 0, 3, 14.57
1747797033, 0, 837, 1388, 1383, 32, 10.03%, 0, 0, 3, 7.48
1747797054, 0, 838, 1388, 1383, 32, 10.03%, 0, 0, 3, 14.99
1747797060, 0, 839, 1388, 1383, 32, 10.03%, 0, 0, 3, 2.04
1747797075, 0, 840, 1388, 1383, 32, 10.03%, 0, 0, 3, 10.71
1747797086, 0, 841, 1388, 1383, 32, 10.03%, 0, 0, 3, 15.92
1747797101, 0, 841, 1389, 1384, 32, 10.03%, 0, 0, 3, 3.88
1747797132, 0, 842, 1389, 1384, 32, 10.03%, 0, 0, 3, 6.07
1747797137, 0, 842, 1390, 1385, 32, 10.03%, 0, 0, 3, 5.46
1747797179, 0, 844, 1390, 1385, 33, 10.03%, 0, 0, 3, 20.87
1747797189, 0, 845, 1390, 1385, 33, 10.03%, 0, 0, 3, 12.90
1747797205, 0, 846, 1390, 1385, 33, 10.03%, 0, 0, 3, 15.69
1747797210, 0, 847, 1390, 1385, 33, 10.03%, 0, 0, 3, 12.79
1747797232, 0, 848, 1390, 1385, 33, 10.03%, 0, 0, 3, 8.81
1747797247, 0, 849, 1390, 1385, 33, 10.03%, 0, 0, 3, 9.19
1747797263, 0, 850, 1390, 1385, 33, 10.03%, 0, 0, 3, 13.73
1747797274, 0, 851, 1390, 1385, 33, 10.03%, 0, 0, 3, 2.00
1747797294, 0, 853, 1390, 1385, 33, 10.03%, 0, 0, 3, 14.79
1747797315, 0, 854, 1390, 1385, 33, 10.03%, 0, 0, 3, 6.44
1747797336, 0, 855, 1390, 1385, 33, 10.03%, 0, 0, 3, 2.56
1747797357, 0, 856, 1390, 1385, 33, 10.03%, 0, 0, 3, 6.99
1747797378, 0, 857, 1390, 1385, 33, 10.03%, 0, 0, 3, 4.75
1747797398, 0, 858, 1390, 1385, 33, 10.03%, 0, 0, 3, 6.53
1747797419, 0, 860, 1390, 1385, 33, 10.03%, 0, 0, 3, 8.58
1747797435, 0, 861, 1390, 1385, 33, 10.03%, 0, 0, 3, 6.08
1747797456, 0, 862, 1390, 1385, 33, 10.03%, 0, 0, 3, 8.15
1747797482, 0, 863, 1390, 1385, 33, 10.03%, 0, 0, 3, 18.92
1747797488, 0, 864, 1390, 1385, 33, 10.03%, 0, 0, 3, 2.58
1747797513, 0, 866, 1390, 1385, 33, 10.03%, 0, 0, 3, 8.22
1747797528, 0, 867, 1390, 1385, 33, 10.03%, 0, 0, 3, 8.67
1747797555, 0, 869, 1390, 1385, 33, 10.03%, 0, 0, 3, 13.98
1747797571, 0, 870, 1390, 1385, 33, 10.03%, 0, 0, 3, 3.76
1747797597, 0, 872, 1390, 1385, 33, 10.03%, 0, 0, 3, 7.53
1747797613, 0, 873, 1390, 1385, 33, 10.03%, 0, 0, 3, 6.90
1747797633, 0, 875, 1390, 1385, 33, 10.03%, 0, 0, 3, 18.25
1747797644, 0, 876, 1390, 1385, 33, 10.03%, 0, 0, 3, 2.90
1747797660, 0, 877, 1390, 1385, 33, 10.03%, 0, 0, 3, 1.67
1747797686, 0, 879, 1390, 1385, 33, 10.03%, 0, 0, 3, 2.48
1747797706, 0, 880, 1390, 1385, 33, 10.03%, 0, 0, 3, 4.53
1747797727, 0, 881, 1390, 1385, 33, 10.03%, 0, 0, 3, 9.38
1747797747, 0, 884, 1390, 1385, 33, 10.03%, 0, 0, 3, 2.43
1747797768, 0, 885, 1390, 1385, 33, 10.03%, 0, 0, 3, 7.71
1747797784, 0, 886, 1390, 1385, 33, 10.03%, 0, 0, 3, 8.04
1747797805, 0, 887, 1390, 1385, 33, 10.03%, 0, 0, 3, 6.38
1747797826, 0, 888, 1390, 1385, 33, 10.03%, 0, 0, 3, 7.18
1747797847, 0, 890, 1390, 1385, 33, 10.03%, 0, 0, 3, 1.49
1747797868, 0, 891, 1390, 1385, 33, 10.03%, 0, 0, 3, 2.04
1747797884, 0, 892, 1390, 1385, 33, 10.03%, 0, 0, 3, 1.94
1747797905, 0, 894, 1390, 1385, 33, 10.03%, 0, 0, 3, 8.72
1747797931, 0, 895, 1390, 1385, 33, 10.03%, 0, 0, 3, 13.08
1747797936, 0, 896, 1390, 1385, 33, 10.03%, 0, 0, 3, 15.49
1747797957, 0, 896, 1391, 1386, 33, 10.03%, 0, 0, 3, 5.32
1747797984, 0, 897, 1391, 1386, 33, 10.03%, 0, 0, 3, 17.31
1747797989, 0, 899, 1391, 1386, 33, 10.03%, 0, 0, 3, 4.77
1747798010, 0, 900, 1391, 1386, 33, 10.03%, 0, 0, 3, 7.24
1747798026, 0, 901, 1391, 1386, 33, 10.03%, 0, 0, 3, 9.12
1747798036, 0, 902, 1391, 1386, 33, 10.03%, 0, 0, 3, 11.38
1747798052, 0, 904, 1391, 1386, 33, 10.03%, 0, 0, 3, 8.07
1747798078, 0, 905, 1391, 1386, 33, 10.03%, 0, 0, 3, 5.55
1747798094, 0, 906, 1391, 1386, 33, 10.03%, 0, 0, 3, 12.86
1747798099, 0, 907, 1391, 1386, 33, 10.03%, 0, 0, 3, 15.51
1747798120, 0, 908, 1391, 1386, 33, 10.03%, 0, 0, 3, 12.40
1747798125, 0, 909, 1391, 1386, 33, 10.03%, 0, 0, 3, 15.38
1747798145, 0, 910, 1391, 1386, 33, 10.03%, 0, 0, 3, 17.36
1747798156, 0, 911, 1391, 1386, 33, 10.03%, 0, 0, 3, 4.19
1747798171, 0, 912, 1391, 1386, 33, 10.03%, 0, 0, 3, 9.91
1747798197, 0, 913, 1391, 1386, 33, 10.03%, 0, 0, 3, 14.93
1747798202, 0, 916, 1391, 1386, 33, 10.03%, 0, 0, 3, 12.18
1747798217, 0, 918, 1391, 1386, 33, 10.03%, 0, 0, 3, 11.12
1747798228, 0, 919, 1391, 1386, 33, 10.03%, 0, 0, 3, 2.04
1747798243, 0, 920, 1391, 1386, 33, 10.03%, 0, 0, 3, 10.75
1747798253, 0, 921, 1391, 1386, 33, 10.03%, 0, 0, 3, 17.32
1747798259, 0, 922, 1391, 1386, 33, 10.03%, 0, 0, 3, 1.35
1747798280, 0, 923, 1391, 1386, 33, 10.03%, 0, 0, 3, 2.76
1747798296, 0, 925, 1391, 1386, 33, 10.03%, 0, 0, 3, 6.89
1747798317, 0, 927, 1391, 1386, 33, 10.03%, 0, 0, 3, 6.79
1747798338, 0, 930, 1391, 1386, 33, 10.03%, 0, 0, 3, 13.04
1747798348, 0, 931, 1391, 1386, 33, 10.03%, 0, 0, 3, 17.38
1747798353, 0, 932, 1391, 1386, 33, 10.03%, 0, 0, 3, 17.51
1747798358, 0, 933, 1391, 1386, 33, 10.03%, 0, 0, 3, 17.41
1747798378, 0, 934, 1391, 1386, 33, 10.03%, 0, 0, 3, 11.94
1747798383, 0, 935, 1391, 1386, 33, 10.03%, 0, 0, 3, 15.61
1747798410, 0, 936, 1391, 1386, 33, 10.03%, 0, 0, 3, 11.77
1747798426, 0, 938, 1391, 1386, 33, 10.03%, 0, 0, 3, 4.23
1747798452, 0, 939, 1391, 1386, 33, 10.03%, 0, 0, 3, 7.56
1747798467, 0, 940, 1391, 1386, 33, 10.03%, 0, 0, 3, 9.07
1747798488, 0, 942, 1391, 1386, 33, 10.03%, 0, 0, 3, 10.06
1747798509, 0, 943, 1391, 1386, 33, 10.03%, 0, 0, 3, 8.92
1747798530, 0, 944, 1391, 1386, 33, 10.03%, 0, 0, 3, 8.59
1747798551, 0, 945, 1391, 1386, 33, 10.03%, 0, 0, 3, 7.04
1747798572, 0, 946, 1391, 1386, 33, 10.03%, 0, 0, 3, 9.91
1747798599, 0, 947, 1391, 1386, 33, 10.03%, 0, 0, 3, 7.23
1747798619, 0, 948, 1391, 1386, 33, 10.03%, 0, 0, 3, 10.38
1747798640, 0, 949, 1391, 1386, 33, 10.03%, 0, 0, 3, 8.58
1747798656, 0, 950, 1391, 1386, 33, 10.03%, 0, 0, 3, 8.05
1747798677, 0, 951, 1391, 1386, 33, 10.03%, 0, 0, 3, 18.38
1747798682, 0, 952, 1391, 1386, 33, 10.03%, 0, 0, 3, 3.46
1747798703, 0, 953, 1391, 1386, 33, 10.03%, 0, 0, 3, 11.27
1747798713, 0, 954, 1391, 1386, 33, 10.03%, 0, 0, 3, 19.14
1747798729, 0, 955, 1391, 1386, 33, 10.03%, 0, 0, 3, 9.25
1747798745, 0, 956, 1391, 1386, 33, 10.03%, 0, 0, 3, 7.48
1747798761, 0, 958, 1391, 1386, 33, 10.03%, 0, 0, 3, 7.93
1747798782, 0, 959, 1391, 1386, 33, 10.03%, 0, 0, 3, 11.20
1747798792, 0, 960, 1391, 1386, 33, 10.03%, 0, 0, 3, 16.62
1747798797, 0, 961, 1391, 1386, 33, 10.03%, 0, 0, 3, 17.20
1747798807, 0, 962, 1391, 1386, 33, 10.03%, 0, 0, 3, 17.27
1747798813, 0, 963, 1391, 1386, 33, 10.03%, 0, 0, 3, 3.60
1747798833, 0, 964, 1391, 1386, 33, 10.03%, 0, 0, 3, 6.87
1747798854, 0, 966, 1391, 1386, 33, 10.03%, 0, 0, 3, 16.78
1747798864, 0, 968, 1391, 1386, 33, 10.03%, 0, 0, 3, 2.44
1747798885, 0, 969, 1391, 1386, 33, 10.03%, 0, 0, 3, 7.70
1747798895, 0, 969, 1392, 1387, 33, 10.03%, 0, 0, 3, 5.83
1747798926, 0, 970, 1392, 1387, 33, 10.03%, 0, 0, 3, 9.34
1747798937, 0, 971, 1392, 1387, 33, 10.03%, 0, 0, 3, 11.67
1747798953, 0, 972, 1392, 1387, 33, 10.03%, 0, 0, 3, 9.39
1747798974, 0, 973, 1392, 1387, 33, 10.03%, 0, 0, 3, 8.36
1747798990, 0, 974, 1392, 1387, 33, 10.03%, 0, 0, 3, 19.42
1747799011, 0, 975, 1392, 1387, 33, 10.03%, 0, 0, 3, 6.37
1747799031, 0, 976, 1392, 1387, 33, 10.03%, 0, 0, 3, 5.53
1747799047, 0, 977, 1392, 1387, 33, 10.03%, 0, 0, 3, 10.53
1747799057, 0, 978, 1392, 1387, 33, 10.03%, 0, 0, 3, 4.88
1747799078, 0, 979, 1392, 1387, 33, 10.03%, 0, 0, 3, 7.81
1747799093, 0, 980, 1392, 1387, 33, 10.03%, 0, 0, 3, 10.43
1747799103, 0, 981, 1392, 1387, 33, 10.03%, 0, 0, 3, 13.28
1747799119, 0, 982, 1392, 1387, 33, 10.03%, 0, 0, 3, 8.20
1747799140, 0, 983, 1392, 1387, 33, 10.03%, 0, 0, 3, 18.13
1747799145, 0, 984, 1392, 1387, 33, 10.03%, 0, 0, 3, 16.09
1747799166, 0, 985, 1392, 1387, 33, 10.03%, 0, 0, 3, 22.62
1747799182, 0, 986, 1392, 1387, 33, 10.03%, 0, 0, 3, 11.95
1747799192, 0, 987, 1392, 1387, 33, 10.03%, 0, 0, 3, 3.91
1747799208, 0, 988, 1392, 1387, 33, 10.03%, 0, 0, 3, 8.00
1747799228, 0, 989, 1392, 1387, 33, 10.03%, 0, 0, 3, 12.26
1747799233, 0, 991, 1392, 1387, 33, 10.03%, 0, 0, 3, 15.86
1747799260, 0, 992, 1392, 1387, 33, 10.03%, 0, 0, 3, 3.61
1747799276, 0, 993, 1392, 1387, 33, 10.03%, 0, 0, 3, 7.46
1747799296, 0, 994, 1392, 1387, 33, 10.03%, 0, 0, 3, 14.35
1747799302, 0, 995, 1392, 1387, 33, 10.03%, 0, 0, 3, 16.79
1747799312, 0, 997, 1392, 1387, 33, 10.03%, 0, 0, 3, 1.94
1747799328, 0, 998, 1392, 1387, 33, 10.03%, 0, 0, 3, 6.72
1747799333, 0, 998, 1393, 1388, 33, 10.03%, 0, 0, 3, 5.23
1747799375, 0, 1000, 1393, 1388, 33, 10.03%, 0, 0, 3, 8.19
1747799390, 0, 1002, 1393, 1388, 33, 10.03%, 0, 0, 3, 12.19
1747799411, 0, 1003, 1393, 1388, 33, 10.03%, 0, 0, 3, 12.91
1747799432, 0, 1004, 1393, 1388, 33, 10.03%, 0, 0, 3, 8.62
1747799443, 0, 1005, 1393, 1388, 33, 10.03%, 0, 0, 3, 2.72
1747799463, 0, 1006, 1393, 1388, 33, 10.03%, 0, 0, 3, 7.21
1747799479, 0, 1007, 1393, 1388, 33, 10.03%, 0, 0, 3, 8.35
1747799489, 0, 1008, 1393, 1388, 33, 10.03%, 0, 0, 3, 2.33
1747799510, 0, 1009, 1393, 1388, 33, 10.03%, 0, 0, 3, 7.08
1747799526, 0, 1010, 1393, 1388, 33, 10.03%, 0, 0, 3, 8.86
1747799547, 0, 1011, 1393, 1388, 33, 10.03%, 0, 0, 3, 7.85
1747799568, 0, 1012, 1393, 1388, 33, 10.03%, 0, 0, 3, 6.08
1747799589, 0, 1013, 1393, 1388, 33, 10.03%, 0, 0, 3, 8.17
1747799599, 0, 1015, 1393, 1388, 33, 10.03%, 0, 0, 3, 3.48
1747799620, 0, 1016, 1393, 1388, 33, 10.03%, 0, 0, 3, 6.27
1747799641, 0, 1017, 1393, 1388, 33, 10.03%, 0, 0, 3, 5.96
1747799742, 0, 1017, 1394, 1389, 33, 10.03%, 0, 0, 3, 1.71
1747799937, 0, 1017, 1395, 1390, 33, 10.03%, 0, 0, 3, 2.25
1747799985, 0, 1017, 1396, 1391, 33, 10.03%, 0, 0, 3, 1.83
1747801460, 0, 1017, 1397, 1392, 33, 10.03%, 0, 0, 3, 1.77
1747801466, 0, 1017, 1398, 1393, 33, 10.03%, 0, 0, 3, 1.72
1747801530, 0, 1017, 1399, 1394, 33, 10.03%, 0, 0, 3, 1.72
1747801791, 0, 1017, 1400, 1395, 33, 10.03%, 0, 0, 3, 2.46
1747801897, 0, 1017, 1401, 1396, 33, 10.03%, 0, 0, 3, 1.85
1747801956, 0, 1017, 1402, 1397, 33, 10.03%, 0, 0, 3, 1.69
1747801988, 0, 1017, 1403, 1398, 33, 10.03%, 0, 0, 3, 1.78
1747802083, 0, 1017, 1404, 1399, 33, 10.03%, 0, 0, 3, 1.74
1747802110, 0, 1017, 1405, 1400, 33, 10.03%, 0, 0, 3, 1.59
1747802157, 0, 1017, 1406, 1401, 33, 10.03%, 0, 0, 3, 1.59
1747802179, 0, 1017, 1407, 1402, 33, 10.03%, 0, 0, 3, 1.64
1747802195, 0, 1017, 1408, 1403, 33, 10.03%, 0, 0, 3, 1.64
1747802279, 0, 1019, 1408, 1402, 32, 10.03%, 0, 0, 3, 3.19
1747802300, 0, 1020, 1408, 1402, 32, 10.03%, 0, 0, 3, 5.02
1747802315, 0, 1020, 1409, 1403, 32, 10.03%, 0, 0, 3, 5.59
1747802320, 0, 1020, 1410, 1404, 32, 10.03%, 0, 0, 3, 4.16
1747802326, 0, 1020, 1411, 1405, 32, 10.03%, 0, 0, 3, 3.51
1747802403, 0, 1020, 1412, 1406, 32, 10.03%, 0, 0, 3, 5.69
1747802516, 0, 1020, 1413, 1407, 32, 10.03%, 0, 0, 3, 3.75
1747802645, 0, 1020, 1414, 1408, 32, 10.03%, 0, 0, 3, 3.44
1747803026, 0, 1020, 1418, 1412, 32, 10.03%, 0, 0, 3, 7.34
1747803036, 0, 1020, 1420, 1414, 32, 10.03%, 0, 0, 3, 7.12
1747803062, 0, 1020, 1421, 1415, 32, 10.03%, 0, 0, 3, 21.18
1747803088, 0, 1021, 1421, 1414, 30, 10.03%, 0, 0, 3, 23.56
1747803093, 0, 1022, 1421, 1414, 30, 10.03%, 0, 0, 3, 4.22
1747803103, 0, 1024, 1421, 1414, 30, 10.03%, 0, 0, 3, 10.53
1747803113, 0, 1025, 1421, 1414, 30, 10.03%, 0, 0, 3, 12.62
1747803124, 0, 1027, 1421, 1414, 30, 10.03%, 0, 0, 3, 12.13
1747803139, 0, 1029, 1421, 1414, 30, 10.03%, 0, 0, 3, 10.32
1747803149, 0, 1030, 1421, 1414, 30, 10.03%, 0, 0, 3, 14.18
1747803159, 0, 1032, 1421, 1414, 30, 10.03%, 0, 0, 3, 21.70
1747803165, 0, 1033, 1421, 1414, 30, 10.03%, 0, 0, 3, 28.20
1747803170, 0, 1035, 1421, 1414, 30, 10.03%, 0, 0, 3, 19.80
1747803180, 0, 1036, 1421, 1414, 30, 10.03%, 0, 0, 3, 12.55
1747803190, 0, 1037, 1421, 1414, 30, 10.03%, 0, 0, 3, 10.30
1747803206, 0, 1038, 1421, 1414, 30, 10.03%, 0, 0, 3, 13.76
1747803216, 0, 1039, 1421, 1414, 30, 10.03%, 0, 0, 3, 12.72
1747803226, 0, 1042, 1421, 1414, 30, 10.03%, 0, 0, 3, 21.71
1747803231, 0, 1043, 1421, 1414, 30, 10.03%, 0, 0, 3, 29.00
1747803236, 0, 1044, 1421, 1414, 30, 10.03%, 0, 0, 3, 6.81
1747803247, 0, 1045, 1421, 1414, 30, 10.03%, 0, 0, 3, 9.03
1747803257, 0, 1046, 1421, 1414, 30, 10.03%, 0, 0, 3, 23.61
1747803262, 0, 1048, 1421, 1414, 30, 10.03%, 0, 0, 3, 23.73
1747803273, 0, 1049, 1421, 1414, 30, 10.03%, 0, 0, 3, 8.12
1747803283, 0, 1051, 1421, 1414, 30, 10.03%, 0, 0, 3, 12.15
1747803293, 0, 1052, 1421, 1414, 30, 10.03%, 0, 0, 3, 20.11
1747803299, 0, 1054, 1421, 1414, 30, 10.03%, 0, 0, 3, 7.05
1747803309, 0, 1055, 1421, 1414, 30, 10.03%, 0, 0, 3, 15.53
1747803314, 0, 1056, 1421, 1414, 30, 10.03%, 0, 0, 3, 26.71
1747803319, 0, 1057, 1421, 1414, 30, 10.03%, 0, 0, 3, 27.99
1747803324, 0, 1059, 1421, 1414, 30, 10.03%, 0, 0, 3, 6.35
1747803334, 0, 1060, 1421, 1414, 30, 10.03%, 0, 0, 3, 10.16
1747803350, 0, 1063, 1421, 1414, 30, 10.03%, 0, 0, 3, 25.28
1747803355, 0, 1066, 1421, 1414, 30, 10.03%, 0, 0, 3, 30.00
1747803360, 0, 1067, 1421, 1414, 30, 10.03%, 0, 0, 3, 30.23
1747803365, 0, 1069, 1421, 1414, 30, 10.03%, 0, 0, 3, 7.84
1747803375, 0, 1070, 1421, 1414, 30, 10.03%, 0, 0, 3, 19.24
1747803380, 0, 1071, 1421, 1414, 30, 10.03%, 0, 0, 3, 26.71
1747803386, 0, 1072, 1421, 1414, 30, 10.03%, 0, 0, 3, 3.57
1747803396, 0, 1073, 1421, 1414, 30, 10.03%, 0, 0, 3, 10.53
1747803406, 0, 1075, 1421, 1414, 30, 10.03%, 0, 0, 3, 15.04
1747803412, 0, 1076, 1421, 1414, 30, 10.03%, 0, 0, 3, 20.76
1747803427, 0, 1077, 1421, 1414, 30, 10.03%, 0, 0, 3, 20.72
1747803432, 0, 1078, 1421, 1414, 30, 10.03%, 0, 0, 3, 18.90
1747803443, 0, 1079, 1421, 1414, 30, 10.03%, 0, 0, 3, 17.25
1747803453, 0, 1080, 1421, 1414, 30, 10.03%, 0, 0, 3, 14.46
1747803464, 0, 1081, 1421, 1414, 30, 10.03%, 0, 0, 3, 12.67
1747803479, 0, 1083, 1421, 1414, 30, 10.03%, 0, 0, 3, 23.34
1747803494, 0, 1086, 1421, 1414, 30, 10.03%, 0, 0, 3, 22.83
1747803505, 0, 1087, 1421, 1414, 30, 10.03%, 0, 0, 3, 9.89
1747803515, 0, 1089, 1421, 1414, 30, 10.03%, 0, 0, 3, 10.55
1747803531, 0, 1090, 1422, 1415, 30, 10.03%, 0, 0, 3, 14.97
1747803556, 0, 1091, 1422, 1415, 30, 10.03%, 0, 0, 3, 15.06
1747803561, 0, 1092, 1422, 1415, 30, 10.03%, 0, 0, 3, 24.01
1747803572, 0, 1096, 1422, 1415, 30, 10.03%, 0, 0, 3, 13.10
1747803577, 0, 1097, 1422, 1415, 30, 10.03%, 0, 0, 3, 4.72
1747803592, 0, 1099, 1422, 1415, 30, 10.03%, 0, 0, 3, 23.95
1747803608, 0, 1101, 1422, 1415, 30, 10.03%, 0, 0, 3, 23.98
1747803618, 0, 1102, 1422, 1415, 30, 10.03%, 0, 0, 3, 15.33
1747803623, 0, 1103, 1422, 1415, 30, 10.03%, 0, 0, 3, 5.13
1747803638, 0, 1104, 1422, 1415, 30, 10.03%, 0, 0, 3, 10.50
1747803648, 0, 1106, 1422, 1415, 30, 10.03%, 0, 0, 3, 12.06
1747803654, 0, 1106, 1423, 1416, 30, 10.03%, 0, 0, 3, 10.25
1747803664, 0, 1106, 1424, 1417, 30, 10.03%, 0, 0, 3, 8.02
1747803706, 0, 1107, 1424, 1417, 30, 10.03%, 0, 0, 3, 30.24
1747803711, 0, 1108, 1424, 1417, 30, 10.03%, 0, 0, 3, 5.32
1747803721, 0, 1112, 1424, 1417, 30, 10.03%, 0, 0, 3, 14.21
1747803726, 0, 1113, 1424, 1417, 30, 10.03%, 0, 0, 3, 4.52
1747803741, 0, 1115, 1424, 1417, 30, 10.03%, 0, 0, 3, 24.86
1747803746, 0, 1116, 1424, 1417, 30, 10.03%, 0, 0, 3, 26.25
1747803757, 0, 1117, 1424, 1417, 30, 10.03%, 0, 0, 3, 11.55
1747803772, 0, 1118, 1424, 1417, 30, 10.03%, 0, 0, 3, 12.72
1747803783, 0, 1119, 1424, 1417, 30, 10.03%, 0, 0, 3, 27.07
1747803793, 0, 1121, 1424, 1417, 30, 10.03%, 0, 0, 3, 9.59
1747803803, 0, 1122, 1424, 1417, 30, 10.03%, 0, 0, 3, 11.72
1747803813, 0, 1124, 1424, 1417, 30, 10.03%, 0, 0, 3, 19.43
1747803819, 0, 1125, 1424, 1417, 30, 10.03%, 0, 0, 3, 6.11
1747803834, 0, 1126, 1424, 1417, 30, 10.03%, 0, 0, 3, 20.19
1747803839, 0, 1127, 1424, 1417, 30, 10.03%, 0, 0, 3, 28.51
1747803844, 0, 1128, 1424, 1417, 30, 10.03%, 0, 0, 3, 5.84
1747803850, 0, 1128, 1425, 1418, 30, 10.03%, 0, 0, 3, 8.54
1747803870, 0, 1129, 1425, 1418, 30, 10.03%, 0, 0, 3, 13.10
1747803881, 0, 1130, 1425, 1418, 30, 10.03%, 0, 0, 3, 10.60
1747803891, 0, 1131, 1425, 1418, 30, 10.03%, 0, 0, 3, 17.73
1747803896, 0, 1132, 1425, 1418, 30, 10.03%, 0, 0, 3, 18.58
1747803901, 0, 1132, 1426, 1419, 30, 10.03%, 0, 0, 3, 12.36
1747803912, 0, 1132, 1427, 1420, 30, 10.03%, 0, 0, 3, 9.91
1747803942, 0, 1133, 1427, 1420, 31, 10.03%, 0, 0, 3, 25.30
1747803948, 0, 1136, 1427, 1420, 31, 10.03%, 0, 0, 3, 3.38
1747803958, 0, 1137, 1427, 1420, 31, 10.03%, 0, 0, 3, 14.32
1747803963, 0, 1138, 1427, 1420, 31, 10.03%, 0, 0, 3, 5.25
1747803974, 0, 1139, 1427, 1420, 31, 10.03%, 0, 0, 3, 17.81
1747803979, 0, 1140, 1427, 1420, 31, 10.03%, 0, 0, 3, 27.63
1747803984, 0, 1141, 1427, 1420, 31, 10.03%, 0, 0, 3, 29.05
1747803989, 0, 1143, 1427, 1420, 31, 10.03%, 0, 0, 3, 30.15
1747803994, 0, 1144, 1427, 1420, 31, 10.03%, 0, 0, 3, 6.13
1747804004, 0, 1145, 1427, 1420, 31, 10.03%, 0, 0, 3, 14.60
1747804010, 0, 1147, 1427, 1420, 31, 10.03%, 0, 0, 3, 4.34
1747804020, 0, 1148, 1427, 1420, 31, 10.03%, 0, 0, 3, 12.78
1747804030, 0, 1149, 1427, 1420, 31, 10.03%, 0, 0, 3, 21.46
1747804035, 0, 1151, 1427, 1420, 31, 10.03%, 0, 0, 3, 36.11
1747804040, 0, 1151, 1428, 1421, 31, 10.03%, 0, 0, 3, 6.80
1747804061, 0, 1152, 1428, 1421, 31, 10.03%, 0, 0, 3, 17.80
1747804066, 0, 1153, 1428, 1421, 31, 10.03%, 0, 0, 3, 27.43
1747804071, 0, 1154, 1428, 1421, 31, 10.03%, 0, 0, 3, 29.77
1747804077, 0, 1155, 1428, 1421, 31, 10.03%, 0, 0, 3, 4.47
1747804087, 0, 1156, 1428, 1421, 31, 10.03%, 0, 0, 3, 18.34
1747804092, 0, 1157, 1428, 1421, 31, 10.03%, 0, 0, 3, 26.66
1747804097, 0, 1159, 1428, 1421, 31, 10.03%, 0, 0, 3, 27.48
1747804102, 0, 1161, 1428, 1421, 31, 10.03%, 0, 0, 3, 3.38
1747804113, 0, 1162, 1428, 1421, 31, 10.03%, 0, 0, 3, 9.27
1747804128, 0, 1163, 1428, 1421, 31, 10.03%, 0, 0, 3, 10.35
1747804139, 0, 1164, 1428, 1421, 31, 10.03%, 0, 0, 3, 10.37
1747804149, 0, 1167, 1428, 1421, 31, 10.03%, 0, 0, 3, 22.49
1747804154, 0, 1168, 1428, 1421, 31, 10.03%, 0, 0, 3, 28.53
1747804160, 0, 1169, 1428, 1421, 31, 10.03%, 0, 0, 3, 7.08
1747804170, 0, 1170, 1428, 1421, 31, 10.03%, 0, 0, 3, 11.99
1747804180, 0, 1171, 1428, 1421, 31, 10.03%, 0, 0, 3, 9.36
1747804190, 0, 1172, 1428, 1421, 31, 10.03%, 0, 0, 3, 14.88
1747804196, 0, 1173, 1428, 1421, 31, 10.03%, 0, 0, 3, 25.58
1747804201, 0, 1174, 1428, 1421, 31, 10.03%, 0, 0, 3, 22.72
1747804211, 0, 1176, 1428, 1421, 31, 10.03%, 0, 0, 3, 19.33
1747804221, 0, 1177, 1428, 1421, 31, 10.03%, 0, 0, 3, 8.90
1747804231, 0, 1179, 1428, 1421, 31, 10.03%, 0, 0, 3, 12.36
1747804242, 0, 1180, 1428, 1421, 31, 10.03%, 0, 0, 3, 18.00
1747804247, 0, 1182, 1428, 1421, 31, 10.03%, 0, 0, 3, 26.83
1747804252, 0, 1182, 1429, 1422, 31, 10.03%, 0, 0, 3, 28.26
1747804257, 0, 1183, 1429, 1422, 31, 10.03%, 0, 0, 3, 29.80
1747804262, 0, 1184, 1429, 1422, 31, 10.03%, 0, 0, 3, 31.29
1747804267, 0, 1185, 1429, 1422, 31, 10.03%, 0, 0, 3, 8.76
1747804278, 0, 1187, 1429, 1422, 31, 10.03%, 0, 0, 3, 13.95
1747804288, 0, 1188, 1429, 1422, 31, 10.03%, 0, 0, 3, 21.29
1747804293, 0, 1189, 1429, 1422, 31, 10.03%, 0, 0, 3, 27.90
1747804298, 0, 1190, 1429, 1422, 31, 10.03%, 0, 0, 3, 29.10
1747804304, 0, 1192, 1429, 1422, 31, 10.03%, 0, 0, 3, 4.96
1747804319, 0, 1193, 1429, 1422, 31, 10.03%, 0, 0, 3, 11.32
1747804329, 0, 1195, 1429, 1422, 31, 10.03%, 0, 0, 3, 12.08
1747804340, 0, 1196, 1429, 1422, 31, 10.03%, 0, 0, 3, 11.86
1747804350, 0, 1197, 1429, 1422, 31, 10.03%, 0, 0, 3, 11.68
1747804366, 0, 1199, 1429, 1422, 31, 10.03%, 0, 0, 3, 24.64
1747804381, 0, 1200, 1429, 1422, 31, 10.03%, 0, 0, 3, 9.81
1747804392, 0, 1201, 1429, 1422, 31, 10.03%, 0, 0, 3, 16.73
1747804397, 0, 1202, 1429, 1422, 31, 10.03%, 0, 0, 3, 27.34
1747804402, 0, 1203, 1429, 1422, 31, 10.03%, 0, 0, 3, 17.91
1747804412, 0, 1205, 1429, 1422, 31, 10.03%, 0, 0, 3, 20.72
1747804418, 0, 1206, 1429, 1422, 31, 10.03%, 0, 0, 3, 6.93
1747804428, 0, 1208, 1429, 1422, 31, 10.03%, 0, 0, 3, 11.43
1747804438, 0, 1209, 1429, 1422, 31, 10.03%, 0, 0, 3, 14.77
1747804443, 0, 1211, 1429, 1422, 31, 10.03%, 0, 0, 3, 4.35
1747804459, 0, 1213, 1429, 1422, 31, 10.03%, 0, 0, 3, 12.44
1747804469, 0, 1214, 1429, 1422, 31, 10.03%, 0, 0, 3, 11.64
1747804479, 0, 1217, 1429, 1422, 31, 10.03%, 0, 0, 3, 8.96
1747804490, 0, 1218, 1429, 1422, 31, 10.03%, 0, 0, 3, 14.21
1747804500, 0, 1219, 1429, 1422, 31, 10.03%, 0, 0, 3, 12.16
1747804511, 0, 1220, 1429, 1422, 31, 10.03%, 0, 0, 3, 12.15
1747804526, 0, 1221, 1429, 1422, 31, 10.03%, 0, 0, 3, 11.96
1747804537, 0, 1223, 1429, 1422, 31, 10.03%, 0, 0, 3, 6.86
1747804547, 0, 1224, 1429, 1422, 31, 10.03%, 0, 0, 3, 13.12
1747804557, 0, 1225, 1429, 1422, 31, 10.03%, 0, 0, 3, 21.85
1747804562, 0, 1226, 1429, 1422, 31, 10.03%, 0, 0, 3, 26.42
1747804567, 0, 1226, 1430, 1423, 31, 10.03%, 0, 0, 3, 6.92
1747804573, 0, 1226, 1431, 1424, 31, 10.03%, 0, 0, 3, 8.87
1747804608, 0, 1227, 1431, 1424, 31, 10.03%, 0, 0, 3, 10.22
1747804623, 0, 1228, 1431, 1424, 31, 10.03%, 0, 0, 3, 10.37
1747804634, 0, 1230, 1431, 1424, 31, 10.03%, 0, 0, 3, 23.49
1747804639, 0, 1231, 1431, 1424, 31, 10.03%, 0, 0, 3, 23.37
1747804649, 0, 1232, 1431, 1424, 31, 10.03%, 0, 0, 3, 9.89
1747804660, 0, 1233, 1431, 1424, 31, 10.03%, 0, 0, 3, 11.88
1747804670, 0, 1234, 1431, 1424, 31, 10.03%, 0, 0, 3, 13.01
1747804675, 0, 1234, 1432, 1425, 31, 10.03%, 0, 0, 3, 8.09
1747804685, 0, 1234, 1433, 1426, 31, 10.03%, 0, 0, 3, 8.48
1747804721, 0, 1237, 1433, 1426, 31, 10.03%, 0, 0, 3, 25.16
1747804727, 0, 1238, 1433, 1426, 31, 10.03%, 0, 0, 3, 5.80
1747804732, 0, 1239, 1433, 1426, 31, 10.03%, 0, 0, 3, 12.19
1747804737, 0, 1241, 1433, 1426, 31, 10.03%, 0, 0, 3, 22.35
1747804752, 0, 1242, 1433, 1426, 31, 10.03%, 0, 0, 3, 10.01
1747804763, 0, 1243, 1433, 1426, 31, 10.03%, 0, 0, 3, 15.08
1747804773, 0, 1244, 1433, 1426, 31, 10.03%, 0, 0, 3, 12.77
1747804783, 0, 1245, 1433, 1426, 31, 10.03%, 0, 0, 3, 20.84
1747804788, 0, 1246, 1433, 1426, 31, 10.03%, 0, 0, 3, 28.00
1747804793, 0, 1249, 1433, 1426, 31, 10.03%, 0, 0, 3, 21.20
1747804804, 0, 1250, 1433, 1426, 31, 10.03%, 0, 0, 3, 12.83
1747804814, 0, 1251, 1433, 1426, 31, 10.03%, 0, 0, 3, 13.95
1747804824, 0, 1252, 1433, 1426, 31, 10.03%, 0, 0, 3, 14.47
1747804835, 0, 1253, 1433, 1426, 31, 10.03%, 0, 0, 3, 12.19
1747804850, 0, 1254, 1433, 1426, 31, 10.03%, 0, 0, 3, 12.25
1747804860, 0, 1258, 1433, 1426, 31, 10.03%, 0, 0, 3, 11.54
1747804871, 0, 1259, 1433, 1426, 31, 10.03%, 0, 0, 3, 16.77
1747804876, 0, 1260, 1433, 1426, 31, 10.03%, 0, 0, 3, 4.79
1747804886, 0, 1262, 1433, 1426, 31, 10.03%, 0, 0, 3, 4.98
1747804891, 0, 1262, 1434, 1427, 31, 10.03%, 0, 0, 3, 13.09
1747804897, 0, 1262, 1435, 1428, 31, 10.03%, 0, 0, 3, 9.83
1747804907, 0, 1262, 1438, 1431, 31, 10.03%, 0, 0, 3, 6.25
1747804922, 0, 1262, 1439, 1432, 31, 10.03%, 0, 0, 3, 5.61
1747804943, 0, 1262, 1440, 1433, 31, 10.03%, 0, 0, 3, 8.48
1747805009, 0, 1262, 1441, 1434, 31, 10.03%, 0, 0, 3, 9.93
1747805050, 0, 1262, 1442, 1435, 31, 10.03%, 0, 0, 3, 8.15
1747805106, 0, 1262, 1444, 1437, 31, 10.03%, 0, 0, 3, 5.51
1747805111, 0, 1262, 1445, 1438, 31, 10.03%, 0, 0, 3, 5.54
1747805447, 0, 1262, 1447, 1440, 31, 10.03%, 0, 0, 3, 5.53
1747805453, 0, 1262, 1449, 1442, 31, 10.03%, 0, 0, 3, 5.38
1747805458, 0, 1262, 1450, 1443, 31, 10.03%, 0, 0, 3, 5.46
1747805509, 0, 1262, 1452, 1445, 31, 10.03%, 0, 0, 3, 7.08
1747805560, 0, 1262, 1453, 1446, 31, 10.03%, 0, 0, 3, 5.55
1747805566, 0, 1262, 1454, 1447, 31, 10.03%, 0, 0, 3, 5.56
1747805608, 0, 1262, 1455, 1448, 31, 10.03%, 0, 0, 3, 5.48
1747805618, 0, 1262, 1456, 1449, 31, 10.04%, 0, 0, 3, 5.30
1747805628, 0, 1262, 1457, 1450, 31, 10.04%, 0, 0, 3, 4.85
1747805659, 0, 1263, 1457, 1449, 32, 10.04%, 0, 0, 3, 15.43
1747805669, 0, 1263, 1458, 1450, 32, 10.04%, 0, 0, 3, 9.56
1747805674, 0, 1263, 1459, 1451, 32, 10.04%, 0, 0, 3, 7.06
1747805679, 0, 1263, 1460, 1452, 32, 10.04%, 0, 0, 3, 5.81
1747805695, 0, 1263, 1462, 1454, 32, 10.04%, 0, 0, 3, 5.17
1747805700, 0, 1263, 1463, 1455, 32, 10.04%, 0, 0, 3, 5.28
1747805741, 0, 1263, 1464, 1456, 32, 10.04%, 0, 0, 3, 20.31
1747805777, 0, 1263, 1465, 1457, 32, 10.04%, 0, 0, 3, 4.77
1747805782, 0, 1263, 1466, 1458, 32, 10.04%, 0, 0, 3, 5.68
1747805787, 0, 1263, 1467, 1459, 32, 10.04%, 0, 0, 3, 31.43
1747805823, 0, 1263, 1468, 1460, 32, 10.04%, 0, 0, 3, 9.69
1747805884, 0, 1263, 1470, 1462, 32, 10.04%, 0, 0, 3, 5.33
1747805916, 0, 1263, 1471, 1463, 32, 10.04%, 0, 0, 3, 5.44
1747805988, 0, 1263, 1472, 1464, 32, 10.04%, 0, 0, 3, 5.29
1747805993, 0, 1263, 1473, 1465, 32, 10.04%, 0, 0, 3, 4.86
1747805998, 0, 1263, 1474, 1466, 32, 10.04%, 0, 0, 3, 4.92
1747806112, 0, 1263, 1476, 1468, 32, 10.04%, 0, 0, 3, 5.40
1747806118, 0, 1263, 1479, 1471, 32, 10.04%, 0, 0, 3, 5.42
1747806123, 0, 1263, 1481, 1473, 32, 10.04%, 0, 0, 3, 5.38
1747806267, 0, 1263, 1483, 1475, 32, 10.04%, 0, 0, 3, 3.01
1747806539, 0, 1263, 1484, 1476, 32, 10.04%, 0, 0, 3, 2.89
1747806549, 0, 1263, 1486, 1478, 32, 10.04%, 0, 0, 3, 2.93
1747806555, 0, 1263, 1487, 1479, 32, 10.04%, 0, 0, 3, 2.92
1747806560, 0, 1263, 1489, 1481, 32, 10.04%, 0, 0, 3, 2.98
1747806565, 0, 1263, 1490, 1482, 32, 10.04%, 0, 0, 3, 2.98
1747806586, 0, 1263, 1491, 1483, 32, 10.04%, 0, 0, 3, 3.19
1747806611, 0, 1263, 1492, 1484, 32, 10.04%, 0, 0, 3, 10.11
1747806648, 0, 1263, 1493, 1485, 32, 10.04%, 0, 0, 3, 2.78
1747806793, 0, 1263, 1494, 1486, 32, 10.04%, 0, 0, 3, 10.74
1747806989, 0, 1263, 1495, 1487, 32, 10.04%, 0, 0, 3, 2.51
1747807149, 0, 1263, 1496, 1488, 32, 10.04%, 0, 0, 3, 9.91
1747807191, 0, 1263, 1497, 1489, 32, 10.04%, 0, 0, 3, 11.74
1747807428, 0, 1263, 1498, 1490, 32, 10.04%, 0, 0, 3, 2.01
1747807553, 0, 1263, 1499, 1491, 32, 10.04%, 0, 0, 3, 10.93
1747807743, 0, 1263, 1500, 1492, 32, 10.04%, 0, 0, 3, 12.22
1747807758, 0, 1263, 1501, 1493, 32, 10.04%, 0, 0, 3, 7.72
1747807800, 0, 1263, 1502, 1494, 32, 10.04%, 0, 0, 3, 2.38
1747807810, 0, 1263, 1503, 1495, 32, 10.04%, 0, 0, 3, 2.26
1747807929, 0, 1263, 1504, 1496, 32, 10.04%, 0, 0, 3, 11.93
1747808007, 0, 1263, 1505, 1497, 32, 10.04%, 0, 0, 3, 17.78
1747808017, 0, 1265, 1505, 1496, 33, 10.04%, 0, 0, 3, 10.50
1747808038, 0, 1266, 1505, 1496, 33, 10.04%, 0, 0, 3, 18.01
1747808043, 0, 1267, 1505, 1496, 33, 10.04%, 0, 0, 3, 16.85
1747808053, 0, 1268, 1505, 1496, 33, 10.04%, 0, 0, 3, 16.78
1747808058, 0, 1269, 1505, 1496, 33, 10.04%, 0, 0, 3, 17.94
1747808079, 0, 1270, 1505, 1496, 33, 10.04%, 0, 0, 3, 6.51
1747808101, 0, 1272, 1505, 1496, 33, 10.04%, 0, 0, 3, 8.86
1747808121, 0, 1273, 1505, 1496, 33, 10.04%, 0, 0, 3, 11.62
1747808131, 0, 1274, 1505, 1496, 33, 10.04%, 0, 0, 3, 1.50
1747808148, 0, 1275, 1505, 1496, 33, 10.04%, 0, 0, 3, 4.20
1747808164, 0, 1276, 1505, 1496, 33, 10.04%, 0, 0, 3, 16.26
1747808191, 0, 1277, 1505, 1496, 33, 10.04%, 0, 0, 3, 3.66
1747808212, 0, 1278, 1505, 1496, 33, 10.04%, 0, 0, 3, 5.90
1747808232, 0, 1279, 1505, 1496, 33, 10.04%, 0, 0, 3, 8.04
1747808248, 0, 1281, 1505, 1496, 33, 10.04%, 0, 0, 3, 6.97
1747808264, 0, 1283, 1505, 1496, 33, 10.04%, 0, 0, 3, 12.92
1747808284, 0, 1284, 1505, 1496, 33, 10.04%, 0, 0, 3, 8.54
1747808305, 0, 1286, 1505, 1496, 33, 10.04%, 0, 0, 3, 8.63
1747808320, 0, 1287, 1505, 1496, 33, 10.04%, 0, 0, 3, 8.87
1747808331, 0, 1288, 1505, 1496, 33, 10.04%, 0, 0, 3, 3.56
1747808352, 0, 1289, 1505, 1496, 33, 10.04%, 0, 0, 3, 11.23
1747808373, 0, 1291, 1505, 1496, 33, 10.04%, 0, 0, 3, 13.65
1747808378, 0, 1292, 1505, 1496, 33, 10.04%, 0, 0, 3, 15.43
1747808398, 0, 1293, 1505, 1496, 33, 10.04%, 0, 0, 3, 9.54
1747808408, 0, 1295, 1505, 1496, 33, 10.04%, 0, 0, 3, 17.28
1747808414, 0, 1296, 1505, 1496, 33, 10.04%, 0, 0, 3, 1.58
1747808435, 0, 1297, 1505, 1496, 33, 10.04%, 0, 0, 3, 10.97
1747808440, 0, 1298, 1505, 1496, 33, 10.04%, 0, 0, 3, 3.02
1747808467, 0, 1299, 1505, 1496, 33, 10.04%, 0, 0, 3, 12.08
1747808483, 0, 1300, 1505, 1496, 33, 10.04%, 0, 0, 3, 5.84
1747808504, 0, 1301, 1505, 1496, 33, 10.04%, 0, 0, 3, 7.42
1747808525, 0, 1302, 1505, 1496, 33, 10.04%, 0, 0, 3, 6.19
1747808822, 0, 1302, 1506, 1497, 33, 10.04%, 0, 0, 3, 2.63
1747808869, 0, 1302, 1507, 1498, 33, 10.04%, 0, 0, 3, 1.76
1747810622, 0, 1302, 1509, 1500, 33, 10.04%, 0, 0, 3, 3.05
1747810627, 0, 1302, 1510, 1501, 33, 10.04%, 0, 0, 3, 3.01
1747810633, 0, 1302, 1511, 1502, 33, 10.04%, 0, 0, 3, 2.96
1747810694, 0, 1304, 1511, 1501, 32, 10.04%, 0, 0, 3, 27.36
1747810699, 0, 1305, 1511, 1501, 32, 10.04%, 0, 0, 3, 29.00
1747810704, 0, 1306, 1511, 1501, 32, 10.04%, 0, 0, 3, 3.45
1747810720, 0, 1307, 1511, 1501, 32, 10.04%, 0, 0, 3, 10.15
1747810730, 0, 1308, 1511, 1501, 32, 10.04%, 0, 0, 3, 10.37
1747810740, 0, 1309, 1511, 1501, 32, 10.04%, 0, 0, 3, 17.19
1747810745, 0, 1310, 1511, 1501, 32, 10.04%, 0, 0, 3, 26.87
1747810750, 0, 1311, 1511, 1501, 32, 10.04%, 0, 0, 3, 6.06
1747810760, 0, 1313, 1511, 1501, 32, 10.04%, 0, 0, 3, 11.13
1747810776, 0, 1314, 1511, 1501, 32, 10.04%, 0, 0, 3, 10.23
1747810786, 0, 1315, 1511, 1501, 32, 10.04%, 0, 0, 3, 11.58
1747810796, 0, 1316, 1511, 1501, 32, 10.04%, 0, 0, 3, 12.16
1747810801, 0, 1317, 1511, 1501, 32, 10.04%, 0, 0, 3, 22.41
1747810817, 0, 1318, 1511, 1501, 32, 10.04%, 0, 0, 3, 10.57
1747810827, 0, 1319, 1511, 1501, 32, 10.04%, 0, 0, 3, 30.86
1747810838, 0, 1320, 1511, 1501, 32, 10.04%, 0, 0, 3, 10.45
1747810848, 0, 1322, 1511, 1501, 32, 10.04%, 0, 0, 3, 36.40
1747810853, 0, 1324, 1511, 1501, 32, 10.04%, 0, 0, 3, 31.69
1747810859, 0, 1325, 1511, 1501, 32, 10.04%, 0, 0, 3, 3.10
1747810869, 0, 1326, 1511, 1501, 32, 10.04%, 0, 0, 3, 4.42
1747810874, 0, 1329, 1511, 1501, 32, 10.04%, 0, 0, 3, 7.25
1747810890, 0, 1330, 1511, 1501, 32, 10.04%, 0, 0, 3, 11.72
1747810900, 0, 1331, 1511, 1501, 32, 10.04%, 0, 0, 3, 13.32
1747810910, 0, 1332, 1511, 1501, 32, 10.04%, 0, 0, 3, 12.35
1747810920, 0, 1333, 1511, 1501, 32, 10.04%, 0, 0, 3, 20.80
1747810926, 0, 1334, 1511, 1501, 32, 10.04%, 0, 0, 3, 26.97
1747810936, 0, 1335, 1511, 1501, 32, 10.04%, 0, 0, 3, 10.09
1747810951, 0, 1337, 1511, 1501, 32, 10.04%, 0, 0, 3, 25.37
1747810967, 0, 1338, 1511, 1501, 32, 10.04%, 0, 0, 3, 22.33
1747810972, 0, 1341, 1511, 1501, 32, 10.04%, 0, 0, 3, 27.91
1747810982, 0, 1342, 1511, 1501, 32, 10.04%, 0, 0, 3, 12.81
1747810992, 0, 1343, 1511, 1501, 32, 10.04%, 0, 0, 3, 18.61
1747810997, 0, 1344, 1511, 1501, 32, 10.04%, 0, 0, 3, 5.34
1747811008, 0, 1345, 1511, 1501, 32, 10.04%, 0, 0, 3, 4.14
1747811024, 0, 1347, 1511, 1501, 32, 10.04%, 0, 0, 3, 9.41
1747811034, 0, 1348, 1511, 1501, 32, 10.04%, 0, 0, 3, 8.44
1747811044, 0, 1349, 1511, 1501, 32, 10.04%, 0, 0, 3, 21.73
1747811050, 0, 1350, 1511, 1501, 32, 10.04%, 0, 0, 3, 25.44
1747811060, 0, 1352, 1511, 1501, 32, 10.04%, 0, 0, 3, 21.41
1747811065, 0, 1353, 1511, 1501, 32, 10.04%, 0, 0, 3, 4.69
1747811076, 0, 1354, 1511, 1501, 32, 10.04%, 0, 0, 3, 9.58
1747811086, 0, 1355, 1511, 1501, 32, 10.04%, 0, 0, 3, 14.02
1747811097, 0, 1361, 1511, 1501, 32, 10.04%, 0, 0, 3, 11.46
1747811112, 0, 1363, 1511, 1501, 32, 10.04%, 0, 0, 3, 7.63
1747811123, 0, 1364, 1511, 1501, 32, 10.04%, 0, 0, 3, 9.60
1747811133, 0, 1365, 1511, 1501, 32, 10.04%, 0, 0, 3, 22.17
1747811138, 0, 1366, 1511, 1501, 32, 10.04%, 0, 0, 3, 5.61
1747811148, 0, 1367, 1511, 1501, 32, 10.04%, 0, 0, 3, 22.47
1747811153, 0, 1368, 1511, 1501, 32, 10.04%, 0, 0, 3, 7.12
1747811163, 0, 1369, 1511, 1501, 32, 10.04%, 0, 0, 3, 10.75
1747811174, 0, 1370, 1511, 1501, 32, 10.04%, 0, 0, 3, 11.96
1747811189, 0, 1371, 1511, 1501, 32, 10.04%, 0, 0, 3, 8.85
1747811200, 0, 1372, 1511, 1501, 32, 10.04%, 0, 0, 3, 11.85
1747811210, 0, 1373, 1511, 1501, 32, 10.04%, 0, 0, 3, 11.34
1747811220, 0, 1374, 1511, 1501, 32, 10.04%, 0, 0, 3, 14.02
1747811225, 0, 1375, 1511, 1501, 32, 10.04%, 0, 0, 3, 25.52
1747811231, 0, 1376, 1511, 1501, 32, 10.04%, 0, 0, 3, 3.72
1747811246, 0, 1377, 1511, 1501, 32, 10.04%, 0, 0, 3, 12.85
1747811256, 0, 1378, 1511, 1501, 32, 10.04%, 0, 0, 3, 11.22
1747811266, 0, 1378, 1512, 1502, 32, 10.04%, 0, 0, 3, 10.62
1747811282, 0, 1380, 1512, 1502, 32, 10.04%, 0, 0, 3, 23.06
1747811298, 0, 1382, 1512, 1502, 32, 10.04%, 0, 0, 3, 12.22
1747811308, 0, 1383, 1512, 1502, 32, 10.04%, 0, 0, 3, 13.62
1747811319, 0, 1384, 1512, 1502, 32, 10.04%, 0, 0, 3, 10.66
1747811334, 0, 1385, 1512, 1502, 32, 10.04%, 0, 0, 3, 10.52
1747811344, 0, 1386, 1512, 1502, 32, 10.04%, 0, 0, 3, 12.01
1747811355, 0, 1387, 1512, 1502, 32, 10.04%, 0, 0, 3, 15.87
1747811360, 0, 1388, 1512, 1502, 32, 10.04%, 0, 0, 3, 22.93
1747811370, 0, 1389, 1512, 1502, 32, 10.04%, 0, 0, 3, 29.19
1747811375, 0, 1391, 1512, 1502, 32, 10.04%, 0, 0, 3, 6.76
1747811385, 0, 1392, 1512, 1502, 32, 10.04%, 0, 0, 3, 11.59
1747811390, 0, 1393, 1512, 1502, 32, 10.04%, 0, 0, 3, 4.70
1747811406, 0, 1395, 1512, 1502, 32, 10.04%, 0, 0, 3, 23.66
1747811411, 0, 1397, 1512, 1502, 32, 10.04%, 0, 0, 3, 4.35
1747811421, 0, 1398, 1512, 1502, 32, 10.04%, 0, 0, 3, 10.71
1747811432, 0, 1400, 1512, 1502, 32, 10.04%, 0, 0, 3, 13.69
1747811437, 0, 1401, 1512, 1502, 32, 10.04%, 0, 0, 3, 2.20
1747811452, 0, 1402, 1512, 1502, 32, 10.04%, 0, 0, 3, 13.06
1747811463, 0, 1403, 1512, 1502, 32, 10.04%, 0, 0, 3, 12.29
1747811473, 0, 1404, 1512, 1502, 32, 10.04%, 0, 0, 3, 13.21
1747811484, 0, 1405, 1512, 1502, 32, 10.04%, 0, 0, 3, 23.61
1747811489, 0, 1406, 1512, 1502, 32, 10.04%, 0, 0, 3, 6.99
1747811499, 0, 1408, 1512, 1502, 32, 10.04%, 0, 0, 3, 14.79
1747811509, 0, 1409, 1512, 1502, 32, 10.04%, 0, 0, 3, 21.52
1747811514, 0, 1410, 1512, 1502, 32, 10.04%, 0, 0, 3, 27.65
1747811519, 0, 1411, 1512, 1502, 32, 10.04%, 0, 0, 3, 21.87
1747811530, 0, 1412, 1512, 1502, 32, 10.04%, 0, 0, 3, 9.11
1747811540, 0, 1413, 1512, 1502, 32, 10.04%, 0, 0, 3, 12.90
1747811550, 0, 1414, 1512, 1502, 32, 10.04%, 0, 0, 3, 14.43
1747811555, 0, 1415, 1512, 1502, 32, 10.04%, 0, 0, 3, 4.66
1747811566, 0, 1416, 1512, 1502, 32, 10.04%, 0, 0, 3, 12.19
1747811576, 0, 1418, 1512, 1502, 32, 10.04%, 0, 0, 3, 17.34
1747811581, 0, 1419, 1512, 1502, 32, 10.04%, 0, 0, 3, 3.64
1747811592, 0, 1420, 1512, 1502, 32, 10.04%, 0, 0, 3, 11.13
1747811602, 0, 1421, 1512, 1502, 32, 10.04%, 0, 0, 3, 17.46
1747811607, 0, 1422, 1512, 1502, 32, 10.04%, 0, 0, 3, 4.84
1747811617, 0, 1424, 1512, 1502, 32, 10.04%, 0, 0, 3, 10.99
1747811628, 0, 1426, 1512, 1502, 32, 10.04%, 0, 0, 3, 9.42
1747811807, 0, 1426, 1513, 1503, 32, 10.04%, 0, 0, 4, 3.45
1747812198, 0, 1426, 1514, 1504, 32, 10.04%, 0, 0, 4, 3.15
1747812461, 0, 1426, 1515, 1505, 32, 10.04%, 0, 0, 4, 3.12
1747813036, 0, 1426, 1516, 1506, 32, 10.04%, 0, 0, 4, 7.80
1747813056, 0, 1426, 1517, 1507, 32, 10.04%, 0, 0, 4, 13.23
1747813098, 0, 1427, 1517, 1506, 30, 10.04%, 0, 0, 4, 3.91
1747813108, 0, 1428, 1517, 1506, 30, 10.04%, 0, 0, 4, 5.62
1747813123, 0, 1430, 1517, 1506, 30, 10.04%, 0, 0, 4, 22.92
1747813129, 0, 1432, 1517, 1506, 30, 10.04%, 0, 0, 4, 27.26
1747813144, 0, 1434, 1517, 1506, 30, 10.04%, 0, 0, 4, 15.73
1747813170, 0, 1434, 1518, 1507, 30, 10.04%, 0, 0, 4, 5.73
1747813175, 0, 1434, 1519, 1508, 30, 10.04%, 0, 0, 4, 5.63
1747813237, 0, 1434, 1520, 1509, 30, 10.04%, 0, 0, 4, 5.94
1747813247, 0, 1434, 1521, 1510, 30, 10.04%, 0, 0, 4, 24.62
1747813418, 0, 1434, 1522, 1511, 30, 10.04%, 0, 0, 4, 5.58
1747813428, 0, 1434, 1523, 1512, 30, 10.04%, 0, 0, 4, 5.59
1747813433, 0, 1434, 1524, 1513, 30, 10.04%, 0, 0, 4, 5.40
1747813609, 0, 1434, 1525, 1514, 30, 10.04%, 0, 0, 4, 7.87
1747813614, 0, 1434, 1527, 1516, 30, 10.04%, 0, 0, 4, 6.42
1747813619, 0, 1434, 1528, 1517, 30, 10.04%, 0, 0, 4, 35.03
1747813692, 0, 1434, 1529, 1518, 30, 10.04%, 0, 0, 4, 5.52
1747813697, 0, 1434, 1530, 1519, 30, 10.04%, 0, 0, 4, 5.41
1747813702, 0, 1434, 1531, 1520, 30, 10.04%, 0, 0, 4, 5.39
1747813764, 0, 1434, 1532, 1521, 30, 10.04%, 0, 0, 4, 7.25
1747813795, 0, 1434, 1533, 1522, 30, 10.04%, 0, 0, 4, 5.69
1747813857, 0, 1434, 1534, 1523, 30, 10.04%, 0, 0, 4, 4.96
1747813862, 0, 1434, 1535, 1524, 30, 10.04%, 0, 0, 4, 5.29
1747813867, 0, 1434, 1536, 1525, 30, 10.04%, 0, 0, 4, 5.21
1747813883, 0, 1434, 1537, 1526, 30, 10.04%, 0, 0, 4, 7.25
1747813888, 0, 1434, 1538, 1527, 30, 10.04%, 0, 0, 4, 14.81
1747813893, 0, 1434, 1539, 1528, 30, 10.04%, 0, 0, 4, 13.74
1747813939, 0, 1435, 1539, 1527, 29, 10.04%, 0, 0, 4, 15.42
1747813949, 0, 1437, 1539, 1527, 29, 10.04%, 0, 0, 4, 11.29
1747813959, 0, 1438, 1539, 1527, 29, 10.04%, 0, 0, 4, 11.58
1747813970, 0, 1438, 1540, 1528, 29, 10.04%, 0, 0, 4, 7.97
1747813985, 0, 1440, 1540, 1528, 29, 10.04%, 0, 0, 4, 13.44
1747814000, 0, 1441, 1540, 1528, 29, 10.04%, 0, 0, 4, 11.53
1747814011, 0, 1443, 1540, 1528, 29, 10.04%, 0, 0, 4, 17.80
1747814016, 0, 1445, 1540, 1528, 29, 10.04%, 0, 0, 4, 17.46
1747814021, 0, 1447, 1540, 1528, 29, 10.04%, 0, 0, 4, 2.11
1747814036, 0, 1448, 1540, 1528, 29, 10.04%, 0, 0, 4, 19.53
1747814052, 0, 1450, 1540, 1528, 29, 10.04%, 0, 0, 4, 9.89
1747814062, 0, 1451, 1540, 1528, 29, 10.04%, 0, 0, 4, 12.01
1747814078, 0, 1452, 1540, 1528, 29, 10.04%, 0, 0, 4, 13.49
1747814094, 0, 1453, 1540, 1528, 29, 10.04%, 0, 0, 4, 4.88
1747814120, 0, 1455, 1540, 1528, 29, 10.04%, 0, 0, 4, 18.25
1747814141, 0, 1456, 1540, 1528, 29, 10.04%, 0, 0, 4, 4.78
1747814162, 0, 1457, 1540, 1528, 29, 10.04%, 0, 0, 4, 15.07
1747814167, 0, 1459, 1540, 1528, 29, 10.04%, 0, 0, 4, 1.68
1747814188, 0, 1460, 1540, 1528, 29, 10.04%, 0, 0, 4, 17.15
1747814208, 0, 1461, 1540, 1528, 29, 10.04%, 0, 0, 4, 6.73
1747814229, 0, 1462, 1540, 1528, 29, 10.04%, 0, 0, 4, 8.51
1747814250, 0, 1463, 1540, 1528, 29, 10.04%, 0, 0, 4, 7.89
1747814271, 0, 1464, 1540, 1528, 29, 10.04%, 0, 0, 4, 7.41
1747814292, 0, 1465, 1540, 1528, 29, 10.04%, 0, 0, 4, 9.02
1747814307, 0, 1467, 1540, 1528, 29, 10.04%, 0, 0, 4, 11.05
1747814327, 0, 1468, 1540, 1528, 29, 10.04%, 0, 0, 4, 8.05
1747814343, 0, 1469, 1540, 1528, 29, 10.04%, 0, 0, 4, 8.57
1747814364, 0, 1470, 1540, 1528, 29, 10.04%, 0, 0, 4, 18.87
1747814375, 0, 1471, 1540, 1528, 29, 10.04%, 0, 0, 4, 2.44
1747814390, 0, 1472, 1540, 1528, 29, 10.04%, 0, 0, 4, 3.76
1747814416, 0, 1473, 1540, 1528, 29, 10.04%, 0, 0, 4, 11.85
1747814421, 0, 1474, 1540, 1528, 29, 10.04%, 0, 0, 4, 16.01
1747814442, 0, 1475, 1540, 1528, 29, 10.04%, 0, 0, 4, 13.95
1747814447, 0, 1476, 1540, 1528, 29, 10.04%, 0, 0, 4, 14.29
1747814468, 0, 1478, 1540, 1528, 29, 10.04%, 0, 0, 4, 5.46
1747814484, 0, 1480, 1540, 1528, 29, 10.04%, 0, 0, 4, 7.32
1747814505, 0, 1481, 1540, 1528, 29, 10.04%, 0, 0, 4, 9.90
1747814521, 0, 1482, 1540, 1528, 29, 10.04%, 0, 0, 4, 9.33
1747814536, 0, 1483, 1540, 1528, 29, 10.04%, 0, 0, 4, 13.81
1747814542, 0, 1485, 1540, 1528, 29, 10.04%, 0, 0, 4, 1.56
1747814564, 0, 1488, 1540, 1528, 29, 10.04%, 0, 0, 4, 11.50
1747814580, 0, 1489, 1540, 1528, 29, 10.04%, 0, 0, 4, 8.44
1747814607, 0, 1490, 1540, 1528, 29, 10.04%, 0, 0, 4, 6.32
1747814627, 0, 1491, 1540, 1528, 29, 10.04%, 0, 0, 4, 7.98
1747814643, 0, 1492, 1540, 1528, 29, 10.04%, 0, 0, 4, 10.93
1747814653, 0, 1494, 1540, 1528, 29, 10.04%, 0, 0, 4, 14.65
1747814669, 0, 1497, 1540, 1528, 29, 10.04%, 0, 0, 4, 8.13
1747814680, 0, 1499, 1540, 1528, 29, 10.04%, 0, 0, 4, 2.73
1747814701, 0, 1500, 1540, 1528, 29, 10.04%, 0, 0, 4, 8.10
1747814722, 0, 1501, 1540, 1528, 29, 10.04%, 0, 0, 4, 3.13
1747814743, 0, 1502, 1540, 1528, 29, 10.04%, 0, 0, 4, 14.48
1747814748, 0, 1503, 1540, 1528, 29, 10.04%, 0, 0, 4, 12.23
1747814769, 0, 1504, 1540, 1528, 29, 10.04%, 0, 0, 4, 5.74
1747814790, 0, 1505, 1540, 1528, 29, 10.04%, 0, 0, 4, 4.92
1747814806, 0, 1506, 1540, 1528, 29, 10.04%, 0, 0, 4, 8.71
1747814826, 0, 1507, 1540, 1528, 29, 10.04%, 0, 0, 4, 13.80
1747814832, 0, 1509, 1540, 1528, 29, 10.04%, 0, 0, 4, 15.51
1747814853, 0, 1510, 1540, 1528, 29, 10.04%, 0, 0, 4, 14.98
1747814858, 0, 1511, 1540, 1528, 29, 10.04%, 0, 0, 4, 17.02
1747814868, 0, 1513, 1540, 1528, 29, 10.04%, 0, 0, 4, 15.47
1747814884, 0, 1514, 1540, 1528, 29, 10.04%, 0, 0, 4, 9.56
1747814904, 0, 1515, 1540, 1528, 29, 10.04%, 0, 0, 4, 7.40
1747814925, 0, 1516, 1540, 1528, 29, 10.04%, 0, 0, 4, 16.49
1747814930, 0, 1517, 1540, 1528, 29, 10.04%, 0, 0, 4, 2.79
1747814951, 0, 1518, 1540, 1528, 29, 10.04%, 0, 0, 4, 13.37
1747814962, 0, 1519, 1540, 1528, 29, 10.04%, 0, 0, 4, 14.54
1747814977, 0, 1520, 1540, 1528, 29, 10.04%, 0, 0, 4, 9.95
1747814997, 0, 1522, 1540, 1528, 29, 10.04%, 0, 0, 4, 6.30
1747815018, 0, 1523, 1540, 1528, 29, 10.04%, 0, 0, 4, 6.91
1747815039, 0, 1524, 1540, 1528, 29, 10.04%, 0, 0, 4, 6.73
1747815059, 0, 1526, 1540, 1528, 29, 10.04%, 0, 0, 4, 6.66
1747815080, 0, 1527, 1540, 1528, 29, 10.04%, 0, 0, 4, 11.24
1747815090, 0, 1528, 1541, 1529, 29, 10.04%, 0, 0, 5, 9.50
1747815095, 0, 1528, 1542, 1530, 29, 10.04%, 0, 0, 5, 7.88
1747815255, 0, 1528, 1543, 1531, 29, 10.04%, 0, 0, 5, 3.12
1747815265, 0, 1528, 1544, 1532, 29, 10.04%, 0, 0, 5, 3.01
1747815276, 0, 1528, 1545, 1533, 29, 10.04%, 0, 0, 5, 3.45
1747815291, 0, 1528, 1546, 1534, 29, 10.04%, 0, 0, 5, 3.18
1747815296, 0, 1528, 1547, 1535, 29, 10.04%, 0, 0, 5, 2.73
1747815519, 0, 1528, 1548, 1536, 29, 10.04%, 0, 0, 5, 3.14
1747815611, 0, 1528, 1549, 1537, 29, 10.04%, 0, 0, 5, 3.08
1747816057, 0, 1528, 1550, 1538, 29, 10.04%, 0, 0, 5, 3.05
1747816072, 0, 1528, 1551, 1539, 29, 10.04%, 0, 0, 5, 3.02
1747816078, 0, 1528, 1552, 1540, 29, 10.04%, 0, 0, 5, 2.96
1747816314, 0, 1528, 1553, 1541, 29, 10.04%, 0, 0, 5, 2.94
1747816351, 0, 1528, 1554, 1542, 29, 10.04%, 0, 0, 5, 7.20
1747816387, 0, 1528, 1555, 1543, 29, 10.04%, 0, 0, 5, 12.08
1747816392, 0, 1528, 1556, 1544, 29, 10.04%, 0, 0, 5, 8.49
1747816397, 0, 1528, 1557, 1545, 29, 10.04%, 0, 0, 5, 6.92
1747816464, 0, 1528, 1558, 1546, 29, 10.04%, 0, 0, 5, 2.51
1747816480, 0, 1528, 1559, 1547, 29, 10.04%, 0, 0, 5, 2.55
1747816608, 0, 1528, 1560, 1548, 29, 10.04%, 0, 0, 5, 2.40
1747816746, 0, 1528, 1561, 1549, 29, 10.04%, 0, 0, 5, 8.75
1747816798, 0, 1528, 1562, 1550, 29, 10.04%, 0, 0, 5, 8.68
1747816938, 0, 1528, 1563, 1551, 29, 10.04%, 0, 0, 5, 3.29
1747817113, 0, 1528, 1564, 1552, 29, 10.04%, 0, 0, 5, 21.78
1747817392, 0, 1528, 1565, 1553, 29, 10.04%, 0, 0, 5, 9.80
1747817418, 0, 1528, 1566, 1554, 29, 10.04%, 0, 0, 5, 11.69
