# unix_time, cycles_done, cur_path, paths_total, pending_total, pending_favs, map_size, unique_crashes, unique_hangs, max_depth, execs_per_sec
1747774254, 0, 0, 1, 1, 1, 5.24%, 0, 0, 1, 52.63
1747774259, 0, 0, 34, 34, 1, 5.39%, 0, 0, 2, 55.70
1747774264, 0, 0, 64, 64, 1, 5.48%, 0, 0, 2, 60.43
1747774269, 0, 0, 84, 84, 1, 5.49%, 0, 0, 2, 57.36
1747774274, 0, 0, 98, 98, 1, 5.49%, 0, 0, 2, 54.63
1747774279, 0, 0, 109, 109, 1, 6.98%, 0, 0, 2, 51.65
1747774284, 0, 0, 123, 123, 1, 6.98%, 0, 0, 2, 52.41
1747774289, 0, 0, 134, 134, 1, 6.98%, 0, 0, 2, 53.46
1747774294, 0, 0, 142, 142, 1, 6.98%, 0, 0, 2, 51.89
1747774300, 0, 0, 149, 149, 1, 7.11%, 0, 0, 2, 8.68
1747774305, 0, 0, 156, 156, 1, 7.12%, 0, 0, 2, 47.24
1747774310, 0, 0, 162, 162, 1, 7.12%, 0, 0, 2, 44.98
1747774315, 0, 0, 166, 166, 1, 7.12%, 0, 0, 2, 33.20
1747774320, 0, 0, 167, 167, 1, 7.13%, 0, 0, 2, 5.57
1747774325, 0, 0, 169, 169, 1, 7.13%, 0, 0, 2, 30.39
1747774330, 0, 0, 172, 172, 1, 7.14%, 0, 0, 2, 42.13
1747774335, 0, 0, 176, 176, 1, 7.14%, 0, 0, 2, 46.57
1747774340, 0, 0, 181, 181, 1, 7.14%, 0, 0, 2, 48.56
1747774346, 0, 0, 183, 183, 1, 7.15%, 0, 0, 2, 49.87
1747774351, 0, 0, 187, 187, 1, 7.15%, 0, 0, 2, 47.06
1747774356, 0, 0, 189, 189, 1, 7.15%, 0, 0, 2, 49.22
1747774361, 0, 0, 194, 194, 1, 7.15%, 0, 0, 2, 48.02
1747774366, 0, 0, 197, 197, 1, 7.16%, 0, 0, 2, 45.72
1747774371, 0, 0, 199, 199, 1, 7.16%, 0, 0, 2, 48.65
1747774376, 0, 0, 201, 201, 1, 7.16%, 0, 0, 2, 46.83
1747774381, 0, 0, 204, 204, 1, 7.17%, 0, 0, 2, 56.89
1747774387, 0, 0, 209, 209, 1, 7.17%, 0, 0, 2, 22.70
1747774392, 0, 0, 213, 213, 1, 7.17%, 0, 0, 2, 44.83
1747774397, 0, 0, 218, 218, 1, 7.17%, 0, 0, 2, 46.00
1747774402, 0, 0, 220, 220, 1, 7.17%, 0, 0, 2, 48.60
1747774407, 0, 0, 222, 222, 1, 7.17%, 0, 0, 2, 35.23
1747774417, 0, 0, 224, 224, 1, 7.17%, 0, 0, 2, 27.73
1747774428, 0, 0, 225, 225, 1, 7.17%, 0, 0, 2, 29.36
1747774433, 0, 0, 227, 227, 1, 7.17%, 0, 0, 2, 29.14
1747774448, 0, 0, 228, 228, 1, 7.17%, 0, 0, 2, 29.48
1747774453, 0, 0, 229, 229, 1, 7.17%, 0, 0, 2, 29.56
1747774458, 0, 0, 230, 230, 1, 7.17%, 0, 0, 2, 29.21
1747774463, 0, 0, 232, 232, 1, 7.17%, 0, 0, 2, 28.51
1747774468, 0, 0, 235, 235, 1, 7.17%, 0, 0, 2, 24.66
1747774473, 0, 0, 237, 237, 1, 7.17%, 0, 0, 2, 28.99
1747774479, 0, 0, 239, 239, 1, 7.17%, 0, 0, 2, 28.43
1747774484, 0, 0, 240, 240, 1, 7.17%, 0, 0, 2, 24.66
1747774489, 0, 0, 241, 241, 1, 7.17%, 0, 0, 2, 28.80
1747774494, 0, 0, 243, 243, 1, 7.17%, 0, 0, 2, 29.10
1747774499, 0, 0, 244, 244, 1, 7.17%, 0, 0, 2, 29.06
1747774514, 0, 0, 245, 245, 1, 7.17%, 0, 0, 2, 29.73
1747774519, 0, 0, 247, 247, 1, 7.17%, 0, 0, 2, 26.11
1747774530, 0, 0, 248, 248, 1, 7.17%, 0, 0, 2, 30.43
1747774535, 0, 0, 250, 250, 1, 7.17%, 0, 0, 2, 28.39
1747774545, 0, 0, 252, 252, 1, 7.17%, 0, 0, 2, 25.28
1747774550, 0, 0, 253, 253, 1, 7.17%, 0, 0, 2, 28.25
1747774555, 0, 0, 254, 254, 1, 7.17%, 0, 0, 2, 25.59
1747774560, 0, 0, 256, 256, 1, 7.17%, 0, 0, 2, 24.50
1747774571, 0, 0, 258, 258, 1, 7.17%, 0, 0, 2, 29.57
1747774576, 0, 0, 260, 260, 1, 7.17%, 0, 0, 2, 26.52
1747774586, 0, 0, 262, 262, 1, 7.17%, 0, 0, 2, 30.87
1747774596, 0, 0, 264, 264, 1, 7.17%, 0, 0, 2, 25.54
1747774601, 0, 0, 265, 265, 1, 7.17%, 0, 0, 2, 29.89
1747774606, 0, 0, 267, 267, 1, 7.17%, 0, 0, 2, 29.42
1747774612, 0, 0, 269, 269, 1, 7.17%, 0, 0, 2, 28.68
1747774617, 0, 0, 271, 271, 1, 7.17%, 0, 0, 2, 23.45
1747774622, 0, 0, 273, 273, 1, 7.17%, 0, 0, 2, 21.89
1747774627, 0, 0, 274, 274, 1, 7.17%, 0, 0, 2, 27.10
1747774632, 0, 0, 275, 275, 1, 7.17%, 0, 0, 2, 25.31
1747774637, 0, 0, 276, 276, 1, 7.17%, 0, 0, 2, 29.21
1747774642, 0, 0, 277, 277, 1, 7.17%, 0, 0, 2, 29.66
1747774647, 0, 0, 280, 280, 1, 7.19%, 0, 0, 2, 27.54
1747774657, 0, 0, 281, 281, 1, 7.19%, 0, 0, 2, 29.61
1747774663, 0, 0, 283, 283, 1, 7.19%, 0, 0, 2, 4.48
1747774668, 0, 0, 284, 284, 1, 7.19%, 0, 0, 2, 28.69
1747774673, 0, 0, 285, 285, 1, 7.19%, 0, 0, 2, 29.86
1747774678, 0, 0, 286, 286, 1, 7.19%, 0, 0, 2, 29.47
1747774683, 0, 0, 287, 287, 1, 7.19%, 0, 0, 2, 28.31
1747774688, 0, 0, 288, 288, 1, 7.19%, 0, 0, 2, 3.92
1747774693, 0, 0, 289, 289, 1, 7.19%, 0, 0, 2, 29.36
1747774698, 0, 0, 291, 291, 1, 7.19%, 0, 0, 2, 29.89
1747774704, 0, 0, 292, 292, 1, 7.19%, 0, 0, 2, 29.93
1747774714, 0, 0, 294, 294, 1, 7.19%, 0, 0, 2, 2.88
1747774729, 0, 0, 295, 295, 1, 7.19%, 0, 0, 2, 29.80
1747774740, 0, 0, 296, 296, 1, 7.19%, 0, 0, 2, 29.60
1747774745, 0, 0, 297, 297, 1, 7.19%, 0, 0, 2, 37.39
1747774755, 0, 0, 298, 298, 1, 7.19%, 0, 0, 2, 47.93
1747774760, 0, 0, 299, 299, 1, 7.19%, 0, 0, 2, 51.56
1747774765, 0, 0, 300, 300, 1, 7.19%, 0, 0, 2, 49.64
1747774770, 0, 0, 301, 301, 1, 7.19%, 0, 0, 2, 48.45
1747774775, 0, 0, 302, 302, 1, 7.19%, 0, 0, 2, 8.16
1747774780, 0, 0, 303, 303, 1, 7.19%, 0, 0, 2, 47.20
1747774785, 0, 0, 306, 306, 1, 7.19%, 0, 0, 2, 23.41
1747774790, 0, 0, 307, 307, 1, 7.19%, 0, 0, 2, 42.20
1747774795, 0, 0, 308, 308, 1, 7.19%, 0, 0, 2, 46.99
1747774800, 0, 0, 309, 309, 1, 7.19%, 0, 0, 2, 44.80
1747774806, 0, 0, 310, 310, 1, 7.19%, 0, 0, 2, 7.84
1747774811, 0, 0, 312, 312, 1, 7.19%, 0, 0, 2, 24.98
1747774816, 0, 0, 313, 313, 1, 7.19%, 0, 0, 2, 41.68
1747774821, 0, 0, 314, 314, 1, 7.19%, 0, 0, 2, 49.86
1747774826, 0, 0, 316, 316, 1, 7.19%, 0, 0, 2, 6.62
1747774831, 0, 0, 317, 317, 1, 7.19%, 0, 0, 2, 29.69
1747774836, 0, 1, 319, 318, 15, 7.19%, 0, 0, 2, 3.76
1747774842, 0, 1, 323, 322, 15, 7.19%, 0, 0, 2, 6.71
1747774847, 0, 1, 327, 326, 15, 7.19%, 0, 0, 2, 9.34
1747774852, 0, 1, 331, 330, 15, 7.19%, 0, 0, 2, 8.01
1747774857, 0, 1, 335, 334, 15, 7.19%, 0, 0, 2, 8.70
1747774862, 0, 1, 338, 337, 15, 7.19%, 0, 0, 2, 7.74
1747774867, 0, 1, 341, 340, 15, 7.19%, 0, 0, 2, 8.40
1747774872, 0, 1, 344, 343, 15, 7.19%, 0, 0, 2, 11.30
1747774877, 0, 1, 348, 347, 15, 7.19%, 0, 0, 2, 9.01
1747774883, 0, 1, 351, 350, 15, 7.19%, 0, 0, 2, 9.29
1747774888, 0, 1, 355, 354, 15, 7.19%, 0, 0, 2, 9.23
1747774893, 0, 1, 359, 358, 15, 7.19%, 0, 0, 2, 8.85
1747774898, 0, 1, 363, 362, 15, 7.19%, 0, 0, 2, 9.03
1747774903, 0, 1, 367, 366, 15, 7.19%, 0, 0, 2, 9.90
1747774908, 0, 1, 370, 369, 15, 7.19%, 0, 0, 2, 8.66
1747774913, 0, 1, 374, 373, 15, 7.19%, 0, 0, 2, 9.98
1747774918, 0, 1, 378, 377, 15, 7.19%, 0, 0, 2, 9.75
1747774923, 0, 1, 381, 380, 15, 7.19%, 0, 0, 2, 10.14
1747774929, 0, 1, 384, 383, 15, 7.19%, 0, 0, 2, 10.01
1747774934, 0, 1, 388, 387, 15, 7.19%, 0, 0, 2, 8.74
1747774939, 0, 1, 392, 391, 15, 7.20%, 0, 0, 2, 10.27
1747774944, 0, 1, 395, 394, 15, 7.20%, 0, 0, 2, 11.58
1747774949, 0, 1, 399, 398, 15, 7.20%, 0, 0, 2, 10.20
1747774954, 0, 1, 403, 402, 15, 7.20%, 0, 0, 2, 10.91
1747774960, 0, 1, 407, 406, 15, 7.20%, 0, 0, 2, 9.99
1747774965, 0, 1, 410, 409, 15, 7.20%, 0, 0, 2, 12.28
1747774970, 0, 1, 413, 412, 15, 7.20%, 0, 0, 2, 11.49
1747774975, 0, 1, 416, 415, 15, 7.20%, 0, 0, 2, 8.37
1747774980, 0, 1, 418, 417, 15, 7.20%, 0, 0, 2, 6.68
1747774985, 0, 1, 422, 421, 15, 7.20%, 0, 0, 2, 9.57
1747774990, 0, 1, 425, 424, 15, 7.20%, 0, 0, 2, 10.20
1747774995, 0, 1, 428, 427, 15, 7.20%, 0, 0, 2, 11.04
1747775000, 0, 1, 430, 429, 15, 7.20%, 0, 0, 2, 11.59
1747775006, 0, 1, 433, 432, 15, 7.20%, 0, 0, 2, 12.44
1747775011, 0, 1, 437, 436, 15, 7.20%, 0, 0, 2, 9.73
1747775016, 0, 1, 439, 438, 15, 7.20%, 0, 0, 2, 12.08
1747775021, 0, 1, 442, 441, 15, 7.20%, 0, 0, 2, 10.29
1747775026, 0, 1, 445, 444, 15, 7.20%, 0, 0, 2, 10.72
1747775031, 0, 1, 448, 447, 15, 7.20%, 0, 0, 2, 10.24
1747775037, 0, 1, 451, 450, 15, 7.20%, 0, 0, 2, 10.79
1747775042, 0, 1, 454, 453, 15, 7.20%, 0, 0, 2, 9.14
1747775047, 0, 1, 457, 456, 15, 7.20%, 0, 0, 2, 9.00
1747775052, 0, 1, 461, 460, 15, 7.20%, 0, 0, 2, 9.16
1747775057, 0, 1, 464, 463, 15, 7.20%, 0, 0, 2, 8.74
1747775062, 0, 1, 467, 466, 15, 7.20%, 0, 0, 2, 8.74
1747775067, 0, 1, 471, 470, 15, 7.20%, 0, 0, 2, 9.33
1747775072, 0, 1, 474, 473, 15, 7.20%, 0, 0, 2, 11.47
1747775078, 0, 1, 477, 476, 15, 7.20%, 0, 0, 2, 10.01
1747775083, 0, 1, 481, 480, 15, 7.20%, 0, 0, 2, 9.09
1747775088, 0, 1, 485, 484, 15, 7.20%, 0, 0, 2, 10.54
1747775093, 0, 1, 488, 487, 15, 7.20%, 0, 0, 2, 10.07
1747775098, 0, 1, 492, 491, 15, 7.20%, 0, 0, 2, 10.41
1747775103, 0, 1, 494, 493, 15, 7.20%, 0, 0, 2, 10.53
1747775108, 0, 1, 499, 498, 15, 7.20%, 0, 0, 2, 10.01
1747775113, 0, 1, 504, 503, 15, 7.20%, 0, 0, 2, 12.37
1747775118, 0, 1, 508, 507, 15, 7.20%, 0, 0, 2, 12.17
1747775123, 0, 1, 511, 510, 15, 7.20%, 0, 0, 2, 10.85
1747775129, 0, 1, 514, 513, 15, 7.20%, 0, 0, 2, 10.58
1747775134, 0, 1, 517, 516, 15, 7.20%, 0, 0, 2, 9.79
1747775139, 0, 1, 520, 519, 15, 7.20%, 0, 0, 2, 9.26
1747775144, 0, 1, 524, 523, 15, 7.20%, 0, 0, 2, 8.04
1747775149, 0, 1, 527, 526, 15, 7.20%, 0, 0, 2, 9.37
1747775154, 0, 1, 530, 529, 15, 7.20%, 0, 0, 2, 8.13
1747775159, 0, 1, 533, 532, 15, 7.20%, 0, 0, 2, 8.19
1747775165, 0, 1, 536, 535, 15, 7.20%, 0, 0, 2, 7.43
1747775170, 0, 1, 539, 538, 15, 7.20%, 0, 0, 2, 8.14
1747775175, 0, 1, 542, 541, 15, 7.20%, 0, 0, 2, 8.97
1747775180, 0, 1, 546, 545, 15, 7.20%, 0, 0, 2, 8.13
1747775185, 0, 1, 550, 549, 15, 7.20%, 0, 0, 2, 8.94
1747775190, 0, 1, 553, 552, 15, 7.20%, 0, 0, 2, 10.61
1747775195, 0, 1, 555, 554, 15, 7.21%, 0, 0, 2, 8.92
1747775200, 0, 1, 559, 558, 15, 7.21%, 0, 0, 2, 9.19
1747775206, 0, 1, 563, 562, 15, 7.21%, 0, 0, 2, 7.48
1747775211, 0, 1, 565, 564, 15, 7.21%, 0, 0, 2, 8.44
1747775216, 0, 1, 567, 566, 15, 7.21%, 0, 0, 2, 6.64
1747775221, 0, 1, 570, 569, 15, 7.21%, 0, 0, 2, 7.69
1747775226, 0, 1, 573, 572, 15, 7.21%, 0, 0, 2, 9.49
1747775231, 0, 1, 576, 575, 15, 7.21%, 0, 0, 2, 8.08
1747775236, 0, 1, 579, 578, 15, 7.21%, 0, 0, 2, 9.24
1747775241, 0, 1, 583, 582, 15, 7.21%, 0, 0, 2, 8.81
1747775247, 0, 1, 585, 584, 15, 7.33%, 0, 0, 2, 5.47
1747775252, 0, 1, 589, 588, 15, 7.33%, 0, 0, 2, 7.52
1747775257, 0, 1, 592, 591, 15, 7.33%, 0, 0, 2, 5.74
1747775262, 0, 1, 595, 594, 15, 7.33%, 0, 0, 2, 7.18
1747775267, 0, 1, 597, 596, 15, 7.33%, 0, 0, 2, 7.96
1747775272, 0, 1, 600, 599, 15, 7.34%, 0, 0, 2, 6.50
1747775277, 0, 1, 603, 602, 15, 7.34%, 0, 0, 2, 7.64
1747775283, 0, 1, 605, 604, 15, 7.34%, 0, 0, 2, 5.65
1747775288, 0, 1, 607, 606, 15, 7.34%, 0, 0, 2, 7.78
1747775293, 0, 1, 609, 608, 15, 7.34%, 0, 0, 2, 7.21
1747775298, 0, 1, 610, 609, 15, 7.34%, 0, 0, 2, 4.90
1747775303, 0, 1, 612, 611, 15, 7.34%, 0, 0, 2, 4.12
1747775308, 0, 1, 615, 614, 15, 7.34%, 0, 0, 2, 4.66
1747775314, 0, 1, 617, 616, 15, 7.34%, 0, 0, 2, 16.96
1747775319, 0, 1, 619, 618, 15, 7.34%, 0, 0, 2, 9.77
1747775324, 0, 1, 622, 621, 15, 7.34%, 0, 0, 2, 8.96
1747775329, 0, 1, 624, 623, 15, 7.34%, 0, 0, 2, 7.69
1747775334, 0, 1, 626, 625, 15, 7.34%, 0, 0, 2, 7.82
1747775339, 0, 1, 629, 628, 15, 7.34%, 0, 0, 2, 8.85
1747775344, 0, 1, 633, 632, 15, 7.34%, 0, 0, 2, 9.72
1747775349, 0, 1, 634, 633, 15, 7.34%, 0, 0, 2, 8.28
1747775354, 0, 1, 636, 635, 15, 7.34%, 0, 0, 2, 7.91
1747775360, 0, 1, 639, 638, 15, 7.34%, 0, 0, 2, 6.92
1747775365, 0, 1, 640, 639, 15, 7.34%, 0, 0, 2, 7.81
1747775370, 0, 1, 643, 642, 15, 7.34%, 0, 0, 2, 6.70
1747775375, 0, 1, 646, 645, 15, 7.34%, 0, 0, 2, 8.23
1747775380, 0, 1, 649, 648, 15, 7.34%, 0, 0, 2, 7.46
1747775385, 0, 1, 652, 651, 15, 7.34%, 0, 0, 2, 6.18
1747775391, 0, 1, 653, 652, 15, 7.34%, 0, 0, 2, 8.77
1747775396, 0, 1, 656, 655, 15, 7.34%, 0, 0, 2, 7.60
1747775401, 0, 1, 657, 656, 15, 7.34%, 0, 0, 2, 7.41
1747775406, 0, 1, 661, 660, 15, 7.34%, 0, 0, 2, 9.40
1747775411, 0, 1, 662, 661, 15, 7.34%, 0, 0, 2, 7.09
1747775416, 0, 1, 665, 664, 15, 7.34%, 0, 0, 2, 10.32
1747775421, 0, 1, 667, 666, 15, 7.34%, 0, 0, 2, 10.29
1747775427, 0, 1, 670, 669, 15, 7.34%, 0, 0, 2, 9.24
1747775432, 0, 1, 672, 671, 15, 7.34%, 0, 0, 2, 3.59
1747775437, 0, 1, 675, 674, 15, 7.34%, 0, 0, 2, 13.98
1747775442, 0, 1, 677, 676, 15, 7.34%, 0, 0, 2, 9.43
1747775447, 0, 1, 679, 678, 15, 7.34%, 0, 0, 2, 8.71
1747775452, 0, 1, 681, 680, 15, 7.34%, 0, 0, 2, 10.88
1747775458, 0, 1, 683, 682, 15, 7.34%, 0, 0, 2, 7.93
1747775463, 0, 1, 684, 683, 15, 7.34%, 0, 0, 2, 8.95
1747775468, 0, 1, 686, 685, 15, 7.34%, 0, 0, 2, 1.63
1747775474, 0, 1, 687, 686, 15, 7.34%, 0, 0, 2, 3.17
1747775479, 0, 1, 688, 687, 15, 7.34%, 0, 0, 2, 3.61
1747775484, 0, 1, 689, 688, 15, 7.34%, 0, 0, 2, 5.61
1747775489, 0, 1, 691, 690, 15, 7.34%, 0, 0, 2, 5.15
1747775500, 0, 1, 693, 692, 15, 7.34%, 0, 0, 2, 4.64
1747775505, 0, 1, 694, 693, 15, 7.34%, 0, 0, 2, 6.22
1747775510, 0, 1, 695, 694, 15, 7.34%, 0, 0, 2, 6.95
1747775515, 0, 1, 696, 695, 15, 7.34%, 0, 0, 2, 5.10
1747775520, 0, 1, 697, 696, 15, 7.34%, 0, 0, 2, 4.29
1747775525, 0, 1, 699, 698, 15, 7.34%, 0, 0, 2, 5.16
1747775531, 0, 1, 700, 699, 15, 7.34%, 0, 0, 2, 5.04
1747775536, 0, 1, 702, 701, 15, 7.34%, 0, 0, 2, 4.26
1747775541, 0, 1, 703, 702, 15, 7.46%, 0, 0, 2, 3.28
1747775546, 0, 1, 704, 703, 15, 7.46%, 0, 0, 2, 3.93
1747775551, 0, 1, 705, 704, 15, 7.46%, 0, 0, 2, 5.51
1747775557, 0, 1, 706, 705, 15, 7.46%, 0, 0, 2, 4.92
1747775562, 0, 1, 707, 706, 15, 7.46%, 0, 0, 2, 4.95
1747775567, 0, 1, 708, 707, 15, 7.46%, 0, 0, 2, 5.86
1747775572, 0, 1, 709, 708, 15, 7.46%, 0, 0, 2, 5.52
1747775582, 0, 1, 711, 710, 15, 7.46%, 0, 0, 2, 2.39
1747775593, 0, 1, 712, 711, 15, 7.46%, 0, 0, 2, 4.00
1747775598, 0, 1, 713, 712, 15, 7.46%, 0, 0, 2, 3.02
1747775604, 0, 1, 715, 714, 15, 7.46%, 0, 0, 2, 4.44
1747775609, 0, 1, 716, 715, 15, 7.46%, 0, 0, 2, 3.45
1747775614, 0, 1, 717, 716, 15, 7.46%, 0, 0, 2, 7.67
1747775619, 0, 1, 718, 717, 15, 7.46%, 0, 0, 2, 6.94
1747775624, 0, 1, 719, 718, 15, 7.46%, 0, 0, 2, 7.26
1747775629, 0, 1, 720, 719, 15, 7.46%, 0, 0, 2, 5.36
1747775640, 0, 1, 722, 721, 15, 7.46%, 0, 0, 2, 5.73
1747775650, 0, 1, 724, 723, 15, 7.46%, 0, 0, 2, 6.46
1747775660, 0, 1, 726, 725, 15, 7.46%, 0, 0, 2, 5.07
1747775665, 0, 1, 727, 726, 15, 7.46%, 0, 0, 2, 4.78
1747775670, 0, 1, 728, 727, 15, 7.46%, 0, 0, 2, 4.83
1747775675, 0, 1, 729, 728, 15, 7.46%, 0, 0, 2, 4.34
1747775686, 0, 1, 730, 729, 15, 7.46%, 0, 0, 2, 3.82
1747775691, 0, 1, 732, 731, 15, 7.46%, 0, 0, 2, 4.13
1747775696, 0, 1, 733, 732, 15, 7.46%, 0, 0, 2, 4.63
1747775701, 0, 1, 734, 733, 15, 7.46%, 0, 0, 2, 6.60
1747775707, 0, 1, 735, 734, 15, 7.46%, 0, 0, 2, 7.64
1747775712, 0, 1, 736, 735, 15, 7.46%, 0, 0, 2, 6.81
1747775717, 0, 1, 737, 736, 15, 7.46%, 0, 0, 2, 5.72
1747775727, 0, 1, 739, 738, 15, 7.46%, 0, 0, 2, 7.22
1747775738, 0, 1, 740, 739, 15, 7.46%, 0, 0, 2, 7.33
1747775743, 0, 1, 741, 740, 15, 7.46%, 0, 0, 2, 5.45
1747775748, 0, 1, 742, 741, 15, 7.46%, 0, 0, 2, 2.26
1747775759, 0, 1, 743, 742, 15, 7.46%, 0, 0, 2, 4.67
1747775764, 0, 1, 744, 743, 15, 7.46%, 0, 0, 2, 4.74
1747775769, 0, 1, 745, 744, 15, 7.46%, 0, 0, 2, 3.68
1747775780, 0, 1, 746, 745, 15, 7.46%, 0, 0, 2, 5.39
1747775790, 0, 1, 747, 746, 15, 7.46%, 0, 0, 2, 4.13
1747775796, 0, 1, 748, 747, 15, 7.46%, 0, 0, 2, 3.24
1747775806, 0, 1, 749, 748, 15, 7.46%, 0, 0, 2, 4.34
1747775812, 0, 1, 750, 749, 15, 7.46%, 0, 0, 2, 4.70
1747775817, 0, 1, 751, 750, 15, 7.46%, 0, 0, 2, 4.61
1747775827, 0, 1, 753, 752, 15, 7.46%, 0, 0, 2, 5.29
1747775833, 0, 1, 754, 753, 15, 7.46%, 0, 0, 2, 4.71
1747775838, 0, 1, 755, 754, 15, 7.46%, 0, 0, 2, 4.87
1747775848, 0, 1, 756, 755, 15, 7.46%, 0, 0, 2, 6.86
1747775854, 0, 1, 759, 758, 15, 7.46%, 0, 0, 2, 6.78
1747775864, 0, 1, 760, 759, 15, 7.46%, 0, 0, 2, 4.54
1747775869, 0, 1, 761, 760, 15, 7.46%, 0, 0, 2, 6.76
1747775875, 0, 1, 763, 762, 15, 7.46%, 0, 0, 2, 5.40
1747775880, 0, 1, 764, 763, 15, 7.46%, 0, 0, 2, 5.98
1747775885, 0, 1, 765, 764, 15, 7.46%, 0, 0, 2, 4.90
1747775890, 0, 1, 766, 765, 15, 7.46%, 0, 0, 2, 5.56
1747775895, 0, 1, 767, 766, 15, 7.46%, 0, 0, 2, 3.86
1747775901, 0, 3, 767, 766, 20, 7.46%, 0, 0, 2, 5.59
1747775906, 0, 3, 768, 767, 20, 7.46%, 0, 0, 2, 6.32
1747775916, 0, 3, 769, 768, 20, 7.47%, 0, 0, 2, 4.53
1747775927, 0, 3, 770, 769, 20, 7.47%, 0, 0, 2, 4.31
1747775932, 0, 3, 771, 770, 20, 7.47%, 0, 0, 2, 11.87
1747775937, 0, 3, 773, 772, 20, 7.47%, 0, 0, 2, 6.86
1747775947, 0, 3, 774, 773, 20, 7.47%, 0, 0, 2, 5.51
1747775953, 0, 3, 776, 775, 20, 7.47%, 0, 0, 2, 5.89
1747775958, 0, 3, 777, 776, 20, 7.47%, 0, 0, 2, 4.38
1747775963, 0, 3, 778, 777, 20, 7.47%, 0, 0, 2, 5.20
1747775968, 0, 3, 779, 778, 20, 7.47%, 0, 0, 2, 4.82
1747775973, 0, 3, 780, 779, 20, 7.47%, 0, 0, 2, 2.44
1747775989, 0, 3, 781, 780, 20, 7.47%, 0, 0, 2, 6.50
1747776005, 0, 3, 782, 781, 20, 7.47%, 0, 0, 2, 6.36
1747776010, 0, 3, 783, 782, 20, 7.47%, 0, 0, 2, 4.77
1747776015, 0, 3, 784, 783, 20, 7.47%, 0, 0, 2, 5.18
1747776021, 0, 3, 785, 784, 20, 7.47%, 0, 0, 2, 3.88
1747776026, 0, 3, 786, 785, 20, 7.47%, 0, 0, 2, 3.50
1747776031, 0, 3, 787, 786, 20, 7.47%, 0, 0, 2, 2.92
1747776052, 0, 3, 788, 787, 20, 7.47%, 0, 0, 2, 3.10
1747776062, 0, 3, 789, 788, 20, 7.47%, 0, 0, 2, 8.02
1747776078, 0, 3, 790, 789, 20, 7.47%, 0, 0, 2, 5.90
1747776083, 0, 3, 791, 790, 20, 7.47%, 0, 0, 2, 5.11
1747776104, 0, 3, 793, 792, 20, 7.47%, 0, 0, 2, 6.75
1747776114, 0, 3, 794, 793, 20, 7.47%, 0, 0, 2, 3.93
1747776135, 0, 3, 795, 794, 20, 7.47%, 0, 0, 2, 4.53
1747776140, 0, 3, 797, 796, 20, 7.47%, 0, 0, 2, 2.56
1747776156, 0, 3, 798, 797, 20, 7.47%, 0, 0, 2, 4.91
1747776166, 0, 3, 799, 798, 20, 7.47%, 0, 0, 2, 8.69
1747776182, 0, 3, 800, 799, 20, 7.47%, 0, 0, 2, 7.00
1747776198, 0, 3, 801, 800, 20, 7.47%, 0, 0, 2, 1.52
1747776224, 0, 3, 802, 801, 20, 7.47%, 0, 0, 2, 5.49
1747776229, 0, 3, 804, 803, 20, 7.47%, 0, 0, 2, 5.13
1747776234, 0, 3, 805, 804, 20, 7.47%, 0, 0, 2, 5.78
1747776240, 0, 3, 806, 805, 20, 7.47%, 0, 0, 2, 7.39
1747776255, 0, 3, 807, 806, 20, 7.47%, 0, 0, 2, 4.55
1747776260, 0, 3, 808, 807, 20, 7.47%, 0, 0, 2, 3.58
1747776271, 0, 3, 809, 808, 20, 7.47%, 0, 0, 2, 5.28
1747776292, 0, 3, 810, 809, 20, 7.47%, 0, 0, 2, 4.99
1747776297, 0, 3, 811, 810, 20, 7.47%, 0, 0, 2, 4.51
1747776318, 0, 3, 812, 811, 20, 7.47%, 0, 0, 2, 7.41
1747776329, 0, 3, 813, 812, 20, 7.47%, 0, 0, 2, 1.56
1747776339, 0, 3, 814, 813, 20, 7.47%, 0, 0, 2, 9.23
1747776344, 0, 3, 815, 814, 20, 7.47%, 0, 0, 2, 6.88
1747776360, 0, 3, 816, 815, 20, 7.47%, 0, 0, 2, 5.80
1747776365, 0, 3, 817, 816, 20, 7.47%, 0, 0, 2, 6.72
1747776375, 0, 3, 818, 817, 20, 7.47%, 0, 0, 2, 4.05
1747776391, 0, 3, 819, 818, 20, 7.47%, 0, 0, 2, 6.25
1747776396, 0, 3, 820, 819, 20, 7.47%, 0, 0, 2, 6.62
1747776427, 0, 3, 821, 820, 20, 7.47%, 0, 0, 2, 5.37
1747776432, 0, 3, 822, 821, 20, 7.47%, 0, 0, 2, 5.82
1747776443, 0, 3, 823, 822, 20, 7.47%, 0, 0, 2, 4.22
1747776453, 0, 3, 824, 823, 20, 7.47%, 0, 0, 2, 7.31
1747776458, 0, 3, 825, 824, 20, 7.47%, 0, 0, 2, 7.34
1747776463, 0, 3, 826, 825, 20, 7.47%, 0, 0, 2, 5.01
1747776474, 0, 3, 827, 826, 20, 7.47%, 0, 0, 2, 4.08
1747776495, 0, 3, 828, 827, 20, 7.47%, 0, 0, 2, 8.11
1747776505, 0, 3, 829, 828, 20, 7.47%, 0, 0, 2, 7.23
1747776526, 0, 3, 830, 829, 20, 7.47%, 0, 0, 2, 1.15
1747776557, 0, 3, 832, 831, 20, 7.47%, 0, 0, 2, 7.18
1747776573, 0, 3, 833, 832, 20, 7.47%, 0, 0, 2, 7.32
1747776599, 0, 3, 834, 833, 20, 7.47%, 0, 0, 2, 7.03
1747776610, 0, 3, 835, 834, 20, 7.47%, 0, 0, 2, 1.60
1747776615, 0, 3, 836, 835, 20, 7.47%, 0, 0, 2, 6.45
1747776626, 0, 3, 837, 836, 20, 7.47%, 0, 0, 2, 5.42
1747776648, 0, 3, 838, 837, 20, 7.47%, 0, 0, 2, 3.12
1747776700, 0, 6, 838, 837, 23, 7.47%, 0, 0, 2, 5.25
1747776710, 0, 6, 839, 838, 23, 7.47%, 0, 0, 2, 5.41
1747776716, 0, 6, 840, 839, 23, 7.47%, 0, 0, 2, 5.09
1747776727, 0, 6, 841, 840, 23, 7.47%, 0, 0, 2, 2.96
1747776732, 0, 6, 842, 841, 23, 7.47%, 0, 0, 2, 3.31
1747776737, 0, 6, 843, 842, 23, 7.47%, 0, 0, 2, 2.78
1747776742, 0, 6, 844, 843, 23, 7.47%, 0, 0, 2, 2.34
1747776747, 0, 6, 845, 844, 23, 7.47%, 0, 0, 2, 1.95
1747776758, 0, 6, 846, 845, 23, 7.47%, 0, 0, 2, 3.04
1747776769, 0, 6, 847, 846, 23, 7.47%, 0, 0, 2, 1.60
1747776779, 0, 6, 848, 847, 23, 7.47%, 0, 0, 2, 1.64
1747776790, 0, 6, 849, 848, 23, 7.47%, 0, 0, 2, 2.98
1747776795, 0, 6, 850, 849, 23, 7.47%, 0, 0, 2, 4.89
1747776806, 0, 6, 851, 850, 23, 7.47%, 0, 0, 2, 5.75
1747776816, 0, 6, 852, 851, 23, 7.47%, 0, 0, 2, 5.26
1747776821, 0, 6, 853, 852, 23, 7.47%, 0, 0, 2, 6.16
1747776832, 0, 6, 854, 853, 23, 7.47%, 0, 0, 2, 4.05
1747776837, 0, 6, 855, 854, 23, 7.47%, 0, 0, 2, 5.23
1747776847, 0, 6, 856, 855, 23, 7.47%, 0, 0, 2, 5.32
1747776868, 0, 6, 857, 856, 23, 7.47%, 0, 0, 2, 4.41
1747776879, 0, 6, 858, 857, 23, 7.47%, 0, 0, 2, 4.68
1747776910, 0, 6, 859, 858, 23, 7.47%, 0, 0, 2, 5.23
1747776915, 0, 6, 860, 859, 23, 7.47%, 0, 0, 2, 3.69
1747776941, 0, 6, 861, 860, 23, 7.47%, 0, 0, 2, 3.38
1747776957, 0, 6, 862, 861, 23, 7.47%, 0, 0, 2, 4.50
1747776962, 0, 6, 863, 862, 23, 7.47%, 0, 0, 2, 4.99
1747776967, 0, 6, 864, 863, 23, 7.47%, 0, 0, 2, 3.93
1747777014, 0, 6, 865, 864, 23, 7.47%, 0, 0, 2, 6.33
1747777024, 0, 6, 866, 865, 23, 7.47%, 0, 0, 2, 3.52
1747777030, 0, 6, 867, 866, 23, 7.47%, 0, 0, 2, 4.72
1747777035, 0, 6, 868, 867, 23, 7.47%, 0, 0, 2, 4.61
1747777040, 0, 6, 870, 869, 23, 7.47%, 0, 0, 2, 4.85
1747777088, 0, 6, 871, 870, 23, 7.49%, 0, 0, 2, 4.39
1747777104, 0, 6, 872, 871, 23, 7.49%, 0, 0, 2, 4.64
1747777115, 0, 6, 873, 872, 23, 7.49%, 0, 0, 2, 3.88
1747777156, 0, 6, 874, 873, 23, 7.49%, 0, 0, 2, 4.90
1747777172, 0, 6, 875, 874, 23, 7.49%, 0, 0, 2, 5.78
1747777177, 0, 6, 876, 875, 23, 7.49%, 0, 0, 2, 6.93
1747777188, 0, 6, 877, 876, 23, 7.49%, 0, 0, 2, 5.38
1747777198, 0, 6, 878, 877, 23, 7.49%, 0, 0, 2, 7.40
1747777230, 0, 6, 879, 878, 23, 7.49%, 0, 0, 2, 7.21
1747777277, 0, 6, 880, 879, 23, 7.49%, 0, 0, 2, 5.02
1747777303, 0, 6, 881, 880, 23, 7.49%, 0, 0, 2, 4.65
1747777319, 0, 6, 882, 881, 23, 7.49%, 0, 0, 2, 4.91
1747777329, 0, 6, 883, 882, 23, 7.49%, 0, 0, 2, 5.12
1747777340, 0, 6, 884, 883, 23, 7.49%, 0, 0, 2, 3.53
1747777356, 0, 6, 885, 884, 23, 7.49%, 0, 0, 2, 6.41
1747777367, 0, 6, 886, 885, 23, 7.49%, 0, 0, 2, 4.60
1747777382, 0, 6, 887, 886, 23, 7.49%, 0, 0, 2, 5.06
1747777413, 0, 6, 888, 887, 23, 7.49%, 0, 0, 2, 8.06
1747777423, 0, 6, 889, 888, 23, 7.49%, 0, 0, 2, 23.74
1747777429, 0, 6, 890, 889, 23, 7.49%, 0, 0, 2, 22.08
1747777439, 0, 6, 891, 890, 23, 7.49%, 0, 0, 2, 2.49
1747777460, 0, 6, 892, 891, 23, 7.49%, 0, 0, 2, 5.31
1747777523, 0, 7, 892, 891, 23, 7.49%, 0, 0, 2, 2.48
1747777549, 0, 8, 892, 891, 23, 7.49%, 0, 0, 2, 5.04
1747777555, 0, 8, 893, 892, 23, 7.49%, 0, 0, 2, 5.31
1747777570, 0, 8, 894, 893, 23, 7.49%, 0, 0, 2, 5.06
1747777575, 0, 8, 895, 894, 23, 7.49%, 0, 0, 2, 3.91
1747777586, 0, 8, 896, 895, 23, 7.49%, 0, 0, 2, 4.21
1747777591, 0, 8, 897, 896, 23, 7.49%, 0, 0, 2, 3.62
1747777602, 0, 8, 898, 897, 23, 7.49%, 0, 0, 2, 3.68
1747777617, 0, 8, 899, 898, 23, 7.49%, 0, 0, 2, 4.04
1747777628, 0, 8, 900, 899, 23, 7.49%, 0, 0, 2, 4.18
1747777638, 0, 8, 901, 900, 23, 7.49%, 0, 0, 2, 2.89
1747777655, 0, 8, 902, 901, 23, 7.49%, 0, 0, 2, 5.04
1747777665, 0, 8, 903, 902, 23, 7.49%, 0, 0, 2, 5.21
1747777676, 0, 8, 904, 903, 23, 7.49%, 0, 0, 2, 3.59
1747777692, 0, 8, 905, 904, 23, 7.49%, 0, 0, 2, 3.54
1747777697, 0, 8, 906, 905, 23, 7.49%, 0, 0, 2, 3.56
1747777703, 0, 8, 907, 906, 23, 7.49%, 0, 0, 2, 3.60
1747777719, 0, 8, 908, 907, 23, 7.49%, 0, 0, 2, 3.44
1747777745, 0, 8, 909, 908, 23, 7.49%, 0, 0, 2, 6.36
1747777755, 0, 8, 910, 909, 23, 7.49%, 0, 0, 2, 4.95
1747777760, 0, 8, 911, 910, 23, 7.49%, 0, 0, 2, 3.80
1747777766, 0, 8, 912, 911, 23, 7.49%, 0, 0, 2, 3.33
1747777777, 0, 8, 913, 912, 23, 7.93%, 0, 0, 2, 3.06
1747777793, 0, 8, 914, 913, 23, 7.94%, 0, 0, 2, 3.83
1747777813, 0, 8, 915, 914, 23, 7.94%, 0, 0, 2, 4.40
1747777828, 0, 8, 916, 915, 23, 7.94%, 0, 0, 2, 6.83
1747777834, 0, 8, 917, 916, 23, 7.94%, 0, 0, 2, 5.50
1747777844, 0, 8, 918, 917, 23, 7.94%, 0, 0, 2, 5.55
1747777849, 0, 8, 919, 918, 23, 7.97%, 0, 0, 2, 4.38
1747777865, 0, 8, 920, 919, 23, 7.97%, 0, 0, 2, 3.56
1747777938, 0, 8, 921, 920, 23, 7.97%, 0, 0, 2, 6.16
1747777954, 0, 8, 922, 921, 23, 7.97%, 0, 0, 2, 3.65
1747777975, 0, 8, 923, 922, 23, 7.97%, 0, 0, 2, 5.15
1747778001, 0, 8, 924, 923, 23, 7.97%, 0, 0, 2, 5.58
1747778017, 0, 8, 925, 924, 23, 7.97%, 0, 0, 2, 1.92
1747778022, 0, 8, 926, 925, 23, 7.97%, 0, 0, 2, 7.60
1747778048, 0, 8, 927, 926, 23, 7.97%, 0, 0, 2, 6.06
1747778053, 0, 8, 928, 927, 23, 7.97%, 0, 0, 2, 5.97
1747778059, 0, 8, 929, 928, 23, 8.16%, 0, 0, 2, 5.47
1747778070, 0, 8, 930, 929, 23, 8.16%, 0, 0, 2, 4.76
1747778091, 0, 8, 931, 930, 23, 8.16%, 0, 0, 2, 5.52
1747778107, 0, 8, 932, 931, 23, 8.16%, 0, 0, 2, 6.66
1747778128, 0, 8, 933, 932, 23, 8.16%, 0, 0, 2, 5.37
1747778169, 0, 8, 934, 933, 23, 8.16%, 0, 0, 2, 4.54
1747778206, 0, 8, 935, 934, 23, 8.16%, 0, 0, 2, 5.44
1747778221, 0, 8, 936, 935, 23, 8.16%, 0, 0, 2, 5.91
1747778227, 0, 8, 937, 936, 23, 8.16%, 0, 0, 2, 5.11
1747778237, 0, 8, 938, 937, 23, 8.16%, 0, 0, 2, 5.57
1747778263, 0, 8, 939, 938, 23, 8.16%, 0, 0, 2, 5.66
1747778305, 0, 8, 940, 939, 23, 8.17%, 0, 0, 2, 2.31
1747778348, 0, 8, 941, 940, 23, 8.17%, 0, 0, 2, 6.04
1747778354, 0, 8, 942, 941, 23, 8.18%, 0, 0, 2, 4.17
1747778370, 0, 8, 943, 942, 23, 8.18%, 0, 0, 2, 5.30
1747778392, 0, 8, 944, 943, 23, 8.18%, 0, 0, 2, 1.08
1747778434, 0, 8, 945, 944, 23, 8.18%, 0, 0, 2, 4.50
1747778455, 0, 8, 946, 945, 23, 8.18%, 0, 0, 2, 3.87
1747778477, 0, 8, 947, 946, 23, 8.18%, 0, 0, 2, 5.83
1747778488, 0, 8, 948, 947, 23, 8.18%, 0, 0, 2, 5.40
1747778525, 0, 9, 949, 948, 23, 8.18%, 0, 0, 2, 1.58
1747778536, 0, 9, 950, 949, 23, 8.18%, 0, 0, 2, 3.04
1747778541, 0, 9, 951, 950, 23, 8.19%, 0, 0, 2, 2.44
1747778552, 0, 9, 952, 951, 23, 8.19%, 0, 0, 2, 2.35
1747778558, 0, 9, 953, 952, 23, 8.19%, 0, 0, 2, 2.40
1747778580, 0, 9, 954, 953, 23, 8.19%, 0, 0, 2, 4.19
1747778585, 0, 9, 955, 954, 23, 8.19%, 0, 0, 2, 3.23
1747778596, 0, 9, 956, 955, 23, 8.19%, 0, 0, 2, 3.02
1747778613, 0, 9, 957, 956, 23, 8.19%, 0, 0, 2, 2.19
1747778623, 0, 9, 958, 957, 23, 8.19%, 0, 0, 2, 1.09
1747778639, 0, 9, 959, 958, 23, 8.19%, 0, 0, 2, 2.53
1747778645, 0, 9, 960, 959, 23, 8.19%, 0, 0, 2, 1.76
1747778661, 0, 9, 961, 960, 23, 8.19%, 0, 0, 2, 1.08
1747778677, 0, 9, 962, 961, 23, 8.19%, 0, 0, 2, 1.77
1747778688, 0, 9, 963, 962, 23, 8.19%, 0, 0, 2, 3.79
1747778700, 0, 9, 964, 963, 23, 8.19%, 0, 0, 2, 4.74
1747778711, 0, 9, 965, 964, 23, 8.19%, 0, 0, 2, 2.80
1747778722, 0, 9, 966, 965, 23, 8.19%, 0, 0, 2, 2.74
1747778733, 0, 9, 967, 966, 23, 8.28%, 0, 0, 2, 4.01
1747778759, 0, 9, 968, 967, 23, 8.28%, 0, 0, 2, 1.08
1747778786, 0, 9, 968, 967, 23, 8.28%, 0, 1, 2, 4.76
1747778796, 0, 9, 969, 968, 23, 8.28%, 0, 1, 2, 4.63
1747778807, 0, 9, 970, 969, 23, 8.28%, 0, 1, 2, 3.61
1747778817, 0, 9, 971, 970, 23, 8.28%, 0, 1, 2, 2.59
1747778838, 0, 9, 972, 971, 23, 8.28%, 0, 1, 2, 3.84
1747778854, 0, 9, 973, 972, 23, 8.28%, 0, 1, 2, 4.36
1747778865, 0, 9, 974, 973, 23, 8.28%, 0, 2, 2, 4.26
1747778876, 0, 9, 975, 974, 23, 8.29%, 0, 2, 2, 3.48
1747778886, 0, 9, 975, 974, 23, 8.29%, 0, 3, 2, 3.20
1747778902, 0, 9, 976, 975, 23, 8.29%, 0, 3, 2, 3.43
1747778918, 0, 9, 977, 976, 23, 8.29%, 0, 3, 2, 4.16
1747778928, 0, 9, 978, 977, 23, 8.29%, 0, 4, 2, 3.43
1747778939, 0, 9, 979, 978, 23, 8.29%, 0, 4, 2, 1.07
1747778971, 0, 9, 980, 979, 23, 8.29%, 0, 4, 2, 1.06
1747778993, 0, 9, 981, 980, 23, 8.29%, 0, 4, 2, 1.10
1747779004, 0, 9, 982, 981, 23, 8.29%, 0, 4, 2, 1.02
1747779014, 0, 9, 983, 982, 23, 8.29%, 0, 4, 2, 1.63
1747779025, 0, 9, 984, 983, 23, 8.29%, 0, 4, 2, 1.14
1747779031, 0, 9, 984, 983, 23, 8.29%, 0, 5, 2, 1.56
1747779046, 0, 9, 985, 984, 23, 8.29%, 0, 5, 2, 3.50
1747779052, 0, 9, 986, 985, 23, 8.29%, 0, 5, 2, 3.10
1747779063, 0, 9, 987, 986, 23, 8.29%, 0, 5, 2, 4.97
1747779079, 0, 9, 988, 987, 23, 8.29%, 0, 5, 2, 1.02
1747779085, 0, 9, 989, 988, 23, 8.29%, 0, 5, 2, 1.09
1747779149, 0, 9, 989, 988, 23, 8.29%, 0, 6, 2, 8.26
1747779160, 0, 9, 990, 989, 23, 8.29%, 0, 6, 2, 1.04
1747779180, 0, 9, 991, 990, 23, 8.29%, 0, 6, 2, 3.65
1747779191, 0, 9, 992, 991, 23, 8.29%, 0, 6, 2, 3.86
1747779213, 0, 9, 993, 992, 23, 8.29%, 0, 6, 2, 3.68
1747779218, 0, 9, 994, 993, 23, 8.29%, 0, 6, 2, 4.00
1747779235, 0, 9, 995, 994, 23, 8.29%, 0, 6, 2, 4.37
1747779251, 0, 9, 996, 995, 23, 8.29%, 0, 6, 2, 1.51
1747779267, 0, 9, 997, 996, 23, 8.29%, 0, 6, 2, 6.64
1747779283, 0, 9, 998, 997, 23, 8.29%, 0, 6, 2, 4.51
1747779295, 0, 9, 999, 998, 23, 8.29%, 0, 6, 2, 3.07
1747779305, 0, 9, 1000, 999, 23, 8.29%, 0, 6, 2, 3.65
1747779332, 0, 9, 1001, 1000, 23, 8.29%, 0, 6, 2, 3.03
1747779343, 0, 9, 1002, 1001, 23, 8.29%, 0, 6, 2, 2.97
1747779354, 0, 9, 1003, 1002, 23, 8.29%, 0, 6, 2, 3.33
1747779370, 0, 9, 1004, 1003, 23, 8.29%, 0, 6, 2, 6.76
1747779380, 0, 9, 1005, 1004, 23, 8.29%, 0, 6, 2, 2.69
1747779390, 0, 9, 1006, 1005, 23, 8.29%, 0, 6, 2, 1.60
1747779412, 0, 9, 1007, 1006, 23, 8.29%, 0, 6, 2, 4.63
1747779433, 0, 9, 1008, 1007, 23, 8.29%, 0, 6, 2, 1.37
1747779443, 0, 9, 1009, 1008, 23, 8.29%, 0, 6, 2, 1.31
1747779459, 0, 9, 1010, 1009, 23, 8.29%, 0, 6, 2, 3.69
1747779480, 0, 9, 1011, 1010, 23, 8.29%, 0, 6, 2, 4.21
1747779555, 0, 9, 1012, 1011, 23, 8.29%, 0, 6, 2, 1.08
1747779582, 0, 9, 1013, 1012, 23, 8.29%, 0, 6, 2, 1.48
1747779624, 0, 9, 1014, 1013, 23, 8.29%, 0, 6, 2, 1.08
1747779640, 0, 9, 1015, 1014, 23, 8.29%, 0, 6, 2, 5.64
1747779671, 0, 9, 1016, 1015, 23, 8.29%, 0, 6, 2, 5.78
1747779676, 0, 9, 1017, 1016, 23, 8.29%, 0, 6, 2, 4.54
1747779688, 0, 9, 1018, 1017, 23, 8.29%, 0, 6, 2, 4.60
1747779752, 0, 9, 1019, 1018, 23, 8.29%, 0, 6, 2, 1.09
1747779768, 0, 9, 1020, 1019, 23, 8.29%, 0, 6, 2, 3.90
1747779774, 0, 9, 1021, 1020, 23, 8.29%, 0, 6, 2, 3.06
1747779800, 0, 9, 1022, 1021, 23, 8.29%, 0, 6, 2, 1.72
1747779811, 0, 9, 1023, 1022, 23, 8.29%, 0, 6, 2, 2.12
1747779827, 0, 9, 1024, 1023, 23, 8.29%, 0, 6, 2, 2.68
1747779880, 0, 10, 1024, 1023, 27, 8.29%, 0, 6, 2, 6.00
1747779890, 0, 10, 1025, 1024, 27, 8.29%, 0, 6, 2, 6.25
1747779895, 0, 10, 1026, 1025, 27, 8.29%, 0, 6, 2, 1.21
1747779911, 0, 10, 1027, 1026, 27, 8.29%, 0, 6, 2, 5.26
1747779984, 0, 10, 1027, 1026, 27, 8.29%, 0, 7, 2, 4.79
1747780011, 0, 10, 1028, 1027, 27, 8.29%, 0, 7, 2, 5.22
1747780068, 0, 10, 1029, 1028, 27, 8.29%, 0, 7, 2, 1.20
1747780147, 0, 10, 1030, 1029, 27, 8.29%, 0, 7, 2, 1.23
1747780194, 0, 10, 1031, 1030, 27, 8.29%, 0, 7, 2, 3.81
1747780268, 0, 10, 1032, 1031, 27, 8.29%, 0, 7, 2, 3.71
1747780299, 0, 10, 1033, 1032, 27, 8.29%, 0, 7, 2, 1.47
1747780341, 0, 10, 1034, 1033, 27, 8.29%, 0, 7, 2, 5.69
1747780378, 0, 10, 1035, 1034, 27, 8.31%, 0, 7, 2, 6.65
1747780384, 0, 10, 1036, 1035, 27, 8.31%, 0, 7, 2, 4.45
1747780421, 0, 10, 1037, 1036, 27, 8.31%, 0, 7, 2, 1.32
1747780431, 0, 10, 1038, 1037, 27, 8.31%, 0, 7, 2, 1.25
1747780447, 0, 10, 1039, 1038, 27, 8.31%, 0, 7, 2, 1.28
1747780512, 0, 10, 1040, 1039, 27, 8.31%, 0, 7, 2, 4.35
1747780549, 0, 10, 1041, 1040, 27, 8.31%, 0, 7, 2, 1.16
1747780575, 0, 10, 1042, 1041, 27, 8.51%, 0, 7, 2, 1.20
1747780585, 0, 10, 1043, 1042, 27, 8.51%, 0, 7, 2, 6.98
1747780596, 0, 10, 1044, 1043, 27, 8.51%, 0, 7, 2, 5.37
1747780602, 0, 10, 1045, 1044, 27, 8.51%, 0, 7, 2, 4.30
1747780675, 0, 10, 1046, 1045, 27, 8.51%, 0, 7, 2, 6.23
1747780696, 0, 10, 1047, 1046, 27, 8.51%, 0, 7, 2, 4.55
1747780774, 0, 10, 1048, 1047, 27, 8.51%, 0, 7, 2, 4.52
1747780827, 0, 11, 1049, 1048, 28, 8.52%, 0, 7, 2, 4.25
1747780838, 0, 11, 1050, 1049, 28, 8.52%, 0, 7, 2, 3.68
1747780844, 0, 11, 1051, 1050, 28, 8.52%, 0, 7, 2, 2.79
1747780849, 0, 11, 1052, 1051, 28, 8.52%, 0, 7, 2, 3.15
1747780871, 0, 11, 1053, 1052, 28, 8.52%, 0, 7, 2, 4.53
1747780881, 0, 11, 1054, 1053, 28, 8.52%, 0, 7, 2, 3.74
1747780897, 0, 11, 1055, 1054, 28, 8.52%, 0, 7, 2, 1.30
1747780908, 0, 11, 1056, 1055, 28, 8.52%, 0, 7, 2, 1.14
1747780923, 0, 11, 1057, 1056, 28, 8.52%, 0, 7, 2, 1.42
1747780934, 0, 11, 1058, 1057, 28, 8.52%, 0, 7, 2, 1.12
1747780944, 0, 11, 1059, 1058, 28, 8.52%, 0, 7, 2, 1.14
1747780970, 0, 11, 1060, 1059, 28, 8.52%, 0, 7, 2, 1.04
1747781029, 0, 11, 1061, 1060, 28, 8.52%, 0, 7, 2, 2.86
1747781108, 0, 11, 1062, 1061, 28, 8.52%, 0, 7, 2, 4.43
1747781166, 0, 11, 1063, 1062, 28, 8.52%, 0, 7, 2, 2.58
1747781192, 0, 11, 1064, 1063, 28, 8.52%, 0, 7, 2, 7.61
1747781198, 0, 11, 1065, 1064, 28, 8.52%, 0, 7, 2, 5.02
1747781218, 0, 11, 1066, 1065, 28, 8.62%, 0, 7, 2, 4.31
1747781240, 0, 11, 1067, 1066, 28, 8.63%, 0, 7, 2, 1.18
1747781261, 0, 11, 1068, 1067, 28, 8.63%, 0, 7, 2, 2.47
1747781266, 0, 11, 1069, 1068, 28, 8.63%, 0, 7, 2, 2.33
1747781283, 0, 11, 1070, 1069, 28, 8.63%, 0, 7, 2, 4.78
1747781325, 0, 11, 1071, 1070, 28, 8.63%, 0, 7, 2, 4.80
1747781346, 0, 11, 1072, 1071, 28, 8.63%, 0, 7, 2, 1.18
1747781372, 0, 11, 1073, 1072, 28, 8.63%, 0, 7, 2, 4.18
1747781404, 0, 11, 1074, 1073, 28, 8.63%, 0, 7, 2, 1.11
1747781431, 0, 11, 1075, 1074, 28, 8.63%, 0, 7, 2, 4.44
1747781457, 0, 11, 1076, 1075, 28, 8.63%, 0, 7, 2, 1.22
1747781505, 0, 11, 1077, 1076, 28, 8.63%, 0, 7, 2, 4.55
1747781537, 0, 11, 1078, 1077, 28, 8.63%, 0, 7, 2, 1.15
1747781563, 0, 11, 1079, 1078, 28, 8.63%, 0, 7, 2, 1.17
1747781589, 0, 11, 1080, 1079, 28, 8.63%, 0, 7, 2, 1.11
1747781611, 0, 11, 1081, 1080, 28, 8.63%, 0, 7, 2, 5.29
1747781647, 0, 11, 1082, 1081, 28, 8.63%, 0, 7, 2, 1.24
1747781679, 0, 11, 1083, 1082, 28, 8.63%, 0, 7, 2, 1.19
1747781699, 0, 11, 1084, 1083, 28, 8.63%, 0, 7, 2, 2.35
1747781711, 0, 11, 1085, 1084, 28, 8.63%, 0, 7, 2, 2.02
1747781774, 0, 11, 1086, 1085, 28, 8.63%, 0, 7, 2, 1.10
1747781847, 0, 11, 1087, 1086, 28, 8.63%, 0, 7, 2, 1.19
1747781884, 0, 12, 1087, 1086, 31, 8.63%, 0, 7, 2, 6.56
1747781899, 0, 13, 1087, 1086, 31, 8.63%, 0, 7, 2, 7.38
1747781910, 0, 13, 1088, 1087, 31, 8.64%, 0, 7, 2, 1.04
1747781921, 0, 13, 1089, 1088, 31, 8.64%, 0, 7, 2, 3.80
1747781936, 0, 13, 1090, 1089, 31, 8.64%, 0, 7, 2, 4.00
1747781952, 0, 13, 1091, 1090, 31, 8.64%, 0, 7, 2, 3.19
1747781963, 0, 13, 1092, 1091, 31, 8.64%, 0, 7, 2, 3.09
1747782022, 0, 13, 1093, 1092, 31, 8.64%, 0, 7, 2, 3.59
1747782081, 0, 13, 1094, 1093, 31, 8.64%, 0, 7, 2, 1.03
1747782186, 0, 13, 1094, 1093, 31, 8.64%, 0, 8, 2, 7.15
1747782223, 0, 13, 1096, 1095, 31, 8.64%, 0, 8, 2, 7.19
1747782233, 0, 13, 1097, 1096, 31, 8.64%, 0, 8, 2, 4.86
1747782238, 0, 13, 1098, 1097, 31, 8.64%, 0, 8, 2, 3.85
1747782260, 0, 13, 1099, 1098, 31, 8.64%, 0, 8, 2, 1.18
1747782302, 0, 13, 1100, 1099, 31, 8.64%, 0, 8, 2, 1.06
1747782438, 0, 13, 1101, 1100, 31, 8.64%, 0, 8, 2, 1.04
1747782448, 0, 13, 1102, 1101, 31, 8.64%, 0, 8, 2, 4.15
1747782485, 0, 13, 1103, 1102, 31, 8.64%, 0, 8, 2, 5.49
1747782573, 0, 13, 1104, 1103, 31, 8.64%, 0, 8, 2, 1.28
1747782616, 0, 13, 1105, 1104, 31, 8.64%, 0, 8, 2, 3.28
1747782636, 0, 13, 1106, 1105, 31, 8.64%, 0, 8, 2, 5.07
1747782678, 0, 13, 1107, 1106, 31, 8.64%, 0, 8, 2, 4.86
1747782695, 0, 13, 1108, 1107, 31, 8.64%, 0, 8, 2, 3.44
1747782863, 0, 14, 1108, 1107, 32, 8.64%, 0, 8, 2, 2.11
1747782873, 0, 14, 1109, 1108, 32, 8.64%, 0, 8, 2, 3.64
1747782885, 0, 14, 1109, 1108, 32, 8.64%, 0, 9, 2, 4.17
1747782896, 0, 14, 1109, 1108, 32, 8.64%, 0, 11, 2, 4.73
1747782917, 0, 14, 1109, 1108, 32, 8.64%, 0, 12, 2, 4.48
1747782923, 0, 14, 1110, 1109, 32, 8.64%, 0, 12, 2, 3.94
1747782933, 0, 14, 1111, 1110, 32, 8.64%, 0, 12, 2, 4.06
1747782950, 0, 14, 1112, 1111, 32, 8.64%, 0, 12, 2, 3.82
1747782972, 0, 14, 1113, 1112, 32, 8.64%, 0, 12, 2, 4.06
1747783003, 0, 14, 1113, 1112, 32, 8.64%, 0, 13, 2, 1.43
1747783014, 0, 14, 1114, 1113, 32, 8.64%, 0, 13, 2, 2.97
1747783034, 0, 14, 1114, 1113, 32, 8.64%, 0, 14, 2, 2.53
1747783050, 0, 14, 1114, 1113, 32, 8.64%, 0, 15, 2, 5.00
1747783060, 0, 14, 1114, 1113, 32, 8.64%, 0, 16, 2, 4.45
1747783102, 0, 14, 1114, 1113, 32, 8.64%, 0, 17, 2, 3.50
1747783118, 0, 14, 1115, 1114, 32, 8.64%, 0, 17, 2, 3.90
1747783123, 0, 14, 1116, 1115, 32, 8.64%, 0, 17, 2, 3.06
1747783145, 0, 14, 1117, 1116, 32, 8.64%, 0, 17, 2, 3.50
1747783157, 0, 14, 1118, 1117, 32, 8.65%, 0, 17, 2, 2.59
1747783178, 0, 14, 1119, 1118, 32, 9.06%, 0, 17, 2, 3.81
1747783200, 0, 14, 1119, 1118, 32, 9.06%, 0, 18, 2, 5.04
1747783205, 0, 14, 1120, 1119, 32, 9.06%, 0, 18, 2, 1.05
1747783216, 0, 14, 1121, 1120, 32, 9.06%, 0, 18, 2, 1.02
1747783249, 0, 14, 1121, 1120, 32, 9.06%, 0, 19, 2, 6.91
1747783270, 0, 14, 1122, 1121, 32, 9.06%, 0, 19, 2, 1.01
1747783291, 0, 14, 1123, 1122, 32, 9.06%, 0, 19, 2, 1.02
1747783307, 0, 14, 1124, 1123, 32, 9.06%, 0, 19, 2, 1.06
1747783313, 0, 14, 1125, 1124, 32, 9.06%, 0, 19, 2, 1.23
1747783329, 0, 14, 1126, 1125, 32, 9.06%, 0, 19, 2, 2.99
1747783351, 0, 14, 1126, 1125, 32, 9.06%, 0, 20, 2, 4.50
1747783361, 0, 14, 1126, 1125, 32, 9.06%, 0, 22, 2, 1.00
1747783366, 0, 14, 1126, 1125, 32, 9.06%, 0, 23, 2, 7.60
1747783372, 0, 14, 1126, 1125, 32, 9.06%, 0, 25, 2, 8.02
1747783382, 0, 14, 1127, 1126, 32, 9.06%, 0, 25, 2, 1.00
1747783410, 0, 14, 1128, 1127, 32, 9.06%, 0, 25, 2, 1.01
1747783415, 0, 14, 1129, 1128, 32, 9.06%, 0, 25, 2, 2.08
1747783432, 0, 14, 1129, 1128, 32, 9.06%, 0, 26, 2, 3.18
1747783459, 0, 14, 1129, 1128, 32, 9.06%, 0, 27, 2, 1.00
1747783469, 0, 14, 1130, 1129, 32, 9.06%, 0, 27, 2, 2.24
1747783484, 0, 14, 1130, 1129, 32, 9.06%, 0, 28, 2, 4.20
1747783517, 0, 14, 1131, 1130, 32, 9.15%, 0, 28, 2, 2.88
1747783539, 0, 14, 1132, 1131, 32, 9.15%, 0, 28, 2, 3.35
1747783560, 0, 14, 1132, 1131, 32, 9.15%, 0, 29, 2, 4.51
1747783571, 0, 14, 1133, 1132, 32, 9.15%, 0, 29, 2, 1.00
1747783581, 0, 14, 1133, 1132, 32, 9.15%, 0, 30, 2, 1.99
1747783592, 0, 14, 1134, 1133, 32, 9.16%, 0, 30, 2, 3.69
1747783623, 0, 14, 1134, 1133, 32, 9.16%, 0, 31, 2, 8.91
1747783655, 0, 14, 1135, 1134, 32, 9.16%, 0, 31, 2, 1.01
1747783676, 0, 14, 1135, 1134, 32, 9.16%, 0, 32, 2, 3.75
1747783692, 0, 14, 1136, 1135, 32, 9.16%, 0, 32, 2, 3.24
1747783719, 0, 14, 1137, 1136, 32, 9.16%, 0, 32, 2, 5.81
1747783724, 0, 14, 1138, 1137, 32, 9.16%, 0, 32, 2, 1.06
1747783740, 0, 14, 1139, 1138, 32, 9.16%, 0, 32, 2, 2.68
1747783756, 0, 14, 1139, 1138, 32, 9.16%, 0, 34, 2, 6.94
1747783761, 0, 14, 1140, 1139, 32, 9.16%, 0, 34, 2, 1.04
1747783772, 0, 14, 1140, 1139, 32, 9.16%, 0, 35, 2, 1.41
1747783803, 0, 14, 1141, 1140, 32, 9.16%, 0, 35, 2, 1.03
1747783824, 0, 14, 1142, 1141, 32, 9.16%, 0, 35, 2, 4.62
1747783839, 0, 14, 1142, 1141, 32, 9.16%, 0, 36, 2, 1.89
1747783855, 0, 14, 1142, 1141, 32, 9.16%, 0, 37, 2, 4.88
1747783866, 0, 14, 1142, 1141, 32, 9.16%, 0, 38, 2, 3.83
1747783877, 0, 14, 1142, 1141, 32, 9.16%, 0, 39, 2, 2.38
1747783893, 0, 14, 1142, 1141, 32, 9.16%, 0, 40, 2, 4.20
1747783898, 0, 14, 1142, 1141, 32, 9.16%, 0, 41, 2, 4.69
1747783904, 0, 14, 1142, 1141, 32, 9.16%, 0, 42, 2, 1.00
1747783931, 0, 14, 1143, 1142, 32, 9.17%, 0, 42, 2, 3.55
1747784009, 0, 14, 1143, 1142, 32, 9.17%, 0, 43, 2, 6.98
1747784036, 0, 14, 1143, 1142, 32, 9.17%, 0, 44, 2, 8.57
1747784051, 0, 15, 1143, 1142, 33, 9.17%, 0, 44, 2, 6.25
1747784057, 0, 15, 1144, 1143, 33, 9.17%, 0, 44, 2, 1.03
1747784089, 0, 15, 1144, 1143, 33, 9.17%, 0, 45, 2, 5.39
1747784099, 0, 15, 1145, 1144, 33, 9.17%, 0, 45, 2, 3.63
1747784131, 0, 15, 1146, 1145, 33, 9.17%, 0, 45, 2, 4.51
1747784189, 0, 15, 1147, 1146, 33, 9.17%, 0, 46, 2, 3.38
1747784222, 0, 15, 1148, 1147, 33, 9.17%, 0, 46, 2, 1.01
1747784254, 0, 15, 1148, 1147, 33, 9.17%, 0, 47, 2, 1.00
1747784285, 0, 15, 1149, 1148, 33, 9.17%, 0, 47, 2, 2.81
1747784296, 0, 15, 1149, 1148, 33, 9.17%, 0, 48, 2, 3.56
1747784307, 0, 15, 1150, 1149, 33, 9.17%, 0, 48, 2, 4.16
1747784329, 0, 15, 1151, 1150, 33, 9.17%, 0, 48, 2, 3.10
1747784350, 0, 15, 1151, 1150, 33, 9.17%, 0, 49, 2, 6.38
1747784376, 0, 15, 1151, 1150, 33, 9.17%, 0, 50, 2, 5.28
1747784387, 0, 15, 1151, 1150, 33, 9.17%, 0, 51, 2, 1.00
1747784398, 0, 15, 1151, 1150, 33, 9.17%, 0, 52, 2, 3.04
1747784404, 0, 15, 1151, 1150, 33, 9.17%, 0, 53, 2, 4.51
1747784414, 0, 15, 1152, 1151, 33, 9.17%, 0, 53, 2, 9.41
1747784430, 0, 15, 1152, 1151, 33, 9.17%, 0, 54, 2, 7.70
1747784446, 0, 15, 1153, 1152, 33, 9.17%, 0, 54, 2, 1.01
1747784488, 0, 15, 1154, 1153, 33, 9.17%, 0, 54, 2, 2.57
1747784526, 0, 15, 1155, 1154, 33, 9.17%, 0, 54, 2, 1.00
1747784585, 0, 15, 1156, 1155, 33, 9.17%, 0, 54, 2, 4.07
1747784595, 0, 15, 1157, 1156, 33, 9.17%, 0, 54, 2, 2.90
1747784647, 0, 15, 1157, 1156, 33, 9.17%, 0, 55, 2, 3.36
1747784653, 0, 15, 1158, 1157, 33, 9.17%, 0, 56, 2, 3.46
1747784669, 0, 15, 1159, 1158, 33, 9.17%, 0, 56, 2, 4.03
1747784689, 0, 15, 1160, 1159, 33, 9.17%, 0, 56, 2, 1.01
1747784705, 0, 15, 1161, 1160, 33, 9.17%, 0, 56, 2, 1.00
1747784747, 0, 15, 1161, 1160, 33, 9.17%, 0, 57, 2, 6.29
1747784768, 0, 15, 1161, 1160, 33, 9.17%, 0, 59, 2, 7.71
1747784789, 0, 15, 1162, 1161, 33, 9.17%, 0, 59, 2, 1.45
1747784799, 0, 15, 1163, 1162, 33, 9.17%, 0, 59, 2, 2.27
1747784825, 0, 15, 1164, 1163, 33, 9.17%, 0, 60, 2, 8.74
1747784941, 0, 15, 1165, 1164, 33, 9.17%, 0, 60, 2, 1.46
1747784952, 0, 15, 1165, 1164, 33, 9.17%, 0, 61, 2, 1.02
1747784957, 0, 15, 1166, 1165, 33, 9.17%, 0, 61, 2, 1.26
1747784962, 0, 15, 1166, 1165, 33, 9.17%, 0, 62, 2, 1.28
1747784973, 0, 15, 1166, 1165, 33, 9.17%, 0, 63, 2, 2.89
1747784983, 0, 15, 1166, 1165, 33, 9.17%, 0, 64, 2, 3.49
1747784989, 0, 15, 1167, 1166, 33, 9.17%, 0, 64, 2, 4.31
1747785001, 0, 15, 1167, 1166, 33, 9.17%, 0, 65, 2, 3.66
1747785033, 0, 15, 1167, 1166, 33, 9.17%, 0, 66, 2, 1.01
1747785038, 0, 15, 1167, 1166, 33, 9.17%, 0, 67, 2, 1.63
1747785049, 0, 15, 1168, 1167, 33, 9.17%, 0, 67, 2, 4.05
1747785065, 0, 15, 1169, 1168, 33, 9.17%, 0, 67, 2, 1.02
1747785086, 0, 15, 1169, 1168, 33, 9.17%, 0, 68, 2, 6.05
1747785091, 0, 15, 1170, 1169, 33, 9.17%, 0, 68, 2, 1.63
1747785112, 0, 15, 1170, 1169, 33, 9.17%, 0, 69, 2, 1.76
1747785122, 0, 15, 1170, 1169, 33, 9.17%, 0, 70, 2, 4.10
1747785127, 0, 15, 1171, 1170, 33, 9.17%, 0, 70, 2, 4.22
1747785138, 0, 15, 1171, 1170, 33, 9.17%, 0, 71, 2, 3.50
1747785159, 0, 16, 1171, 1170, 34, 9.17%, 0, 71, 2, 6.26
1747785170, 0, 16, 1171, 1170, 34, 9.17%, 0, 72, 2, 5.83
1747785176, 0, 16, 1171, 1170, 34, 9.17%, 0, 73, 2, 1.72
1747785182, 0, 16, 1172, 1171, 34, 9.17%, 0, 73, 2, 2.05
1747785192, 0, 16, 1173, 1172, 34, 9.17%, 0, 73, 2, 2.24
1747785229, 0, 16, 1174, 1173, 34, 9.30%, 0, 73, 2, 4.12
1747785240, 0, 16, 1174, 1173, 34, 9.30%, 0, 74, 2, 3.94
1747785282, 0, 16, 1175, 1174, 34, 9.30%, 0, 74, 2, 6.69
1747785292, 0, 16, 1176, 1175, 34, 9.30%, 0, 74, 2, 4.23
1747785309, 0, 16, 1176, 1175, 34, 9.30%, 0, 75, 2, 5.23
1747785314, 0, 16, 1176, 1175, 34, 9.30%, 0, 76, 2, 4.33
1747785330, 0, 16, 1176, 1175, 34, 9.30%, 0, 77, 2, 4.22
1747785335, 0, 16, 1176, 1175, 34, 9.30%, 0, 78, 2, 4.70
1747785351, 0, 16, 1176, 1175, 34, 9.30%, 0, 79, 2, 1.04
1747785378, 0, 16, 1177, 1176, 34, 9.30%, 0, 79, 2, 1.05
1747785426, 0, 16, 1177, 1176, 34, 9.30%, 0, 80, 2, 4.63
1747785447, 0, 16, 1178, 1177, 34, 9.30%, 0, 80, 2, 4.41
1747785496, 0, 16, 1178, 1177, 34, 9.30%, 0, 81, 2, 4.61
1747785511, 0, 16, 1178, 1177, 34, 9.30%, 0, 82, 2, 1.15
1747785548, 0, 16, 1179, 1178, 34, 9.30%, 0, 82, 2, 3.44
1747785570, 0, 16, 1179, 1178, 34, 9.30%, 0, 83, 2, 7.13
1747785575, 0, 16, 1179, 1178, 34, 9.30%, 0, 84, 2, 10.67
1747785590, 0, 16, 1179, 1178, 34, 9.30%, 0, 85, 2, 1.20
1747785601, 0, 16, 1179, 1178, 34, 9.30%, 0, 86, 2, 8.55
1747785612, 0, 16, 1179, 1178, 34, 9.30%, 0, 87, 2, 1.00
1747785617, 0, 16, 1179, 1178, 34, 9.30%, 0, 88, 2, 7.89
1747785680, 0, 16, 1179, 1178, 34, 9.30%, 0, 89, 2, 5.22
1747785695, 0, 16, 1179, 1178, 34, 9.30%, 0, 90, 2, 4.76
1747785747, 0, 16, 1179, 1178, 34, 9.30%, 0, 91, 2, 1.20
1747785758, 0, 16, 1179, 1178, 34, 9.30%, 0, 92, 2, 8.45
1747785763, 0, 16, 1179, 1178, 34, 9.30%, 0, 93, 2, 6.97
1747785793, 0, 16, 1179, 1178, 34, 9.30%, 0, 94, 2, 10.07
1747785883, 0, 16, 1179, 1178, 34, 9.30%, 0, 95, 2, 1.00
1747785909, 0, 16, 1179, 1178, 34, 9.30%, 0, 96, 2, 7.33
1747785936, 0, 16, 1179, 1178, 34, 9.30%, 0, 97, 2, 5.93
1747785957, 0, 16, 1179, 1178, 34, 9.30%, 0, 98, 2, 1.09
1747786030, 0, 16, 1179, 1178, 34, 9.30%, 0, 99, 2, 3.05
1747786051, 0, 16, 1179, 1178, 34, 9.30%, 0, 100, 2, 1.21
1747786072, 0, 16, 1179, 1178, 34, 9.30%, 0, 101, 2, 2.76
1747786088, 0, 16, 1179, 1178, 34, 9.30%, 0, 102, 2, 7.86
1747786104, 0, 17, 1179, 1178, 32, 9.30%, 0, 102, 2, 5.98
1747786109, 0, 17, 1179, 1178, 32, 9.30%, 0, 103, 2, 1.01
1747786115, 0, 17, 1179, 1178, 32, 9.30%, 0, 104, 2, 27.78
1747786140, 0, 18, 1179, 1178, 32, 9.30%, 0, 104, 2, 1.63
1747786146, 0, 18, 1179, 1178, 32, 9.30%, 0, 105, 2, 2.43
1747786167, 0, 19, 1179, 1178, 32, 9.30%, 0, 105, 2, 5.44
1747786189, 0, 19, 1180, 1179, 32, 9.30%, 0, 105, 2, 1.00
1747786199, 0, 19, 1181, 1180, 32, 9.30%, 0, 105, 2, 2.66
1747786216, 0, 19, 1182, 1181, 32, 9.30%, 0, 105, 2, 3.76
1747786226, 0, 19, 1183, 1182, 32, 9.30%, 0, 105, 2, 3.05
1747786247, 0, 19, 1184, 1183, 32, 9.30%, 0, 105, 2, 1.30
1747786268, 0, 19, 1185, 1184, 32, 9.30%, 0, 105, 2, 1.04
1747786284, 0, 19, 1185, 1184, 32, 9.30%, 0, 106, 2, 1.08
1747786305, 0, 19, 1185, 1184, 32, 9.30%, 0, 107, 2, 4.65
1747786315, 0, 19, 1186, 1185, 32, 9.30%, 0, 107, 2, 7.89
1747786347, 0, 19, 1186, 1185, 32, 9.30%, 0, 108, 2, 5.91
1747786461, 0, 19, 1187, 1186, 32, 9.30%, 0, 108, 2, 1.02
1747786483, 0, 19, 1188, 1187, 32, 9.30%, 0, 108, 2, 7.48
1747786489, 0, 19, 1189, 1188, 32, 9.30%, 0, 108, 2, 5.19
1747786500, 0, 19, 1189, 1188, 32, 9.30%, 0, 109, 2, 1.52
1747786538, 0, 19, 1189, 1188, 32, 9.30%, 0, 110, 2, 4.41
1747786548, 0, 19, 1190, 1189, 32, 9.30%, 0, 110, 2, 3.46
1747786564, 0, 19, 1191, 1190, 32, 9.30%, 0, 110, 2, 3.61
1747786575, 0, 19, 1191, 1190, 32, 9.30%, 0, 111, 2, 3.21
1747786585, 0, 19, 1192, 1191, 32, 9.30%, 0, 111, 2, 1.04
1747786611, 0, 19, 1193, 1192, 32, 9.30%, 0, 111, 2, 1.05
1747786622, 0, 19, 1194, 1193, 32, 9.30%, 0, 111, 2, 3.26
1747786659, 0, 19, 1195, 1194, 32, 9.30%, 0, 111, 2, 1.92
1747786702, 0, 19, 1195, 1194, 32, 9.30%, 0, 112, 2, 10.07
1747786765, 0, 19, 1195, 1194, 32, 9.30%, 0, 113, 2, 4.43
1747786771, 0, 19, 1195, 1194, 32, 9.30%, 0, 114, 2, 4.64
1747786798, 0, 19, 1196, 1195, 32, 9.30%, 0, 114, 2, 4.28
1747786860, 0, 19, 1196, 1195, 32, 9.30%, 0, 115, 2, 1.37
1747786876, 0, 19, 1197, 1196, 32, 9.30%, 0, 115, 2, 3.64
1747787092, 0, 19, 1197, 1196, 32, 9.30%, 0, 116, 2, 1.00
1747787108, 0, 19, 1198, 1197, 32, 9.30%, 0, 116, 2, 3.07
1747787188, 0, 19, 1198, 1197, 32, 9.30%, 0, 117, 2, 2.74
1747787208, 0, 20, 1198, 1197, 32, 9.30%, 0, 117, 2, 4.94
1747787240, 0, 21, 1198, 1197, 32, 9.30%, 0, 117, 2, 4.93
1747787267, 0, 22, 1198, 1197, 32, 9.30%, 0, 117, 2, 1.22
1747787289, 0, 22, 1198, 1197, 32, 9.30%, 0, 118, 2, 5.89
1747787294, 0, 23, 1198, 1197, 32, 9.30%, 0, 118, 2, 1.08
1747787310, 0, 23, 1198, 1197, 32, 9.30%, 0, 119, 2, 5.01
1747787325, 0, 25, 1198, 1197, 32, 9.30%, 0, 119, 2, 11.95
1747787346, 0, 25, 1198, 1197, 32, 9.30%, 0, 120, 2, 2.22
1747787356, 0, 26, 1198, 1197, 32, 9.30%, 0, 120, 2, 4.81
1747787361, 0, 26, 1198, 1197, 32, 9.30%, 0, 121, 2, 1.02
1747787383, 0, 27, 1198, 1197, 32, 9.30%, 0, 121, 2, 5.32
1747787394, 0, 27, 1198, 1197, 32, 9.30%, 0, 123, 2, 1.32
1747787399, 0, 27, 1198, 1197, 32, 9.30%, 0, 124, 2, 2.01
1747787410, 0, 27, 1199, 1198, 32, 9.30%, 0, 124, 2, 4.11
1747787453, 0, 28, 1199, 1198, 32, 9.30%, 0, 124, 2, 3.10
1747787479, 0, 28, 1200, 1199, 32, 9.30%, 0, 124, 2, 3.63
1747787522, 0, 30, 1200, 1199, 32, 9.30%, 0, 124, 2, 4.81
1747787548, 0, 33, 1200, 1199, 32, 9.30%, 0, 124, 2, 4.71
1747787575, 0, 34, 1200, 1199, 32, 9.30%, 0, 124, 2, 6.92
1747787606, 0, 35, 1200, 1199, 32, 9.30%, 0, 124, 2, 4.24
1747787611, 0, 35, 1201, 1200, 32, 9.30%, 0, 124, 2, 3.69
1747787622, 0, 35, 1201, 1200, 32, 9.30%, 0, 125, 2, 3.69
1747787653, 0, 35, 1201, 1200, 32, 9.30%, 0, 126, 2, 2.53
1747787663, 0, 37, 1201, 1200, 32, 9.30%, 0, 126, 2, 5.69
1747787691, 0, 38, 1201, 1200, 32, 9.30%, 0, 126, 2, 1.01
1747787696, 0, 38, 1201, 1200, 32, 9.30%, 0, 127, 2, 6.52
1747787717, 0, 39, 1201, 1200, 32, 9.30%, 0, 127, 2, 7.04
1747787743, 0, 40, 1201, 1200, 32, 9.30%, 0, 127, 2, 5.37
1747787748, 0, 40, 1202, 1201, 32, 9.30%, 0, 127, 2, 4.01
1747787806, 0, 41, 1202, 1201, 32, 9.30%, 0, 127, 2, 2.69
1747787832, 0, 42, 1202, 1201, 32, 9.30%, 0, 127, 2, 6.35
1747787863, 0, 43, 1202, 1201, 32, 9.30%, 0, 127, 2, 5.94
1747787895, 0, 43, 1202, 1201, 32, 9.30%, 0, 128, 2, 4.53
1747787900, 0, 44, 1202, 1201, 32, 9.30%, 0, 128, 2, 5.09
1747787916, 0, 44, 1202, 1201, 32, 9.30%, 0, 130, 2, 4.17
1747787931, 0, 45, 1202, 1201, 32, 9.30%, 0, 130, 2, 6.08
1747787958, 0, 46, 1202, 1201, 32, 9.30%, 0, 130, 2, 1.57
1747787984, 0, 47, 1202, 1201, 32, 9.30%, 0, 130, 2, 5.16
1747788005, 0, 49, 1202, 1201, 32, 9.30%, 0, 130, 2, 5.43
1747788036, 0, 50, 1202, 1201, 32, 9.30%, 0, 130, 2, 11.51
1747788062, 0, 51, 1202, 1201, 32, 9.30%, 0, 130, 2, 4.17
1747788094, 0, 52, 1202, 1201, 32, 9.30%, 0, 131, 2, 4.40
1747788100, 0, 52, 1203, 1202, 32, 9.30%, 0, 131, 2, 3.31
1747788111, 0, 52, 1204, 1203, 32, 9.30%, 0, 131, 2, 3.96
1747788138, 0, 52, 1204, 1203, 32, 9.30%, 0, 132, 2, 4.58
1747788154, 0, 52, 1204, 1203, 32, 9.30%, 0, 133, 2, 1.48
1747788176, 0, 52, 1204, 1203, 32, 9.30%, 0, 134, 2, 1.01
1747788213, 0, 52, 1205, 1204, 32, 9.30%, 0, 134, 2, 3.97
1747788265, 0, 52, 1206, 1205, 32, 9.30%, 0, 134, 2, 2.13
1747788270, 0, 52, 1206, 1205, 32, 9.30%, 0, 135, 2, 1.83
1747788287, 0, 52, 1206, 1205, 32, 9.30%, 0, 136, 2, 4.48
1747788297, 0, 52, 1206, 1205, 32, 9.30%, 0, 137, 2, 4.95
1747788302, 0, 52, 1206, 1205, 32, 9.30%, 0, 138, 2, 5.73
1747788319, 0, 52, 1206, 1205, 32, 9.30%, 0, 139, 2, 9.08
1747788335, 0, 52, 1206, 1205, 32, 9.30%, 0, 140, 2, 3.91
1747788341, 0, 52, 1207, 1206, 32, 9.30%, 0, 140, 2, 3.65
1747788383, 0, 52, 1207, 1206, 32, 9.30%, 0, 141, 2, 1.00
1747788404, 0, 52, 1207, 1206, 32, 9.30%, 0, 142, 2, 7.74
1747788426, 0, 52, 1207, 1206, 32, 9.30%, 0, 143, 2, 7.53
1747788452, 0, 52, 1207, 1206, 32, 9.30%, 0, 144, 2, 1.03
1747788473, 0, 52, 1207, 1206, 32, 9.30%, 0, 145, 2, 4.67
1747788483, 0, 52, 1207, 1206, 32, 9.30%, 0, 146, 2, 2.56
1747788541, 0, 52, 1208, 1207, 32, 9.30%, 0, 146, 2, 6.94
1747788567, 0, 52, 1208, 1207, 32, 9.30%, 0, 147, 2, 5.88
1747788600, 0, 52, 1209, 1208, 32, 9.30%, 0, 147, 2, 1.01
1747788648, 0, 52, 1209, 1208, 32, 9.30%, 0, 148, 2, 2.08
1747788663, 0, 52, 1209, 1208, 32, 9.30%, 0, 149, 2, 4.51
1747788685, 0, 52, 1209, 1208, 32, 9.30%, 0, 150, 2, 4.67
1747788711, 0, 52, 1209, 1208, 32, 9.30%, 0, 151, 2, 2.46
1747788721, 0, 52, 1210, 1209, 32, 9.30%, 0, 151, 2, 2.92
1747788726, 0, 52, 1210, 1209, 32, 9.30%, 0, 152, 2, 3.11
1747788732, 0, 52, 1210, 1209, 32, 9.30%, 0, 153, 2, 4.60
1747788748, 0, 52, 1210, 1209, 32, 9.30%, 0, 154, 2, 1.82
1747788753, 0, 52, 1210, 1209, 32, 9.30%, 0, 155, 2, 3.73
1747788838, 0, 52, 1210, 1209, 32, 9.30%, 0, 156, 2, 4.76
1747788849, 0, 52, 1210, 1209, 32, 9.30%, 0, 157, 2, 5.59
1747788871, 0, 52, 1211, 1210, 32, 9.30%, 0, 157, 2, 3.58
1747788930, 0, 52, 1211, 1210, 32, 9.30%, 0, 158, 2, 1.09
1747788941, 0, 52, 1212, 1211, 32, 9.30%, 0, 158, 2, 2.64
1747788994, 0, 52, 1212, 1211, 32, 9.30%, 0, 160, 2, 1.25
1747789020, 0, 52, 1212, 1211, 32, 9.30%, 0, 161, 2, 4.58
1747789064, 0, 52, 1212, 1211, 32, 9.30%, 0, 163, 2, 1.45
1747789080, 0, 52, 1212, 1211, 32, 9.30%, 0, 164, 2, 7.09
1747789085, 0, 52, 1212, 1211, 32, 9.30%, 0, 165, 2, 1.23
1747789090, 0, 53, 1212, 1211, 32, 9.30%, 0, 165, 2, 14.06
1747789116, 0, 55, 1212, 1211, 32, 9.30%, 0, 165, 2, 7.25
1747789142, 0, 56, 1212, 1211, 32, 9.30%, 0, 165, 2, 7.34
1747789174, 0, 57, 1212, 1211, 32, 9.30%, 0, 165, 2, 1.95
1747789201, 0, 58, 1212, 1211, 32, 9.30%, 0, 165, 2, 9.64
1747789228, 0, 61, 1212, 1211, 32, 9.30%, 0, 165, 2, 1.59
1747789258, 0, 62, 1212, 1211, 32, 9.30%, 0, 165, 2, 4.69
1747789274, 0, 62, 1212, 1211, 32, 9.30%, 0, 166, 2, 4.40
1747789290, 0, 63, 1212, 1211, 32, 9.30%, 0, 166, 2, 5.32
1747789306, 0, 63, 1212, 1211, 32, 9.30%, 0, 167, 2, 1.00
1747789322, 0, 64, 1212, 1211, 32, 9.30%, 0, 167, 2, 7.31
1747789339, 0, 64, 1212, 1211, 32, 9.30%, 0, 168, 2, 1.01
1747789344, 0, 66, 1212, 1211, 32, 9.30%, 0, 168, 2, 5.04
1747789370, 0, 67, 1212, 1211, 32, 9.30%, 0, 168, 2, 7.16
1747789397, 0, 68, 1212, 1211, 32, 9.30%, 0, 168, 2, 7.69
1747789407, 0, 68, 1213, 1212, 32, 9.30%, 0, 168, 2, 1.25
1747789450, 0, 69, 1213, 1212, 32, 9.30%, 0, 168, 2, 1.34
1747789466, 0, 69, 1213, 1212, 32, 9.30%, 0, 169, 2, 5.06
1747789471, 0, 69, 1213, 1212, 32, 9.30%, 0, 170, 2, 1.94
1747789477, 0, 69, 1214, 1213, 32, 9.30%, 0, 170, 2, 4.27
1747789515, 0, 71, 1214, 1213, 32, 9.30%, 0, 170, 2, 4.96
1747789520, 0, 71, 1214, 1213, 32, 9.30%, 0, 171, 2, 4.23
1747789536, 0, 71, 1214, 1213, 32, 9.30%, 0, 172, 2, 2.38
1747789546, 0, 72, 1214, 1213, 32, 9.30%, 0, 172, 2, 3.66
1747789563, 0, 72, 1215, 1214, 32, 9.30%, 0, 172, 2, 1.00
1747789614, 0, 74, 1215, 1214, 32, 9.30%, 0, 172, 2, 4.70
1747789641, 0, 75, 1215, 1214, 32, 9.30%, 0, 172, 2, 6.43
1747789663, 0, 75, 1215, 1214, 32, 9.30%, 0, 173, 2, 1.08
1747789669, 0, 76, 1215, 1214, 32, 9.30%, 0, 173, 2, 9.14
1747789700, 0, 77, 1215, 1214, 32, 9.30%, 0, 173, 2, 8.18
1747789732, 0, 78, 1215, 1214, 32, 9.30%, 0, 173, 2, 3.09
1747789763, 0, 79, 1215, 1214, 32, 9.30%, 0, 173, 2, 4.22
1747789790, 0, 80, 1215, 1214, 32, 9.30%, 0, 173, 2, 1.92
1747789817, 0, 80, 1215, 1214, 32, 9.30%, 0, 174, 2, 5.11
1747789822, 0, 81, 1215, 1214, 32, 9.30%, 0, 174, 2, 5.17
1747789833, 0, 81, 1216, 1215, 32, 9.30%, 0, 174, 2, 4.86
1747789881, 0, 82, 1216, 1215, 32, 9.30%, 0, 175, 2, 6.10
1747789892, 0, 82, 1216, 1215, 32, 9.30%, 0, 176, 2, 11.24
1747789913, 0, 83, 1216, 1215, 32, 9.30%, 0, 176, 2, 2.49
1747789939, 0, 84, 1216, 1215, 32, 9.30%, 0, 176, 2, 6.21
1747789954, 0, 84, 1216, 1215, 32, 9.30%, 0, 177, 2, 4.02
1747789964, 0, 85, 1216, 1215, 32, 9.30%, 0, 177, 2, 4.86
1747789969, 0, 85, 1217, 1216, 32, 9.30%, 0, 177, 2, 4.25
1747790017, 0, 86, 1217, 1216, 32, 9.30%, 0, 177, 2, 6.52
1747790038, 0, 86, 1218, 1217, 32, 9.30%, 0, 177, 2, 1.02
1747790076, 0, 88, 1218, 1217, 32, 9.30%, 0, 177, 2, 5.67
1747790107, 0, 90, 1218, 1217, 32, 9.30%, 0, 177, 2, 4.76
1747790123, 0, 90, 1218, 1217, 32, 9.30%, 0, 178, 2, 10.72
1747790134, 0, 91, 1218, 1217, 32, 9.30%, 0, 178, 2, 9.02
1747790160, 0, 92, 1218, 1217, 32, 9.30%, 0, 178, 2, 5.39
1747790176, 0, 92, 1219, 1218, 32, 9.30%, 0, 178, 2, 6.80
1747790193, 0, 92, 1220, 1219, 32, 9.30%, 0, 178, 2, 1.05
1747790204, 0, 92, 1220, 1219, 32, 9.30%, 0, 179, 2, 8.84
1747790242, 0, 92, 1220, 1219, 32, 9.30%, 0, 180, 2, 4.90
1747790273, 0, 92, 1221, 1220, 32, 9.30%, 0, 180, 2, 1.13
1747790404, 0, 93, 1221, 1220, 32, 9.30%, 0, 180, 2, 6.42
1747790435, 0, 94, 1221, 1220, 32, 9.30%, 0, 180, 2, 4.73
1747790461, 0, 96, 1221, 1220, 32, 9.30%, 0, 180, 2, 7.66
1747790471, 0, 96, 1221, 1220, 32, 9.30%, 0, 181, 2, 8.92
1747790488, 0, 97, 1221, 1220, 32, 9.30%, 0, 181, 2, 1.04
1747790509, 0, 97, 1221, 1220, 32, 9.30%, 0, 182, 2, 1.11
1747790519, 0, 98, 1221, 1220, 32, 9.30%, 0, 182, 2, 4.35
1747790551, 0, 98, 1222, 1221, 32, 9.30%, 0, 182, 2, 5.51
1747790578, 0, 98, 1223, 1222, 32, 9.30%, 0, 182, 2, 4.92
1747790583, 0, 98, 1223, 1222, 32, 9.30%, 0, 183, 2, 4.38
1747790594, 0, 98, 1224, 1223, 32, 9.30%, 0, 183, 2, 1.43
1747790619, 0, 98, 1224, 1223, 32, 9.30%, 0, 184, 2, 5.46
1747790678, 0, 98, 1225, 1224, 32, 9.30%, 0, 184, 2, 1.01
1747790820, 0, 98, 1225, 1224, 32, 9.30%, 0, 185, 2, 5.60
1747790925, 0, 98, 1226, 1225, 32, 9.30%, 0, 185, 2, 1.60
1747790977, 0, 98, 1227, 1226, 32, 9.30%, 0, 185, 2, 5.97
1747790993, 0, 98, 1228, 1227, 32, 9.30%, 0, 185, 2, 6.39
1747791009, 0, 98, 1229, 1228, 32, 9.30%, 0, 185, 2, 2.34
1747791029, 0, 98, 1230, 1229, 32, 9.30%, 0, 185, 2, 7.36
1747791144, 0, 98, 1231, 1230, 32, 9.30%, 0, 185, 2, 3.80
1747791233, 0, 99, 1231, 1230, 32, 9.30%, 0, 185, 2, 13.44
1747791254, 0, 102, 1231, 1230, 32, 9.30%, 0, 185, 2, 5.30
1747791259, 0, 102, 1232, 1231, 32, 9.30%, 0, 185, 2, 7.97
1747791296, 0, 103, 1232, 1231, 32, 9.30%, 0, 185, 2, 12.32
1747791306, 0, 104, 1232, 1231, 32, 9.30%, 0, 185, 2, 11.57
1747791322, 0, 105, 1232, 1231, 32, 9.30%, 0, 185, 2, 8.91
1747791338, 0, 106, 1232, 1231, 32, 9.30%, 0, 185, 2, 1.62
1747791359, 0, 107, 1232, 1231, 32, 9.30%, 0, 185, 2, 8.34
1747791374, 0, 109, 1232, 1231, 32, 9.30%, 0, 185, 2, 9.30
1747791390, 0, 110, 1232, 1231, 32, 9.30%, 0, 185, 2, 6.54
1747791406, 0, 111, 1232, 1231, 32, 9.30%, 0, 185, 2, 10.90
1747791422, 0, 111, 1233, 1232, 32, 9.30%, 0, 185, 2, 5.98
1747791438, 0, 111, 1234, 1233, 32, 9.30%, 0, 185, 2, 9.02
1747791448, 0, 111, 1235, 1234, 32, 9.30%, 0, 185, 2, 5.33
1747791522, 0, 111, 1236, 1235, 32, 9.30%, 0, 185, 2, 1.53
1747791548, 0, 111, 1237, 1236, 32, 9.30%, 0, 185, 2, 6.72
1747791788, 0, 111, 1238, 1237, 32, 9.30%, 0, 185, 2, 1.65
1747791934, 0, 111, 1238, 1237, 32, 9.30%, 0, 186, 2, 3.06
1747791944, 0, 111, 1238, 1237, 32, 9.30%, 0, 187, 2, 3.96
1747792006, 0, 112, 1238, 1237, 31, 9.30%, 0, 187, 2, 8.13
1747792022, 0, 113, 1238, 1237, 31, 9.30%, 0, 187, 2, 6.84
1747792027, 0, 113, 1239, 1238, 31, 9.30%, 0, 187, 2, 4.96
1747792064, 0, 114, 1239, 1238, 31, 9.30%, 0, 187, 2, 9.64
1747792069, 0, 114, 1240, 1239, 31, 9.30%, 0, 187, 2, 1.60
1747792101, 0, 115, 1240, 1239, 30, 9.30%, 0, 187, 2, 10.26
1747792121, 0, 116, 1240, 1239, 30, 9.30%, 0, 187, 2, 3.82
1747792137, 0, 118, 1240, 1239, 30, 9.30%, 0, 187, 2, 5.18
1747792152, 0, 120, 1241, 1240, 30, 9.30%, 0, 187, 2, 1.65
1747792195, 0, 121, 1241, 1240, 31, 9.30%, 0, 187, 2, 3.17
1747792216, 0, 122, 1241, 1240, 31, 9.30%, 0, 187, 2, 11.33
1747792231, 0, 123, 1241, 1240, 31, 9.30%, 0, 187, 2, 8.00
1747792252, 0, 124, 1241, 1240, 31, 9.30%, 0, 187, 2, 8.20
1747792268, 0, 125, 1241, 1240, 31, 9.30%, 0, 187, 2, 8.52
1747792273, 0, 125, 1242, 1241, 31, 9.30%, 0, 187, 2, 2.88
1747792283, 0, 125, 1243, 1242, 31, 9.30%, 0, 187, 2, 4.01
1747792309, 0, 125, 1244, 1243, 31, 9.30%, 0, 187, 2, 1.65
1747792324, 0, 125, 1245, 1244, 31, 9.30%, 0, 187, 2, 1.87
1747792540, 0, 125, 1246, 1245, 31, 9.30%, 0, 187, 2, 5.42
1747792776, 0, 125, 1247, 1246, 31, 9.30%, 0, 187, 2, 5.38
1747792854, 0, 126, 1247, 1246, 31, 9.30%, 0, 187, 2, 9.34
1747792874, 0, 127, 1247, 1246, 31, 9.30%, 0, 187, 2, 9.00
1747792895, 0, 129, 1247, 1246, 31, 9.30%, 0, 187, 2, 6.68
1747792910, 0, 130, 1247, 1246, 31, 9.30%, 0, 187, 2, 9.49
1747792926, 0, 131, 1248, 1247, 31, 9.30%, 0, 187, 2, 1.98
1747792962, 0, 135, 1248, 1247, 30, 9.30%, 0, 187, 2, 24.48
1747792978, 0, 136, 1248, 1247, 30, 9.30%, 0, 187, 2, 6.70
1747792993, 0, 137, 1248, 1247, 30, 9.30%, 0, 187, 2, 11.11
1747793014, 0, 138, 1248, 1247, 30, 9.30%, 0, 187, 2, 9.56
1747793029, 0, 139, 1248, 1247, 30, 9.30%, 0, 187, 2, 2.93
1747793045, 0, 140, 1249, 1248, 30, 9.30%, 0, 187, 2, 1.53
1747793086, 0, 144, 1249, 1248, 30, 9.30%, 0, 187, 2, 7.63
1747793107, 0, 145, 1249, 1248, 30, 9.30%, 0, 187, 2, 5.94
1747793122, 0, 148, 1249, 1248, 30, 9.30%, 0, 187, 2, 6.97
1747793127, 0, 148, 1250, 1249, 30, 9.30%, 0, 187, 2, 6.70
1747793169, 0, 149, 1250, 1249, 30, 9.30%, 0, 188, 2, 1.99
1747793174, 0, 149, 1250, 1249, 30, 9.30%, 0, 189, 2, 4.10
1747793179, 0, 149, 1250, 1249, 30, 9.30%, 0, 192, 2, 4.11
1747793189, 0, 149, 1250, 1249, 30, 9.30%, 0, 195, 2, 4.68
1747793195, 0, 149, 1250, 1249, 30, 9.30%, 0, 198, 2, 4.90
1747793200, 0, 150, 1250, 1249, 30, 9.30%, 0, 198, 2, 5.01
1747793216, 0, 150, 1250, 1249, 30, 9.30%, 0, 199, 2, 5.04
1747793226, 0, 151, 1250, 1249, 30, 9.30%, 0, 199, 2, 5.58
1747793237, 0, 151, 1251, 1250, 30, 9.30%, 0, 199, 2, 1.04
1747793274, 0, 151, 1251, 1250, 30, 9.30%, 0, 200, 2, 4.33
1747793284, 0, 151, 1251, 1250, 30, 9.30%, 0, 201, 2, 14.63
1747793300, 0, 152, 1251, 1250, 30, 9.30%, 0, 201, 2, 6.64
1747793310, 0, 152, 1251, 1250, 30, 9.30%, 0, 202, 2, 4.86
1747793321, 0, 152, 1251, 1250, 30, 9.30%, 0, 204, 2, 9.02
1747793331, 0, 153, 1251, 1250, 30, 9.30%, 0, 204, 2, 7.47
1747793336, 0, 153, 1252, 1251, 30, 9.30%, 0, 204, 2, 6.08
1747793353, 0, 153, 1252, 1251, 30, 9.30%, 0, 205, 2, 3.74
1747793364, 0, 153, 1252, 1251, 30, 9.30%, 0, 207, 2, 4.23
1747793369, 0, 153, 1252, 1251, 30, 9.30%, 0, 208, 2, 4.94
1747793374, 0, 153, 1252, 1251, 30, 9.30%, 0, 209, 2, 4.24
1747793380, 0, 153, 1252, 1251, 30, 9.30%, 0, 211, 2, 5.10
1747793385, 0, 153, 1252, 1251, 30, 9.30%, 0, 212, 2, 1.47
1747793396, 0, 154, 1252, 1251, 30, 9.30%, 0, 212, 2, 7.38
1747793407, 0, 154, 1252, 1251, 30, 9.30%, 0, 213, 2, 1.86
1747793417, 0, 154, 1252, 1251, 30, 9.30%, 0, 214, 2, 5.85
1747793428, 0, 156, 1252, 1251, 30, 9.30%, 0, 215, 2, 1.00
1747793433, 0, 156, 1252, 1251, 30, 9.30%, 0, 216, 2, 5.30
1747793449, 0, 156, 1252, 1251, 30, 9.30%, 0, 218, 2, 3.20
1747793454, 0, 159, 1252, 1251, 30, 9.30%, 0, 219, 2, 4.28
1747793465, 0, 159, 1252, 1251, 30, 9.30%, 0, 220, 2, 8.24
1747793475, 0, 159, 1252, 1251, 30, 9.30%, 0, 221, 2, 3.07
1747793480, 0, 160, 1252, 1251, 30, 9.30%, 0, 221, 2, 4.27
1747793485, 0, 160, 1253, 1252, 30, 9.30%, 0, 221, 2, 3.51
1747793522, 0, 160, 1253, 1252, 30, 9.30%, 0, 222, 2, 5.93
1747793538, 0, 160, 1253, 1252, 30, 9.30%, 0, 223, 2, 1.05
1747793543, 0, 160, 1253, 1252, 30, 9.30%, 0, 224, 2, 7.09
1747793548, 0, 161, 1253, 1252, 30, 9.30%, 0, 225, 2, 3.54
1747793559, 0, 161, 1253, 1252, 30, 9.30%, 0, 226, 2, 1.60
1747793564, 0, 161, 1253, 1252, 30, 9.30%, 0, 227, 2, 11.22
1747793580, 0, 162, 1253, 1252, 30, 9.30%, 0, 227, 2, 4.36
1747793586, 0, 162, 1253, 1252, 30, 9.30%, 0, 228, 2, 4.56
1747793597, 0, 162, 1253, 1252, 30, 9.30%, 0, 230, 2, 4.47
1747793607, 0, 162, 1253, 1252, 30, 9.30%, 0, 231, 2, 4.87
1747793612, 0, 163, 1253, 1252, 30, 9.30%, 0, 231, 2, 8.61
1747793622, 0, 163, 1253, 1252, 30, 9.30%, 0, 232, 2, 7.99
1747793628, 0, 163, 1253, 1252, 30, 9.30%, 0, 233, 2, 7.15
1747793638, 0, 164, 1253, 1252, 30, 9.30%, 0, 233, 2, 8.75
1747793671, 0, 165, 1253, 1252, 30, 9.30%, 0, 233, 2, 4.57
1747793676, 0, 165, 1253, 1252, 30, 9.30%, 0, 234, 2, 4.49
1747793681, 0, 165, 1253, 1252, 30, 9.30%, 0, 235, 2, 4.87
1747793697, 0, 166, 1253, 1252, 30, 9.30%, 0, 235, 2, 7.55
1747793707, 0, 166, 1253, 1252, 30, 9.30%, 0, 236, 2, 5.10
1747793729, 0, 168, 1253, 1252, 30, 9.30%, 0, 237, 2, 6.24
1747793734, 0, 168, 1253, 1252, 30, 9.30%, 0, 238, 2, 8.56
1747793755, 0, 169, 1253, 1252, 30, 9.30%, 0, 239, 2, 4.71
1747793787, 0, 171, 1253, 1252, 30, 9.30%, 0, 239, 2, 4.83
1747793803, 0, 171, 1254, 1253, 30, 9.30%, 0, 239, 2, 2.54
1747793819, 0, 171, 1254, 1253, 30, 9.30%, 0, 240, 2, 4.41
1747793835, 0, 171, 1254, 1253, 30, 9.30%, 0, 241, 2, 11.55
1747793856, 0, 172, 1254, 1253, 30, 9.30%, 0, 241, 2, 4.44
1747793861, 0, 172, 1254, 1253, 30, 9.30%, 0, 242, 2, 1.21
1747793866, 0, 172, 1254, 1253, 30, 9.30%, 0, 243, 2, 1.54
1747793871, 0, 172, 1254, 1253, 30, 9.30%, 0, 244, 2, 3.24
1747793887, 0, 173, 1254, 1253, 30, 9.30%, 0, 244, 2, 4.73
1747793902, 0, 173, 1254, 1253, 30, 9.30%, 0, 245, 2, 8.53
1747793913, 0, 173, 1254, 1253, 30, 9.30%, 0, 246, 2, 2.35
1747793919, 0, 174, 1254, 1253, 30, 9.30%, 0, 246, 2, 4.69
1747793935, 0, 174, 1255, 1254, 30, 9.30%, 0, 246, 2, 2.54
1747793941, 0, 174, 1255, 1254, 30, 9.30%, 0, 247, 2, 2.56
1747793946, 0, 174, 1255, 1254, 30, 9.30%, 0, 248, 2, 3.60
1747793972, 0, 174, 1255, 1254, 30, 9.30%, 0, 249, 2, 7.72
1747793988, 0, 175, 1255, 1254, 30, 9.30%, 0, 249, 2, 5.08
1747794016, 0, 176, 1255, 1254, 30, 9.30%, 0, 250, 2, 4.71
1747794032, 0, 176, 1255, 1254, 30, 9.30%, 0, 251, 2, 2.76
1747794038, 0, 176, 1255, 1254, 30, 9.30%, 0, 252, 2, 4.23
1747794043, 0, 176, 1255, 1254, 30, 9.30%, 0, 254, 2, 3.76
1747794054, 0, 178, 1255, 1254, 30, 9.30%, 0, 254, 2, 6.13
1747794059, 0, 178, 1255, 1254, 30, 9.30%, 0, 255, 2, 5.56
1747794080, 0, 178, 1255, 1254, 30, 9.30%, 0, 256, 2, 4.30
1747794085, 0, 179, 1255, 1254, 30, 9.30%, 0, 256, 2, 1.00
1747794090, 0, 179, 1255, 1254, 30, 9.30%, 0, 257, 2, 13.02
1747794101, 0, 179, 1255, 1254, 30, 9.30%, 0, 258, 2, 1.55
1747794112, 0, 180, 1255, 1254, 30, 9.30%, 0, 258, 2, 3.87
1747794138, 0, 181, 1255, 1254, 30, 9.30%, 0, 259, 2, 7.54
1747794143, 0, 181, 1255, 1254, 30, 9.30%, 0, 260, 2, 8.29
1747794159, 0, 181, 1255, 1254, 30, 9.30%, 0, 261, 2, 7.48
1747794164, 0, 181, 1255, 1254, 30, 9.30%, 0, 262, 2, 5.74
1747794169, 0, 182, 1255, 1254, 30, 9.30%, 0, 262, 2, 1.70
1747794174, 0, 182, 1255, 1254, 30, 9.30%, 0, 263, 2, 7.03
1747794185, 0, 182, 1255, 1254, 30, 9.30%, 0, 265, 2, 2.74
1747794195, 0, 183, 1255, 1254, 30, 9.30%, 0, 265, 2, 5.21
1747794206, 0, 183, 1255, 1254, 30, 9.30%, 0, 266, 2, 6.72
1747794222, 0, 184, 1255, 1254, 30, 9.30%, 0, 266, 2, 5.01
1747794258, 0, 185, 1255, 1254, 30, 9.30%, 0, 266, 2, 5.79
1747794284, 0, 186, 1255, 1254, 30, 9.30%, 0, 267, 2, 1.63
1747794310, 0, 186, 1255, 1254, 30, 9.30%, 0, 268, 2, 4.35
1747794322, 0, 189, 1255, 1254, 30, 9.30%, 0, 269, 2, 1.00
1747794327, 0, 189, 1255, 1254, 30, 9.30%, 0, 270, 2, 6.72
1747794348, 0, 189, 1255, 1254, 30, 9.30%, 0, 272, 2, 6.58
1747794353, 0, 190, 1255, 1254, 30, 9.30%, 0, 272, 2, 5.38
1747794385, 0, 192, 1255, 1254, 30, 9.30%, 0, 272, 2, 3.01
1747794396, 0, 192, 1255, 1254, 30, 9.30%, 0, 273, 2, 4.05
1747794418, 0, 196, 1255, 1254, 30, 9.30%, 0, 273, 2, 5.16
1747794428, 0, 196, 1255, 1254, 30, 9.30%, 0, 274, 2, 2.68
1747794443, 0, 196, 1255, 1254, 30, 9.30%, 0, 275, 2, 4.99
1747794448, 0, 197, 1255, 1254, 30, 9.30%, 0, 275, 2, 12.76
1747794470, 0, 197, 1255, 1254, 30, 9.30%, 0, 276, 2, 4.62
1747794475, 0, 198, 1255, 1254, 30, 9.30%, 0, 276, 2, 4.20
1747794480, 0, 198, 1255, 1254, 30, 9.30%, 0, 277, 2, 4.31
1747794485, 0, 198, 1255, 1254, 30, 9.30%, 0, 278, 2, 1.00
1747794496, 0, 198, 1255, 1254, 30, 9.30%, 0, 279, 2, 4.86
1747794501, 0, 198, 1255, 1254, 30, 9.30%, 0, 280, 2, 4.45
1747794512, 0, 199, 1255, 1254, 30, 9.30%, 0, 280, 2, 3.77
1747794538, 0, 200, 1255, 1254, 30, 9.30%, 0, 280, 2, 4.81
1747794563, 0, 203, 1255, 1254, 30, 9.30%, 0, 280, 2, 6.70
1747794589, 0, 203, 1255, 1254, 30, 9.30%, 0, 281, 2, 7.80
1747794595, 0, 203, 1256, 1255, 30, 9.30%, 0, 281, 2, 1.19
1747794605, 0, 203, 1256, 1255, 30, 9.30%, 0, 282, 2, 6.65
1747794616, 0, 203, 1257, 1256, 30, 9.30%, 0, 282, 2, 1.01
1747794696, 0, 204, 1257, 1256, 30, 9.30%, 0, 282, 2, 5.95
1747794706, 0, 204, 1257, 1256, 30, 9.30%, 0, 284, 2, 5.03
1747794727, 0, 205, 1257, 1256, 30, 9.30%, 0, 285, 2, 1.60
1747794738, 0, 205, 1257, 1256, 30, 9.30%, 0, 286, 2, 4.00
1747794749, 0, 205, 1257, 1256, 30, 9.30%, 0, 287, 2, 0.99
1747794754, 0, 207, 1257, 1256, 30, 9.30%, 0, 287, 2, 6.97
1747794769, 0, 207, 1257, 1256, 30, 9.30%, 0, 288, 2, 4.84
1747794791, 0, 208, 1257, 1256, 30, 9.30%, 0, 288, 2, 4.05
1747794817, 0, 209, 1257, 1256, 30, 9.30%, 0, 288, 2, 7.36
1747794848, 0, 211, 1257, 1256, 30, 9.30%, 0, 288, 2, 3.99
1747794858, 0, 211, 1257, 1256, 30, 9.30%, 0, 289, 2, 3.93
1747794864, 0, 211, 1257, 1256, 30, 9.30%, 0, 290, 2, 5.25
1747794874, 0, 211, 1257, 1256, 30, 9.30%, 0, 292, 2, 5.94
1747794880, 0, 212, 1257, 1256, 30, 9.30%, 0, 292, 2, 1.16
1747794912, 0, 213, 1257, 1256, 30, 9.30%, 0, 292, 2, 5.33
1747794945, 0, 215, 1257, 1256, 30, 9.30%, 0, 292, 2, 4.51
1747794977, 0, 216, 1257, 1256, 30, 9.30%, 0, 292, 2, 7.16
1747794982, 0, 216, 1257, 1256, 30, 9.30%, 0, 293, 2, 2.28
1747795003, 0, 217, 1257, 1256, 30, 9.30%, 0, 293, 2, 3.92
1747795029, 0, 218, 1257, 1256, 30, 9.30%, 0, 293, 2, 4.73
1747795061, 0, 219, 1257, 1256, 30, 9.30%, 0, 293, 2, 13.92
1747795088, 0, 219, 1257, 1256, 30, 9.30%, 0, 294, 2, 4.73
1747795093, 0, 220, 1257, 1256, 30, 9.30%, 0, 295, 2, 3.12
1747795119, 0, 221, 1257, 1256, 30, 9.30%, 0, 295, 2, 11.25
1747795125, 0, 221, 1257, 1256, 30, 9.30%, 0, 296, 2, 3.21
1747795135, 0, 221, 1257, 1256, 30, 9.30%, 0, 297, 2, 4.17
1747795146, 0, 222, 1257, 1256, 30, 9.30%, 0, 297, 2, 6.52
1747795179, 0, 223, 1257, 1256, 30, 9.30%, 0, 297, 2, 4.77
1747795205, 0, 223, 1257, 1256, 30, 9.30%, 0, 298, 2, 9.25
1747795211, 0, 224, 1257, 1256, 30, 9.30%, 0, 298, 2, 7.01
1747795223, 0, 224, 1257, 1256, 30, 9.30%, 0, 299, 2, 2.35
1747795228, 0, 224, 1257, 1256, 30, 9.30%, 0, 301, 2, 17.05
1747795243, 0, 225, 1257, 1256, 30, 9.30%, 0, 301, 2, 5.34
1747795264, 0, 225, 1257, 1256, 30, 9.30%, 0, 302, 2, 6.25
1747795270, 0, 226, 1257, 1256, 30, 9.30%, 0, 303, 2, 1.00
1747795281, 0, 226, 1257, 1256, 30, 9.30%, 0, 304, 2, 6.54
1747795296, 0, 227, 1257, 1256, 30, 9.30%, 0, 304, 2, 7.25
1747795313, 0, 227, 1257, 1256, 30, 9.30%, 0, 305, 2, 1.94
1747795328, 0, 228, 1257, 1256, 30, 9.30%, 0, 305, 2, 6.81
1747795355, 0, 229, 1257, 1256, 30, 9.30%, 0, 305, 2, 3.32
1747795387, 0, 230, 1257, 1256, 30, 9.30%, 0, 305, 2, 5.42
1747795398, 0, 230, 1257, 1256, 30, 9.30%, 0, 306, 2, 6.62
1747795408, 0, 232, 1257, 1256, 30, 9.30%, 0, 307, 2, 6.80
1747795440, 0, 233, 1257, 1256, 30, 9.30%, 0, 307, 2, 5.08
1747795445, 0, 233, 1257, 1256, 30, 9.30%, 0, 308, 2, 1.00
1747795456, 0, 233, 1257, 1256, 30, 9.30%, 0, 309, 2, 8.58
1747795461, 0, 233, 1258, 1257, 30, 9.30%, 0, 309, 2, 1.15
1747795471, 0, 233, 1258, 1257, 30, 9.30%, 0, 310, 2, 1.50
1747795476, 0, 233, 1258, 1257, 30, 9.30%, 0, 311, 2, 2.32
1747795487, 0, 233, 1258, 1257, 30, 9.30%, 0, 312, 2, 5.19
1747795514, 0, 234, 1258, 1257, 30, 9.30%, 0, 312, 2, 4.45
1747795535, 0, 234, 1258, 1257, 30, 9.30%, 0, 313, 2, 3.75
1747795546, 0, 235, 1258, 1257, 30, 9.30%, 0, 313, 2, 4.09
1747795551, 0, 235, 1259, 1258, 30, 9.30%, 0, 313, 2, 4.26
1747795594, 0, 235, 1259, 1258, 30, 9.30%, 0, 314, 2, 4.76
1747795609, 0, 237, 1259, 1258, 30, 9.30%, 0, 314, 2, 4.91
1747795620, 0, 237, 1259, 1258, 30, 9.30%, 0, 315, 2, 6.75
1747795626, 0, 237, 1259, 1258, 30, 9.30%, 0, 316, 2, 6.20
1747795636, 0, 238, 1259, 1258, 30, 9.30%, 0, 316, 2, 7.28
1747795667, 0, 239, 1259, 1258, 30, 9.30%, 0, 316, 2, 3.87
1747795677, 0, 239, 1259, 1258, 30, 9.30%, 0, 317, 2, 4.30
1747795687, 0, 239, 1259, 1258, 30, 9.30%, 0, 318, 2, 2.43
1747795698, 0, 240, 1259, 1258, 30, 9.30%, 0, 318, 2, 3.56
1747795714, 0, 240, 1259, 1258, 30, 9.30%, 0, 319, 2, 3.82
1747795735, 0, 241, 1259, 1258, 30, 9.30%, 0, 319, 2, 4.06
1747795766, 0, 243, 1259, 1258, 30, 9.30%, 0, 319, 2, 2.61
1747795798, 0, 244, 1259, 1258, 30, 9.30%, 0, 319, 2, 3.71
1747795814, 0, 244, 1259, 1258, 30, 9.30%, 0, 320, 2, 4.42
1747795830, 0, 245, 1259, 1258, 30, 9.30%, 0, 320, 2, 3.76
1747795841, 0, 245, 1259, 1258, 30, 9.30%, 0, 321, 2, 4.75
1747795847, 0, 245, 1259, 1258, 30, 9.30%, 0, 322, 2, 4.60
1747795857, 0, 246, 1259, 1258, 30, 9.30%, 0, 322, 2, 4.95
1747795889, 0, 247, 1259, 1258, 30, 9.30%, 0, 322, 2, 4.61
1747795915, 0, 249, 1259, 1258, 30, 9.30%, 0, 322, 2, 2.53
1747795941, 0, 249, 1260, 1259, 30, 9.30%, 0, 322, 2, 4.57
1747795978, 0, 251, 1260, 1259, 30, 9.30%, 0, 322, 2, 6.46
1747796009, 0, 252, 1260, 1259, 30, 9.30%, 0, 322, 2, 1.56
1747796037, 0, 254, 1260, 1259, 30, 9.30%, 0, 322, 2, 4.92
1747796063, 0, 255, 1260, 1259, 30, 9.30%, 0, 322, 2, 5.02
1747796090, 0, 256, 1260, 1259, 30, 9.30%, 0, 322, 2, 2.03
1747796095, 0, 256, 1261, 1260, 30, 9.30%, 0, 322, 2, 1.92
1747796154, 0, 257, 1261, 1260, 30, 9.30%, 0, 322, 2, 4.68
1747796159, 0, 257, 1261, 1260, 30, 9.30%, 0, 323, 2, 4.03
1747796185, 0, 258, 1261, 1260, 30, 9.30%, 0, 323, 2, 4.61
1747796196, 0, 258, 1261, 1260, 30, 9.30%, 0, 324, 2, 3.64
1747796217, 0, 259, 1261, 1260, 30, 9.30%, 0, 324, 2, 6.53
1747796243, 0, 260, 1261, 1260, 30, 9.30%, 0, 324, 2, 7.33
1747796259, 0, 260, 1262, 1261, 30, 9.30%, 0, 324, 2, 5.63
1747796307, 0, 261, 1262, 1261, 30, 9.30%, 0, 324, 2, 5.16
1747796333, 0, 262, 1262, 1261, 30, 9.30%, 0, 324, 2, 1.00
1747796349, 0, 262, 1262, 1261, 30, 9.30%, 0, 325, 2, 1.00
1747796361, 0, 263, 1262, 1261, 30, 9.30%, 0, 325, 2, 6.45
1747796392, 0, 265, 1262, 1261, 30, 9.30%, 0, 326, 2, 1.00
1747796424, 0, 267, 1262, 1261, 30, 9.30%, 0, 326, 2, 5.08
1747796450, 0, 268, 1262, 1261, 30, 9.30%, 0, 326, 2, 4.42
1747796472, 0, 268, 1262, 1261, 30, 9.30%, 0, 327, 2, 4.04
1747796482, 0, 269, 1262, 1261, 30, 9.30%, 0, 327, 2, 1.72
1747796492, 0, 269, 1262, 1261, 30, 9.30%, 0, 328, 2, 2.51
1747796497, 0, 269, 1262, 1261, 30, 9.30%, 0, 329, 2, 3.52
1747796508, 0, 270, 1262, 1261, 30, 9.30%, 0, 329, 2, 3.62
1747796523, 0, 270, 1262, 1261, 30, 9.30%, 0, 330, 2, 6.53
1747796534, 0, 271, 1262, 1261, 30, 9.30%, 0, 330, 2, 3.39
1747796565, 0, 273, 1262, 1261, 30, 9.30%, 0, 330, 2, 5.57
1747796588, 0, 273, 1262, 1261, 30, 9.30%, 0, 331, 2, 3.05
1747796598, 0, 274, 1262, 1261, 30, 9.30%, 0, 331, 2, 5.09
1747796630, 0, 275, 1262, 1261, 30, 9.30%, 0, 331, 2, 6.48
1747796655, 0, 277, 1262, 1261, 30, 9.30%, 0, 331, 2, 5.11
1747796660, 0, 277, 1262, 1261, 30, 9.30%, 0, 332, 2, 1.02
1747796687, 0, 279, 1262, 1261, 30, 9.30%, 0, 332, 2, 5.34
1747796708, 0, 280, 1262, 1261, 30, 9.30%, 0, 332, 2, 7.98
1747796734, 0, 281, 1262, 1261, 30, 9.30%, 0, 332, 2, 5.71
1747796750, 0, 281, 1262, 1261, 30, 9.30%, 0, 333, 2, 1.00
1747796761, 0, 282, 1262, 1261, 30, 9.30%, 0, 333, 2, 9.48
1747796776, 0, 282, 1262, 1261, 30, 9.30%, 0, 334, 2, 5.78
1747796786, 0, 283, 1262, 1261, 30, 9.30%, 0, 334, 2, 7.16
1747796818, 0, 285, 1262, 1261, 30, 9.30%, 0, 334, 2, 5.34
1747796839, 0, 285, 1262, 1261, 30, 9.30%, 0, 335, 2, 5.98
1747796844, 0, 287, 1262, 1261, 30, 9.30%, 0, 335, 2, 5.88
1747796872, 0, 288, 1262, 1261, 30, 9.30%, 0, 335, 2, 7.21
1747796898, 0, 289, 1262, 1261, 30, 9.30%, 0, 335, 2, 5.42
1747796924, 0, 292, 1262, 1261, 30, 9.30%, 0, 335, 2, 3.30
1747796950, 0, 292, 1262, 1261, 30, 9.30%, 0, 336, 2, 5.63
1747796955, 0, 293, 1262, 1261, 30, 9.30%, 0, 336, 2, 1.87
1747796981, 0, 295, 1262, 1261, 30, 9.30%, 0, 337, 2, 5.91
1747797008, 0, 296, 1262, 1261, 30, 9.30%, 0, 337, 2, 4.96
1747797034, 0, 296, 1262, 1261, 30, 9.30%, 0, 338, 2, 1.04
1747797040, 0, 297, 1262, 1261, 30, 9.30%, 0, 338, 2, 2.07
1747797070, 0, 298, 1262, 1261, 30, 9.30%, 0, 338, 2, 27.27
1747797452, 0, 298, 1263, 1262, 30, 9.30%, 0, 338, 3, 12.99
1747797519, 0, 298, 1264, 1263, 30, 9.30%, 0, 338, 3, 12.62
1747797545, 0, 298, 1266, 1265, 30, 9.30%, 0, 338, 3, 11.60
1747797637, 0, 298, 1267, 1266, 30, 9.30%, 0, 338, 3, 15.60
1747797699, 0, 298, 1268, 1267, 30, 9.30%, 0, 338, 3, 12.30
1747797776, 0, 298, 1269, 1268, 30, 9.30%, 0, 338, 3, 11.16
1747797935, 0, 298, 1270, 1269, 30, 9.30%, 0, 338, 3, 14.20
1747797945, 0, 298, 1271, 1270, 30, 9.30%, 0, 338, 3, 9.07
1747798454, 0, 298, 1272, 1271, 30, 9.30%, 0, 338, 3, 14.08
1747798635, 0, 299, 1272, 1270, 29, 9.30%, 0, 338, 3, 11.23
1747798640, 0, 299, 1272, 1270, 29, 9.30%, 0, 339, 3, 1.48
1747798650, 0, 299, 1272, 1270, 29, 9.30%, 0, 340, 3, 7.21
1747798666, 0, 300, 1272, 1270, 29, 9.30%, 0, 340, 3, 3.93
1747798692, 0, 301, 1272, 1270, 29, 9.30%, 0, 340, 3, 4.39
1747798718, 0, 302, 1272, 1270, 29, 9.30%, 0, 340, 3, 6.03
1747798744, 0, 304, 1272, 1270, 29, 9.30%, 0, 340, 3, 2.50
1747798770, 0, 305, 1272, 1270, 29, 9.30%, 0, 340, 3, 4.99
1747798775, 0, 305, 1272, 1270, 29, 9.30%, 0, 341, 3, 4.56
1747798801, 0, 306, 1272, 1270, 29, 9.30%, 0, 341, 3, 3.35
1747798817, 0, 306, 1273, 1271, 29, 9.30%, 0, 342, 3, 1.12
1747798827, 0, 306, 1273, 1271, 29, 9.30%, 0, 343, 3, 1.00
1747798864, 0, 307, 1273, 1271, 29, 9.30%, 0, 343, 3, 2.45
1747798890, 0, 308, 1273, 1271, 29, 9.30%, 0, 343, 3, 5.58
1747798916, 0, 309, 1273, 1271, 29, 9.30%, 0, 343, 3, 7.90
1747798932, 0, 309, 1273, 1271, 29, 9.30%, 0, 344, 3, 6.92
1747798942, 0, 310, 1273, 1271, 29, 9.30%, 0, 344, 3, 10.38
1747798975, 0, 311, 1273, 1271, 29, 9.30%, 0, 344, 3, 21.32
1747799093, 0, 311, 1274, 1272, 29, 9.30%, 0, 344, 3, 11.04
1747799150, 0, 311, 1275, 1273, 29, 9.30%, 0, 344, 3, 11.36
1747799212, 0, 312, 1275, 1272, 28, 9.30%, 0, 344, 3, 2.02
1747799238, 0, 313, 1275, 1272, 28, 9.30%, 0, 344, 3, 7.32
1747799258, 0, 315, 1275, 1272, 28, 9.30%, 0, 344, 3, 7.15
1747799264, 0, 315, 1275, 1272, 28, 9.30%, 0, 345, 3, 1.27
1747799285, 0, 315, 1275, 1272, 28, 9.30%, 0, 346, 3, 4.51
1747799296, 0, 316, 1275, 1272, 28, 9.30%, 0, 346, 3, 4.13
1747799323, 0, 317, 1275, 1272, 28, 9.30%, 0, 346, 3, 3.30
1747799333, 0, 317, 1275, 1272, 28, 9.30%, 0, 347, 3, 5.33
1747799349, 0, 319, 1275, 1272, 28, 9.30%, 0, 347, 3, 5.11
1747799374, 0, 321, 1275, 1272, 28, 9.30%, 0, 347, 3, 14.08
1747799395, 0, 321, 1275, 1272, 28, 9.30%, 0, 348, 3, 4.49
1747799406, 0, 323, 1275, 1272, 28, 9.30%, 0, 348, 3, 7.16
1747799417, 0, 323, 1275, 1272, 28, 9.30%, 0, 349, 3, 1.25
1747799437, 0, 324, 1275, 1272, 28, 9.30%, 0, 349, 3, 5.57
1747799464, 0, 325, 1275, 1272, 28, 9.30%, 0, 349, 3, 10.04
1747799490, 0, 326, 1275, 1272, 28, 9.30%, 0, 349, 3, 7.30
1747799521, 0, 327, 1275, 1272, 28, 9.30%, 0, 349, 3, 10.28
1747799547, 0, 328, 1275, 1272, 28, 9.30%, 0, 349, 3, 5.92
1747799567, 0, 328, 1275, 1272, 28, 9.30%, 0, 350, 3, 3.90
1747799578, 0, 329, 1275, 1272, 28, 9.30%, 0, 350, 3, 5.25
1747799604, 0, 330, 1275, 1272, 28, 9.30%, 0, 350, 3, 6.28
1747799619, 0, 330, 1276, 1273, 28, 9.31%, 0, 350, 3, 5.19
1747799650, 0, 330, 1276, 1273, 28, 9.31%, 0, 351, 3, 4.87
1747799666, 0, 331, 1276, 1273, 29, 9.31%, 0, 352, 3, 4.43
1747799687, 0, 331, 1276, 1273, 29, 9.31%, 0, 353, 3, 4.83
1747799697, 0, 332, 1276, 1273, 29, 9.31%, 0, 353, 3, 3.92
1747799723, 0, 334, 1276, 1273, 29, 9.31%, 0, 353, 3, 1.79
1747799749, 0, 335, 1276, 1273, 29, 9.31%, 0, 353, 3, 3.27
1747799777, 0, 336, 1276, 1273, 29, 9.31%, 0, 353, 3, 4.98
1747799787, 0, 336, 1276, 1273, 29, 9.31%, 0, 354, 3, 1.09
1747799809, 0, 337, 1276, 1273, 29, 9.31%, 0, 354, 3, 3.98
1747799835, 0, 338, 1276, 1273, 29, 9.31%, 0, 354, 3, 6.79
1747799867, 0, 339, 1276, 1273, 29, 9.31%, 0, 354, 3, 12.52
1747799878, 0, 339, 1276, 1273, 29, 9.31%, 0, 355, 3, 4.42
1747799899, 0, 340, 1276, 1273, 29, 9.31%, 0, 355, 3, 5.75
1747799930, 0, 341, 1276, 1273, 29, 9.31%, 0, 355, 3, 7.25
1747799956, 0, 342, 1276, 1273, 29, 9.31%, 0, 355, 3, 8.88
1747799983, 0, 343, 1276, 1273, 29, 9.31%, 0, 355, 3, 1.99
1747800014, 0, 344, 1276, 1273, 29, 9.31%, 0, 355, 3, 5.03
1747800041, 0, 345, 1276, 1273, 29, 9.31%, 0, 355, 3, 5.18
1747800051, 0, 345, 1276, 1273, 29, 9.31%, 0, 356, 3, 5.72
1747800067, 0, 348, 1276, 1273, 29, 9.31%, 0, 356, 3, 12.28
1747800094, 0, 349, 1276, 1273, 29, 9.31%, 0, 356, 3, 10.00
1747800126, 0, 350, 1276, 1273, 29, 9.31%, 0, 356, 3, 5.84
1747800151, 0, 351, 1276, 1273, 29, 9.31%, 0, 356, 3, 6.30
1747800157, 0, 351, 1276, 1273, 29, 9.31%, 0, 357, 3, 6.74
1747800177, 0, 352, 1276, 1273, 29, 9.31%, 0, 357, 3, 5.47
1747800204, 0, 353, 1276, 1273, 29, 9.31%, 0, 357, 3, 5.11
1747800209, 0, 353, 1276, 1273, 29, 9.31%, 0, 359, 3, 1.07
1747800215, 0, 353, 1276, 1273, 29, 9.31%, 0, 360, 3, 2.58
1747800236, 0, 355, 1276, 1273, 29, 9.31%, 0, 360, 3, 4.80
1747800253, 0, 355, 1276, 1273, 29, 9.31%, 0, 361, 3, 4.42
1747800264, 0, 356, 1276, 1273, 29, 9.31%, 0, 361, 3, 5.96
1747800296, 0, 357, 1276, 1273, 29, 9.31%, 0, 361, 3, 3.25
1747800327, 0, 358, 1276, 1273, 29, 9.31%, 0, 361, 3, 4.93
1747800353, 0, 359, 1276, 1273, 29, 9.31%, 0, 361, 3, 6.58
1747800384, 0, 360, 1276, 1273, 29, 9.31%, 0, 361, 3, 5.31
1747800415, 0, 361, 1276, 1273, 29, 9.31%, 0, 361, 3, 8.60
1747800420, 0, 361, 1277, 1274, 29, 9.31%, 0, 361, 3, 1.55
1747800473, 0, 361, 1278, 1275, 29, 9.31%, 0, 361, 3, 2.84
1747800495, 0, 361, 1278, 1275, 29, 9.31%, 0, 362, 3, 5.43
1747800500, 0, 361, 1278, 1275, 29, 9.31%, 0, 363, 3, 4.77
1747800543, 0, 362, 1278, 1275, 29, 9.31%, 0, 363, 3, 3.29
1747800569, 0, 362, 1278, 1275, 29, 9.31%, 0, 364, 3, 4.65
1747800574, 0, 364, 1278, 1275, 29, 9.31%, 0, 364, 3, 5.21
1747800600, 0, 365, 1278, 1275, 29, 9.31%, 0, 364, 3, 27.52
1747800617, 0, 365, 1278, 1275, 29, 9.31%, 0, 366, 3, 4.43
1747800628, 0, 366, 1278, 1275, 29, 9.31%, 0, 366, 3, 1.42
1747800659, 0, 367, 1278, 1275, 29, 9.31%, 0, 366, 3, 9.16
1747800691, 0, 367, 1279, 1276, 29, 9.31%, 0, 366, 3, 1.32
1747800728, 0, 368, 1279, 1276, 29, 9.31%, 0, 366, 3, 5.80
1747800754, 0, 370, 1279, 1276, 29, 9.31%, 0, 366, 3, 6.08
1747800780, 0, 371, 1279, 1276, 29, 9.31%, 0, 366, 3, 4.79
1747800812, 0, 372, 1279, 1276, 29, 9.31%, 0, 366, 3, 6.78
1747800834, 0, 372, 1279, 1276, 29, 9.31%, 0, 367, 3, 5.18
1747800839, 0, 373, 1279, 1276, 29, 9.31%, 0, 367, 3, 1.05
1747800866, 0, 374, 1279, 1276, 29, 9.31%, 0, 367, 3, 3.24
1747800892, 0, 375, 1279, 1276, 29, 9.31%, 0, 367, 3, 5.22
1747800897, 0, 375, 1279, 1276, 29, 9.31%, 0, 368, 3, 2.74
1747800929, 0, 378, 1279, 1276, 29, 9.31%, 0, 368, 3, 5.45
1747800951, 0, 379, 1279, 1276, 29, 9.31%, 0, 368, 3, 5.08
1747800978, 0, 380, 1279, 1276, 29, 9.31%, 0, 368, 3, 2.20
1747800999, 0, 382, 1279, 1276, 29, 9.31%, 0, 368, 3, 2.25
1747801010, 0, 382, 1279, 1276, 29, 9.31%, 0, 369, 3, 4.53
1747801031, 0, 385, 1279, 1276, 29, 9.31%, 0, 369, 3, 3.94
1747801062, 0, 386, 1279, 1276, 29, 9.31%, 0, 369, 3, 1.61
1747801088, 0, 387, 1279, 1276, 29, 9.31%, 0, 370, 3, 5.19
1747801119, 0, 391, 1279, 1276, 29, 9.31%, 0, 370, 3, 6.94
1747801125, 0, 391, 1279, 1276, 29, 9.31%, 0, 371, 3, 4.13
1747801140, 0, 392, 1279, 1276, 29, 9.31%, 0, 371, 3, 5.31
1747801166, 0, 393, 1279, 1276, 29, 9.31%, 0, 371, 3, 7.72
1747801199, 0, 394, 1279, 1276, 29, 9.31%, 0, 371, 3, 4.72
1747801225, 0, 395, 1279, 1276, 29, 9.31%, 0, 371, 3, 7.27
1747801230, 0, 395, 1279, 1276, 29, 9.31%, 0, 372, 3, 9.87
1747801251, 0, 397, 1279, 1276, 29, 9.31%, 0, 372, 3, 5.56
1747801283, 0, 398, 1279, 1276, 29, 9.31%, 0, 372, 3, 3.93
1747801315, 0, 399, 1279, 1276, 29, 9.31%, 0, 372, 3, 6.68
1747801707, 0, 399, 1280, 1277, 29, 9.31%, 0, 372, 3, 3.70
1747801759, 0, 399, 1281, 1278, 29, 9.31%, 0, 372, 3, 4.19
1747801960, 0, 400, 1281, 1277, 28, 9.31%, 0, 372, 3, 11.06
1747801986, 0, 401, 1281, 1277, 28, 9.31%, 0, 372, 3, 3.03
1747802012, 0, 402, 1281, 1277, 28, 9.31%, 0, 372, 3, 5.51
1747802044, 0, 403, 1281, 1277, 28, 9.31%, 0, 372, 3, 3.96
1747802060, 0, 403, 1281, 1277, 28, 9.31%, 0, 373, 3, 9.19
1747802076, 0, 404, 1281, 1277, 28, 9.31%, 0, 373, 3, 4.35
1747802103, 0, 405, 1281, 1277, 28, 9.31%, 0, 373, 3, 7.72
1747802135, 0, 406, 1281, 1277, 28, 9.31%, 0, 373, 3, 4.03
1747802162, 0, 408, 1281, 1277, 28, 9.31%, 0, 373, 3, 4.85
1747802193, 0, 410, 1281, 1277, 28, 9.31%, 0, 373, 3, 5.30
1747802219, 0, 411, 1281, 1277, 28, 9.31%, 0, 373, 3, 4.00
1747802251, 0, 412, 1281, 1277, 28, 9.31%, 0, 373, 3, 3.49
1747802282, 0, 413, 1281, 1277, 28, 9.31%, 0, 373, 3, 5.44
1747802308, 0, 416, 1281, 1277, 28, 9.31%, 0, 373, 3, 4.82
1747802318, 0, 416, 1281, 1277, 28, 9.31%, 0, 374, 3, 8.82
1747802339, 0, 417, 1281, 1277, 28, 9.31%, 0, 374, 3, 4.30
1747802366, 0, 418, 1281, 1277, 28, 9.31%, 0, 374, 3, 5.87
1747802371, 0, 418, 1281, 1277, 28, 9.31%, 0, 375, 3, 5.45
1747802388, 0, 418, 1281, 1277, 28, 9.31%, 0, 376, 3, 5.09
1747802393, 0, 419, 1281, 1277, 28, 9.31%, 0, 376, 3, 4.75
1747802420, 0, 421, 1281, 1277, 28, 9.31%, 0, 376, 3, 6.57
1747802431, 0, 421, 1281, 1277, 28, 9.31%, 0, 377, 3, 6.51
1747802447, 0, 422, 1281, 1277, 28, 9.31%, 0, 377, 3, 6.93
1747802472, 0, 423, 1281, 1277, 28, 9.31%, 0, 377, 3, 6.21
1747802499, 0, 424, 1281, 1277, 28, 9.31%, 0, 377, 3, 3.99
1747802510, 0, 424, 1281, 1277, 28, 9.31%, 0, 378, 3, 1.00
1747802525, 0, 426, 1281, 1277, 28, 9.31%, 0, 378, 3, 6.09
1747802552, 0, 428, 1281, 1277, 28, 9.31%, 0, 378, 3, 4.52
1747802579, 0, 431, 1281, 1277, 28, 9.31%, 0, 378, 3, 2.40
1747802600, 0, 432, 1281, 1277, 28, 9.31%, 0, 378, 3, 5.93
1747802638, 0, 433, 1281, 1277, 28, 9.31%, 0, 378, 3, 4.75
1747802664, 0, 434, 1281, 1277, 28, 9.31%, 0, 378, 3, 4.98
1747802691, 0, 435, 1281, 1277, 28, 9.31%, 0, 378, 3, 5.63
1747802718, 0, 435, 1282, 1278, 28, 9.31%, 0, 378, 3, 1.03
1747802764, 0, 436, 1282, 1278, 28, 9.31%, 0, 378, 3, 3.10
1747802797, 0, 437, 1282, 1278, 28, 9.31%, 0, 378, 3, 4.57
1747802823, 0, 437, 1282, 1278, 28, 9.31%, 0, 379, 3, 5.59
1747802829, 0, 439, 1282, 1278, 28, 9.31%, 0, 379, 3, 6.93
1747802855, 0, 440, 1282, 1278, 28, 9.31%, 0, 379, 3, 5.78
1747802887, 0, 441, 1282, 1278, 28, 9.31%, 0, 379, 3, 4.49
1747802919, 0, 442, 1282, 1278, 28, 9.31%, 0, 379, 3, 5.73
1747802935, 0, 442, 1282, 1278, 28, 9.31%, 0, 380, 3, 1.10
1747802951, 0, 444, 1282, 1278, 28, 9.31%, 0, 380, 3, 2.24
1747802978, 0, 445, 1282, 1278, 28, 9.31%, 0, 380, 3, 5.05
1747802989, 0, 445, 1283, 1279, 28, 9.31%, 0, 380, 3, 2.02
1747803043, 0, 447, 1283, 1279, 28, 9.31%, 0, 381, 3, 1.00
1747803059, 0, 447, 1283, 1279, 28, 9.31%, 0, 382, 3, 4.32
1747803070, 0, 448, 1283, 1279, 28, 9.31%, 0, 382, 3, 3.32
1747803097, 0, 449, 1283, 1279, 28, 9.31%, 0, 382, 3, 7.59
1747803124, 0, 450, 1283, 1279, 28, 9.31%, 0, 382, 3, 6.76
1747803129, 0, 450, 1284, 1280, 28, 9.31%, 0, 382, 3, 1.28
1747803186, 0, 453, 1284, 1280, 28, 9.31%, 0, 382, 3, 5.17
1747803197, 0, 453, 1284, 1280, 28, 9.31%, 0, 383, 3, 4.62
1747803218, 0, 455, 1284, 1280, 28, 9.31%, 0, 383, 3, 8.66
1747803244, 0, 456, 1284, 1280, 28, 9.31%, 0, 383, 3, 5.60
1747803270, 0, 456, 1284, 1280, 28, 9.31%, 0, 384, 3, 6.29
1747803275, 0, 457, 1284, 1280, 28, 9.31%, 0, 384, 3, 5.79
1747803302, 0, 458, 1284, 1280, 28, 9.31%, 0, 384, 3, 5.04
1747803333, 0, 460, 1284, 1280, 28, 9.31%, 0, 385, 3, 5.87
1747803365, 0, 461, 1284, 1280, 28, 9.31%, 0, 385, 3, 5.13
1747803397, 0, 462, 1284, 1280, 28, 9.31%, 0, 385, 3, 4.12
1747803428, 0, 463, 1284, 1280, 28, 9.31%, 0, 385, 3, 4.32
1747803455, 0, 464, 1284, 1280, 28, 9.31%, 0, 385, 3, 1.00
1747803481, 0, 466, 1284, 1280, 28, 9.31%, 0, 385, 3, 4.67
1747803503, 0, 468, 1284, 1280, 28, 9.31%, 0, 385, 3, 2.38
1747803534, 0, 469, 1284, 1280, 28, 9.31%, 0, 385, 3, 8.54
1747803560, 0, 470, 1284, 1280, 28, 9.31%, 0, 385, 3, 5.83
1747803591, 0, 471, 1284, 1280, 28, 9.31%, 0, 385, 3, 4.81
1747803617, 0, 473, 1284, 1280, 28, 9.31%, 0, 385, 3, 5.85
1747803627, 0, 473, 1284, 1280, 28, 9.31%, 0, 386, 3, 4.23
1747803643, 0, 475, 1284, 1280, 28, 9.31%, 0, 386, 3, 5.54
1747803670, 0, 476, 1284, 1280, 28, 9.31%, 0, 386, 3, 5.60
1747803697, 0, 477, 1284, 1280, 28, 9.31%, 0, 386, 3, 1.07
1747803723, 0, 478, 1284, 1280, 28, 9.31%, 0, 386, 3, 1.55
1747803749, 0, 480, 1284, 1280, 28, 9.31%, 0, 386, 3, 5.99
1747803780, 0, 481, 1284, 1280, 28, 9.31%, 0, 386, 3, 4.63
1747803806, 0, 482, 1284, 1280, 28, 9.31%, 0, 386, 3, 4.83
1747803822, 0, 482, 1284, 1280, 28, 9.31%, 0, 387, 3, 4.42
1747803838, 0, 483, 1284, 1280, 28, 9.31%, 0, 387, 3, 8.76
1747803859, 0, 484, 1284, 1280, 28, 9.31%, 0, 387, 3, 7.58
1747803891, 0, 486, 1284, 1280, 28, 9.31%, 0, 387, 3, 3.10
1747803922, 0, 490, 1284, 1280, 28, 9.31%, 0, 387, 3, 7.81
1747803953, 0, 491, 1284, 1280, 28, 9.31%, 0, 387, 3, 4.59
1747803979, 0, 492, 1284, 1280, 28, 9.31%, 0, 387, 3, 4.35
1747804005, 0, 493, 1284, 1280, 28, 9.31%, 0, 387, 3, 6.83
1747804036, 0, 495, 1284, 1280, 28, 9.31%, 0, 387, 3, 5.65
1747804063, 0, 497, 1284, 1280, 28, 9.31%, 0, 387, 3, 4.26
1747804094, 0, 498, 1284, 1280, 28, 9.31%, 0, 387, 3, 2.21
1747804126, 0, 500, 1284, 1280, 28, 9.31%, 0, 387, 3, 5.23
1747804147, 0, 501, 1284, 1280, 28, 9.31%, 0, 387, 3, 7.57
1747804178, 0, 502, 1284, 1280, 28, 9.31%, 0, 387, 3, 4.99
1747804204, 0, 503, 1284, 1280, 28, 9.31%, 0, 387, 3, 5.20
1747804230, 0, 504, 1284, 1280, 28, 9.31%, 0, 387, 3, 5.01
1747804262, 0, 506, 1284, 1280, 28, 9.31%, 0, 387, 3, 5.47
1747804293, 0, 508, 1284, 1280, 28, 9.31%, 0, 387, 3, 1.72
1747804319, 0, 510, 1284, 1280, 28, 9.31%, 0, 387, 3, 1.05
1747804351, 0, 511, 1284, 1280, 28, 9.31%, 0, 387, 3, 4.10
1747804388, 0, 512, 1284, 1280, 28, 9.31%, 0, 387, 3, 3.95
1747804409, 0, 513, 1284, 1280, 28, 9.31%, 0, 387, 3, 6.33
1747804442, 0, 516, 1284, 1280, 28, 9.31%, 0, 387, 3, 11.83
1747804447, 0, 516, 1284, 1280, 28, 9.31%, 0, 388, 3, 2.36
1747804473, 0, 517, 1284, 1280, 28, 9.31%, 0, 388, 3, 4.78
1747804500, 0, 518, 1284, 1280, 28, 9.31%, 0, 388, 3, 5.96
1747804538, 0, 519, 1284, 1280, 28, 9.31%, 0, 388, 3, 4.47
1747804570, 0, 520, 1284, 1280, 28, 9.31%, 0, 388, 3, 4.25
1747804796, 0, 520, 1285, 1281, 28, 9.31%, 0, 388, 3, 3.69
1747805053, 0, 520, 1286, 1282, 28, 9.31%, 0, 388, 3, 3.81
1747805156, 0, 520, 1287, 1283, 28, 9.31%, 0, 388, 3, 3.77
1747805264, 0, 521, 1287, 1282, 28, 9.31%, 0, 388, 3, 2.57
1747805291, 0, 523, 1287, 1282, 28, 9.31%, 0, 388, 3, 5.04
1747805323, 0, 524, 1287, 1282, 28, 9.31%, 0, 388, 3, 1.00
1747805354, 0, 526, 1287, 1282, 28, 9.31%, 0, 388, 3, 7.33
1747805380, 0, 527, 1287, 1282, 28, 9.31%, 0, 388, 3, 1.64
1747805413, 0, 528, 1287, 1282, 28, 9.31%, 0, 388, 3, 5.38
1747805441, 0, 529, 1287, 1282, 28, 9.31%, 0, 388, 3, 3.89
1747805446, 0, 529, 1287, 1282, 28, 9.31%, 0, 389, 3, 4.16
1747805472, 0, 531, 1287, 1282, 28, 9.31%, 0, 389, 3, 4.31
1747805498, 0, 532, 1287, 1282, 28, 9.31%, 0, 389, 3, 4.27
1747805524, 0, 534, 1287, 1282, 28, 9.31%, 0, 389, 3, 4.17
1747805556, 0, 535, 1287, 1282, 28, 9.31%, 0, 389, 3, 9.01
1747805582, 0, 536, 1287, 1282, 28, 9.31%, 0, 389, 3, 5.34
1747805613, 0, 537, 1287, 1282, 28, 9.31%, 0, 389, 3, 2.41
1747805639, 0, 538, 1287, 1282, 28, 9.31%, 0, 389, 3, 4.38
1747805674, 0, 540, 1287, 1282, 28, 9.31%, 0, 389, 3, 3.70
1747805705, 0, 541, 1287, 1282, 28, 9.31%, 0, 389, 3, 4.36
1747805721, 0, 541, 1287, 1282, 28, 9.31%, 0, 390, 3, 7.21
1747805737, 0, 542, 1287, 1282, 28, 9.31%, 0, 390, 3, 5.47
1747805764, 0, 543, 1287, 1282, 28, 9.31%, 0, 390, 3, 4.70
1747805796, 0, 544, 1287, 1282, 28, 9.31%, 0, 390, 3, 1.29
1747805823, 0, 544, 1288, 1283, 28, 9.31%, 0, 390, 3, 4.29
1747805859, 0, 545, 1288, 1283, 28, 9.31%, 0, 390, 3, 3.60
1747805885, 0, 546, 1288, 1283, 28, 9.31%, 0, 390, 3, 14.04
1747805917, 0, 547, 1288, 1283, 28, 9.31%, 0, 390, 3, 5.11
1747805948, 0, 549, 1288, 1283, 28, 9.31%, 0, 391, 3, 5.95
1747805974, 0, 550, 1288, 1283, 28, 9.31%, 0, 391, 3, 5.12
1747806001, 0, 551, 1288, 1283, 28, 9.31%, 0, 391, 3, 4.61
1747806032, 0, 552, 1288, 1283, 28, 9.31%, 0, 391, 3, 1.32
1747806053, 0, 553, 1288, 1283, 28, 9.31%, 0, 391, 3, 3.17
1747806085, 0, 554, 1288, 1283, 28, 9.31%, 0, 391, 3, 7.65
1747806111, 0, 555, 1288, 1283, 28, 9.31%, 0, 391, 3, 5.07
1747806138, 0, 556, 1288, 1283, 28, 9.31%, 0, 391, 3, 3.28
1747806169, 0, 557, 1288, 1283, 28, 9.31%, 0, 391, 3, 4.66
1747806195, 0, 558, 1288, 1283, 28, 9.31%, 0, 391, 3, 11.33
1747806227, 0, 559, 1288, 1283, 28, 9.31%, 0, 391, 3, 5.80
1747806253, 0, 560, 1288, 1283, 28, 9.31%, 0, 391, 3, 7.08
1747806279, 0, 561, 1288, 1283, 28, 9.31%, 0, 391, 3, 4.86
1747806312, 0, 562, 1288, 1283, 28, 9.31%, 0, 391, 3, 1.31
1747806334, 0, 563, 1288, 1283, 28, 9.31%, 0, 391, 3, 8.76
1747806361, 0, 565, 1288, 1283, 28, 9.31%, 0, 391, 3, 1.04
1747806392, 0, 566, 1288, 1283, 28, 9.31%, 0, 391, 3, 5.34
1747806413, 0, 566, 1288, 1283, 28, 9.31%, 0, 392, 3, 5.14
1747806419, 0, 569, 1288, 1283, 28, 9.31%, 0, 392, 3, 5.06
1747806451, 0, 572, 1288, 1283, 28, 9.31%, 0, 392, 3, 7.94
1747806462, 0, 572, 1289, 1284, 28, 9.31%, 0, 392, 3, 1.19
1747806514, 0, 573, 1289, 1284, 28, 9.31%, 0, 392, 3, 5.74
1747806551, 0, 574, 1289, 1284, 28, 9.31%, 0, 392, 3, 8.06
1747806577, 0, 575, 1289, 1284, 28, 9.31%, 0, 392, 3, 5.29
1747806603, 0, 576, 1289, 1284, 28, 9.31%, 0, 392, 3, 1.77
1747806614, 0, 576, 1290, 1285, 28, 9.31%, 0, 392, 3, 3.67
1747806674, 0, 577, 1290, 1285, 28, 9.31%, 0, 392, 3, 9.31
1747806701, 0, 579, 1290, 1285, 28, 9.31%, 0, 392, 3, 28.04
1747806732, 0, 581, 1290, 1285, 28, 9.31%, 0, 392, 3, 2.40
1747806763, 0, 582, 1290, 1285, 28, 9.31%, 0, 392, 3, 7.09
1747806789, 0, 583, 1290, 1285, 28, 9.31%, 0, 392, 3, 4.75
1747806820, 0, 584, 1290, 1285, 28, 9.31%, 0, 392, 3, 2.00
1747806836, 0, 584, 1290, 1285, 28, 9.31%, 0, 393, 3, 10.73
1747806847, 0, 585, 1290, 1285, 28, 9.31%, 0, 393, 3, 2.34
1747806885, 0, 587, 1290, 1285, 28, 9.31%, 0, 393, 3, 4.28
1747806911, 0, 588, 1290, 1285, 28, 9.31%, 0, 393, 3, 6.15
1747806932, 0, 590, 1290, 1285, 28, 9.31%, 0, 393, 3, 2.94
1747806958, 0, 592, 1290, 1285, 28, 9.31%, 0, 393, 3, 7.79
1747806990, 0, 594, 1290, 1285, 28, 9.31%, 0, 393, 3, 4.51
1747807017, 0, 596, 1290, 1285, 28, 9.31%, 0, 393, 3, 4.94
1747807033, 0, 596, 1290, 1285, 28, 9.31%, 0, 394, 3, 9.84
1747807043, 0, 597, 1290, 1285, 28, 9.31%, 0, 394, 3, 6.64
1747807063, 0, 598, 1290, 1285, 28, 9.31%, 0, 394, 3, 13.45
1747807094, 0, 599, 1290, 1285, 28, 9.31%, 0, 394, 3, 5.23
1747807121, 0, 600, 1290, 1285, 28, 9.31%, 0, 394, 3, 6.61
1747807147, 0, 601, 1290, 1285, 28, 9.31%, 0, 394, 3, 7.43
1747807173, 0, 602, 1290, 1285, 28, 9.31%, 0, 394, 3, 5.07
1747807199, 0, 603, 1290, 1285, 28, 9.31%, 0, 394, 3, 4.02
1747807232, 0, 605, 1290, 1285, 28, 9.31%, 0, 394, 3, 5.70
1747807258, 0, 607, 1290, 1285, 28, 9.31%, 0, 394, 3, 1.05
1747807295, 0, 609, 1290, 1285, 28, 9.31%, 0, 394, 3, 1.00
1747807321, 0, 610, 1290, 1285, 28, 9.31%, 0, 394, 3, 3.80
1747807353, 0, 611, 1290, 1285, 28, 9.31%, 0, 394, 3, 4.29
1747807380, 0, 614, 1290, 1285, 28, 9.31%, 0, 394, 3, 1.90
1747807411, 0, 615, 1290, 1285, 28, 9.31%, 0, 394, 3, 5.24
1747807437, 0, 616, 1290, 1285, 28, 9.31%, 0, 394, 3, 6.40
1747807463, 0, 617, 1290, 1285, 28, 9.31%, 0, 394, 3, 1.22
1747807500, 0, 619, 1290, 1285, 28, 9.31%, 0, 394, 3, 5.63
1747807526, 0, 621, 1290, 1285, 28, 9.31%, 0, 394, 3, 5.85
1747807552, 0, 621, 1290, 1285, 28, 9.31%, 0, 395, 3, 4.39
1747807558, 0, 622, 1290, 1285, 28, 9.31%, 0, 395, 3, 4.05
1747807595, 0, 623, 1290, 1285, 28, 9.31%, 0, 395, 3, 5.15
1747807622, 0, 624, 1290, 1285, 28, 9.31%, 0, 395, 3, 8.01
1747807648, 0, 626, 1290, 1285, 28, 9.31%, 0, 395, 3, 7.47
1747807680, 0, 627, 1290, 1285, 28, 9.31%, 0, 395, 3, 6.76
1747807707, 0, 629, 1290, 1285, 28, 9.31%, 0, 395, 3, 5.28
1747807737, 0, 630, 1290, 1285, 28, 9.31%, 0, 395, 3, 5.99
1747807764, 0, 631, 1290, 1285, 28, 9.31%, 0, 395, 3, 14.89
1747807790, 0, 633, 1290, 1285, 28, 9.31%, 0, 395, 3, 2.99
1747807821, 0, 634, 1290, 1285, 28, 9.31%, 0, 395, 3, 4.30
1747807852, 0, 635, 1290, 1285, 28, 9.31%, 0, 395, 3, 5.06
1747807885, 0, 636, 1290, 1285, 28, 9.31%, 0, 395, 3, 5.42
1747807911, 0, 638, 1290, 1285, 28, 9.31%, 0, 395, 3, 5.71
1747807933, 0, 639, 1290, 1285, 28, 9.31%, 0, 395, 3, 6.92
1747807965, 0, 640, 1290, 1285, 28, 9.31%, 0, 395, 3, 11.77
1747807991, 0, 641, 1290, 1285, 28, 9.31%, 0, 395, 3, 8.00
1747808018, 0, 642, 1290, 1285, 28, 9.31%, 0, 395, 3, 1.05
1747808044, 0, 643, 1290, 1285, 28, 9.31%, 0, 395, 3, 4.71
1747808075, 0, 644, 1290, 1285, 28, 9.31%, 0, 395, 3, 5.95
1747808107, 0, 645, 1290, 1285, 28, 9.31%, 0, 395, 3, 4.81
1747808138, 0, 646, 1290, 1285, 28, 9.31%, 0, 395, 3, 3.01
1747808165, 0, 648, 1290, 1285, 28, 9.31%, 0, 395, 3, 4.21
1747808190, 0, 649, 1290, 1285, 28, 9.31%, 0, 395, 3, 7.88
1747808211, 0, 650, 1290, 1285, 28, 9.31%, 0, 395, 3, 2.36
1747808243, 0, 651, 1290, 1285, 28, 9.31%, 0, 395, 3, 3.65
1747808264, 0, 653, 1290, 1285, 28, 9.31%, 0, 395, 3, 1.04
1747808295, 0, 654, 1290, 1285, 28, 9.31%, 0, 395, 3, 1.30
1747808321, 0, 655, 1290, 1285, 28, 9.31%, 0, 395, 3, 9.72
1747808359, 0, 657, 1290, 1285, 28, 9.31%, 0, 395, 3, 14.08
1747808390, 0, 658, 1290, 1285, 28, 9.31%, 0, 395, 3, 6.25
1747808395, 0, 658, 1291, 1286, 28, 9.32%, 0, 395, 3, 1.56
1747808449, 0, 659, 1291, 1286, 29, 9.32%, 0, 395, 3, 4.11
1747808474, 0, 660, 1291, 1286, 29, 9.32%, 0, 395, 3, 6.06
1747808500, 0, 661, 1291, 1286, 29, 9.32%, 0, 395, 3, 5.91
1747808526, 0, 662, 1291, 1286, 29, 9.32%, 0, 395, 3, 1.02
1747808552, 0, 663, 1291, 1286, 29, 9.32%, 0, 395, 3, 3.55
1747808583, 0, 664, 1291, 1286, 29, 9.32%, 0, 395, 3, 5.46
1747808614, 0, 665, 1291, 1286, 29, 9.32%, 0, 395, 3, 4.73
1747808641, 0, 666, 1291, 1286, 29, 9.32%, 0, 395, 3, 7.30
1747808668, 0, 667, 1291, 1286, 29, 9.32%, 0, 395, 3, 5.30
1747808694, 0, 668, 1291, 1286, 29, 9.32%, 0, 395, 3, 4.49
1747808726, 0, 671, 1291, 1286, 29, 9.32%, 0, 395, 3, 3.77
1747808757, 0, 672, 1291, 1286, 29, 9.32%, 0, 395, 3, 4.53
1747808767, 0, 672, 1292, 1287, 29, 9.32%, 0, 395, 3, 4.37
1747808815, 0, 673, 1292, 1287, 29, 9.32%, 0, 395, 3, 5.47
1747808836, 0, 674, 1292, 1287, 29, 9.32%, 0, 395, 3, 7.10
1747808867, 0, 675, 1292, 1287, 29, 9.32%, 0, 395, 3, 4.71
1747808893, 0, 676, 1292, 1287, 29, 9.32%, 0, 395, 3, 6.47
1747808920, 0, 677, 1292, 1287, 29, 9.32%, 0, 395, 3, 1.05
1747808947, 0, 680, 1292, 1287, 29, 9.32%, 0, 395, 3, 2.86
1747808973, 0, 682, 1292, 1287, 29, 9.32%, 0, 395, 3, 5.28
1747809000, 0, 683, 1292, 1287, 29, 9.32%, 0, 395, 3, 5.68
1747809026, 0, 683, 1292, 1287, 29, 9.32%, 0, 396, 3, 1.16
1747809032, 0, 684, 1292, 1287, 29, 9.32%, 0, 396, 3, 1.86
1747809057, 0, 685, 1292, 1287, 29, 9.32%, 0, 397, 3, 2.08
1747809088, 0, 686, 1292, 1287, 29, 9.32%, 0, 397, 3, 5.17
1747809114, 0, 687, 1292, 1287, 29, 9.32%, 0, 397, 3, 5.95
1747809140, 0, 689, 1292, 1287, 29, 9.32%, 0, 397, 3, 4.33
1747809172, 0, 690, 1292, 1287, 29, 9.32%, 0, 397, 3, 5.39
1747809199, 0, 691, 1292, 1287, 29, 9.32%, 0, 397, 3, 4.48
1747809230, 0, 692, 1292, 1287, 29, 9.32%, 0, 397, 3, 9.80
1747809256, 0, 693, 1292, 1287, 29, 9.32%, 0, 397, 3, 4.72
1747809287, 0, 694, 1292, 1287, 29, 9.32%, 0, 397, 3, 4.89
1747809313, 0, 695, 1292, 1287, 29, 9.32%, 0, 397, 3, 5.52
1747809339, 0, 696, 1292, 1287, 29, 9.32%, 0, 397, 3, 6.54
1747809367, 0, 697, 1292, 1287, 29, 9.32%, 0, 397, 3, 6.11
1747809399, 0, 698, 1292, 1287, 29, 9.32%, 0, 397, 3, 5.20
1747809425, 0, 699, 1292, 1287, 29, 9.32%, 0, 397, 3, 6.78
1747809451, 0, 700, 1292, 1287, 29, 9.32%, 0, 397, 3, 7.47
1747809472, 0, 700, 1293, 1288, 29, 9.32%, 0, 397, 3, 3.04
1747809525, 0, 701, 1293, 1288, 29, 9.32%, 0, 397, 3, 4.34
1747809562, 0, 702, 1293, 1288, 29, 9.32%, 0, 397, 3, 4.39
1747809588, 0, 703, 1293, 1288, 29, 9.32%, 0, 397, 3, 3.90
1747809619, 0, 704, 1293, 1288, 29, 9.32%, 0, 397, 3, 6.45
1747809645, 0, 705, 1293, 1288, 29, 9.32%, 0, 397, 3, 8.13
1747809676, 0, 706, 1293, 1288, 29, 9.32%, 0, 397, 3, 11.61
1747809702, 0, 707, 1293, 1288, 29, 9.32%, 0, 397, 3, 7.35
1747809729, 0, 709, 1293, 1288, 29, 9.32%, 0, 397, 3, 4.40
1747809760, 0, 710, 1293, 1288, 29, 9.32%, 0, 397, 3, 5.77
1747809792, 0, 711, 1293, 1288, 29, 9.32%, 0, 397, 3, 4.71
1747809820, 0, 713, 1293, 1288, 29, 9.32%, 0, 397, 3, 4.83
1747809856, 0, 714, 1293, 1288, 29, 9.32%, 0, 397, 3, 5.00
1747809882, 0, 715, 1293, 1288, 29, 9.32%, 0, 397, 3, 7.00
1747809913, 0, 716, 1293, 1288, 29, 9.32%, 0, 397, 3, 4.60
1747809944, 0, 717, 1293, 1288, 29, 9.32%, 0, 397, 3, 1.86
1747809971, 0, 718, 1293, 1288, 29, 9.32%, 0, 397, 3, 5.75
1747809997, 0, 719, 1293, 1288, 29, 9.32%, 0, 397, 3, 1.02
1747810019, 0, 720, 1293, 1288, 29, 9.32%, 0, 397, 3, 6.06
1747810051, 0, 722, 1293, 1288, 29, 9.32%, 0, 397, 3, 4.30
1747810083, 0, 724, 1293, 1288, 29, 9.32%, 0, 397, 3, 3.45
1747810109, 0, 725, 1293, 1288, 29, 9.32%, 0, 397, 3, 6.91
1747810140, 0, 726, 1293, 1288, 29, 9.32%, 0, 397, 3, 10.12
1747810171, 0, 730, 1293, 1288, 29, 9.32%, 0, 397, 3, 5.24
1747810208, 0, 731, 1293, 1288, 29, 9.32%, 0, 397, 3, 4.22
1747810240, 0, 732, 1293, 1288, 29, 9.32%, 0, 397, 3, 7.22
1747810267, 0, 733, 1293, 1288, 29, 9.32%, 0, 397, 3, 7.72
1747810298, 0, 734, 1293, 1288, 29, 9.32%, 0, 397, 3, 4.63
1747810325, 0, 735, 1293, 1288, 29, 9.32%, 0, 397, 3, 3.84
1747810355, 0, 736, 1293, 1288, 29, 9.32%, 0, 397, 3, 3.51
1747810377, 0, 736, 1293, 1288, 29, 9.32%, 0, 398, 3, 3.91
1747810382, 0, 737, 1293, 1288, 29, 9.32%, 0, 398, 3, 4.57
1747810408, 0, 739, 1293, 1288, 29, 9.32%, 0, 398, 3, 7.05
1747810434, 0, 741, 1293, 1288, 29, 9.32%, 0, 398, 3, 7.14
1747810467, 0, 743, 1293, 1288, 29, 9.32%, 0, 398, 3, 1.69
1747810494, 0, 744, 1293, 1288, 29, 9.32%, 0, 398, 3, 5.18
1747810520, 0, 745, 1293, 1288, 29, 9.32%, 0, 398, 3, 5.69
1747810552, 0, 746, 1293, 1288, 29, 9.32%, 0, 398, 3, 4.59
1747810583, 0, 747, 1293, 1288, 29, 9.32%, 0, 398, 3, 2.25
1747810610, 0, 747, 1293, 1288, 29, 9.32%, 0, 399, 3, 4.47
1747810621, 0, 748, 1293, 1288, 29, 9.32%, 0, 399, 3, 1.00
1747810626, 0, 748, 1293, 1288, 29, 9.32%, 0, 400, 3, 4.96
1747810641, 0, 749, 1293, 1288, 29, 9.32%, 0, 400, 3, 8.34
1747810673, 0, 750, 1293, 1288, 29, 9.32%, 0, 400, 3, 5.72
1747810705, 0, 751, 1293, 1288, 29, 9.32%, 0, 400, 3, 4.04
1747810731, 0, 752, 1294, 1289, 29, 9.32%, 0, 400, 3, 4.00
1747810794, 0, 754, 1294, 1289, 29, 9.32%, 0, 400, 3, 3.94
1747810826, 0, 756, 1294, 1289, 29, 9.32%, 0, 400, 3, 5.71
1747810853, 0, 757, 1294, 1289, 29, 9.32%, 0, 400, 3, 1.04
1747810884, 0, 758, 1294, 1289, 29, 9.32%, 0, 400, 3, 2.48
1747810915, 0, 759, 1294, 1289, 29, 9.32%, 0, 400, 3, 6.04
1747810948, 0, 760, 1294, 1289, 29, 9.32%, 0, 400, 3, 1.01
1747810974, 0, 761, 1294, 1289, 29, 9.32%, 0, 400, 3, 6.13
1747811000, 0, 762, 1294, 1289, 29, 9.32%, 0, 400, 3, 7.00
1747811032, 0, 763, 1294, 1289, 29, 9.32%, 0, 400, 3, 4.89
1747811059, 0, 764, 1294, 1289, 29, 9.32%, 0, 401, 3, 2.05
1747811091, 0, 765, 1294, 1289, 29, 9.32%, 0, 401, 3, 4.39
1747811122, 0, 766, 1294, 1289, 29, 9.32%, 0, 401, 3, 1.15
1747811149, 0, 767, 1294, 1289, 29, 9.32%, 0, 401, 3, 6.07
1747811180, 0, 769, 1294, 1289, 29, 9.32%, 0, 401, 3, 4.52
1747811207, 0, 770, 1294, 1289, 29, 9.32%, 0, 401, 3, 6.67
1747811239, 0, 773, 1294, 1289, 29, 9.32%, 0, 401, 3, 3.72
1747811255, 0, 773, 1294, 1289, 29, 9.32%, 0, 402, 3, 5.16
1747811266, 0, 774, 1294, 1289, 29, 9.32%, 0, 402, 3, 1.31
1747811292, 0, 775, 1294, 1289, 29, 9.32%, 0, 402, 3, 7.23
1747811324, 0, 776, 1294, 1289, 29, 9.32%, 0, 402, 3, 6.13
1747811351, 0, 777, 1295, 1290, 29, 9.32%, 0, 402, 3, 1.29
1747811413, 0, 778, 1295, 1290, 29, 9.32%, 0, 402, 3, 2.07
1747811444, 0, 780, 1295, 1290, 29, 9.32%, 0, 402, 3, 1.73
1747811474, 0, 781, 1295, 1290, 29, 9.32%, 0, 402, 3, 5.17
1747811511, 0, 782, 1295, 1290, 29, 9.32%, 0, 402, 3, 4.30
1747811548, 0, 783, 1295, 1290, 29, 9.32%, 0, 402, 3, 4.84
1747811579, 0, 785, 1295, 1290, 29, 9.32%, 0, 402, 3, 1.95
1747811610, 0, 786, 1295, 1290, 29, 9.32%, 0, 402, 3, 5.39
1747811636, 0, 788, 1295, 1290, 29, 9.32%, 0, 402, 3, 6.64
1747811667, 0, 789, 1295, 1290, 29, 9.32%, 0, 402, 3, 5.66
1747811678, 0, 789, 1296, 1291, 29, 9.69%, 0, 402, 3, 4.16
1747811739, 0, 790, 1296, 1291, 25, 9.69%, 0, 402, 3, 5.22
1747811776, 0, 791, 1297, 1292, 25, 9.69%, 0, 402, 3, 1.00
1747811841, 0, 793, 1297, 1292, 25, 9.69%, 0, 402, 3, 7.19
1747811866, 0, 794, 1297, 1292, 25, 9.69%, 0, 402, 3, 7.25
1747811899, 0, 795, 1297, 1292, 25, 9.69%, 0, 402, 3, 5.34
1747811924, 0, 796, 1297, 1292, 25, 9.69%, 0, 402, 3, 6.39
1747811951, 0, 797, 1297, 1292, 25, 9.69%, 0, 402, 3, 4.23
1747811978, 0, 797, 1298, 1293, 25, 9.69%, 0, 402, 3, 4.07
1747812011, 0, 797, 1299, 1294, 25, 9.69%, 0, 402, 3, 3.57
1747812039, 0, 797, 1300, 1295, 25, 9.69%, 0, 402, 3, 4.12
1747812188, 0, 797, 1301, 1296, 25, 9.69%, 0, 402, 3, 5.02
1747812284, 0, 797, 1302, 1297, 25, 9.69%, 0, 402, 3, 3.85
1747812301, 0, 797, 1303, 1298, 25, 9.69%, 0, 402, 3, 5.06
1747812306, 0, 797, 1303, 1298, 25, 9.69%, 0, 403, 3, 4.89
1747812317, 0, 797, 1304, 1299, 25, 9.69%, 0, 403, 3, 4.29
1747812333, 0, 797, 1305, 1300, 25, 9.69%, 0, 403, 3, 3.41
1747812369, 0, 797, 1306, 1301, 25, 9.69%, 0, 403, 3, 3.64
1747812471, 0, 797, 1307, 1302, 25, 9.69%, 0, 403, 3, 2.43
1747812550, 0, 797, 1307, 1302, 25, 9.69%, 0, 404, 3, 1.00
1747812567, 0, 797, 1308, 1303, 25, 9.69%, 0, 404, 3, 3.77
1747812594, 0, 797, 1309, 1304, 25, 9.69%, 0, 404, 3, 1.02
1747812652, 0, 797, 1309, 1304, 25, 9.69%, 0, 405, 3, 4.89
1747812720, 0, 797, 1310, 1305, 25, 9.69%, 0, 405, 3, 4.61
1747812869, 0, 797, 1311, 1306, 25, 9.69%, 0, 405, 3, 1.34
1747813022, 0, 798, 1311, 1306, 26, 9.69%, 0, 405, 3, 4.64
1747813054, 0, 799, 1311, 1306, 26, 9.69%, 0, 405, 3, 4.79
1747813081, 0, 800, 1311, 1306, 26, 9.69%, 0, 405, 3, 5.00
1747813119, 0, 801, 1311, 1306, 26, 9.69%, 0, 405, 3, 4.04
1747813129, 0, 801, 1312, 1307, 26, 9.69%, 0, 405, 3, 1.00
1747813183, 0, 802, 1312, 1307, 26, 9.69%, 0, 405, 3, 5.40
1747813194, 0, 802, 1313, 1308, 26, 9.69%, 0, 405, 3, 6.28
1747813242, 0, 802, 1314, 1309, 26, 9.69%, 0, 405, 3, 4.14
1747813263, 0, 802, 1315, 1310, 26, 9.69%, 0, 405, 3, 1.00
1747813305, 0, 802, 1316, 1311, 26, 9.69%, 0, 405, 3, 4.18
1747813336, 0, 802, 1317, 1312, 26, 9.69%, 0, 405, 3, 1.46
1747813517, 0, 802, 1318, 1313, 26, 9.69%, 0, 405, 3, 1.36
1747813550, 0, 802, 1319, 1314, 26, 9.69%, 0, 405, 3, 1.62
1747813695, 0, 802, 1320, 1315, 26, 9.71%, 0, 405, 3, 4.61
1747813774, 0, 802, 1321, 1316, 26, 9.71%, 0, 405, 3, 4.65
1747814052, 0, 802, 1322, 1317, 26, 9.71%, 0, 405, 3, 1.04
1747814189, 0, 803, 1322, 1317, 28, 9.71%, 0, 405, 3, 4.78
1747814227, 0, 804, 1322, 1317, 28, 9.71%, 0, 405, 3, 4.88
1747814253, 0, 804, 1323, 1318, 28, 9.71%, 0, 405, 3, 1.00
1747814280, 0, 804, 1324, 1319, 28, 9.71%, 0, 405, 3, 1.12
1747814291, 0, 804, 1325, 1320, 28, 9.71%, 0, 405, 3, 1.06
1747814449, 0, 804, 1326, 1321, 28, 9.71%, 0, 405, 3, 3.17
1747814486, 0, 804, 1327, 1322, 28, 9.71%, 0, 405, 3, 4.39
1747814576, 0, 804, 1328, 1323, 28, 9.71%, 0, 405, 3, 3.89
1747814842, 0, 804, 1329, 1324, 28, 9.71%, 0, 405, 3, 3.31
1747814943, 0, 804, 1329, 1324, 28, 9.71%, 0, 406, 3, 1.87
1747815171, 0, 804, 1330, 1325, 28, 9.71%, 0, 406, 3, 1.93
1747815240, 0, 805, 1330, 1325, 28, 9.71%, 0, 406, 3, 5.32
1747815267, 0, 807, 1330, 1325, 28, 9.71%, 0, 406, 3, 5.52
1747815299, 0, 808, 1330, 1325, 28, 9.71%, 0, 406, 3, 6.02
1747815320, 0, 809, 1331, 1326, 28, 9.71%, 0, 406, 3, 1.39
1747815384, 0, 810, 1331, 1326, 28, 9.71%, 0, 406, 3, 4.94
1747815411, 0, 810, 1332, 1327, 28, 9.71%, 0, 406, 3, 2.41
1747815453, 0, 811, 1332, 1327, 28, 9.71%, 0, 406, 3, 5.89
1747815480, 0, 812, 1332, 1327, 28, 9.71%, 0, 406, 3, 5.41
1747815512, 0, 813, 1332, 1327, 28, 9.71%, 0, 406, 3, 5.57
1747815543, 0, 814, 1332, 1327, 28, 9.71%, 0, 406, 3, 4.06
1747815574, 0, 815, 1332, 1327, 28, 9.71%, 0, 406, 3, 4.07
1747815605, 0, 816, 1332, 1327, 28, 9.71%, 0, 406, 3, 5.56
1747815637, 0, 817, 1332, 1327, 28, 9.71%, 0, 406, 3, 3.36
1747815663, 0, 818, 1332, 1327, 28, 9.71%, 0, 406, 3, 6.42
1747815695, 0, 819, 1332, 1327, 28, 9.71%, 0, 406, 3, 1.03
1747815731, 0, 820, 1332, 1327, 28, 9.71%, 0, 406, 3, 4.52
1747815757, 0, 822, 1332, 1327, 28, 9.71%, 0, 406, 3, 5.48
1747815789, 0, 823, 1332, 1327, 28, 9.71%, 0, 406, 3, 4.75
1747815821, 0, 824, 1332, 1327, 28, 9.71%, 0, 406, 3, 6.17
1747815852, 0, 825, 1332, 1327, 28, 9.71%, 0, 406, 3, 6.76
1747815874, 0, 826, 1332, 1327, 28, 9.71%, 0, 406, 3, 6.80
1747815899, 0, 827, 1332, 1327, 28, 9.71%, 0, 406, 3, 13.57
1747815931, 0, 828, 1332, 1327, 28, 9.71%, 0, 406, 3, 3.18
1747815958, 0, 829, 1332, 1327, 28, 9.71%, 0, 406, 3, 2.35
1747815990, 0, 831, 1332, 1327, 28, 9.71%, 0, 406, 3, 5.23
1747816022, 0, 834, 1332, 1327, 28, 9.71%, 0, 406, 3, 4.88
1747816033, 0, 834, 1333, 1328, 28, 9.71%, 0, 406, 3, 3.45
1747816039, 0, 834, 1333, 1328, 28, 9.71%, 0, 407, 3, 3.16
1747816044, 0, 834, 1333, 1328, 28, 9.71%, 0, 408, 3, 4.78
1747816055, 0, 834, 1333, 1328, 28, 9.71%, 0, 409, 3, 4.62
1747816087, 0, 835, 1333, 1328, 28, 9.71%, 0, 410, 3, 3.98
1747816118, 0, 837, 1333, 1328, 28, 9.71%, 0, 410, 3, 5.54
1747816150, 0, 838, 1333, 1328, 28, 9.71%, 0, 410, 3, 4.66
1747816177, 0, 839, 1333, 1328, 28, 9.71%, 0, 410, 3, 8.29
1747816203, 0, 840, 1333, 1328, 28, 9.71%, 0, 410, 3, 1.58
1747816219, 0, 840, 1334, 1329, 28, 9.71%, 0, 410, 3, 1.06
1747816271, 0, 841, 1334, 1329, 28, 9.71%, 0, 410, 3, 4.77
1747816297, 0, 843, 1334, 1329, 28, 9.71%, 0, 410, 3, 7.31
1747816328, 0, 846, 1334, 1329, 28, 9.71%, 0, 410, 3, 5.06
1747816353, 0, 848, 1334, 1329, 28, 9.71%, 0, 410, 3, 1.06
1747816384, 0, 849, 1334, 1329, 28, 9.71%, 0, 410, 3, 5.93
1747816416, 0, 850, 1334, 1329, 28, 9.71%, 0, 410, 3, 7.49
1747816442, 0, 851, 1334, 1329, 28, 9.71%, 0, 410, 3, 2.68
1747816464, 0, 852, 1334, 1329, 28, 9.71%, 0, 410, 3, 1.36
1747816495, 0, 853, 1334, 1329, 28, 9.71%, 0, 410, 3, 8.27
1747816521, 0, 855, 1334, 1329, 28, 9.71%, 0, 410, 3, 4.15
1747816553, 0, 856, 1334, 1329, 28, 9.71%, 0, 410, 3, 4.96
1747816580, 0, 857, 1334, 1329, 28, 9.71%, 0, 410, 3, 4.31
1747816606, 0, 858, 1334, 1329, 28, 9.71%, 0, 410, 3, 1.01
1747816644, 0, 859, 1334, 1329, 28, 9.71%, 0, 410, 3, 5.34
1747816654, 0, 859, 1334, 1329, 28, 9.71%, 0, 411, 3, 7.17
1747816669, 0, 860, 1334, 1329, 28, 9.71%, 0, 411, 3, 6.07
1747816695, 0, 861, 1334, 1329, 28, 9.71%, 0, 411, 3, 5.84
1747816722, 0, 862, 1334, 1329, 28, 9.71%, 0, 411, 3, 4.60
1747816754, 0, 863, 1334, 1329, 28, 9.71%, 0, 411, 3, 4.73
1747816785, 0, 864, 1334, 1329, 28, 9.71%, 0, 411, 3, 5.87
1747816812, 0, 865, 1334, 1329, 28, 9.71%, 0, 411, 3, 6.38
1747816839, 0, 866, 1334, 1329, 28, 9.71%, 0, 411, 3, 8.83
1747816871, 0, 868, 1334, 1329, 28, 9.71%, 0, 411, 3, 1.30
1747816901, 0, 870, 1334, 1329, 28, 9.71%, 0, 411, 3, 5.76
1747816933, 0, 871, 1334, 1329, 28, 9.71%, 0, 411, 3, 5.52
1747816963, 0, 872, 1334, 1329, 28, 9.71%, 0, 411, 3, 5.85
1747816990, 0, 873, 1334, 1329, 28, 9.71%, 0, 411, 3, 5.17
1747817011, 0, 875, 1334, 1329, 28, 9.71%, 0, 411, 3, 6.38
1747817048, 0, 876, 1334, 1329, 28, 9.71%, 0, 411, 3, 5.23
1747817075, 0, 877, 1334, 1329, 28, 9.71%, 0, 411, 3, 4.78
1747817107, 0, 879, 1334, 1329, 28, 9.71%, 0, 411, 3, 8.26
1747817134, 0, 882, 1334, 1329, 28, 9.71%, 0, 411, 3, 5.55
1747817155, 0, 882, 1334, 1329, 28, 9.71%, 0, 412, 3, 1.00
1747817166, 0, 883, 1334, 1329, 28, 9.71%, 0, 412, 3, 5.44
1747817192, 0, 884, 1334, 1329, 28, 9.71%, 0, 412, 3, 5.91
1747817223, 0, 885, 1334, 1329, 28, 9.71%, 0, 412, 3, 5.03
1747817249, 0, 888, 1334, 1329, 28, 9.71%, 0, 412, 3, 5.34
1747817281, 0, 889, 1334, 1329, 28, 9.71%, 0, 412, 3, 1.36
1747817297, 0, 889, 1335, 1330, 28, 9.71%, 0, 412, 3, 1.01
1747817344, 0, 891, 1335, 1330, 28, 9.71%, 0, 412, 3, 4.54
1747817371, 0, 893, 1335, 1330, 28, 9.71%, 0, 412, 3, 6.12
1747817397, 0, 894, 1335, 1330, 28, 9.71%, 0, 412, 3, 4.89
1747817423, 0, 895, 1335, 1330, 28, 9.71%, 0, 412, 3, 7.47
1747817450, 0, 895, 1335, 1330, 28, 9.71%, 0, 413, 3, 1.03
