# unix_time, cycles_done, cur_path, paths_total, pending_total, pending_favs, map_size, unique_crashes, unique_hangs, max_depth, execs_per_sec
1747774254, 0, 0, 1, 1, 1, 5.44%, 0, 0, 1, 41.03
1747774259, 0, 0, 33, 33, 1, 5.61%, 0, 0, 2, 51.91
1747774264, 0, 0, 63, 63, 1, 5.61%, 0, 0, 2, 54.01
1747774269, 0, 0, 90, 90, 1, 6.04%, 0, 0, 2, 51.64
1747774274, 0, 0, 101, 101, 1, 7.10%, 0, 0, 2, 15.03
1747774279, 0, 0, 114, 114, 1, 7.23%, 0, 0, 2, 29.12
1747774284, 0, 0, 124, 124, 1, 7.24%, 0, 0, 2, 26.64
1747774290, 0, 0, 130, 130, 1, 7.24%, 0, 0, 2, 22.63
1747774295, 0, 0, 138, 138, 1, 7.24%, 0, 0, 2, 4.47
1747774300, 0, 0, 141, 141, 1, 7.24%, 0, 0, 2, 32.11
1747774305, 0, 0, 149, 149, 1, 7.24%, 0, 0, 2, 25.64
1747774310, 0, 0, 154, 154, 1, 7.24%, 0, 0, 2, 24.41
1747774315, 0, 0, 158, 158, 1, 7.24%, 0, 0, 2, 3.83
1747774320, 0, 0, 161, 161, 1, 7.24%, 0, 0, 2, 14.76
1747774325, 0, 0, 168, 168, 1, 7.24%, 0, 0, 2, 18.46
1747774330, 0, 0, 173, 173, 1, 7.24%, 0, 0, 2, 3.97
1747774335, 0, 0, 175, 175, 1, 7.24%, 0, 0, 2, 27.00
1747774340, 0, 0, 177, 177, 1, 7.24%, 0, 0, 2, 27.69
1747774346, 0, 0, 181, 181, 1, 7.24%, 0, 0, 2, 26.19
1747774351, 0, 0, 185, 185, 1, 7.24%, 0, 0, 2, 28.37
1747774356, 0, 0, 187, 187, 1, 7.24%, 0, 0, 2, 3.83
1747774361, 0, 0, 191, 191, 1, 7.24%, 0, 0, 2, 6.51
1747774366, 0, 0, 193, 193, 1, 7.24%, 0, 0, 2, 6.36
1747774371, 0, 0, 196, 196, 1, 7.24%, 0, 0, 2, 8.26
1747774376, 0, 0, 199, 199, 1, 7.24%, 0, 0, 2, 9.74
1747774381, 0, 0, 202, 202, 1, 7.24%, 0, 0, 2, 10.77
1747774386, 0, 0, 204, 204, 1, 7.24%, 0, 0, 2, 12.76
1747774391, 0, 0, 205, 205, 1, 7.24%, 0, 0, 2, 11.63
1747774397, 0, 0, 207, 207, 1, 7.24%, 0, 0, 2, 9.84
1747774402, 0, 0, 211, 211, 1, 7.24%, 0, 0, 2, 13.89
1747774407, 0, 0, 214, 214, 1, 7.24%, 0, 0, 2, 17.41
1747774412, 0, 0, 219, 219, 1, 7.24%, 0, 0, 2, 4.56
1747774417, 0, 0, 220, 220, 1, 7.24%, 0, 0, 2, 25.65
1747774422, 0, 0, 223, 223, 1, 7.24%, 0, 0, 2, 4.59
1747774427, 0, 0, 225, 225, 1, 7.24%, 0, 0, 2, 24.90
1747774433, 0, 0, 231, 231, 1, 7.24%, 0, 0, 2, 19.83
1747774438, 0, 0, 235, 235, 1, 7.25%, 0, 0, 2, 15.71
1747774443, 0, 0, 239, 239, 1, 7.25%, 0, 0, 2, 13.05
1747774448, 0, 0, 242, 242, 1, 7.25%, 0, 0, 2, 22.39
1747774453, 0, 0, 246, 246, 1, 7.25%, 0, 0, 2, 4.31
1747774458, 0, 0, 249, 249, 1, 7.25%, 0, 0, 2, 16.90
1747774463, 0, 0, 252, 252, 1, 7.25%, 0, 0, 2, 12.10
1747774468, 0, 0, 253, 253, 1, 7.25%, 0, 0, 2, 9.10
1747774474, 0, 0, 257, 257, 1, 7.25%, 0, 0, 2, 10.96
1747774479, 0, 0, 259, 259, 1, 7.25%, 0, 0, 2, 8.15
1747774484, 0, 0, 262, 262, 1, 7.25%, 0, 0, 2, 13.70
1747774489, 0, 0, 265, 265, 1, 7.25%, 0, 0, 2, 14.48
1747774494, 0, 0, 268, 268, 1, 7.25%, 0, 0, 2, 11.53
1747774499, 0, 0, 272, 272, 1, 7.25%, 0, 0, 2, 10.17
1747774504, 0, 0, 274, 274, 1, 7.25%, 0, 0, 2, 11.49
1747774509, 0, 0, 277, 277, 1, 7.25%, 0, 0, 2, 14.05
1747774515, 0, 0, 280, 280, 1, 7.25%, 0, 0, 2, 11.70
1747774520, 0, 0, 281, 281, 1, 7.25%, 0, 0, 2, 15.23
1747774525, 0, 0, 284, 284, 1, 7.25%, 0, 0, 2, 10.04
1747774530, 0, 0, 287, 287, 1, 7.25%, 0, 0, 2, 9.58
1747774535, 0, 0, 290, 290, 1, 7.25%, 0, 0, 2, 12.31
1747774540, 0, 0, 293, 293, 1, 7.25%, 0, 0, 2, 11.83
1747774546, 0, 0, 297, 297, 1, 7.25%, 0, 0, 2, 13.96
1747774551, 0, 0, 298, 298, 1, 7.25%, 0, 0, 2, 7.29
1747774556, 0, 0, 301, 301, 1, 7.25%, 0, 0, 2, 14.84
1747774561, 0, 0, 304, 304, 1, 7.25%, 0, 0, 2, 13.78
1747774566, 0, 0, 305, 305, 1, 7.25%, 0, 0, 2, 9.82
1747774571, 0, 0, 308, 308, 1, 7.25%, 0, 0, 2, 16.97
1747774576, 0, 0, 311, 311, 1, 7.26%, 0, 0, 2, 13.56
1747774581, 0, 0, 313, 313, 1, 7.26%, 0, 0, 2, 4.19
1747774587, 0, 0, 315, 315, 1, 7.26%, 0, 0, 2, 25.93
1747774592, 0, 0, 318, 318, 1, 7.26%, 0, 0, 2, 19.52
1747774597, 0, 0, 321, 321, 1, 7.26%, 0, 0, 2, 21.73
1747774602, 0, 0, 323, 323, 1, 7.26%, 0, 0, 2, 17.94
1747774607, 0, 0, 324, 324, 1, 7.26%, 0, 0, 2, 17.17
1747774612, 0, 0, 327, 327, 1, 7.26%, 0, 0, 2, 12.48
1747774617, 0, 0, 328, 328, 1, 7.26%, 0, 0, 2, 16.12
1747774623, 0, 0, 330, 330, 1, 7.26%, 0, 0, 2, 16.54
1747774628, 0, 0, 332, 332, 1, 7.26%, 0, 0, 2, 12.23
1747774633, 0, 0, 336, 336, 1, 7.26%, 0, 0, 2, 12.12
1747774638, 0, 0, 338, 338, 1, 7.26%, 0, 0, 2, 16.14
1747774643, 0, 0, 339, 339, 1, 7.26%, 0, 0, 2, 18.92
1747774648, 0, 0, 341, 341, 1, 7.26%, 0, 0, 2, 12.93
1747774654, 0, 0, 343, 343, 1, 7.26%, 0, 0, 2, 18.76
1747774659, 0, 0, 345, 345, 1, 7.26%, 0, 0, 2, 16.91
1747774664, 0, 0, 348, 348, 1, 7.26%, 0, 0, 2, 20.93
1747774669, 0, 0, 351, 351, 1, 7.26%, 0, 0, 2, 20.45
1747774674, 0, 0, 353, 353, 1, 7.26%, 0, 0, 2, 4.07
1747774679, 0, 0, 357, 357, 1, 7.26%, 0, 0, 2, 15.55
1747774684, 0, 0, 358, 358, 1, 7.26%, 0, 0, 2, 20.73
1747774689, 0, 0, 360, 360, 1, 7.26%, 0, 0, 2, 15.41
1747774695, 0, 0, 362, 362, 1, 7.26%, 0, 0, 2, 21.72
1747774700, 0, 0, 365, 365, 1, 7.26%, 0, 0, 2, 16.75
1747774705, 0, 0, 369, 369, 1, 7.26%, 0, 0, 2, 15.02
1747774710, 0, 0, 370, 370, 1, 7.26%, 0, 0, 2, 12.01
1747774715, 0, 0, 373, 373, 1, 7.26%, 0, 0, 2, 15.55
1747774720, 0, 0, 375, 375, 1, 7.26%, 0, 0, 2, 9.90
1747774725, 0, 0, 377, 377, 1, 7.26%, 0, 0, 2, 20.31
1747774730, 0, 0, 380, 380, 1, 7.26%, 0, 0, 2, 13.38
1747774740, 0, 0, 384, 384, 1, 7.26%, 0, 0, 2, 19.68
1747774745, 0, 0, 385, 385, 1, 7.26%, 0, 0, 2, 24.98
1747774751, 0, 0, 388, 388, 1, 7.26%, 0, 0, 2, 21.72
1747774756, 0, 0, 391, 391, 1, 7.26%, 0, 0, 2, 14.64
1747774761, 0, 0, 393, 393, 1, 7.26%, 0, 0, 2, 13.29
1747774766, 0, 0, 394, 394, 1, 7.26%, 0, 0, 2, 13.09
1747774771, 0, 0, 396, 396, 1, 7.26%, 0, 0, 2, 11.53
1747774776, 0, 0, 399, 399, 1, 7.26%, 0, 0, 2, 14.61
1747774781, 0, 0, 402, 402, 1, 7.26%, 0, 0, 2, 13.30
1747774786, 0, 0, 403, 403, 1, 7.26%, 0, 0, 2, 25.51
1747774792, 0, 0, 406, 406, 1, 7.26%, 0, 0, 2, 4.20
1747774797, 0, 0, 408, 408, 1, 7.26%, 0, 0, 2, 22.33
1747774802, 0, 0, 410, 410, 1, 7.26%, 0, 0, 2, 18.76
1747774807, 0, 0, 411, 411, 1, 7.26%, 0, 0, 2, 21.78
1747774812, 0, 0, 412, 412, 1, 7.26%, 0, 0, 2, 24.54
1747774817, 0, 0, 414, 414, 1, 7.26%, 0, 0, 2, 20.33
1747774822, 0, 0, 416, 416, 1, 7.26%, 0, 0, 2, 19.65
1747774828, 0, 0, 418, 418, 1, 7.30%, 0, 0, 2, 10.75
1747774833, 0, 0, 420, 420, 1, 7.30%, 0, 0, 2, 18.31
1747774838, 0, 0, 423, 423, 1, 7.30%, 0, 0, 2, 17.49
1747774843, 0, 0, 426, 426, 1, 7.30%, 0, 0, 2, 11.80
1747774848, 0, 0, 428, 428, 1, 7.30%, 0, 0, 2, 11.44
1747774853, 0, 0, 429, 429, 1, 7.30%, 0, 0, 2, 12.94
1747774859, 0, 0, 430, 430, 1, 7.30%, 0, 0, 2, 12.80
1747774864, 0, 0, 433, 433, 1, 7.30%, 0, 0, 2, 14.02
1747774869, 0, 0, 436, 436, 1, 7.30%, 0, 0, 2, 13.18
1747774874, 0, 0, 438, 438, 1, 7.30%, 0, 0, 2, 14.90
1747774879, 0, 0, 440, 440, 1, 7.30%, 0, 0, 2, 15.59
1747774884, 0, 0, 441, 441, 1, 7.30%, 0, 0, 2, 18.22
1747774889, 0, 0, 444, 444, 1, 7.30%, 0, 0, 2, 16.95
1747774900, 0, 0, 446, 446, 1, 7.30%, 0, 0, 2, 16.66
1747774905, 0, 0, 448, 448, 1, 7.30%, 0, 0, 2, 3.80
1747774910, 0, 0, 449, 449, 1, 7.30%, 0, 0, 2, 15.65
1747774915, 0, 0, 450, 450, 1, 7.30%, 0, 0, 2, 18.65
1747774920, 0, 0, 452, 452, 1, 7.30%, 0, 0, 2, 17.37
1747774925, 0, 0, 454, 454, 1, 7.30%, 0, 0, 2, 2.95
1747774931, 0, 0, 455, 455, 1, 7.30%, 0, 0, 2, 25.24
1747774936, 0, 0, 456, 456, 1, 7.30%, 0, 0, 2, 2.56
1747774941, 0, 0, 457, 457, 1, 7.30%, 0, 0, 2, 22.84
1747774946, 0, 0, 459, 459, 1, 7.30%, 0, 0, 2, 19.81
1747774951, 0, 0, 462, 462, 1, 7.30%, 0, 0, 2, 12.72
1747774956, 0, 0, 463, 463, 1, 7.30%, 0, 0, 2, 16.65
1747774962, 0, 0, 465, 465, 1, 7.30%, 0, 0, 2, 9.19
1747774967, 0, 0, 467, 467, 1, 7.30%, 0, 0, 2, 13.80
1747774972, 0, 0, 468, 468, 1, 7.30%, 0, 0, 2, 19.88
1747774977, 0, 0, 469, 469, 1, 7.30%, 0, 0, 2, 27.41
1747774982, 0, 0, 471, 471, 1, 7.30%, 0, 0, 2, 2.67
1747774988, 0, 0, 473, 473, 1, 7.30%, 0, 0, 2, 23.46
1747774993, 0, 0, 474, 474, 1, 7.30%, 0, 0, 2, 24.15
1747774998, 0, 0, 475, 475, 1, 7.30%, 0, 0, 2, 24.23
1747775003, 0, 0, 477, 477, 1, 7.32%, 0, 0, 2, 12.52
1747775008, 0, 0, 479, 479, 1, 7.32%, 0, 0, 2, 11.70
1747775013, 0, 0, 480, 480, 1, 7.32%, 0, 0, 2, 19.19
1747775018, 0, 0, 481, 481, 1, 7.32%, 0, 0, 2, 25.40
1747775029, 0, 0, 484, 484, 1, 7.32%, 0, 0, 2, 19.46
1747775039, 0, 0, 487, 487, 1, 7.32%, 0, 0, 2, 20.48
1747775049, 0, 0, 488, 488, 1, 7.32%, 0, 0, 2, 25.03
1747775054, 0, 0, 490, 490, 1, 7.32%, 0, 0, 2, 19.22
1747775059, 0, 0, 491, 491, 1, 7.32%, 0, 0, 2, 11.88
1747775064, 0, 0, 492, 492, 1, 7.32%, 0, 0, 2, 23.59
1747775070, 0, 0, 494, 494, 1, 7.32%, 0, 0, 2, 3.38
1747775075, 0, 0, 496, 496, 1, 7.32%, 0, 0, 2, 24.32
1747775080, 0, 0, 497, 497, 1, 7.32%, 0, 0, 2, 2.61
1747775090, 0, 0, 498, 498, 1, 7.32%, 0, 0, 2, 21.93
1747775095, 0, 0, 500, 500, 1, 7.32%, 0, 0, 2, 3.64
1747775100, 0, 0, 501, 501, 1, 7.32%, 0, 0, 2, 24.59
1747775105, 0, 0, 503, 503, 1, 7.33%, 0, 0, 2, 22.60
1747775110, 0, 0, 504, 504, 1, 7.33%, 0, 0, 2, 23.95
1747775115, 0, 0, 507, 507, 1, 7.33%, 0, 0, 2, 22.66
1747775121, 0, 0, 509, 509, 1, 7.33%, 0, 0, 2, 3.91
1747775126, 0, 0, 510, 510, 1, 7.33%, 0, 0, 2, 2.76
1747775131, 0, 0, 512, 512, 1, 7.33%, 0, 0, 2, 3.44
1747775136, 0, 0, 513, 513, 1, 7.33%, 0, 0, 2, 4.61
1747775141, 0, 0, 514, 514, 1, 7.33%, 0, 0, 2, 23.94
1747775146, 0, 0, 517, 517, 1, 7.33%, 0, 0, 2, 13.93
1747775156, 0, 0, 518, 518, 1, 7.33%, 0, 0, 2, 18.72
1747775162, 0, 0, 519, 519, 1, 7.33%, 0, 0, 2, 22.51
1747775167, 0, 0, 521, 521, 1, 7.33%, 0, 0, 2, 18.76
1747775172, 0, 0, 523, 523, 1, 7.33%, 0, 0, 2, 18.48
1747775177, 0, 0, 524, 524, 1, 7.33%, 0, 0, 2, 21.86
1747775182, 0, 0, 525, 525, 1, 7.33%, 0, 0, 2, 21.26
1747775192, 0, 0, 526, 526, 1, 7.33%, 0, 0, 2, 14.01
1747775197, 0, 0, 527, 527, 1, 7.33%, 0, 0, 2, 19.78
1747775203, 0, 0, 529, 529, 1, 7.33%, 0, 0, 2, 24.22
1747775208, 0, 0, 530, 530, 1, 7.33%, 0, 0, 2, 23.10
1747775213, 0, 0, 531, 531, 1, 7.33%, 0, 0, 2, 21.07
1747775218, 0, 0, 532, 532, 1, 7.33%, 0, 0, 2, 17.99
1747775223, 0, 0, 533, 533, 1, 7.51%, 0, 0, 2, 26.00
1747775228, 0, 0, 535, 535, 1, 7.51%, 0, 0, 2, 21.59
1747775233, 0, 0, 537, 537, 1, 7.51%, 0, 0, 2, 22.55
1747775238, 0, 0, 539, 539, 1, 7.51%, 0, 0, 2, 17.55
1747775248, 0, 0, 540, 540, 1, 7.51%, 0, 0, 2, 19.26
1747775254, 0, 0, 541, 541, 1, 7.51%, 0, 0, 2, 26.73
1747775259, 0, 0, 542, 542, 1, 7.51%, 0, 0, 2, 24.96
1747775264, 0, 0, 544, 544, 1, 7.51%, 0, 0, 2, 23.73
1747775269, 0, 0, 545, 545, 1, 7.51%, 0, 0, 2, 21.42
1747775274, 0, 0, 546, 546, 1, 7.51%, 0, 0, 2, 5.22
1747775279, 0, 0, 548, 548, 1, 7.51%, 0, 0, 2, 24.91
1747775290, 0, 0, 551, 551, 1, 7.51%, 0, 0, 2, 21.53
1747775310, 0, 0, 552, 552, 1, 7.51%, 0, 0, 2, 20.23
1747775315, 0, 0, 553, 553, 1, 7.51%, 0, 0, 2, 28.18
1747775325, 0, 0, 554, 554, 1, 7.51%, 0, 0, 2, 28.17
1747775335, 0, 0, 555, 555, 1, 7.51%, 0, 0, 2, 21.56
1747775340, 0, 0, 556, 556, 1, 7.51%, 0, 0, 2, 4.13
1747775346, 0, 0, 558, 558, 1, 7.51%, 0, 0, 2, 16.94
1747775351, 0, 0, 559, 559, 1, 7.51%, 0, 0, 2, 4.13
1747775361, 0, 0, 560, 560, 1, 7.51%, 0, 0, 2, 3.01
1747775366, 0, 0, 561, 561, 1, 7.51%, 0, 0, 2, 23.09
1747775371, 0, 0, 563, 563, 1, 7.51%, 0, 0, 2, 16.08
1747775376, 0, 0, 565, 565, 1, 7.51%, 0, 0, 2, 16.06
1747775386, 0, 0, 566, 566, 1, 7.51%, 0, 0, 2, 23.42
1747775391, 0, 0, 568, 568, 1, 7.51%, 0, 0, 2, 14.49
1747775397, 0, 0, 569, 569, 1, 7.51%, 0, 0, 2, 3.69
1747775402, 0, 0, 570, 570, 1, 7.51%, 0, 0, 2, 27.82
1747775407, 0, 0, 572, 572, 1, 7.51%, 0, 0, 2, 22.78
1747775427, 0, 0, 573, 573, 1, 7.51%, 0, 0, 2, 24.29
1747775433, 0, 0, 574, 574, 1, 7.51%, 0, 0, 2, 2.96
1747775453, 0, 0, 575, 575, 1, 7.51%, 0, 0, 2, 22.36
1747775458, 0, 0, 577, 577, 1, 7.51%, 0, 0, 2, 20.91
1747775464, 0, 0, 579, 579, 1, 7.51%, 0, 0, 2, 20.89
1747775469, 0, 0, 581, 581, 1, 7.51%, 0, 0, 2, 3.73
1747775479, 0, 0, 583, 583, 1, 7.51%, 0, 0, 2, 21.67
1747775489, 0, 0, 584, 584, 1, 7.51%, 0, 0, 2, 3.55
1747775499, 0, 0, 585, 585, 1, 7.51%, 0, 0, 2, 26.10
1747775510, 0, 0, 586, 586, 1, 7.51%, 0, 0, 2, 24.11
1747775515, 0, 1, 588, 587, 20, 7.53%, 0, 0, 2, 10.79
1747775520, 0, 1, 590, 589, 20, 7.53%, 0, 0, 2, 6.78
1747775525, 0, 1, 592, 591, 20, 7.55%, 0, 0, 2, 5.58
1747775530, 0, 1, 593, 592, 20, 7.55%, 0, 0, 2, 4.72
1747775536, 0, 1, 595, 594, 20, 7.55%, 0, 0, 2, 4.55
1747775541, 0, 1, 596, 595, 20, 7.55%, 0, 0, 2, 5.22
1747775546, 0, 1, 597, 596, 20, 7.55%, 0, 0, 2, 4.73
1747775551, 0, 1, 598, 597, 20, 7.55%, 0, 0, 2, 7.12
1747775556, 0, 1, 599, 598, 20, 7.55%, 0, 0, 2, 5.69
1747775561, 0, 1, 600, 599, 20, 7.55%, 0, 0, 2, 5.25
1747775567, 0, 1, 602, 601, 20, 7.55%, 0, 0, 2, 5.85
1747775577, 0, 1, 604, 603, 20, 7.55%, 0, 0, 2, 4.72
1747775582, 0, 1, 605, 604, 20, 7.55%, 0, 0, 2, 5.34
1747775587, 0, 1, 606, 605, 20, 7.55%, 0, 0, 2, 4.87
1747775592, 0, 1, 607, 606, 20, 7.55%, 0, 0, 2, 5.62
1747775597, 0, 1, 608, 607, 20, 7.55%, 0, 0, 2, 4.64
1747775603, 0, 1, 609, 608, 20, 7.55%, 0, 0, 2, 5.87
1747775608, 0, 1, 610, 609, 20, 7.55%, 0, 0, 2, 5.21
1747775613, 0, 1, 612, 611, 20, 7.55%, 0, 0, 2, 4.58
1747775618, 0, 1, 613, 612, 20, 7.55%, 0, 0, 2, 4.46
1747775623, 0, 1, 615, 614, 20, 7.55%, 0, 0, 2, 5.37
1747775628, 0, 1, 616, 615, 20, 7.55%, 0, 0, 2, 4.45
1747775634, 0, 1, 617, 616, 20, 7.55%, 0, 0, 2, 4.54
1747775639, 0, 1, 618, 617, 20, 7.55%, 0, 0, 2, 7.64
1747775644, 0, 1, 619, 618, 20, 7.55%, 0, 0, 2, 6.43
1747775649, 0, 1, 620, 619, 20, 7.55%, 0, 0, 2, 6.40
1747775665, 0, 1, 622, 621, 20, 7.55%, 0, 0, 2, 4.76
1747775670, 0, 1, 623, 622, 20, 7.55%, 0, 0, 2, 4.63
1747775675, 0, 1, 624, 623, 20, 7.55%, 0, 0, 2, 5.29
1747775685, 0, 1, 625, 624, 20, 7.57%, 0, 0, 2, 5.39
1747775690, 0, 1, 626, 625, 20, 7.57%, 0, 0, 2, 5.35
1747775696, 0, 1, 628, 627, 20, 7.57%, 0, 0, 2, 5.43
1747775701, 0, 1, 629, 628, 20, 7.57%, 0, 0, 2, 3.97
1747775706, 0, 1, 630, 629, 20, 7.57%, 0, 0, 2, 3.81
1747775711, 0, 1, 631, 630, 20, 7.57%, 0, 0, 2, 3.93
1747775716, 0, 1, 632, 631, 20, 7.57%, 0, 0, 2, 3.60
1747775722, 0, 1, 634, 633, 20, 7.57%, 0, 0, 2, 3.66
1747775727, 0, 1, 635, 634, 20, 7.57%, 0, 0, 2, 3.40
1747775738, 0, 1, 636, 635, 20, 7.57%, 0, 0, 2, 2.43
1747775743, 0, 1, 637, 636, 20, 7.57%, 0, 0, 2, 5.13
1747775754, 0, 1, 638, 637, 20, 7.57%, 0, 0, 2, 2.83
1747775759, 0, 1, 639, 638, 20, 7.58%, 0, 0, 2, 4.68
1747775764, 0, 1, 640, 639, 20, 7.58%, 0, 0, 2, 5.13
1747775770, 0, 1, 641, 640, 20, 7.58%, 0, 0, 2, 4.63
1747775775, 0, 1, 642, 641, 20, 7.58%, 0, 0, 2, 3.38
1747775785, 0, 1, 644, 643, 20, 7.58%, 0, 0, 2, 3.62
1747775791, 0, 1, 645, 644, 20, 7.58%, 0, 0, 2, 3.07
1747775801, 0, 1, 646, 645, 20, 7.58%, 0, 0, 2, 2.90
1747775806, 0, 1, 647, 646, 20, 7.58%, 0, 0, 2, 2.68
1747775812, 0, 1, 648, 647, 20, 7.58%, 0, 0, 2, 3.51
1747775817, 0, 1, 649, 648, 20, 7.58%, 0, 0, 2, 3.14
1747775828, 0, 1, 651, 650, 20, 7.70%, 0, 0, 2, 4.25
1747775833, 0, 1, 652, 651, 20, 7.70%, 0, 0, 2, 5.01
1747775853, 0, 1, 653, 652, 20, 7.70%, 0, 0, 2, 5.32
1747775858, 0, 1, 654, 653, 20, 7.70%, 0, 0, 2, 3.75
1747775864, 0, 1, 655, 654, 20, 7.70%, 0, 0, 2, 4.75
1747775879, 0, 1, 656, 655, 20, 7.70%, 0, 0, 2, 4.74
1747775884, 0, 1, 657, 656, 20, 7.70%, 0, 0, 2, 4.41
1747775889, 0, 1, 658, 657, 20, 7.70%, 0, 0, 2, 4.83
1747775894, 0, 1, 659, 658, 20, 7.70%, 0, 0, 2, 4.93
1747775905, 0, 1, 661, 660, 20, 7.70%, 0, 0, 2, 5.32
1747775921, 0, 1, 663, 662, 20, 7.70%, 0, 0, 2, 5.00
1747775926, 0, 1, 664, 663, 20, 7.70%, 0, 0, 2, 4.82
1747775952, 0, 1, 665, 664, 20, 7.70%, 0, 0, 2, 5.80
1747775962, 0, 1, 666, 665, 20, 7.70%, 0, 0, 2, 4.52
1747775972, 0, 1, 667, 666, 20, 7.70%, 0, 0, 2, 6.68
1747775983, 0, 1, 668, 667, 20, 7.70%, 0, 0, 2, 3.98
1747775993, 0, 1, 670, 669, 20, 7.70%, 0, 0, 2, 4.45
1747776009, 0, 1, 671, 670, 20, 7.70%, 0, 0, 2, 5.77
1747776030, 0, 1, 672, 671, 20, 7.70%, 0, 0, 2, 6.10
1747776045, 0, 1, 673, 672, 20, 7.70%, 0, 0, 2, 5.96
1747776066, 0, 1, 674, 673, 20, 7.90%, 0, 0, 2, 4.81
1747776071, 0, 1, 675, 674, 20, 7.90%, 0, 0, 2, 5.09
1747776086, 0, 1, 676, 675, 20, 7.90%, 0, 0, 2, 5.36
1747776096, 0, 1, 678, 677, 20, 7.90%, 0, 0, 2, 3.85
1747776107, 0, 1, 679, 678, 20, 7.90%, 0, 0, 2, 6.37
1747776112, 0, 1, 680, 679, 20, 7.90%, 0, 0, 2, 5.78
1747776127, 0, 1, 681, 680, 20, 7.90%, 0, 0, 2, 5.00
1747776148, 0, 1, 682, 681, 20, 7.90%, 0, 0, 2, 7.32
1747776153, 0, 1, 683, 682, 20, 7.91%, 0, 0, 2, 5.49
1747776158, 0, 1, 684, 683, 20, 7.91%, 0, 0, 2, 4.29
1747776163, 0, 1, 685, 684, 20, 7.92%, 0, 0, 2, 5.35
1747776169, 0, 1, 686, 685, 20, 7.92%, 0, 0, 2, 4.23
1747776200, 0, 1, 687, 686, 20, 7.92%, 0, 0, 2, 6.04
1747776220, 0, 1, 688, 687, 20, 7.93%, 0, 0, 2, 5.47
1747776225, 0, 1, 689, 688, 20, 7.93%, 0, 0, 2, 4.70
1747776236, 0, 1, 690, 689, 20, 7.93%, 0, 0, 2, 3.30
1747776241, 0, 1, 691, 690, 20, 7.93%, 0, 0, 2, 4.13
1747776256, 0, 1, 692, 691, 20, 7.93%, 0, 0, 2, 4.39
1747776261, 0, 1, 693, 692, 20, 7.93%, 0, 0, 2, 3.95
1747776272, 0, 1, 694, 693, 20, 7.93%, 0, 0, 2, 6.18
1747776292, 0, 1, 695, 694, 20, 7.93%, 0, 0, 2, 4.57
1747776298, 0, 1, 696, 695, 20, 7.94%, 0, 0, 2, 3.46
1747776303, 0, 1, 697, 696, 20, 7.94%, 0, 0, 2, 3.33
1747776309, 0, 1, 699, 698, 20, 7.94%, 0, 0, 2, 15.88
1747776319, 0, 1, 701, 700, 20, 8.01%, 0, 0, 2, 6.63
1747776334, 0, 1, 702, 701, 20, 8.01%, 0, 0, 2, 5.66
1747776340, 0, 1, 703, 702, 20, 8.01%, 0, 0, 2, 3.92
1747776355, 0, 1, 704, 703, 20, 8.01%, 0, 0, 2, 3.27
1747776365, 0, 1, 705, 704, 20, 8.01%, 0, 0, 2, 4.58
1747776376, 0, 1, 706, 705, 20, 8.01%, 0, 0, 2, 5.01
1747776386, 0, 1, 707, 706, 20, 8.01%, 0, 0, 2, 4.13
1747776397, 0, 1, 708, 707, 20, 8.01%, 0, 0, 2, 4.38
1747776418, 0, 1, 709, 708, 20, 8.01%, 0, 0, 2, 1.59
1747776443, 0, 1, 710, 709, 20, 8.01%, 0, 0, 2, 4.85
1747776459, 0, 1, 712, 711, 20, 8.01%, 0, 0, 2, 4.33
1747776470, 0, 1, 713, 712, 20, 8.01%, 0, 0, 2, 4.53
1747776506, 0, 1, 714, 713, 20, 8.02%, 0, 0, 2, 5.25
1747776512, 0, 1, 715, 714, 20, 8.02%, 0, 0, 2, 5.55
1747776522, 0, 1, 716, 715, 20, 8.02%, 0, 0, 2, 5.05
1747776527, 0, 1, 717, 716, 20, 8.02%, 0, 0, 2, 3.95
1747776538, 0, 1, 719, 718, 20, 8.05%, 0, 0, 2, 5.15
1747776554, 0, 1, 720, 719, 20, 8.05%, 0, 0, 2, 5.71
1747776564, 0, 2, 720, 719, 21, 8.05%, 0, 0, 2, 6.29
1747776569, 0, 2, 721, 720, 21, 8.06%, 0, 0, 2, 5.65
1747776590, 0, 2, 722, 721, 21, 8.06%, 0, 0, 2, 3.93
1747776616, 0, 2, 723, 722, 21, 8.06%, 0, 0, 2, 4.54
1747776621, 0, 2, 724, 723, 21, 8.06%, 0, 0, 2, 3.80
1747776641, 0, 2, 725, 724, 21, 8.06%, 0, 0, 2, 5.71
1747776652, 0, 2, 726, 725, 21, 8.06%, 0, 0, 2, 5.23
1747776662, 0, 2, 727, 726, 21, 8.06%, 0, 0, 2, 4.58
1747776704, 0, 2, 728, 727, 21, 8.06%, 0, 0, 2, 5.10
1747776719, 0, 2, 729, 728, 21, 8.06%, 0, 0, 2, 5.34
1747776724, 0, 2, 730, 729, 21, 8.06%, 0, 0, 2, 4.51
1747776761, 0, 2, 731, 730, 21, 8.06%, 0, 0, 2, 4.75
1747776776, 0, 2, 732, 731, 21, 8.06%, 0, 0, 2, 6.02
1747776807, 0, 2, 733, 732, 21, 8.06%, 0, 0, 2, 5.50
1747776812, 0, 2, 734, 733, 21, 8.06%, 0, 0, 2, 4.64
1747776818, 0, 2, 735, 734, 21, 8.07%, 0, 0, 2, 3.79
1747776823, 0, 2, 736, 735, 21, 8.07%, 0, 0, 2, 3.80
1747776849, 0, 2, 737, 736, 21, 8.07%, 0, 0, 2, 5.34
1747776854, 0, 2, 738, 737, 21, 8.07%, 0, 0, 2, 5.02
1747776864, 0, 2, 739, 738, 21, 8.07%, 0, 0, 2, 4.42
1747776895, 0, 2, 740, 739, 21, 8.07%, 0, 0, 2, 5.89
1747776911, 0, 2, 741, 740, 21, 8.07%, 0, 0, 2, 4.48
1747776916, 0, 2, 742, 741, 21, 8.07%, 0, 0, 2, 5.19
1747776921, 0, 2, 743, 742, 21, 8.07%, 0, 0, 2, 4.54
1747776937, 0, 2, 744, 743, 21, 8.07%, 0, 0, 2, 4.51
1747776958, 0, 2, 745, 744, 21, 8.07%, 0, 0, 2, 4.58
1747776973, 0, 2, 746, 745, 21, 8.07%, 0, 0, 2, 5.50
1747776988, 0, 2, 747, 746, 21, 8.07%, 0, 0, 2, 5.21
1747777014, 0, 2, 748, 747, 21, 8.07%, 0, 0, 2, 5.45
1747777025, 0, 2, 749, 748, 21, 8.07%, 0, 0, 2, 4.80
1747777056, 0, 2, 750, 749, 21, 8.07%, 0, 0, 2, 6.06
1747777077, 0, 2, 751, 750, 21, 8.07%, 0, 0, 2, 7.22
1747777093, 0, 2, 752, 751, 21, 8.07%, 0, 0, 2, 5.91
1747777129, 0, 2, 753, 752, 21, 8.07%, 0, 0, 2, 6.05
1747777238, 0, 2, 754, 753, 21, 8.07%, 0, 0, 2, 5.38
1747777294, 0, 2, 755, 754, 21, 8.07%, 0, 0, 2, 6.26
1747777341, 0, 4, 755, 754, 25, 8.07%, 0, 0, 2, 6.70
1747777351, 0, 4, 756, 755, 25, 8.07%, 0, 0, 2, 4.52
1747777362, 0, 4, 757, 756, 25, 8.07%, 0, 0, 2, 4.50
1747777372, 0, 4, 758, 757, 25, 8.07%, 0, 0, 2, 6.80
1747777392, 0, 4, 759, 758, 25, 8.07%, 0, 0, 2, 5.90
1747777403, 0, 4, 760, 759, 25, 8.07%, 0, 0, 2, 4.37
1747777419, 0, 4, 761, 760, 25, 8.07%, 0, 0, 2, 4.21
1747777445, 0, 4, 762, 761, 25, 8.07%, 0, 0, 2, 4.69
1747777466, 0, 4, 763, 762, 25, 8.07%, 0, 0, 2, 4.94
1747777486, 0, 4, 764, 763, 25, 8.07%, 0, 0, 2, 5.99
1747777496, 0, 4, 765, 764, 25, 8.07%, 0, 0, 2, 4.43
1747777512, 0, 4, 766, 765, 25, 8.07%, 0, 0, 2, 4.24
1747777543, 0, 4, 767, 766, 25, 8.07%, 0, 0, 2, 4.31
1747777565, 0, 4, 768, 767, 25, 8.07%, 0, 0, 2, 4.41
1747777575, 0, 4, 769, 768, 25, 8.07%, 0, 0, 2, 21.12
1747777591, 0, 4, 770, 769, 25, 8.07%, 0, 0, 2, 4.22
1747777596, 0, 4, 771, 770, 25, 8.07%, 0, 0, 2, 3.16
1747777637, 0, 4, 772, 771, 25, 8.07%, 0, 0, 2, 5.57
1747777647, 0, 4, 773, 772, 25, 8.07%, 0, 0, 2, 5.12
1747777672, 0, 4, 774, 773, 25, 8.07%, 0, 0, 2, 4.96
1747777683, 0, 4, 775, 774, 25, 8.07%, 0, 0, 2, 4.22
1747777735, 0, 4, 776, 775, 25, 8.07%, 0, 0, 2, 4.29
1747777751, 0, 4, 777, 776, 25, 8.08%, 0, 0, 2, 5.55
1747777772, 0, 4, 778, 777, 25, 8.08%, 0, 0, 2, 5.56
1747777793, 0, 4, 779, 778, 25, 8.08%, 0, 0, 2, 5.18
1747777814, 0, 4, 780, 779, 25, 8.08%, 0, 0, 2, 5.15
1747777829, 0, 4, 781, 780, 25, 8.08%, 0, 0, 2, 4.51
1747777840, 0, 4, 782, 781, 25, 8.08%, 0, 0, 2, 3.61
1747777845, 0, 4, 783, 782, 25, 8.08%, 0, 0, 2, 4.24
1747777856, 0, 4, 784, 783, 25, 8.08%, 0, 0, 2, 4.35
1747777892, 0, 4, 785, 784, 25, 8.08%, 0, 0, 2, 5.91
1747777934, 0, 4, 786, 785, 25, 8.08%, 0, 0, 2, 6.10
1747777944, 0, 4, 787, 786, 25, 8.08%, 0, 0, 2, 5.08
1747777955, 0, 4, 788, 787, 25, 8.08%, 0, 0, 2, 5.88
1747777975, 0, 4, 789, 788, 25, 8.08%, 0, 0, 2, 3.72
1747777997, 0, 4, 790, 789, 25, 8.08%, 0, 0, 2, 4.23
1747778018, 0, 4, 791, 790, 25, 8.08%, 0, 0, 2, 4.85
1747778039, 0, 4, 792, 791, 25, 8.08%, 0, 0, 2, 4.98
1747778126, 0, 4, 793, 792, 25, 8.08%, 0, 0, 2, 4.39
1747778178, 0, 4, 794, 793, 25, 8.36%, 0, 0, 2, 6.08
1747778199, 0, 4, 795, 794, 25, 8.36%, 0, 0, 2, 4.07
1747778215, 0, 5, 795, 794, 25, 8.36%, 0, 0, 2, 6.33
1747778220, 0, 5, 796, 795, 25, 8.36%, 0, 0, 2, 4.74
1747778262, 0, 5, 797, 796, 25, 8.36%, 0, 0, 2, 3.99
1747778309, 0, 5, 798, 797, 25, 8.36%, 0, 0, 2, 3.92
1747778325, 0, 5, 799, 798, 25, 8.36%, 0, 0, 2, 5.09
1747778393, 0, 5, 800, 799, 25, 8.36%, 0, 0, 2, 4.93
1747778398, 0, 5, 801, 800, 25, 8.36%, 0, 0, 2, 4.94
1747778403, 0, 5, 802, 801, 25, 8.36%, 0, 0, 2, 4.77
1747778460, 0, 5, 803, 802, 25, 8.36%, 0, 0, 2, 5.04
1747778475, 0, 5, 804, 803, 25, 8.36%, 0, 0, 2, 4.68
1747778501, 0, 5, 806, 805, 25, 8.36%, 0, 0, 2, 6.13
1747778528, 0, 5, 807, 806, 25, 8.36%, 0, 0, 2, 5.45
1747778554, 0, 5, 808, 807, 25, 8.36%, 0, 0, 2, 7.11
1747778625, 0, 5, 809, 808, 25, 8.36%, 0, 0, 2, 5.75
1747778657, 0, 5, 810, 809, 25, 8.36%, 0, 0, 2, 4.53
1747778757, 0, 5, 811, 810, 25, 8.36%, 0, 0, 2, 5.07
1747778947, 0, 5, 812, 811, 25, 8.36%, 0, 0, 2, 4.55
1747778984, 0, 5, 813, 812, 25, 8.36%, 0, 0, 2, 5.45
1747778989, 0, 7, 814, 813, 26, 8.36%, 0, 0, 2, 3.95
1747779010, 0, 7, 815, 814, 26, 8.36%, 0, 0, 2, 3.80
1747779057, 0, 7, 816, 815, 26, 8.36%, 0, 0, 2, 4.98
1747779067, 0, 7, 817, 816, 26, 8.36%, 0, 0, 2, 3.73
1747779145, 0, 7, 818, 817, 26, 8.36%, 0, 0, 2, 4.34
1747779176, 0, 7, 819, 818, 26, 8.36%, 0, 0, 2, 4.68
1747779228, 0, 7, 820, 819, 26, 8.36%, 0, 0, 2, 3.95
1747779249, 0, 7, 821, 820, 26, 8.36%, 0, 0, 2, 4.66
1747779264, 0, 7, 822, 821, 26, 8.36%, 0, 0, 2, 4.30
1747779301, 0, 7, 823, 822, 26, 8.36%, 0, 0, 2, 5.03
1747779322, 0, 7, 824, 823, 26, 8.36%, 0, 0, 2, 3.61
1747779338, 0, 7, 825, 824, 26, 8.36%, 0, 0, 2, 5.02
1747779343, 0, 7, 826, 825, 26, 8.36%, 0, 0, 2, 3.80
1747779420, 0, 7, 827, 826, 26, 8.36%, 0, 0, 2, 5.67
1747779431, 0, 7, 828, 827, 26, 8.36%, 0, 0, 2, 4.72
1747779447, 0, 7, 829, 828, 26, 8.36%, 0, 0, 2, 4.25
1747779504, 0, 7, 830, 829, 26, 8.36%, 0, 0, 2, 5.16
1747779535, 0, 7, 831, 830, 26, 8.36%, 0, 0, 2, 4.05
1747779540, 0, 7, 832, 831, 26, 8.36%, 0, 0, 2, 3.51
1747779576, 0, 7, 833, 832, 26, 8.36%, 0, 0, 2, 4.57
1747779582, 0, 7, 834, 833, 26, 8.36%, 0, 0, 2, 4.01
1747779608, 0, 7, 835, 834, 26, 8.36%, 0, 0, 2, 3.75
1747779634, 0, 7, 836, 835, 26, 8.36%, 0, 0, 2, 4.31
1747779649, 0, 7, 837, 836, 26, 8.36%, 0, 0, 2, 4.88
1747779789, 0, 7, 838, 837, 26, 8.36%, 0, 0, 2, 6.52
1747779810, 0, 7, 839, 838, 26, 8.36%, 0, 0, 2, 6.77
1747779820, 0, 8, 839, 838, 26, 8.36%, 0, 0, 2, 8.21
1747779826, 0, 8, 840, 839, 26, 8.36%, 0, 0, 2, 7.48
1747779851, 0, 8, 841, 840, 26, 8.36%, 0, 0, 2, 4.62
1747779862, 0, 8, 842, 841, 26, 8.36%, 0, 0, 2, 2.94
1747780033, 0, 9, 843, 842, 26, 8.36%, 0, 0, 2, 5.90
1747780049, 0, 9, 844, 843, 26, 8.36%, 0, 0, 2, 4.03
1747780060, 0, 9, 845, 844, 26, 8.36%, 0, 0, 2, 6.17
1747780065, 0, 9, 846, 845, 26, 8.36%, 0, 0, 2, 4.98
1747780184, 0, 9, 847, 846, 26, 8.36%, 0, 0, 2, 4.54
1747780247, 0, 9, 848, 847, 26, 8.36%, 0, 0, 2, 4.33
1747780282, 0, 9, 849, 848, 26, 8.36%, 0, 0, 2, 5.32
1747780355, 0, 9, 850, 849, 26, 8.36%, 0, 0, 2, 5.30
1747780365, 0, 9, 851, 850, 26, 8.36%, 0, 0, 2, 4.26
1747780427, 0, 9, 852, 851, 26, 8.60%, 0, 0, 2, 5.11
1747780442, 0, 9, 853, 852, 26, 8.60%, 0, 0, 2, 4.76
1747780453, 0, 9, 854, 853, 26, 8.60%, 0, 0, 2, 4.23
1747780505, 0, 9, 855, 854, 26, 8.60%, 0, 0, 2, 4.70
1747780583, 0, 9, 856, 855, 26, 8.60%, 0, 0, 2, 6.39
1747780603, 0, 9, 857, 856, 26, 8.60%, 0, 0, 2, 4.00
1747780640, 0, 9, 858, 857, 26, 8.60%, 0, 0, 2, 4.80
1747780661, 0, 9, 859, 858, 26, 8.60%, 0, 0, 2, 5.73
1747780697, 0, 9, 860, 859, 26, 8.60%, 0, 0, 2, 3.62
1747780702, 0, 9, 861, 860, 26, 8.60%, 0, 0, 2, 2.81
1747780786, 0, 9, 862, 861, 26, 8.60%, 0, 0, 2, 3.98
1747780832, 0, 9, 863, 862, 26, 8.60%, 0, 0, 2, 5.58
1747780879, 0, 11, 863, 862, 25, 8.60%, 0, 0, 2, 5.58
1747780899, 0, 12, 863, 862, 25, 8.60%, 0, 0, 2, 6.25
1747780931, 0, 13, 863, 862, 25, 8.60%, 0, 0, 2, 6.80
1747780947, 0, 13, 864, 863, 25, 8.60%, 0, 0, 2, 4.00
1747780957, 0, 13, 865, 864, 25, 8.60%, 0, 0, 2, 3.46
1747780962, 0, 13, 866, 865, 25, 8.60%, 0, 0, 2, 3.87
1747781067, 0, 13, 867, 866, 25, 8.65%, 0, 0, 2, 3.57
1747781098, 0, 13, 868, 867, 25, 8.65%, 0, 0, 2, 1.08
1747781119, 0, 13, 869, 868, 25, 8.66%, 0, 0, 2, 3.30
1747781124, 0, 13, 870, 869, 25, 8.68%, 0, 0, 2, 3.19
1747781129, 0, 13, 871, 870, 25, 8.68%, 0, 0, 2, 3.18
1747781135, 0, 13, 872, 871, 25, 8.68%, 0, 0, 2, 2.90
1747781150, 0, 13, 873, 872, 25, 8.68%, 0, 0, 2, 5.06
1747781161, 0, 13, 874, 873, 25, 8.68%, 0, 0, 2, 4.06
1747781172, 0, 13, 875, 874, 25, 8.68%, 0, 0, 2, 2.57
1747781182, 0, 13, 876, 875, 25, 8.77%, 0, 0, 2, 4.00
1747781198, 0, 13, 877, 876, 25, 8.81%, 0, 0, 2, 4.10
1747781203, 0, 13, 878, 877, 25, 8.81%, 0, 0, 2, 3.59
1747781208, 0, 13, 879, 878, 25, 8.81%, 0, 0, 2, 2.77
1747781224, 0, 13, 880, 879, 25, 8.81%, 0, 0, 2, 5.34
1747781245, 0, 13, 881, 880, 25, 8.81%, 0, 0, 2, 3.78
1747781261, 0, 13, 882, 881, 25, 8.81%, 0, 0, 2, 3.94
1747781271, 0, 13, 883, 882, 25, 8.81%, 0, 0, 2, 3.66
1747781277, 0, 13, 884, 883, 25, 8.81%, 0, 0, 2, 1.82
1747781287, 0, 13, 885, 884, 25, 8.81%, 0, 0, 2, 3.97
1747781302, 0, 13, 886, 885, 25, 8.81%, 0, 0, 2, 3.79
1747781318, 0, 13, 887, 886, 25, 8.81%, 0, 0, 2, 3.59
1747781328, 0, 13, 888, 887, 25, 8.81%, 0, 0, 2, 4.44
1747781344, 0, 13, 889, 888, 25, 8.81%, 0, 0, 2, 4.18
1747781349, 0, 13, 890, 889, 25, 8.81%, 0, 0, 2, 3.21
1747781360, 0, 13, 891, 890, 25, 8.81%, 0, 0, 2, 2.99
1747781365, 0, 13, 892, 891, 25, 8.81%, 0, 0, 2, 3.11
1747781380, 0, 13, 893, 892, 25, 8.81%, 0, 0, 2, 4.01
1747781391, 0, 13, 894, 893, 25, 8.81%, 0, 0, 2, 3.69
1747781401, 0, 13, 895, 894, 25, 8.81%, 0, 0, 2, 4.10
1747781417, 0, 13, 896, 895, 25, 8.81%, 0, 0, 2, 3.55
1747781427, 0, 13, 897, 896, 25, 8.81%, 0, 0, 2, 4.52
1747781448, 0, 13, 898, 897, 25, 8.81%, 0, 0, 2, 5.31
1747781454, 0, 13, 899, 898, 25, 8.81%, 0, 0, 2, 4.02
1747781520, 0, 13, 900, 899, 25, 8.81%, 0, 0, 2, 5.23
1747781557, 0, 13, 901, 900, 25, 8.81%, 0, 0, 2, 4.49
1747781578, 0, 13, 902, 901, 25, 8.81%, 0, 0, 2, 3.60
1747781589, 0, 13, 903, 902, 25, 8.81%, 0, 0, 2, 4.56
1747781599, 0, 13, 904, 903, 25, 8.81%, 0, 0, 2, 3.73
1747781610, 0, 13, 905, 904, 25, 8.81%, 0, 0, 2, 4.43
1747781636, 0, 13, 906, 905, 25, 8.81%, 0, 0, 2, 4.53
1747781652, 0, 13, 907, 906, 25, 8.81%, 0, 0, 2, 4.86
1747781673, 0, 13, 908, 907, 25, 8.81%, 0, 0, 2, 4.43
1747781699, 0, 13, 909, 908, 25, 8.81%, 0, 0, 2, 3.64
1747781736, 0, 13, 910, 909, 25, 8.81%, 0, 0, 2, 4.53
1747781772, 0, 13, 911, 910, 25, 8.81%, 0, 0, 2, 4.71
1747781793, 0, 13, 912, 911, 25, 8.81%, 0, 0, 2, 7.17
1747781798, 0, 13, 913, 912, 25, 8.81%, 0, 0, 2, 7.61
1747781808, 0, 13, 914, 913, 25, 8.81%, 0, 0, 2, 6.49
1747781819, 0, 13, 915, 914, 25, 8.81%, 0, 0, 2, 7.13
1747781850, 0, 13, 916, 915, 25, 8.81%, 0, 0, 2, 8.36
1747781881, 0, 13, 917, 916, 25, 8.81%, 0, 0, 2, 8.42
1747781896, 0, 13, 918, 917, 25, 8.81%, 0, 0, 2, 7.16
1747781901, 0, 14, 919, 918, 27, 8.81%, 0, 0, 2, 6.53
1747781922, 0, 14, 920, 919, 27, 8.81%, 0, 0, 2, 9.32
1747781942, 0, 14, 921, 920, 27, 8.81%, 0, 0, 2, 6.65
1747781973, 0, 14, 922, 921, 27, 8.81%, 0, 0, 2, 5.99
1747781978, 0, 14, 923, 922, 27, 8.81%, 0, 0, 2, 5.02
1747781983, 0, 14, 924, 923, 27, 8.81%, 0, 0, 2, 6.44
1747781994, 0, 14, 925, 924, 27, 8.81%, 0, 0, 2, 7.56
1747781999, 0, 14, 926, 925, 27, 8.81%, 0, 0, 2, 7.97
1747782020, 0, 14, 927, 926, 27, 8.81%, 0, 0, 2, 7.94
1747782030, 0, 14, 928, 927, 27, 8.81%, 0, 0, 2, 7.45
1747782051, 0, 14, 929, 928, 27, 8.81%, 0, 0, 2, 7.54
1747782071, 0, 14, 930, 929, 27, 8.81%, 0, 0, 2, 7.29
1747782082, 0, 14, 931, 930, 27, 8.81%, 0, 0, 2, 7.95
1747782113, 0, 14, 932, 931, 27, 8.81%, 0, 0, 2, 6.98
1747782118, 0, 14, 933, 932, 27, 8.81%, 0, 0, 2, 5.84
1747782134, 0, 14, 934, 933, 27, 8.81%, 0, 0, 2, 7.32
1747782159, 0, 14, 935, 934, 27, 8.81%, 0, 0, 2, 7.36
1747782185, 0, 14, 936, 935, 27, 8.81%, 0, 0, 2, 6.78
1747782195, 0, 14, 937, 936, 27, 8.81%, 0, 0, 2, 40.54
1747782200, 0, 14, 938, 937, 27, 8.81%, 0, 0, 2, 4.59
1747782206, 0, 14, 940, 939, 27, 8.81%, 0, 0, 2, 5.27
1747782231, 0, 14, 941, 940, 27, 8.81%, 0, 0, 2, 7.78
1747782242, 0, 14, 942, 941, 27, 8.81%, 0, 0, 2, 8.14
1747782283, 0, 14, 943, 942, 27, 8.82%, 0, 0, 2, 6.28
1747782299, 0, 14, 944, 943, 27, 8.97%, 0, 0, 2, 1.26
1747782315, 0, 14, 945, 944, 27, 8.97%, 0, 0, 2, 7.17
1747782387, 0, 14, 946, 945, 27, 8.97%, 0, 0, 2, 5.94
1747782407, 0, 14, 947, 946, 27, 8.97%, 0, 0, 2, 4.85
1747782439, 0, 14, 948, 947, 27, 8.97%, 0, 0, 2, 5.98
1747782449, 0, 14, 949, 948, 27, 8.97%, 0, 0, 2, 3.69
1747782501, 0, 16, 949, 948, 26, 8.97%, 0, 0, 2, 5.40
1747782511, 0, 16, 950, 949, 26, 9.36%, 0, 0, 2, 3.89
1747782542, 0, 16, 951, 950, 26, 9.39%, 0, 0, 2, 4.29
1747782552, 0, 16, 952, 951, 26, 9.39%, 0, 0, 2, 5.24
1747782568, 0, 16, 953, 952, 26, 9.39%, 0, 0, 2, 4.30
1747782600, 0, 16, 954, 953, 26, 9.39%, 0, 0, 2, 3.84
1747782610, 0, 16, 955, 954, 26, 9.39%, 0, 0, 2, 3.13
1747782636, 0, 16, 956, 955, 26, 9.39%, 0, 0, 2, 4.04
1747782647, 0, 16, 957, 956, 26, 9.39%, 0, 0, 2, 3.17
1747782662, 0, 16, 958, 957, 26, 9.39%, 0, 0, 2, 3.99
1747782667, 0, 16, 958, 957, 26, 9.39%, 1, 0, 2, 4.46
1747782682, 0, 16, 958, 957, 26, 9.39%, 2, 0, 2, 4.65
1747782693, 0, 16, 959, 958, 26, 9.39%, 2, 0, 2, 4.63
1747782714, 0, 16, 960, 959, 26, 9.39%, 2, 0, 2, 3.81
1747782756, 0, 16, 961, 960, 26, 9.39%, 2, 0, 2, 4.36
1747782776, 0, 16, 962, 961, 26, 9.39%, 2, 0, 2, 3.40
1747782787, 0, 16, 963, 962, 26, 9.39%, 2, 0, 2, 3.25
1747782803, 0, 16, 964, 963, 26, 9.39%, 2, 0, 2, 3.19
1747782808, 0, 16, 965, 964, 26, 9.39%, 2, 0, 2, 3.64
1747782818, 0, 16, 966, 965, 26, 9.39%, 2, 0, 2, 3.75
1747782823, 0, 16, 967, 966, 26, 9.39%, 2, 0, 2, 3.61
1747782839, 0, 16, 968, 967, 26, 9.39%, 2, 0, 2, 3.59
1747782845, 0, 16, 969, 968, 26, 9.40%, 2, 0, 2, 2.91
1747782850, 0, 16, 970, 969, 26, 9.40%, 2, 0, 2, 3.89
1747782932, 0, 16, 971, 970, 26, 9.40%, 2, 0, 2, 4.97
1747782959, 0, 16, 972, 971, 26, 9.40%, 2, 0, 2, 3.63
1747782969, 0, 16, 973, 972, 26, 9.40%, 2, 0, 2, 3.19
1747782995, 0, 16, 973, 972, 26, 9.40%, 3, 0, 2, 4.22
1747783016, 0, 16, 974, 973, 26, 9.40%, 3, 0, 2, 5.16
1747783033, 0, 16, 975, 974, 26, 9.40%, 3, 0, 2, 4.18
1747783053, 0, 16, 976, 975, 26, 9.40%, 3, 0, 2, 4.33
1747783074, 0, 16, 977, 976, 26, 9.40%, 3, 0, 2, 4.88
1747783106, 0, 16, 978, 977, 26, 9.40%, 3, 0, 2, 4.54
1747783153, 0, 16, 979, 978, 26, 9.40%, 3, 0, 2, 4.34
1747783168, 0, 16, 980, 979, 26, 9.40%, 3, 0, 2, 4.04
1747783184, 0, 16, 980, 979, 26, 9.40%, 3, 1, 2, 4.42
1747783199, 0, 16, 981, 980, 26, 9.40%, 3, 1, 2, 3.54
1747783210, 0, 16, 982, 981, 26, 9.40%, 3, 1, 2, 5.96
1747783261, 0, 16, 983, 982, 26, 9.40%, 3, 1, 2, 4.05
1747783272, 0, 16, 983, 982, 26, 9.40%, 4, 1, 2, 3.29
1747783318, 0, 16, 984, 983, 26, 9.40%, 4, 1, 2, 3.95
1747783334, 0, 16, 985, 984, 26, 9.40%, 4, 1, 2, 4.09
1747783349, 0, 16, 986, 985, 26, 9.40%, 4, 1, 2, 4.12
1747783360, 0, 16, 987, 986, 26, 9.40%, 4, 1, 2, 2.76
1747783474, 0, 16, 988, 987, 26, 9.40%, 4, 1, 2, 3.98
1747783495, 0, 16, 989, 988, 26, 9.40%, 4, 1, 2, 4.09
1747783547, 0, 17, 989, 988, 27, 9.40%, 4, 1, 2, 8.85
1747783558, 0, 17, 990, 989, 27, 9.40%, 4, 1, 2, 1.58
1747783579, 0, 19, 990, 989, 27, 9.40%, 4, 1, 2, 9.77
1747783584, 0, 19, 990, 989, 27, 9.40%, 5, 1, 2, 8.58
1747783589, 0, 19, 991, 990, 27, 9.40%, 5, 1, 2, 5.59
1747783605, 0, 19, 992, 991, 27, 9.40%, 5, 1, 2, 10.40
1747783636, 0, 19, 993, 992, 27, 9.40%, 5, 1, 2, 8.86
1747783647, 0, 19, 993, 992, 27, 9.40%, 6, 1, 2, 9.17
1747783682, 0, 19, 994, 993, 27, 9.40%, 6, 1, 2, 6.48
1747783708, 0, 19, 994, 993, 27, 9.40%, 7, 1, 2, 8.22
1747783714, 0, 19, 995, 994, 27, 9.40%, 7, 1, 2, 5.91
1747783760, 0, 19, 996, 995, 27, 9.40%, 7, 1, 2, 6.25
1747783807, 0, 19, 997, 996, 27, 9.40%, 7, 1, 2, 8.87
1747783818, 0, 19, 998, 997, 27, 9.40%, 7, 1, 2, 6.80
1747783823, 0, 19, 999, 998, 27, 9.40%, 7, 1, 2, 4.34
1747783838, 0, 19, 999, 998, 27, 9.40%, 8, 1, 2, 9.37
1747783849, 0, 19, 1000, 999, 27, 9.40%, 8, 1, 2, 6.62
1747783865, 0, 19, 1001, 1000, 27, 9.40%, 8, 1, 2, 6.37
1747783870, 0, 19, 1002, 1001, 27, 9.40%, 8, 1, 2, 4.69
1747783886, 0, 19, 1003, 1002, 27, 9.40%, 8, 1, 2, 8.74
1747783952, 0, 19, 1004, 1003, 27, 9.40%, 8, 1, 2, 6.58
1747783958, 0, 19, 1005, 1004, 27, 9.40%, 8, 1, 2, 6.31
1747783973, 0, 19, 1006, 1005, 27, 9.40%, 8, 1, 2, 6.64
1747784005, 0, 19, 1007, 1006, 27, 9.40%, 8, 1, 2, 9.40
1747784067, 0, 19, 1008, 1007, 27, 9.40%, 8, 1, 2, 6.32
1747784083, 0, 19, 1009, 1008, 27, 9.40%, 8, 1, 2, 6.59
1747784109, 0, 19, 1010, 1009, 27, 9.40%, 8, 1, 2, 7.29
1747784119, 0, 19, 1011, 1010, 27, 9.40%, 8, 1, 2, 8.52
1747784124, 0, 19, 1012, 1011, 27, 9.40%, 8, 1, 2, 7.34
1747784129, 0, 20, 1012, 1011, 30, 9.40%, 8, 1, 2, 6.73
1747784150, 0, 21, 1012, 1011, 30, 9.40%, 8, 1, 2, 8.23
1747784155, 0, 21, 1013, 1012, 30, 9.40%, 8, 1, 2, 5.90
1747784161, 0, 21, 1014, 1013, 30, 9.40%, 8, 1, 2, 6.13
1747784171, 0, 21, 1015, 1014, 30, 9.40%, 8, 1, 2, 6.01
1747784176, 0, 21, 1015, 1014, 30, 9.40%, 9, 1, 2, 7.49
1747784181, 0, 21, 1016, 1015, 30, 9.40%, 9, 1, 2, 6.66
1747784186, 0, 21, 1016, 1015, 30, 9.40%, 10, 1, 2, 7.39
1747784202, 0, 21, 1016, 1015, 30, 9.40%, 11, 1, 2, 7.96
1747784217, 0, 21, 1017, 1016, 30, 9.40%, 11, 1, 2, 4.85
1747784233, 0, 21, 1018, 1017, 30, 9.40%, 11, 1, 2, 3.96
1747784259, 0, 21, 1019, 1018, 30, 9.40%, 11, 1, 2, 4.12
1747784264, 0, 21, 1020, 1019, 30, 9.40%, 11, 1, 2, 4.32
1747784275, 0, 21, 1021, 1020, 30, 9.40%, 11, 1, 2, 3.95
1747784321, 0, 21, 1022, 1021, 30, 9.40%, 11, 1, 2, 4.89
1747784332, 0, 21, 1022, 1021, 30, 9.40%, 12, 1, 2, 4.01
1747784337, 0, 21, 1023, 1022, 30, 9.40%, 13, 1, 2, 4.26
1747784373, 0, 21, 1024, 1023, 30, 9.40%, 13, 1, 2, 5.40
1747784388, 0, 21, 1025, 1024, 30, 9.40%, 13, 1, 2, 4.68
1747784393, 0, 21, 1025, 1024, 30, 9.40%, 14, 1, 2, 4.19
1747784414, 0, 21, 1025, 1024, 30, 9.40%, 15, 1, 2, 4.20
1747784430, 0, 21, 1026, 1025, 30, 9.40%, 15, 1, 2, 4.08
1747784456, 0, 21, 1026, 1025, 30, 9.40%, 16, 1, 2, 5.26
1747784498, 0, 21, 1026, 1025, 30, 9.40%, 17, 1, 2, 5.38
1747784524, 0, 21, 1026, 1025, 30, 9.40%, 18, 1, 2, 4.48
1747784534, 0, 21, 1026, 1025, 30, 9.40%, 19, 1, 2, 5.78
1747784555, 0, 21, 1026, 1025, 30, 9.40%, 20, 1, 2, 4.32
1747784560, 0, 21, 1026, 1025, 30, 9.40%, 21, 1, 2, 4.63
1747784576, 0, 21, 1026, 1025, 30, 9.40%, 22, 1, 2, 6.01
1747784608, 0, 21, 1027, 1026, 30, 9.40%, 22, 1, 2, 3.88
1747784628, 0, 21, 1028, 1027, 30, 9.40%, 22, 1, 2, 4.50
1747784639, 0, 21, 1028, 1027, 30, 9.40%, 23, 1, 2, 4.57
1747784670, 0, 21, 1028, 1027, 30, 9.40%, 24, 1, 2, 2.73
1747784717, 0, 21, 1028, 1027, 30, 9.40%, 25, 1, 2, 3.72
1747784727, 0, 21, 1028, 1027, 30, 9.40%, 26, 1, 2, 5.70
1747784742, 0, 21, 1028, 1027, 30, 9.40%, 27, 1, 2, 4.70
1747784753, 0, 21, 1028, 1027, 30, 9.40%, 28, 1, 2, 5.38
1747784768, 0, 21, 1029, 1028, 30, 9.40%, 28, 1, 2, 4.48
1747784790, 0, 21, 1029, 1028, 30, 9.40%, 29, 1, 2, 5.24
1747784796, 0, 21, 1030, 1029, 30, 9.40%, 29, 1, 2, 4.86
1747784807, 0, 21, 1031, 1030, 30, 9.40%, 29, 1, 2, 2.97
1747784823, 0, 21, 1031, 1030, 30, 9.40%, 30, 1, 2, 3.31
1747784839, 0, 21, 1032, 1031, 30, 9.40%, 30, 1, 2, 3.70
1747784849, 0, 21, 1032, 1031, 30, 9.40%, 31, 1, 2, 4.07
1747784869, 0, 21, 1032, 1031, 30, 9.40%, 32, 1, 2, 5.71
1747784875, 0, 21, 1032, 1031, 30, 9.40%, 33, 1, 2, 5.28
1747784880, 0, 21, 1033, 1032, 30, 9.40%, 33, 1, 2, 3.98
1747784891, 0, 21, 1033, 1032, 30, 9.40%, 34, 1, 2, 3.88
1747784901, 0, 21, 1034, 1033, 30, 9.40%, 34, 1, 2, 4.11
1747784926, 0, 21, 1035, 1034, 30, 9.40%, 34, 1, 2, 3.26
1747784936, 0, 21, 1035, 1034, 30, 9.40%, 35, 1, 2, 4.64
1747784958, 0, 21, 1036, 1035, 30, 9.40%, 35, 1, 2, 4.62
1747784963, 0, 21, 1036, 1035, 30, 9.40%, 36, 1, 2, 4.09
1747785000, 0, 21, 1036, 1035, 30, 9.40%, 37, 1, 2, 5.14
1747785025, 0, 21, 1036, 1035, 30, 9.40%, 39, 1, 2, 7.68
1747785036, 0, 21, 1037, 1036, 30, 9.40%, 39, 1, 2, 7.00
1747785067, 0, 22, 1037, 1036, 30, 9.40%, 40, 1, 2, 9.79
1747785072, 0, 22, 1038, 1037, 30, 9.40%, 41, 1, 2, 7.64
1747785082, 0, 22, 1038, 1037, 30, 9.40%, 42, 1, 2, 7.93
1747785087, 0, 22, 1039, 1038, 30, 9.40%, 43, 1, 2, 7.15
1747785098, 0, 22, 1040, 1039, 30, 9.40%, 43, 1, 2, 6.20
1747785108, 0, 22, 1041, 1040, 30, 9.40%, 43, 1, 2, 7.73
1747785118, 0, 22, 1041, 1040, 30, 9.40%, 44, 1, 2, 7.42
1747785134, 0, 22, 1041, 1040, 30, 9.40%, 45, 1, 2, 7.76
1747785155, 0, 22, 1041, 1040, 30, 9.40%, 46, 1, 2, 8.30
1747785160, 0, 22, 1042, 1041, 30, 9.40%, 46, 1, 2, 8.43
1747785170, 0, 22, 1044, 1043, 30, 9.40%, 46, 1, 2, 5.44
1747785181, 0, 22, 1044, 1043, 30, 9.40%, 47, 1, 2, 8.20
1747785186, 0, 22, 1045, 1044, 30, 9.40%, 47, 1, 2, 5.61
1747785191, 0, 22, 1046, 1045, 30, 9.40%, 47, 1, 2, 6.59
1747785196, 0, 22, 1046, 1045, 30, 9.40%, 48, 1, 2, 7.43
1747785202, 0, 22, 1047, 1046, 30, 9.40%, 48, 1, 2, 7.42
1747785233, 0, 22, 1047, 1046, 30, 9.40%, 49, 1, 2, 8.52
1747785249, 0, 22, 1047, 1046, 30, 9.40%, 51, 1, 2, 7.71
1747785254, 0, 22, 1047, 1046, 30, 9.40%, 53, 1, 2, 6.83
1747785300, 0, 22, 1048, 1047, 30, 9.40%, 53, 1, 2, 3.92
1747785311, 0, 22, 1049, 1048, 30, 9.40%, 53, 1, 2, 3.30
1747785327, 0, 22, 1049, 1048, 30, 9.40%, 54, 1, 2, 4.88
1747785337, 0, 22, 1050, 1049, 30, 9.40%, 54, 1, 2, 5.55
1747785342, 0, 22, 1050, 1049, 30, 9.40%, 55, 1, 2, 7.95
1747785352, 0, 22, 1051, 1050, 30, 9.40%, 55, 1, 2, 7.85
1747785363, 0, 22, 1051, 1050, 30, 9.40%, 56, 1, 2, 6.72
1747785373, 0, 22, 1052, 1051, 30, 9.40%, 56, 1, 2, 5.04
1747785472, 0, 22, 1052, 1051, 30, 9.40%, 57, 1, 2, 7.04
1747785483, 0, 22, 1053, 1052, 30, 9.40%, 57, 1, 2, 6.86
1747785488, 0, 22, 1054, 1053, 30, 9.40%, 57, 1, 2, 5.70
1747785514, 0, 22, 1055, 1054, 30, 9.40%, 58, 1, 2, 7.15
1747785524, 0, 22, 1056, 1055, 30, 9.40%, 58, 1, 2, 8.51
1747785566, 0, 22, 1056, 1055, 30, 9.40%, 59, 1, 2, 9.14
1747785576, 0, 22, 1057, 1056, 30, 9.40%, 59, 1, 2, 6.60
1747785597, 0, 22, 1058, 1057, 30, 9.40%, 59, 1, 2, 6.19
1747785613, 0, 22, 1059, 1058, 30, 9.40%, 59, 1, 2, 8.61
1747785628, 0, 22, 1060, 1059, 30, 9.40%, 59, 1, 2, 5.70
1747785649, 0, 22, 1061, 1060, 30, 9.40%, 59, 1, 2, 8.96
1747785716, 0, 23, 1062, 1061, 30, 9.40%, 59, 1, 2, 7.07
1747785747, 0, 24, 1062, 1061, 30, 9.40%, 60, 1, 2, 8.71
1747785752, 0, 24, 1063, 1062, 30, 9.40%, 60, 1, 2, 8.52
1747785767, 0, 24, 1064, 1063, 30, 9.40%, 61, 1, 2, 7.77
1747785793, 0, 24, 1064, 1063, 30, 9.40%, 62, 1, 2, 9.82
1747785814, 0, 26, 1064, 1063, 30, 9.40%, 62, 1, 2, 8.88
1747785824, 0, 26, 1064, 1063, 30, 9.40%, 63, 1, 2, 9.29
1747785829, 0, 28, 1064, 1063, 30, 9.40%, 63, 1, 2, 8.93
1747785840, 0, 28, 1064, 1063, 30, 9.40%, 64, 1, 2, 9.53
1747785845, 0, 29, 1064, 1063, 30, 9.40%, 64, 1, 2, 8.59
1747785860, 0, 30, 1064, 1063, 30, 9.40%, 64, 1, 2, 8.83
1747785875, 0, 31, 1064, 1063, 30, 9.40%, 64, 1, 2, 9.88
1747785880, 0, 31, 1065, 1064, 30, 9.40%, 64, 1, 2, 8.84
1747785902, 0, 31, 1065, 1064, 30, 9.40%, 65, 1, 2, 7.92
1747785907, 0, 32, 1065, 1064, 30, 9.40%, 65, 1, 2, 9.13
1747785922, 0, 33, 1065, 1064, 30, 9.40%, 65, 1, 2, 8.64
1747785933, 0, 33, 1066, 1065, 30, 9.40%, 65, 1, 2, 6.65
1747785938, 0, 33, 1067, 1066, 30, 9.40%, 65, 1, 2, 6.98
1747785958, 0, 33, 1068, 1067, 30, 9.40%, 65, 1, 2, 6.26
1747785979, 0, 33, 1069, 1068, 30, 9.40%, 65, 1, 2, 6.01
1747785984, 0, 33, 1070, 1069, 30, 9.40%, 65, 1, 2, 7.00
1747786041, 0, 33, 1071, 1070, 30, 9.40%, 65, 1, 2, 6.45
1747786118, 0, 33, 1072, 1071, 30, 9.40%, 65, 1, 2, 6.35
1747786149, 0, 33, 1073, 1072, 30, 9.40%, 65, 1, 2, 6.75
1747786201, 0, 33, 1073, 1072, 30, 9.40%, 66, 1, 2, 9.69
1747786212, 0, 33, 1073, 1072, 30, 9.40%, 67, 1, 2, 8.47
1747786222, 0, 33, 1073, 1072, 30, 9.40%, 68, 1, 2, 8.38
1747786232, 0, 33, 1074, 1073, 30, 9.40%, 68, 1, 2, 9.67
1747786268, 0, 33, 1075, 1074, 30, 9.40%, 68, 1, 2, 9.75
1747786356, 0, 33, 1076, 1075, 30, 9.40%, 68, 1, 2, 8.34
1747786377, 0, 33, 1077, 1076, 30, 9.40%, 68, 1, 2, 8.54
1747786387, 0, 33, 1078, 1077, 30, 9.40%, 68, 1, 2, 5.27
1747786397, 0, 33, 1079, 1078, 30, 9.40%, 68, 1, 2, 6.26
1747786444, 0, 35, 1079, 1078, 28, 9.40%, 68, 1, 2, 10.59
1747786459, 0, 36, 1079, 1078, 28, 9.40%, 69, 1, 2, 8.46
1747786474, 0, 36, 1080, 1079, 28, 9.40%, 70, 1, 2, 6.88
1747786479, 0, 36, 1081, 1080, 28, 9.40%, 70, 1, 2, 4.99
1747786526, 0, 36, 1082, 1081, 28, 9.41%, 70, 1, 2, 7.66
1747786531, 0, 36, 1083, 1082, 28, 9.41%, 70, 1, 2, 6.22
1747786557, 0, 36, 1084, 1083, 28, 9.41%, 70, 1, 2, 6.22
1747786603, 0, 36, 1085, 1084, 28, 9.41%, 70, 1, 2, 8.60
1747786614, 0, 36, 1085, 1084, 28, 9.41%, 71, 1, 2, 7.43
1747786619, 0, 36, 1086, 1085, 28, 9.41%, 71, 1, 2, 7.94
1747786650, 0, 36, 1086, 1085, 28, 9.41%, 73, 1, 2, 10.06
1747786660, 0, 36, 1087, 1086, 28, 9.41%, 73, 1, 2, 8.25
1747786681, 0, 36, 1088, 1087, 28, 9.41%, 73, 1, 2, 6.67
1747786691, 0, 36, 1088, 1087, 28, 9.41%, 75, 1, 2, 8.52
1747786696, 0, 36, 1088, 1087, 28, 9.41%, 76, 1, 2, 9.60
1747786712, 0, 36, 1088, 1087, 28, 9.41%, 77, 1, 2, 10.59
1747786717, 0, 36, 1089, 1088, 28, 9.41%, 77, 1, 2, 6.87
1747786753, 0, 36, 1090, 1089, 28, 9.41%, 78, 1, 2, 7.03
1747786768, 0, 36, 1090, 1089, 28, 9.41%, 80, 1, 2, 9.04
1747786788, 0, 36, 1090, 1089, 28, 9.41%, 81, 1, 2, 8.98
1747786793, 0, 36, 1090, 1089, 28, 9.41%, 82, 1, 2, 9.37
1747786809, 0, 36, 1090, 1089, 28, 9.41%, 83, 1, 2, 8.97
1747786814, 0, 36, 1090, 1089, 28, 9.41%, 84, 1, 2, 9.46
1747786835, 0, 36, 1090, 1089, 28, 9.41%, 85, 1, 2, 8.65
1747786866, 0, 36, 1090, 1089, 28, 9.41%, 86, 1, 2, 8.74
1747786876, 0, 36, 1090, 1089, 28, 9.41%, 87, 1, 2, 9.19
1747786881, 0, 36, 1090, 1089, 28, 9.41%, 88, 1, 2, 9.93
1747786886, 0, 36, 1090, 1089, 28, 9.41%, 89, 1, 2, 9.26
1747786912, 0, 36, 1090, 1089, 28, 9.41%, 92, 1, 2, 8.28
1747786938, 0, 36, 1090, 1089, 28, 9.41%, 93, 1, 2, 8.82
1747786948, 0, 36, 1091, 1090, 28, 9.41%, 93, 1, 2, 6.52
1747786964, 0, 36, 1092, 1091, 28, 9.41%, 93, 1, 2, 7.29
1747786984, 0, 36, 1093, 1092, 28, 9.41%, 93, 1, 2, 7.79
1747786999, 0, 37, 1093, 1092, 29, 9.41%, 94, 1, 2, 10.09
1747787015, 0, 38, 1093, 1092, 29, 9.41%, 94, 1, 2, 9.56
1747787030, 0, 38, 1093, 1092, 29, 9.41%, 96, 1, 2, 8.53
1747787035, 0, 39, 1093, 1092, 29, 9.41%, 96, 1, 2, 8.06
1747787046, 0, 39, 1094, 1093, 29, 9.41%, 96, 1, 2, 6.42
1747787066, 0, 43, 1094, 1093, 29, 9.41%, 97, 1, 2, 52.03
1747787102, 0, 43, 1095, 1094, 29, 9.41%, 97, 1, 3, 38.22
1747787133, 0, 43, 1096, 1095, 29, 9.41%, 97, 1, 3, 41.57
1747787143, 0, 43, 1097, 1096, 29, 9.41%, 97, 1, 3, 39.14
1747787148, 0, 43, 1098, 1097, 29, 9.41%, 97, 1, 3, 40.90
1747787220, 0, 43, 1099, 1098, 29, 9.41%, 97, 1, 3, 34.94
1747787240, 0, 43, 1100, 1099, 29, 9.41%, 97, 1, 3, 38.89
1747787287, 0, 43, 1101, 1100, 29, 9.41%, 97, 1, 3, 36.61
1747787312, 0, 43, 1102, 1101, 29, 9.41%, 97, 1, 3, 36.12
1747787374, 0, 43, 1103, 1102, 29, 9.41%, 97, 1, 3, 35.29
1747787384, 0, 44, 1103, 1101, 29, 9.41%, 97, 1, 3, 33.18
1747787400, 0, 45, 1103, 1101, 29, 9.41%, 97, 1, 3, 9.70
1747787415, 0, 49, 1103, 1101, 29, 9.41%, 97, 1, 3, 9.06
1747787430, 0, 50, 1103, 1101, 29, 9.41%, 98, 1, 3, 8.12
1747787441, 0, 50, 1103, 1101, 29, 9.41%, 99, 1, 3, 9.08
1747787446, 0, 51, 1103, 1101, 29, 9.41%, 99, 1, 3, 9.12
1747787456, 0, 51, 1103, 1101, 29, 9.41%, 100, 1, 3, 8.39
1747787461, 0, 51, 1104, 1102, 29, 9.41%, 100, 1, 3, 6.14
1747787472, 0, 51, 1104, 1102, 29, 9.41%, 101, 1, 3, 8.18
1747787482, 0, 52, 1105, 1103, 29, 9.41%, 101, 1, 3, 7.04
1747787519, 0, 53, 1106, 1104, 29, 9.41%, 101, 1, 3, 8.50
1747787550, 0, 54, 1107, 1105, 29, 9.41%, 101, 1, 3, 8.04
1747787571, 0, 54, 1107, 1105, 29, 9.41%, 102, 1, 3, 9.63
1747787581, 0, 54, 1108, 1106, 29, 9.41%, 102, 1, 3, 7.16
1747787602, 0, 54, 1109, 1107, 29, 9.41%, 102, 1, 3, 6.52
1747787612, 0, 54, 1110, 1108, 29, 9.41%, 102, 1, 3, 6.64
1747787653, 0, 54, 1110, 1108, 29, 9.41%, 103, 1, 3, 7.63
1747787690, 0, 54, 1111, 1109, 29, 9.41%, 103, 1, 3, 3.91
1747787736, 0, 54, 1112, 1110, 29, 9.41%, 103, 1, 3, 5.02
1747787757, 0, 54, 1113, 1111, 29, 9.41%, 103, 1, 3, 4.80
1747787789, 0, 54, 1114, 1112, 29, 9.41%, 103, 1, 3, 4.60
1747787888, 0, 54, 1115, 1113, 29, 9.41%, 103, 1, 3, 4.27
1747787898, 0, 54, 1116, 1114, 29, 9.41%, 103, 1, 3, 2.94
1747787956, 0, 54, 1117, 1115, 29, 9.41%, 103, 1, 3, 4.48
1747788076, 0, 54, 1118, 1116, 29, 9.41%, 103, 1, 3, 3.75
1747788091, 0, 54, 1119, 1117, 29, 9.41%, 103, 1, 3, 4.49
1747788102, 0, 54, 1119, 1117, 29, 9.41%, 104, 1, 3, 5.47
1747788210, 0, 54, 1120, 1118, 29, 9.41%, 104, 1, 3, 4.92
1747788252, 0, 54, 1120, 1118, 29, 9.41%, 105, 1, 3, 5.17
1747788257, 0, 54, 1121, 1119, 29, 9.41%, 105, 1, 3, 4.85
1747788293, 0, 54, 1122, 1120, 29, 9.48%, 105, 1, 3, 4.20
1747788355, 0, 54, 1123, 1121, 29, 9.48%, 105, 1, 3, 4.10
1747788392, 0, 55, 1123, 1121, 31, 9.48%, 105, 1, 3, 4.60
1747788417, 0, 57, 1123, 1121, 31, 9.48%, 105, 1, 3, 6.68
1747788449, 0, 58, 1123, 1121, 31, 9.48%, 105, 1, 3, 4.98
1747788475, 0, 60, 1123, 1121, 31, 9.48%, 105, 1, 3, 6.45
1747788495, 0, 60, 1124, 1122, 31, 9.48%, 106, 1, 3, 4.18
1747788532, 0, 61, 1124, 1122, 31, 9.48%, 106, 1, 3, 5.19
1747788557, 0, 63, 1124, 1122, 31, 9.48%, 106, 1, 3, 3.91
1747788583, 0, 65, 1124, 1122, 31, 9.48%, 106, 1, 3, 5.64
1747788594, 0, 65, 1124, 1122, 31, 9.48%, 107, 1, 3, 5.24
1747788609, 0, 66, 1124, 1122, 31, 9.48%, 107, 1, 3, 6.25
1747788635, 0, 67, 1124, 1122, 31, 9.48%, 107, 1, 3, 4.65
1747788662, 0, 68, 1124, 1122, 31, 9.48%, 107, 1, 3, 4.64
1747788693, 0, 69, 1124, 1122, 31, 9.48%, 107, 1, 3, 4.55
1747788719, 0, 70, 1124, 1122, 31, 9.48%, 107, 1, 3, 7.12
1747788745, 0, 71, 1125, 1123, 31, 9.48%, 107, 1, 3, 4.81
1747788771, 0, 71, 1125, 1123, 31, 9.48%, 108, 1, 3, 5.17
1747788803, 0, 72, 1125, 1123, 31, 9.48%, 108, 1, 3, 4.70
1747788824, 0, 72, 1126, 1124, 31, 9.48%, 108, 1, 3, 4.66
1747788860, 0, 72, 1126, 1124, 31, 9.48%, 109, 1, 3, 4.83
1747788865, 0, 73, 1126, 1124, 31, 9.48%, 109, 1, 3, 5.19
1747788891, 0, 74, 1126, 1124, 31, 9.48%, 109, 1, 3, 5.53
1747788917, 0, 75, 1126, 1124, 31, 9.48%, 109, 1, 3, 5.58
1747788943, 0, 76, 1126, 1124, 31, 9.48%, 109, 1, 3, 7.19
1747788968, 0, 78, 1126, 1124, 31, 9.48%, 109, 1, 3, 5.51
1747789000, 0, 79, 1126, 1124, 31, 9.48%, 109, 1, 3, 4.59
1747789025, 0, 80, 1126, 1124, 31, 9.48%, 109, 1, 3, 4.55
1747789031, 0, 80, 1126, 1124, 31, 9.48%, 110, 1, 3, 4.34
1747789057, 0, 81, 1126, 1124, 31, 9.48%, 110, 1, 3, 4.41
1747789083, 0, 82, 1126, 1124, 31, 9.48%, 110, 1, 3, 4.49
1747789109, 0, 82, 1127, 1125, 31, 9.48%, 110, 1, 3, 3.16
1747789125, 0, 82, 1127, 1125, 31, 9.48%, 111, 1, 3, 4.87
1747789131, 0, 82, 1128, 1126, 31, 9.48%, 111, 1, 3, 3.83
1747789146, 0, 82, 1129, 1127, 31, 9.48%, 111, 1, 3, 3.54
1747789189, 0, 82, 1130, 1128, 31, 9.48%, 111, 1, 3, 4.10
1747789261, 0, 82, 1131, 1129, 31, 9.48%, 111, 1, 3, 3.25
1747789329, 0, 82, 1131, 1129, 31, 9.48%, 112, 1, 3, 3.73
1747789366, 0, 82, 1131, 1129, 31, 9.48%, 113, 1, 3, 5.25
1747789398, 0, 82, 1131, 1129, 31, 9.48%, 114, 1, 3, 4.70
1747789409, 0, 82, 1131, 1129, 31, 9.48%, 115, 1, 3, 4.64
1747789445, 0, 82, 1131, 1129, 31, 9.48%, 117, 1, 3, 4.90
1747789451, 0, 82, 1131, 1129, 31, 9.48%, 118, 1, 3, 5.14
1747789461, 0, 82, 1131, 1129, 31, 9.48%, 119, 1, 3, 4.76
1747789509, 0, 82, 1132, 1130, 31, 9.48%, 119, 1, 3, 4.37
1747789629, 0, 82, 1132, 1130, 31, 9.48%, 120, 1, 3, 4.88
1747789644, 0, 82, 1133, 1131, 31, 9.48%, 120, 1, 3, 4.33
1747789727, 0, 82, 1133, 1131, 31, 9.48%, 121, 1, 3, 5.44
1747789738, 0, 82, 1133, 1131, 31, 9.48%, 122, 1, 3, 4.96
1747789790, 0, 82, 1133, 1131, 31, 9.48%, 123, 1, 3, 4.78
1747789821, 0, 82, 1133, 1131, 31, 9.48%, 124, 1, 3, 4.85
1747789899, 0, 82, 1133, 1131, 31, 9.48%, 125, 1, 3, 4.32
1747789909, 0, 82, 1133, 1131, 31, 9.48%, 126, 1, 3, 4.46
1747789956, 0, 82, 1133, 1131, 31, 9.48%, 127, 1, 3, 4.71
1747789967, 0, 82, 1134, 1132, 31, 9.48%, 127, 1, 3, 3.77
1747789982, 0, 82, 1134, 1132, 31, 9.48%, 128, 1, 3, 4.66
1747790008, 0, 83, 1134, 1132, 32, 9.48%, 128, 1, 3, 5.01
1747790023, 0, 83, 1134, 1132, 32, 9.48%, 129, 1, 3, 5.28
1747790033, 0, 84, 1134, 1132, 32, 9.48%, 129, 1, 3, 4.60
1747790059, 0, 86, 1134, 1132, 32, 9.48%, 129, 1, 3, 5.14
1747790070, 0, 86, 1135, 1133, 32, 9.48%, 129, 1, 3, 4.10
1747790111, 0, 86, 1135, 1133, 32, 9.48%, 130, 1, 3, 4.94
1747790116, 0, 87, 1135, 1133, 32, 9.48%, 130, 1, 3, 5.89
1747790147, 0, 88, 1135, 1133, 32, 9.48%, 130, 1, 3, 4.46
1747790158, 0, 88, 1136, 1134, 32, 9.48%, 131, 1, 3, 3.92
1747790169, 0, 88, 1136, 1134, 32, 9.48%, 131, 2, 3, 2.97
1747790205, 0, 88, 1136, 1134, 32, 9.48%, 132, 2, 3, 4.80
1747790210, 0, 90, 1136, 1134, 32, 9.48%, 132, 2, 3, 4.19
1747790242, 0, 93, 1136, 1134, 32, 9.48%, 132, 2, 3, 4.60
1747790262, 0, 93, 1136, 1134, 32, 9.48%, 133, 2, 3, 4.15
1747790267, 0, 95, 1136, 1134, 32, 9.48%, 133, 2, 3, 5.64
1747790293, 0, 96, 1136, 1134, 32, 9.48%, 133, 2, 3, 5.05
1747790309, 0, 96, 1136, 1134, 32, 9.48%, 134, 2, 3, 4.43
1747790320, 0, 97, 1136, 1134, 32, 9.48%, 134, 2, 3, 5.09
1747790346, 0, 98, 1136, 1134, 32, 9.48%, 134, 2, 3, 4.94
1747790351, 0, 98, 1137, 1135, 32, 9.48%, 134, 2, 3, 3.84
1747790362, 0, 98, 1138, 1136, 32, 9.48%, 134, 2, 3, 3.83
1747790378, 0, 98, 1139, 1137, 32, 9.48%, 134, 2, 3, 4.21
1747790394, 0, 98, 1139, 1137, 32, 9.48%, 135, 2, 3, 5.29
1747790435, 0, 98, 1139, 1137, 32, 9.48%, 136, 2, 3, 4.35
1747790441, 0, 98, 1139, 1137, 32, 9.48%, 137, 2, 3, 4.82
1747790498, 0, 98, 1140, 1138, 32, 9.48%, 137, 2, 3, 5.09
1747790627, 0, 98, 1141, 1139, 32, 9.48%, 137, 2, 3, 3.44
1747790649, 0, 98, 1142, 1140, 32, 9.48%, 137, 2, 3, 3.65
1747790691, 0, 98, 1143, 1141, 32, 9.48%, 137, 2, 3, 3.66
1747790707, 0, 98, 1144, 1142, 32, 9.48%, 138, 2, 3, 4.32
1747790734, 0, 98, 1145, 1143, 32, 9.48%, 138, 2, 3, 3.04
1747790776, 0, 98, 1145, 1143, 32, 9.48%, 139, 2, 3, 5.12
1747790828, 0, 98, 1146, 1144, 32, 9.48%, 139, 2, 3, 4.86
1747790875, 0, 98, 1146, 1144, 32, 9.48%, 140, 2, 3, 4.31
1747791156, 0, 98, 1146, 1144, 32, 9.48%, 142, 2, 3, 5.33
1747791270, 0, 99, 1147, 1145, 32, 9.48%, 142, 2, 3, 4.67
1747791322, 0, 100, 1147, 1145, 32, 9.48%, 142, 2, 3, 5.39
1747791348, 0, 102, 1147, 1145, 32, 9.48%, 142, 2, 3, 5.35
1747791354, 0, 102, 1148, 1146, 32, 9.48%, 142, 2, 3, 3.97
1747791411, 0, 102, 1149, 1147, 32, 9.48%, 142, 2, 3, 4.00
1747791473, 0, 103, 1150, 1148, 32, 9.48%, 142, 2, 3, 3.78
1747791505, 0, 103, 1150, 1148, 32, 9.48%, 144, 2, 3, 4.03
1747791515, 0, 103, 1150, 1148, 32, 9.48%, 145, 2, 3, 4.39
1747791536, 0, 104, 1150, 1148, 32, 9.48%, 145, 2, 3, 5.16
1747791546, 0, 104, 1151, 1149, 32, 9.50%, 145, 2, 3, 4.29
1747791594, 0, 104, 1151, 1149, 32, 9.50%, 146, 2, 3, 4.78
1747791599, 0, 105, 1151, 1149, 33, 9.50%, 146, 2, 3, 4.84
1747791625, 0, 106, 1151, 1149, 33, 9.50%, 146, 2, 3, 5.60
1747791645, 0, 107, 1151, 1149, 33, 9.50%, 146, 2, 3, 5.16
1747791656, 0, 107, 1152, 1150, 33, 9.50%, 146, 2, 3, 4.43
1747791692, 0, 107, 1152, 1150, 33, 9.50%, 147, 2, 3, 4.40
1747791712, 0, 108, 1152, 1150, 33, 9.50%, 147, 2, 3, 4.98
1747791733, 0, 109, 1152, 1150, 33, 9.50%, 147, 2, 3, 6.02
1747791759, 0, 110, 1152, 1150, 33, 9.50%, 147, 2, 3, 5.15
1747791775, 0, 110, 1154, 1152, 33, 9.50%, 147, 2, 3, 4.18
1747791879, 0, 111, 1154, 1152, 33, 9.50%, 147, 2, 3, 6.04
1747791905, 0, 112, 1154, 1152, 33, 9.50%, 147, 2, 3, 5.34
1747791931, 0, 114, 1154, 1152, 33, 9.50%, 147, 2, 3, 4.70
1747791952, 0, 114, 1154, 1152, 33, 9.50%, 148, 2, 3, 5.01
1747791958, 0, 115, 1154, 1152, 33, 9.50%, 148, 2, 3, 4.92
1747791989, 0, 116, 1154, 1152, 33, 9.50%, 148, 2, 3, 5.17
1747792015, 0, 117, 1154, 1152, 33, 9.50%, 148, 2, 3, 4.44
1747792020, 0, 117, 1155, 1153, 33, 9.50%, 148, 2, 3, 4.16
1747792056, 0, 117, 1156, 1154, 33, 9.50%, 148, 2, 3, 4.12
1747792077, 0, 117, 1157, 1155, 33, 9.50%, 148, 2, 3, 3.31
1747792155, 0, 117, 1158, 1156, 33, 9.50%, 148, 2, 3, 4.41
1747792177, 0, 117, 1158, 1156, 33, 9.50%, 149, 2, 3, 4.50
1747792187, 0, 117, 1158, 1156, 33, 9.50%, 150, 2, 3, 4.79
1747792209, 0, 117, 1158, 1156, 33, 9.50%, 151, 2, 3, 4.23
1747792229, 0, 117, 1158, 1156, 33, 9.50%, 152, 2, 3, 4.92
1747792251, 0, 117, 1158, 1156, 33, 9.50%, 153, 2, 3, 4.37
1747792302, 0, 117, 1159, 1157, 33, 9.50%, 153, 2, 3, 4.38
1747792349, 0, 117, 1159, 1157, 33, 9.50%, 155, 2, 3, 4.74
1747792427, 0, 117, 1159, 1157, 33, 9.50%, 156, 2, 3, 5.03
1747792511, 0, 117, 1159, 1157, 33, 9.50%, 157, 2, 3, 4.88
1747792516, 0, 117, 1159, 1157, 33, 9.50%, 158, 2, 3, 4.57
1747792527, 0, 117, 1159, 1157, 33, 9.50%, 159, 2, 3, 4.32
1747792553, 0, 117, 1159, 1157, 33, 9.50%, 160, 2, 3, 4.69
1747792558, 0, 117, 1159, 1157, 33, 9.50%, 162, 2, 3, 4.73
1747792621, 0, 117, 1159, 1157, 33, 9.50%, 163, 2, 3, 4.47
1747792642, 0, 117, 1159, 1157, 33, 9.50%, 164, 2, 3, 4.94
1747792662, 0, 117, 1159, 1157, 33, 9.50%, 165, 2, 3, 5.10
1747792704, 0, 117, 1159, 1157, 33, 9.50%, 166, 2, 3, 5.17
1747792828, 0, 117, 1159, 1157, 33, 9.50%, 167, 2, 3, 4.60
1747792834, 0, 117, 1160, 1158, 33, 9.50%, 167, 2, 3, 4.38
1747792870, 0, 117, 1161, 1159, 33, 9.50%, 168, 2, 3, 4.89
1747792880, 0, 117, 1161, 1159, 33, 9.50%, 169, 2, 3, 4.57
1747792896, 0, 117, 1161, 1159, 33, 9.50%, 170, 2, 3, 5.61
1747792912, 0, 117, 1161, 1159, 33, 9.50%, 171, 2, 3, 5.61
1747792922, 0, 118, 1161, 1159, 33, 9.50%, 171, 2, 3, 5.58
1747792948, 0, 119, 1161, 1159, 33, 9.50%, 171, 2, 3, 4.99
1747792965, 0, 119, 1162, 1160, 33, 9.50%, 171, 2, 3, 4.28
1747793010, 0, 120, 1162, 1160, 33, 9.50%, 171, 2, 3, 5.08
1747793036, 0, 121, 1162, 1160, 33, 9.50%, 171, 2, 3, 6.16
1747793063, 0, 122, 1162, 1160, 33, 9.50%, 171, 2, 3, 4.93
1747793089, 0, 123, 1162, 1160, 33, 9.50%, 171, 2, 3, 5.25
1747793109, 0, 123, 1162, 1160, 33, 9.50%, 172, 2, 3, 4.71
1747793114, 0, 124, 1162, 1160, 33, 9.50%, 172, 2, 3, 5.70
1747793141, 0, 125, 1162, 1160, 33, 9.50%, 172, 2, 3, 5.74
1747793157, 0, 125, 1162, 1160, 33, 9.50%, 173, 2, 3, 5.24
1747793162, 0, 126, 1162, 1160, 33, 9.50%, 173, 2, 3, 5.28
1747793188, 0, 128, 1162, 1160, 33, 9.50%, 173, 2, 3, 5.02
1747793214, 0, 129, 1162, 1160, 33, 9.50%, 173, 2, 3, 6.66
1747793240, 0, 129, 1163, 1161, 33, 9.50%, 173, 2, 3, 4.42
1747793267, 0, 130, 1163, 1161, 33, 9.50%, 173, 2, 3, 5.68
1747793293, 0, 131, 1163, 1161, 33, 9.50%, 173, 2, 3, 4.99
1747793319, 0, 132, 1163, 1161, 33, 9.50%, 173, 2, 3, 5.44
1747793345, 0, 133, 1163, 1161, 33, 9.50%, 173, 2, 3, 4.97
1747793371, 0, 134, 1163, 1161, 33, 9.50%, 173, 2, 3, 5.88
1747793396, 0, 135, 1163, 1161, 33, 9.50%, 173, 2, 3, 5.23
1747793422, 0, 136, 1163, 1161, 33, 9.50%, 173, 2, 3, 5.68
1747793427, 0, 136, 1164, 1162, 33, 9.50%, 173, 2, 3, 5.56
1747793473, 0, 137, 1164, 1162, 33, 9.50%, 173, 2, 3, 5.69
1747793499, 0, 138, 1164, 1162, 33, 9.50%, 173, 2, 3, 5.35
1747793520, 0, 138, 1165, 1163, 33, 9.50%, 173, 2, 3, 4.52
1747793561, 0, 139, 1165, 1163, 33, 9.50%, 173, 2, 3, 4.83
1747793592, 0, 140, 1165, 1163, 33, 9.50%, 173, 2, 3, 4.68
1747793618, 0, 142, 1165, 1163, 33, 9.50%, 173, 2, 3, 5.44
1747793639, 0, 142, 1166, 1164, 33, 9.50%, 173, 2, 3, 3.67
1747793681, 0, 143, 1166, 1164, 33, 9.50%, 173, 2, 3, 5.67
1747793707, 0, 144, 1166, 1164, 33, 9.50%, 173, 2, 3, 5.40
1747793733, 0, 145, 1166, 1164, 33, 9.50%, 173, 2, 3, 5.17
1747793764, 0, 146, 1166, 1164, 33, 9.50%, 174, 2, 3, 5.24
1747793785, 0, 146, 1166, 1164, 33, 9.50%, 175, 2, 3, 4.12
1747793790, 0, 147, 1166, 1164, 33, 9.50%, 175, 2, 3, 4.73
1747793822, 0, 148, 1166, 1164, 33, 9.50%, 176, 2, 3, 4.87
1747793842, 0, 148, 1166, 1164, 33, 9.50%, 177, 2, 3, 5.37
1747793847, 0, 149, 1166, 1164, 33, 9.50%, 177, 2, 3, 5.46
1747793868, 0, 149, 1166, 1164, 33, 9.50%, 178, 2, 3, 4.96
1747793878, 0, 150, 1166, 1164, 33, 9.50%, 180, 2, 3, 5.46
1747793904, 0, 152, 1166, 1164, 33, 9.50%, 180, 2, 3, 4.54
1747793930, 0, 153, 1166, 1164, 33, 9.50%, 180, 2, 3, 6.57
1747793936, 0, 153, 1166, 1164, 33, 9.50%, 181, 2, 3, 5.70
1747793957, 0, 154, 1166, 1164, 33, 9.50%, 181, 2, 3, 4.85
1747793983, 0, 155, 1166, 1164, 33, 9.50%, 181, 2, 3, 4.87
1747794009, 0, 156, 1166, 1164, 33, 9.50%, 181, 2, 3, 4.97
1747794030, 0, 156, 1166, 1164, 33, 9.50%, 182, 2, 3, 5.33
1747794040, 0, 157, 1166, 1164, 33, 9.50%, 182, 2, 3, 4.87
1747794046, 0, 157, 1166, 1164, 33, 9.50%, 183, 2, 3, 4.47
1747794066, 0, 158, 1166, 1164, 33, 9.50%, 183, 2, 3, 4.85
1747794087, 0, 158, 1166, 1164, 33, 9.50%, 184, 2, 3, 5.87
1747794092, 0, 159, 1166, 1164, 33, 9.50%, 184, 2, 3, 5.43
1747794118, 0, 160, 1166, 1164, 33, 9.50%, 184, 2, 3, 5.08
1747794144, 0, 161, 1166, 1164, 33, 9.50%, 185, 2, 3, 4.71
1747794170, 0, 162, 1166, 1164, 33, 9.50%, 185, 2, 3, 5.54
1747794190, 0, 163, 1166, 1164, 33, 9.50%, 185, 2, 3, 6.06
1747794201, 0, 163, 1166, 1164, 33, 9.50%, 186, 2, 3, 5.82
1747794206, 0, 163, 1167, 1165, 33, 9.50%, 186, 2, 3, 4.42
1747794248, 0, 164, 1167, 1165, 33, 9.50%, 186, 2, 3, 6.48
1747794279, 0, 166, 1167, 1165, 33, 9.50%, 186, 2, 3, 4.89
1747794290, 0, 166, 1167, 1165, 33, 9.50%, 187, 2, 3, 4.51
1747794305, 0, 167, 1167, 1165, 33, 9.50%, 187, 2, 3, 4.91
1747794326, 0, 168, 1167, 1165, 33, 9.50%, 187, 2, 3, 5.94
1747794336, 0, 168, 1167, 1165, 33, 9.50%, 188, 2, 3, 5.65
1747794356, 0, 169, 1167, 1165, 33, 9.50%, 188, 2, 3, 4.78
1747794382, 0, 170, 1167, 1165, 33, 9.50%, 188, 2, 3, 5.63
1747794403, 0, 171, 1167, 1165, 33, 9.50%, 188, 2, 3, 6.53
1747794419, 0, 171, 1167, 1165, 33, 9.50%, 189, 2, 3, 5.15
1747794429, 0, 172, 1167, 1165, 33, 9.50%, 189, 2, 3, 5.66
1747794455, 0, 174, 1167, 1165, 33, 9.50%, 189, 2, 3, 5.24
1747794471, 0, 174, 1167, 1165, 33, 9.50%, 190, 2, 3, 5.87
1747794476, 0, 175, 1167, 1165, 33, 9.50%, 190, 2, 3, 4.97
1747794503, 0, 176, 1167, 1165, 33, 9.50%, 190, 2, 3, 5.51
1747794523, 0, 176, 1167, 1165, 33, 9.50%, 191, 2, 3, 5.67
1747794529, 0, 177, 1167, 1165, 33, 9.50%, 191, 2, 3, 5.35
1747794555, 0, 178, 1167, 1165, 33, 9.50%, 191, 2, 3, 5.24
1747794582, 0, 179, 1167, 1165, 33, 9.50%, 191, 2, 3, 6.22
1747794607, 0, 180, 1167, 1165, 33, 9.50%, 191, 2, 3, 5.13
1747794628, 0, 181, 1167, 1165, 33, 9.50%, 191, 2, 3, 5.58
1747794659, 0, 182, 1167, 1165, 33, 9.50%, 191, 2, 3, 5.25
1747794685, 0, 182, 1168, 1166, 33, 9.50%, 191, 2, 3, 4.17
1747794717, 0, 183, 1168, 1166, 33, 9.50%, 192, 2, 3, 5.51
1747794743, 0, 184, 1168, 1166, 33, 9.50%, 192, 2, 3, 6.11
1747794759, 0, 184, 1168, 1166, 33, 9.50%, 193, 2, 3, 4.90
1747794769, 0, 185, 1168, 1166, 33, 9.50%, 193, 2, 3, 4.55
1747794801, 0, 186, 1168, 1166, 33, 9.50%, 193, 2, 3, 4.30
1747794827, 0, 187, 1168, 1166, 33, 9.50%, 193, 2, 3, 6.28
1747794848, 0, 188, 1168, 1166, 33, 9.50%, 194, 2, 3, 5.46
1747794874, 0, 189, 1168, 1166, 33, 9.50%, 194, 2, 3, 6.61
1747794884, 0, 189, 1168, 1166, 33, 9.50%, 195, 2, 3, 5.44
1747794899, 0, 190, 1168, 1166, 33, 9.50%, 196, 2, 3, 5.39
1747794914, 0, 190, 1168, 1166, 33, 9.50%, 197, 2, 3, 5.70
1747794930, 0, 191, 1168, 1166, 33, 9.50%, 197, 2, 3, 5.52
1747794951, 0, 192, 1168, 1166, 33, 9.50%, 197, 2, 3, 5.48
1747794977, 0, 193, 1168, 1166, 33, 9.50%, 197, 2, 3, 4.30
1747794988, 0, 193, 1168, 1166, 33, 9.50%, 198, 2, 3, 5.66
1747795008, 0, 194, 1168, 1166, 33, 9.50%, 198, 2, 3, 5.51
1747795029, 0, 195, 1168, 1166, 33, 9.50%, 199, 2, 3, 5.08
1747795055, 0, 196, 1168, 1166, 33, 9.50%, 199, 2, 3, 5.32
1747795081, 0, 197, 1168, 1166, 33, 9.50%, 199, 2, 3, 5.59
1747795096, 0, 197, 1169, 1167, 33, 9.50%, 199, 2, 3, 4.88
1747795138, 0, 198, 1169, 1167, 33, 9.50%, 199, 2, 3, 5.27
1747795164, 0, 199, 1169, 1167, 33, 9.50%, 199, 2, 3, 5.33
1747795190, 0, 200, 1169, 1167, 33, 9.50%, 199, 2, 3, 5.92
1747795211, 0, 201, 1169, 1167, 33, 9.50%, 199, 2, 3, 6.48
1747795232, 0, 204, 1169, 1167, 33, 9.50%, 199, 2, 3, 6.12
1747795263, 0, 205, 1169, 1167, 33, 9.50%, 199, 2, 3, 5.31
1747795289, 0, 206, 1169, 1167, 33, 9.50%, 199, 2, 3, 4.89
1747795315, 0, 209, 1169, 1167, 33, 9.50%, 199, 2, 3, 4.65
1747795346, 0, 210, 1169, 1167, 33, 9.50%, 199, 2, 3, 6.06
1747795373, 0, 211, 1169, 1167, 33, 9.50%, 199, 2, 3, 5.23
1747795398, 0, 212, 1169, 1167, 33, 9.50%, 199, 2, 3, 4.73
1747795424, 0, 214, 1169, 1167, 33, 9.50%, 199, 2, 3, 5.10
1747795451, 0, 215, 1169, 1167, 33, 9.50%, 199, 2, 3, 5.89
1747795477, 0, 216, 1169, 1167, 33, 9.50%, 199, 2, 3, 5.57
1747795503, 0, 217, 1169, 1167, 33, 9.50%, 200, 2, 3, 4.76
1747795529, 0, 218, 1169, 1167, 33, 9.50%, 200, 2, 3, 4.91
1747795555, 0, 219, 1169, 1167, 33, 9.50%, 200, 2, 3, 5.51
1747795586, 0, 224, 1169, 1167, 33, 9.50%, 200, 2, 3, 5.71
1747795607, 0, 225, 1169, 1167, 33, 9.50%, 200, 2, 3, 5.31
1747795638, 0, 226, 1169, 1167, 33, 9.50%, 200, 2, 3, 4.42
1747795659, 0, 227, 1169, 1167, 33, 9.50%, 200, 2, 3, 6.83
1747795680, 0, 228, 1169, 1167, 33, 9.50%, 200, 2, 3, 6.01
1747795706, 0, 229, 1169, 1167, 33, 9.50%, 200, 2, 3, 5.65
1747795727, 0, 232, 1169, 1167, 33, 9.50%, 200, 2, 3, 5.48
1747795732, 0, 232, 1169, 1167, 33, 9.50%, 201, 2, 3, 5.33
1747795753, 0, 233, 1169, 1167, 33, 9.50%, 201, 2, 3, 5.76
1747795779, 0, 234, 1169, 1167, 33, 9.50%, 201, 2, 3, 5.68
1747795800, 0, 234, 1169, 1167, 33, 9.50%, 202, 2, 3, 4.72
1747795805, 0, 235, 1169, 1167, 33, 9.50%, 202, 2, 3, 5.61
1747795831, 0, 236, 1169, 1167, 33, 9.50%, 202, 2, 3, 5.48
1747795862, 0, 239, 1169, 1167, 33, 9.50%, 202, 2, 3, 3.69
1747795887, 0, 240, 1169, 1167, 33, 9.50%, 202, 2, 3, 4.81
1747795914, 0, 241, 1170, 1168, 33, 9.50%, 202, 2, 3, 4.47
1747795977, 0, 243, 1170, 1168, 33, 9.50%, 202, 2, 3, 5.84
1747795998, 0, 244, 1170, 1168, 33, 9.50%, 202, 2, 3, 5.99
1747796008, 0, 244, 1171, 1169, 33, 9.50%, 202, 2, 3, 4.52
1747796051, 0, 245, 1171, 1169, 33, 9.50%, 202, 2, 3, 5.07
1747796077, 0, 245, 1171, 1169, 33, 9.50%, 203, 2, 3, 3.31
1747796082, 0, 248, 1171, 1169, 33, 9.50%, 203, 2, 3, 4.12
1747796108, 0, 249, 1171, 1169, 33, 9.50%, 203, 2, 3, 5.31
1747796134, 0, 251, 1171, 1169, 33, 9.50%, 203, 2, 3, 5.24
1747796154, 0, 252, 1171, 1169, 33, 9.50%, 203, 2, 3, 5.05
1747796180, 0, 253, 1171, 1169, 33, 9.50%, 203, 2, 3, 5.20
1747796191, 0, 253, 1172, 1170, 33, 9.50%, 203, 2, 3, 4.51
1747796211, 0, 253, 1173, 1171, 33, 9.50%, 203, 2, 3, 4.56
1747796263, 0, 253, 1174, 1172, 33, 9.50%, 203, 2, 3, 4.54
1747796278, 0, 253, 1175, 1173, 33, 9.50%, 203, 2, 3, 3.96
1747796294, 0, 253, 1175, 1173, 33, 9.50%, 204, 2, 3, 4.25
1747796299, 0, 253, 1176, 1174, 33, 9.50%, 204, 2, 3, 3.67
1747796366, 0, 253, 1176, 1174, 33, 9.50%, 205, 2, 3, 5.93
1747796377, 0, 253, 1176, 1174, 33, 9.50%, 206, 2, 3, 4.88
1747796393, 0, 253, 1176, 1174, 33, 9.50%, 207, 2, 3, 5.77
1747796414, 0, 253, 1176, 1174, 33, 9.50%, 208, 2, 3, 5.78
1747796451, 0, 253, 1176, 1174, 33, 9.50%, 209, 2, 3, 3.34
1747796590, 0, 253, 1177, 1175, 33, 9.50%, 210, 2, 3, 6.41
1747796663, 0, 253, 1177, 1175, 33, 9.50%, 211, 2, 3, 8.69
1747796710, 0, 253, 1177, 1175, 33, 9.50%, 212, 2, 3, 8.56
1747796721, 0, 253, 1177, 1175, 33, 9.50%, 213, 2, 3, 8.60
1747796731, 0, 253, 1178, 1176, 33, 9.50%, 214, 2, 3, 7.06
1747796746, 0, 253, 1178, 1176, 33, 9.50%, 215, 2, 3, 8.84
1747796762, 0, 253, 1179, 1177, 33, 9.50%, 215, 2, 3, 6.46
1747796788, 0, 253, 1179, 1177, 33, 9.50%, 216, 2, 3, 8.29
1747796845, 0, 255, 1179, 1177, 33, 9.50%, 216, 2, 3, 7.78
1747796866, 0, 256, 1179, 1177, 33, 9.50%, 216, 2, 3, 8.09
1747796876, 0, 257, 1179, 1177, 33, 9.50%, 216, 2, 3, 10.25
1747796891, 0, 258, 1179, 1177, 33, 9.50%, 216, 2, 3, 9.39
1747796907, 0, 259, 1179, 1177, 33, 9.50%, 216, 2, 3, 10.40
1747796923, 0, 261, 1179, 1177, 33, 9.50%, 216, 2, 3, 8.93
1747796933, 0, 262, 1179, 1177, 33, 9.50%, 216, 2, 3, 10.57
1747796938, 0, 262, 1180, 1178, 33, 9.50%, 216, 2, 3, 9.13
1747796949, 0, 262, 1180, 1178, 33, 9.50%, 217, 2, 3, 8.76
1747796964, 0, 263, 1180, 1178, 33, 9.50%, 217, 2, 3, 8.90
1747796974, 0, 263, 1181, 1179, 33, 9.50%, 217, 2, 3, 7.54
1747797000, 0, 264, 1181, 1179, 33, 9.50%, 217, 2, 3, 9.56
1747797006, 0, 264, 1182, 1180, 33, 9.50%, 217, 2, 3, 7.04
1747797031, 0, 265, 1182, 1180, 33, 9.50%, 217, 2, 3, 8.05
1747797047, 0, 266, 1182, 1180, 33, 9.50%, 217, 2, 3, 9.01
1747797062, 0, 267, 1182, 1180, 33, 9.50%, 218, 2, 3, 8.14
1747797078, 0, 268, 1182, 1180, 33, 9.50%, 218, 2, 3, 8.43
1747797083, 0, 268, 1182, 1180, 33, 9.50%, 219, 2, 3, 9.06
1747797094, 0, 269, 1182, 1180, 33, 9.50%, 220, 2, 3, 7.52
1747797099, 0, 269, 1182, 1180, 33, 9.50%, 221, 2, 3, 7.56
1747797104, 0, 269, 1182, 1180, 33, 9.50%, 222, 2, 3, 7.68
1747797110, 0, 271, 1182, 1180, 33, 9.50%, 223, 2, 3, 8.44
1747797130, 0, 272, 1182, 1180, 33, 9.50%, 223, 2, 3, 8.96
1747797140, 0, 272, 1182, 1180, 33, 9.50%, 224, 2, 3, 8.42
1747797146, 0, 274, 1182, 1180, 33, 9.50%, 224, 2, 3, 9.33
1747797156, 0, 274, 1182, 1180, 33, 9.50%, 225, 2, 3, 8.64
1747797161, 0, 275, 1182, 1180, 33, 9.50%, 225, 2, 3, 9.19
1747797172, 0, 276, 1182, 1180, 33, 9.50%, 225, 2, 3, 9.46
1747797187, 0, 278, 1182, 1180, 33, 9.50%, 225, 2, 3, 9.57
1747797203, 0, 279, 1182, 1180, 33, 9.50%, 225, 2, 3, 8.81
1747797219, 0, 280, 1182, 1180, 33, 9.50%, 225, 2, 3, 9.39
1747797234, 0, 282, 1182, 1180, 33, 9.50%, 225, 2, 3, 9.90
1747797249, 0, 285, 1182, 1180, 33, 9.50%, 225, 2, 3, 9.57
1747797254, 0, 285, 1182, 1180, 33, 9.50%, 226, 2, 3, 8.42
1747797265, 0, 286, 1182, 1180, 33, 9.50%, 226, 2, 3, 8.10
1747797275, 0, 287, 1182, 1180, 33, 9.50%, 226, 2, 3, 9.80
1747797291, 0, 288, 1182, 1180, 33, 9.50%, 226, 2, 3, 10.09
1747797306, 0, 289, 1182, 1180, 33, 9.50%, 226, 2, 3, 8.68
1747797322, 0, 290, 1182, 1180, 33, 9.50%, 226, 2, 3, 8.25
1747797332, 0, 290, 1182, 1180, 33, 9.50%, 227, 2, 3, 8.66
1747797337, 0, 291, 1182, 1180, 33, 9.50%, 227, 2, 3, 8.70
1747797353, 0, 292, 1182, 1180, 33, 9.50%, 227, 2, 3, 10.56
1747797368, 0, 293, 1182, 1180, 33, 9.50%, 227, 2, 3, 9.59
1747797379, 0, 293, 1182, 1180, 33, 9.50%, 228, 2, 3, 7.86
1747797384, 0, 294, 1182, 1180, 33, 9.50%, 229, 2, 3, 10.15
1747797399, 0, 295, 1182, 1180, 33, 9.50%, 229, 2, 3, 8.11
1747797414, 0, 297, 1182, 1180, 33, 9.50%, 229, 2, 3, 10.11
1747797429, 0, 298, 1182, 1180, 33, 9.50%, 229, 2, 3, 7.71
1747797440, 0, 298, 1182, 1180, 33, 9.50%, 230, 2, 3, 9.38
1747797445, 0, 299, 1182, 1180, 33, 9.50%, 230, 2, 3, 10.39
1747797450, 0, 299, 1182, 1180, 33, 9.50%, 231, 2, 3, 10.44
1747797461, 0, 300, 1182, 1180, 33, 9.50%, 231, 2, 3, 9.46
1747797471, 0, 301, 1182, 1180, 33, 9.50%, 231, 2, 3, 10.06
1747797486, 0, 302, 1182, 1180, 33, 9.50%, 231, 2, 3, 8.96
1747797502, 0, 303, 1182, 1180, 33, 9.50%, 231, 2, 3, 7.64
1747797517, 0, 305, 1182, 1180, 33, 9.50%, 231, 2, 3, 13.93
1747797522, 0, 305, 1183, 1181, 33, 9.50%, 231, 2, 3, 27.54
1747797532, 0, 305, 1186, 1184, 33, 9.50%, 231, 2, 3, 37.00
1747797578, 0, 305, 1187, 1185, 33, 9.50%, 231, 2, 3, 33.78
1747797583, 0, 305, 1188, 1186, 33, 9.50%, 231, 2, 3, 32.13
1747797599, 0, 305, 1189, 1187, 33, 9.50%, 231, 2, 3, 28.97
1747797609, 0, 305, 1190, 1188, 33, 9.50%, 231, 2, 3, 32.53
1747797619, 0, 305, 1191, 1189, 33, 9.50%, 231, 2, 3, 33.80
1747797629, 0, 305, 1192, 1190, 33, 9.50%, 231, 2, 3, 31.23
1747797634, 0, 305, 1194, 1192, 33, 9.50%, 231, 2, 3, 31.86
1747797655, 0, 305, 1196, 1194, 33, 9.50%, 231, 2, 3, 29.25
1747797803, 0, 305, 1197, 1195, 33, 9.50%, 231, 2, 3, 28.79
1747797849, 0, 305, 1198, 1196, 33, 9.50%, 231, 2, 3, 30.32
1747797875, 0, 305, 1199, 1197, 33, 9.50%, 231, 2, 3, 30.50
1747797885, 0, 305, 1200, 1198, 33, 9.50%, 231, 2, 3, 31.11
1747797890, 0, 305, 1201, 1199, 33, 9.50%, 231, 2, 3, 27.01
1747797901, 0, 305, 1202, 1200, 33, 9.50%, 231, 2, 3, 33.36
1747797906, 0, 305, 1203, 1201, 33, 9.50%, 231, 2, 3, 33.02
1747797931, 0, 306, 1203, 1200, 32, 9.50%, 231, 2, 3, 6.11
1747797937, 0, 306, 1203, 1200, 32, 9.50%, 232, 2, 3, 8.90
1747797947, 0, 307, 1203, 1200, 32, 9.50%, 232, 2, 3, 8.67
1747797958, 0, 308, 1203, 1200, 32, 9.50%, 232, 2, 3, 9.03
1747797978, 0, 309, 1203, 1200, 32, 9.50%, 232, 2, 3, 8.10
1747797989, 0, 309, 1204, 1201, 32, 9.50%, 232, 2, 3, 7.61
1747798010, 0, 310, 1204, 1201, 32, 9.50%, 232, 2, 3, 9.68
1747798020, 0, 310, 1204, 1201, 32, 9.50%, 233, 2, 3, 7.63
1747798025, 0, 313, 1204, 1201, 32, 9.50%, 233, 2, 3, 7.99
1747798041, 0, 314, 1204, 1201, 32, 9.50%, 233, 2, 3, 9.73
1747798056, 0, 316, 1204, 1201, 32, 9.50%, 233, 2, 3, 9.16
1747798076, 0, 317, 1204, 1201, 32, 9.50%, 233, 2, 3, 8.19
1747798091, 0, 319, 1204, 1201, 32, 9.50%, 233, 2, 3, 7.85
1747798102, 0, 319, 1204, 1201, 32, 9.50%, 234, 2, 3, 8.80
1747798107, 0, 320, 1204, 1201, 32, 9.50%, 234, 2, 3, 8.32
1747798123, 0, 320, 1205, 1202, 32, 9.50%, 234, 2, 3, 5.89
1747798143, 0, 321, 1205, 1202, 32, 9.50%, 234, 2, 3, 8.34
1747798158, 0, 322, 1205, 1202, 32, 9.50%, 234, 2, 3, 9.83
1747798174, 0, 323, 1205, 1202, 32, 9.50%, 235, 2, 3, 9.30
1747798190, 0, 324, 1205, 1202, 32, 9.50%, 235, 2, 3, 8.07
1747798200, 0, 325, 1205, 1202, 32, 9.50%, 235, 2, 3, 10.00
1747798216, 0, 326, 1205, 1202, 32, 9.50%, 235, 2, 3, 9.19
1747798231, 0, 327, 1205, 1202, 32, 9.50%, 235, 2, 3, 8.09
1747798252, 0, 328, 1205, 1202, 32, 9.50%, 235, 2, 3, 7.40
1747798262, 0, 329, 1205, 1202, 32, 9.50%, 235, 2, 3, 9.33
1747798278, 0, 330, 1205, 1202, 32, 9.50%, 236, 2, 3, 8.91
1747798293, 0, 331, 1205, 1202, 32, 9.50%, 236, 2, 3, 9.94
1747798304, 0, 331, 1205, 1202, 32, 9.50%, 237, 2, 3, 8.41
1747798309, 0, 332, 1205, 1202, 32, 9.50%, 237, 2, 3, 8.86
1747798319, 0, 332, 1205, 1202, 32, 9.50%, 238, 2, 3, 7.99
1747798325, 0, 333, 1205, 1202, 32, 9.50%, 238, 2, 3, 8.12
1747798340, 0, 335, 1205, 1202, 32, 9.50%, 239, 2, 3, 7.99
1747798356, 0, 336, 1205, 1202, 32, 9.50%, 239, 2, 3, 8.87
1747798371, 0, 337, 1205, 1202, 32, 9.50%, 239, 2, 3, 8.13
1747798412, 0, 337, 1206, 1203, 32, 9.50%, 239, 2, 3, 6.78
1747798618, 0, 337, 1207, 1204, 32, 9.50%, 239, 2, 3, 8.42
1747798659, 0, 338, 1207, 1203, 32, 9.50%, 239, 2, 3, 12.54
1747798675, 0, 339, 1207, 1203, 32, 9.50%, 239, 2, 3, 8.36
1747798690, 0, 340, 1207, 1203, 32, 9.50%, 239, 2, 3, 10.52
1747798706, 0, 341, 1207, 1203, 32, 9.50%, 239, 2, 3, 10.04
1747798716, 0, 342, 1207, 1203, 32, 9.50%, 239, 2, 3, 10.32
1747798731, 0, 343, 1207, 1203, 32, 9.50%, 239, 2, 3, 7.42
1747798747, 0, 343, 1207, 1203, 32, 9.50%, 240, 2, 3, 6.66
1747798752, 0, 344, 1207, 1203, 32, 9.50%, 240, 2, 3, 7.65
1747798758, 0, 344, 1207, 1203, 32, 9.50%, 242, 2, 3, 8.18
1747798768, 0, 345, 1207, 1203, 32, 9.50%, 242, 2, 3, 9.74
1747798783, 0, 346, 1207, 1203, 32, 9.50%, 242, 2, 3, 9.19
1747798793, 0, 347, 1207, 1203, 32, 9.50%, 242, 2, 3, 9.43
1747798809, 0, 349, 1207, 1203, 32, 9.50%, 242, 2, 3, 10.06
1747798825, 0, 350, 1207, 1203, 32, 9.50%, 242, 2, 3, 9.03
1747798840, 0, 351, 1207, 1203, 32, 9.50%, 242, 2, 3, 7.34
1747798856, 0, 351, 1207, 1203, 32, 9.50%, 243, 2, 3, 4.27
1747798867, 0, 352, 1207, 1203, 32, 9.50%, 243, 2, 3, 5.58
1747798893, 0, 353, 1207, 1203, 32, 9.50%, 243, 2, 3, 5.46
1747798909, 0, 353, 1207, 1203, 32, 9.50%, 244, 2, 3, 5.48
1747798920, 0, 354, 1207, 1203, 32, 9.50%, 244, 2, 3, 5.80
1747798945, 0, 355, 1207, 1203, 32, 9.50%, 244, 2, 3, 5.29
1747798972, 0, 356, 1207, 1203, 32, 9.50%, 244, 2, 3, 5.11
1747798977, 0, 356, 1207, 1203, 32, 9.50%, 245, 2, 3, 4.88
1747798998, 0, 358, 1207, 1203, 32, 9.50%, 245, 2, 3, 5.85
1747799024, 0, 359, 1207, 1203, 32, 9.50%, 245, 2, 3, 6.57
1747799050, 0, 360, 1207, 1203, 32, 9.50%, 245, 2, 3, 5.06
1747799076, 0, 361, 1207, 1203, 32, 9.50%, 245, 2, 3, 5.86
1747799086, 0, 361, 1207, 1203, 32, 9.50%, 246, 2, 3, 5.07
1747799096, 0, 362, 1207, 1203, 32, 9.50%, 246, 2, 3, 6.69
1747799112, 0, 362, 1207, 1203, 32, 9.50%, 247, 2, 3, 5.46
1747799127, 0, 363, 1207, 1203, 32, 9.50%, 247, 2, 3, 5.37
1747799153, 0, 365, 1207, 1203, 32, 9.50%, 247, 2, 3, 4.85
1747799164, 0, 365, 1207, 1203, 32, 9.50%, 248, 2, 3, 5.31
1747799179, 0, 366, 1207, 1203, 32, 9.50%, 249, 2, 3, 4.95
1747799184, 0, 366, 1207, 1203, 32, 9.50%, 250, 2, 3, 4.38
1747799195, 0, 366, 1207, 1203, 32, 9.50%, 251, 2, 3, 5.58
1747799205, 0, 367, 1207, 1203, 32, 9.50%, 251, 2, 3, 5.47
1747799231, 0, 368, 1207, 1203, 32, 9.50%, 251, 2, 3, 5.50
1747799262, 0, 369, 1207, 1203, 32, 9.50%, 251, 3, 3, 6.22
1747799283, 0, 371, 1207, 1203, 32, 9.50%, 251, 3, 3, 5.38
1747799313, 0, 372, 1207, 1203, 32, 9.50%, 251, 3, 3, 5.05
1747799324, 0, 372, 1208, 1204, 32, 9.50%, 251, 3, 3, 4.89
1747799372, 0, 373, 1208, 1204, 32, 9.50%, 251, 3, 3, 5.74
1747799397, 0, 374, 1208, 1204, 32, 9.50%, 251, 3, 3, 5.75
1747799418, 0, 375, 1208, 1204, 32, 9.50%, 251, 3, 3, 6.26
1747799445, 0, 376, 1208, 1204, 32, 9.50%, 251, 3, 3, 5.24
1747799476, 0, 377, 1208, 1204, 32, 9.50%, 251, 3, 3, 4.51
1747799502, 0, 378, 1208, 1204, 32, 9.50%, 251, 3, 3, 4.99
1747799527, 0, 379, 1208, 1204, 32, 9.50%, 251, 3, 3, 5.52
1747799553, 0, 381, 1208, 1204, 32, 9.50%, 251, 3, 3, 4.76
1747799580, 0, 382, 1208, 1204, 32, 9.50%, 251, 3, 3, 5.84
1747799605, 0, 383, 1208, 1204, 32, 9.50%, 251, 3, 3, 5.11
1747799610, 0, 383, 1208, 1204, 32, 9.50%, 252, 3, 3, 4.35
1747799626, 0, 383, 1208, 1204, 32, 9.50%, 253, 3, 3, 4.86
1747799632, 0, 386, 1208, 1204, 32, 9.50%, 253, 3, 3, 4.99
1747799658, 0, 387, 1208, 1204, 32, 9.50%, 253, 3, 3, 5.00
1747799673, 0, 387, 1208, 1204, 32, 9.50%, 255, 3, 3, 7.68
1747799678, 0, 388, 1208, 1204, 32, 9.50%, 255, 3, 3, 8.58
1747799694, 0, 389, 1208, 1204, 32, 9.50%, 255, 3, 3, 9.17
1747799704, 0, 389, 1208, 1204, 32, 9.50%, 256, 3, 3, 8.96
1747799710, 0, 390, 1208, 1204, 32, 9.50%, 256, 3, 3, 8.34
1747799725, 0, 391, 1208, 1204, 32, 9.50%, 256, 3, 3, 9.68
1747799741, 0, 392, 1208, 1204, 32, 9.50%, 256, 3, 3, 9.03
1747799756, 0, 393, 1208, 1204, 32, 9.50%, 256, 3, 3, 8.01
1747799772, 0, 394, 1208, 1204, 32, 9.50%, 256, 3, 3, 8.97
1747799777, 0, 394, 1208, 1204, 32, 9.50%, 257, 3, 3, 8.28
1747799788, 0, 395, 1208, 1204, 32, 9.50%, 257, 3, 3, 9.21
1747799798, 0, 396, 1208, 1204, 32, 9.50%, 257, 3, 3, 8.80
1747799813, 0, 397, 1208, 1204, 32, 9.50%, 257, 3, 3, 8.84
1747799829, 0, 398, 1208, 1204, 32, 9.50%, 257, 3, 3, 9.33
1747799844, 0, 399, 1208, 1204, 32, 9.50%, 257, 3, 3, 9.63
1747799860, 0, 401, 1208, 1204, 32, 9.50%, 257, 3, 3, 8.74
1747799876, 0, 403, 1208, 1204, 32, 9.50%, 257, 3, 3, 7.94
1747799881, 0, 403, 1209, 1205, 32, 9.50%, 257, 3, 3, 7.82
1747799907, 0, 405, 1209, 1205, 32, 9.50%, 257, 3, 3, 8.72
1747799923, 0, 406, 1209, 1205, 32, 9.50%, 257, 3, 3, 8.17
1747799938, 0, 407, 1209, 1205, 32, 9.50%, 257, 3, 3, 8.10
1747799953, 0, 410, 1209, 1205, 32, 9.50%, 257, 3, 3, 8.66
1747799969, 0, 411, 1209, 1205, 32, 9.50%, 257, 3, 3, 8.82
1747799984, 0, 412, 1209, 1205, 32, 9.50%, 257, 3, 3, 8.47
1747800000, 0, 414, 1209, 1205, 32, 9.50%, 257, 3, 3, 9.12
1747800010, 0, 414, 1209, 1205, 32, 9.50%, 258, 3, 3, 7.49
1747800015, 0, 415, 1209, 1205, 32, 9.50%, 258, 3, 3, 8.23
1747800031, 0, 417, 1209, 1205, 32, 9.50%, 258, 3, 3, 8.38
1747800046, 0, 418, 1209, 1205, 32, 9.50%, 258, 3, 3, 10.44
1747800057, 0, 420, 1209, 1205, 32, 9.50%, 259, 3, 3, 9.55
1747800062, 0, 420, 1209, 1205, 32, 9.50%, 260, 3, 3, 8.14
1747800077, 0, 422, 1209, 1205, 32, 9.50%, 260, 3, 3, 8.24
1747800093, 0, 424, 1209, 1205, 32, 9.50%, 260, 3, 3, 9.98
1747800108, 0, 425, 1209, 1205, 32, 9.50%, 260, 3, 3, 9.02
1747800124, 0, 427, 1209, 1205, 32, 9.50%, 260, 3, 3, 9.38
1747800139, 0, 428, 1209, 1205, 32, 9.50%, 260, 3, 3, 9.50
1747800155, 0, 429, 1209, 1205, 32, 9.50%, 260, 3, 3, 8.56
1747800170, 0, 430, 1209, 1205, 32, 9.50%, 260, 3, 3, 10.01
1747800181, 0, 431, 1209, 1205, 32, 9.50%, 260, 3, 3, 9.79
1747800201, 0, 432, 1209, 1205, 32, 9.50%, 260, 3, 3, 7.86
1747800217, 0, 435, 1209, 1205, 32, 9.50%, 260, 3, 3, 9.16
1747800227, 0, 436, 1209, 1205, 32, 9.50%, 260, 3, 3, 10.17
1747800243, 0, 439, 1209, 1205, 32, 9.50%, 260, 3, 3, 9.36
1747800258, 0, 440, 1209, 1205, 32, 9.50%, 260, 3, 3, 9.26
1747800273, 0, 441, 1209, 1205, 32, 9.50%, 261, 3, 3, 7.72
1747800289, 0, 443, 1209, 1205, 32, 9.50%, 261, 3, 3, 8.71
1747800299, 0, 443, 1209, 1205, 32, 9.50%, 262, 3, 3, 8.40
1747800305, 0, 444, 1209, 1205, 32, 9.50%, 262, 3, 3, 7.66
1747800320, 0, 445, 1209, 1205, 32, 9.50%, 262, 3, 3, 7.88
1747800330, 0, 445, 1209, 1205, 32, 9.50%, 263, 3, 3, 9.90
1747800335, 0, 447, 1209, 1205, 32, 9.50%, 264, 3, 3, 9.23
1747800351, 0, 448, 1209, 1205, 32, 9.50%, 264, 3, 3, 8.98
1747800366, 0, 449, 1209, 1205, 32, 9.50%, 264, 3, 3, 9.27
1747800371, 0, 449, 1209, 1205, 32, 9.50%, 265, 3, 3, 1.50
1747800376, 0, 449, 1210, 1206, 32, 9.50%, 265, 3, 3, 4.52
1747800418, 0, 450, 1210, 1206, 32, 9.50%, 265, 3, 3, 5.36
1747800444, 0, 451, 1210, 1206, 32, 9.50%, 265, 3, 3, 6.87
1747800465, 0, 452, 1210, 1206, 32, 9.50%, 265, 3, 3, 4.68
1747800481, 0, 452, 1210, 1206, 32, 9.50%, 266, 3, 3, 5.25
1747800491, 0, 453, 1210, 1206, 32, 9.50%, 266, 3, 3, 5.59
1747800522, 0, 454, 1210, 1206, 32, 9.50%, 266, 3, 3, 4.15
1747800549, 0, 455, 1210, 1206, 32, 9.50%, 266, 3, 3, 5.20
1747800574, 0, 456, 1210, 1206, 32, 9.50%, 266, 3, 3, 5.85
1747800600, 0, 457, 1210, 1206, 32, 9.50%, 266, 3, 3, 5.21
1747800632, 0, 458, 1210, 1206, 32, 9.50%, 266, 3, 3, 5.77
1747800653, 0, 459, 1210, 1206, 32, 9.50%, 266, 3, 3, 4.88
1747800668, 0, 459, 1210, 1206, 32, 9.50%, 267, 3, 3, 4.73
1747800684, 0, 460, 1210, 1206, 32, 9.50%, 267, 3, 3, 4.69
1747800689, 0, 460, 1210, 1206, 32, 9.50%, 268, 3, 3, 4.70
1747800709, 0, 461, 1210, 1206, 32, 9.50%, 268, 3, 3, 5.21
1747800735, 0, 462, 1210, 1206, 32, 9.50%, 268, 3, 3, 5.81
1747800766, 0, 463, 1210, 1206, 32, 9.50%, 268, 3, 3, 4.56
1747800787, 0, 464, 1210, 1206, 32, 9.50%, 268, 3, 3, 1.42
1747800803, 0, 464, 1211, 1207, 32, 9.50%, 268, 3, 3, 4.79
1747800844, 0, 465, 1211, 1207, 32, 9.50%, 269, 3, 3, 6.53
1747800870, 0, 466, 1211, 1207, 32, 9.50%, 269, 3, 3, 6.64
1747800896, 0, 468, 1211, 1207, 32, 9.50%, 269, 3, 3, 5.14
1747800921, 0, 469, 1211, 1207, 32, 9.50%, 269, 3, 3, 4.71
1747800927, 0, 469, 1212, 1208, 32, 9.50%, 269, 3, 3, 5.15
1747800942, 0, 469, 1213, 1209, 32, 9.50%, 269, 3, 3, 3.94
1747801015, 0, 469, 1214, 1210, 32, 9.50%, 269, 3, 3, 4.53
1747801149, 0, 471, 1214, 1210, 32, 9.50%, 269, 3, 3, 4.29
1747801165, 0, 471, 1215, 1211, 32, 9.50%, 269, 3, 3, 4.25
1747801201, 0, 472, 1215, 1211, 32, 9.50%, 269, 3, 3, 4.95
1747801216, 0, 472, 1215, 1211, 32, 9.50%, 269, 4, 3, 5.70
1747801226, 0, 473, 1215, 1211, 32, 9.50%, 269, 4, 3, 14.03
1747801237, 0, 473, 1220, 1216, 32, 9.50%, 269, 4, 3, 21.06
1747801242, 0, 473, 1221, 1217, 32, 9.50%, 269, 4, 3, 22.44
1747801273, 0, 473, 1222, 1218, 32, 9.50%, 269, 4, 3, 20.23
1747801360, 0, 473, 1223, 1219, 32, 9.50%, 269, 4, 3, 22.13
1747801391, 0, 473, 1224, 1220, 32, 9.50%, 269, 4, 3, 20.15
1747801401, 0, 473, 1225, 1221, 32, 9.50%, 269, 4, 3, 22.06
1747801427, 0, 473, 1226, 1222, 32, 9.50%, 269, 4, 3, 21.30
1747801432, 0, 473, 1227, 1223, 32, 9.50%, 269, 4, 3, 20.61
1747801534, 0, 473, 1228, 1224, 32, 9.50%, 269, 4, 3, 18.91
1747801575, 0, 473, 1229, 1225, 32, 9.50%, 269, 4, 3, 17.74
1747801621, 0, 473, 1230, 1226, 32, 9.50%, 269, 4, 3, 18.74
1747801687, 0, 473, 1231, 1227, 32, 9.50%, 269, 4, 3, 3.92
1747801820, 0, 473, 1232, 1228, 32, 9.50%, 269, 4, 3, 19.80
1747801877, 0, 473, 1233, 1229, 32, 9.50%, 269, 4, 3, 19.55
1747801892, 0, 474, 1233, 1228, 33, 9.50%, 269, 4, 3, 2.54
1747801902, 0, 474, 1233, 1228, 33, 9.50%, 270, 4, 3, 6.80
1747801908, 0, 474, 1233, 1228, 33, 9.50%, 271, 4, 3, 5.50
1747801918, 0, 477, 1233, 1228, 33, 9.50%, 271, 4, 3, 5.71
1747801943, 0, 479, 1233, 1228, 33, 9.50%, 271, 4, 3, 5.06
1747801974, 0, 480, 1233, 1228, 33, 9.50%, 271, 4, 3, 4.59
1747802000, 0, 481, 1233, 1228, 33, 9.50%, 271, 4, 3, 5.37
1747802027, 0, 482, 1233, 1228, 33, 9.50%, 271, 4, 3, 5.01
1747802053, 0, 483, 1233, 1228, 33, 9.50%, 271, 4, 3, 5.25
1747802079, 0, 484, 1233, 1228, 33, 9.50%, 271, 4, 3, 5.65
1747802105, 0, 485, 1233, 1228, 33, 9.50%, 271, 4, 3, 4.59
1747802110, 0, 485, 1234, 1229, 33, 9.50%, 271, 4, 3, 3.83
1747802115, 0, 485, 1235, 1230, 33, 9.50%, 271, 4, 3, 4.50
1747802126, 0, 485, 1236, 1231, 33, 9.50%, 271, 4, 3, 3.46
1747802136, 0, 485, 1236, 1231, 33, 9.50%, 272, 4, 3, 4.61
1747802323, 0, 486, 1236, 1231, 33, 9.50%, 272, 4, 3, 4.98
1747802351, 0, 487, 1236, 1231, 33, 9.50%, 272, 4, 3, 4.91
1747802377, 0, 488, 1236, 1231, 33, 9.50%, 272, 4, 3, 5.32
1747802397, 0, 490, 1236, 1231, 33, 9.50%, 273, 4, 3, 5.96
1747802423, 0, 491, 1236, 1231, 33, 9.50%, 273, 4, 3, 5.45
1747802449, 0, 492, 1236, 1231, 33, 9.50%, 273, 4, 3, 5.22
1747802475, 0, 493, 1236, 1231, 33, 9.50%, 273, 4, 3, 4.70
1747802491, 0, 493, 1237, 1232, 33, 9.50%, 273, 4, 3, 5.39
1747802528, 0, 494, 1237, 1232, 33, 9.50%, 273, 4, 3, 6.47
1747802554, 0, 498, 1237, 1232, 33, 9.50%, 273, 4, 3, 4.87
1747802570, 0, 498, 1237, 1232, 33, 9.50%, 274, 4, 3, 5.35
1747802581, 0, 499, 1237, 1232, 33, 9.50%, 274, 4, 3, 5.35
1747802612, 0, 500, 1237, 1232, 33, 9.50%, 274, 4, 3, 4.68
1747802638, 0, 501, 1237, 1232, 33, 9.50%, 274, 4, 3, 4.87
1747802664, 0, 502, 1237, 1232, 33, 9.50%, 274, 4, 3, 4.88
1747802690, 0, 503, 1237, 1232, 33, 9.50%, 274, 4, 3, 6.32
1747802716, 0, 504, 1237, 1232, 33, 9.50%, 274, 4, 3, 5.57
1747802742, 0, 505, 1237, 1232, 33, 9.50%, 274, 4, 3, 4.37
1747802763, 0, 505, 1237, 1232, 33, 9.50%, 275, 4, 3, 5.21
1747802768, 0, 507, 1237, 1232, 33, 9.50%, 275, 4, 3, 5.85
1747802794, 0, 509, 1237, 1232, 33, 9.50%, 275, 4, 3, 4.90
1747802820, 0, 510, 1237, 1232, 33, 9.50%, 275, 4, 3, 6.15
1747802847, 0, 511, 1237, 1232, 33, 9.50%, 275, 4, 3, 4.86
1747802873, 0, 512, 1237, 1232, 33, 9.50%, 275, 4, 3, 5.01
1747802894, 0, 512, 1237, 1232, 33, 9.50%, 275, 5, 3, 4.23
1747802899, 0, 513, 1237, 1232, 33, 9.50%, 275, 5, 3, 4.78
1747802925, 0, 514, 1237, 1232, 33, 9.50%, 275, 5, 3, 5.52
1747802946, 0, 516, 1237, 1232, 33, 9.50%, 275, 5, 3, 5.18
1747802977, 0, 518, 1237, 1232, 33, 9.50%, 275, 5, 3, 4.95
1747802998, 0, 520, 1237, 1232, 33, 9.50%, 275, 5, 3, 5.81
1747803024, 0, 521, 1237, 1232, 33, 9.50%, 275, 5, 3, 5.47
1747803050, 0, 522, 1237, 1232, 33, 9.50%, 275, 5, 3, 5.88
1747803076, 0, 524, 1237, 1232, 33, 9.50%, 275, 5, 3, 4.96
1747803086, 0, 524, 1237, 1232, 33, 9.50%, 276, 5, 3, 4.13
1747803102, 0, 525, 1237, 1232, 33, 9.50%, 276, 5, 3, 5.46
1747803128, 0, 526, 1237, 1232, 33, 9.50%, 276, 5, 3, 5.12
1747803154, 0, 527, 1237, 1232, 33, 9.50%, 276, 5, 3, 4.87
1747803185, 0, 528, 1237, 1232, 33, 9.50%, 276, 5, 3, 6.33
1747803205, 0, 529, 1237, 1232, 33, 9.50%, 276, 5, 3, 6.15
1747803231, 0, 530, 1237, 1232, 33, 9.50%, 276, 5, 3, 5.17
1747803236, 0, 530, 1237, 1232, 33, 9.50%, 277, 5, 3, 4.58
1747803262, 0, 531, 1237, 1232, 33, 9.50%, 277, 5, 3, 5.36
1747803282, 0, 532, 1237, 1232, 33, 9.50%, 277, 5, 3, 5.37
1747803308, 0, 533, 1237, 1232, 33, 9.50%, 277, 5, 3, 5.22
1747803333, 0, 534, 1237, 1232, 33, 9.50%, 277, 5, 3, 5.26
1747803364, 0, 535, 1237, 1232, 33, 9.50%, 277, 5, 3, 5.22
1747803390, 0, 537, 1237, 1232, 33, 9.50%, 277, 5, 3, 5.23
1747803416, 0, 538, 1237, 1232, 33, 9.50%, 277, 5, 3, 6.36
1747803442, 0, 540, 1237, 1232, 33, 9.50%, 277, 5, 3, 5.57
1747803463, 0, 541, 1237, 1232, 33, 9.50%, 277, 5, 3, 5.77
1747803494, 0, 543, 1237, 1232, 33, 9.50%, 277, 5, 3, 4.80
1747803519, 0, 544, 1237, 1232, 33, 9.50%, 277, 5, 3, 4.89
1747803525, 0, 544, 1237, 1232, 33, 9.50%, 278, 5, 3, 4.87
1747803540, 0, 544, 1237, 1232, 33, 9.50%, 279, 5, 3, 4.77
1747803545, 0, 545, 1237, 1232, 33, 9.50%, 279, 5, 3, 5.77
1747803571, 0, 546, 1237, 1232, 33, 9.50%, 279, 5, 3, 5.59
1747803597, 0, 548, 1237, 1232, 33, 9.50%, 279, 5, 3, 5.31
1747803623, 0, 549, 1237, 1232, 33, 9.50%, 279, 5, 3, 5.82
1747803649, 0, 551, 1237, 1232, 33, 9.50%, 279, 5, 3, 4.59
1747803675, 0, 552, 1237, 1232, 33, 9.50%, 279, 5, 3, 4.90
1747803701, 0, 553, 1237, 1232, 33, 9.50%, 279, 5, 3, 4.68
1747803732, 0, 554, 1237, 1232, 33, 9.50%, 279, 5, 3, 5.28
1747803758, 0, 555, 1237, 1232, 33, 9.50%, 279, 5, 3, 5.15
1747803785, 0, 555, 1238, 1233, 33, 9.50%, 279, 5, 3, 3.45
1747803816, 0, 556, 1238, 1233, 33, 9.50%, 279, 5, 3, 5.06
1747803837, 0, 557, 1238, 1233, 33, 9.50%, 279, 5, 3, 5.24
1747803863, 0, 557, 1239, 1234, 33, 9.50%, 279, 5, 3, 4.27
1747803905, 0, 558, 1239, 1234, 33, 9.50%, 279, 5, 3, 4.78
1747803931, 0, 559, 1239, 1234, 33, 9.50%, 279, 5, 3, 4.78
1747803957, 0, 560, 1239, 1234, 33, 9.50%, 279, 5, 3, 5.19
1747803968, 0, 560, 1240, 1235, 33, 9.50%, 279, 5, 3, 3.38
1747804014, 0, 561, 1240, 1235, 33, 9.50%, 279, 5, 3, 3.95
1747804046, 0, 562, 1240, 1235, 33, 9.50%, 279, 5, 3, 4.43
1747804072, 0, 563, 1240, 1235, 33, 9.50%, 279, 5, 3, 4.86
1747804098, 0, 564, 1240, 1235, 33, 9.50%, 279, 5, 3, 4.99
1747804129, 0, 565, 1240, 1235, 33, 9.50%, 279, 5, 3, 4.68
1747804144, 0, 565, 1240, 1235, 33, 9.50%, 280, 5, 3, 4.47
1747804155, 0, 570, 1240, 1235, 33, 9.50%, 280, 5, 3, 4.95
1747804186, 0, 571, 1240, 1235, 33, 9.50%, 280, 5, 3, 4.36
1747804212, 0, 572, 1240, 1235, 33, 9.50%, 280, 5, 3, 5.48
1747804238, 0, 573, 1240, 1235, 33, 9.50%, 280, 5, 3, 5.23
1747804259, 0, 574, 1240, 1235, 33, 9.50%, 280, 5, 3, 7.01
1747804290, 0, 576, 1240, 1235, 33, 9.50%, 280, 5, 3, 5.60
1747804311, 0, 576, 1240, 1235, 33, 9.50%, 281, 5, 3, 5.09
1747804316, 0, 577, 1240, 1235, 33, 9.50%, 281, 5, 3, 6.06
1747804342, 0, 578, 1240, 1235, 33, 9.50%, 281, 5, 3, 4.72
1747804363, 0, 578, 1240, 1235, 33, 9.50%, 282, 5, 3, 4.93
1747804368, 0, 579, 1240, 1235, 33, 9.50%, 282, 5, 3, 4.56
1747804394, 0, 581, 1240, 1235, 33, 9.50%, 282, 5, 3, 5.37
1747804421, 0, 583, 1240, 1235, 33, 9.50%, 282, 5, 3, 4.50
1747804447, 0, 584, 1240, 1235, 33, 9.50%, 282, 5, 3, 4.36
1747804473, 0, 585, 1240, 1235, 33, 9.50%, 282, 5, 3, 4.63
1747804499, 0, 587, 1240, 1235, 33, 9.50%, 282, 5, 3, 5.30
1747804525, 0, 589, 1240, 1235, 33, 9.50%, 282, 5, 3, 5.55
1747804551, 0, 591, 1240, 1235, 33, 9.50%, 282, 5, 3, 4.57
1747804578, 0, 592, 1240, 1235, 33, 9.50%, 282, 5, 3, 5.94
1747804599, 0, 593, 1240, 1235, 33, 9.50%, 282, 5, 3, 6.08
1747804625, 0, 594, 1240, 1235, 33, 9.50%, 282, 5, 3, 5.25
1747804630, 0, 594, 1241, 1236, 33, 9.50%, 282, 5, 3, 3.84
1747804688, 0, 598, 1241, 1236, 33, 9.50%, 282, 5, 3, 6.68
1747804714, 0, 599, 1241, 1236, 33, 9.50%, 282, 5, 3, 4.59
1747804724, 0, 599, 1241, 1236, 33, 9.50%, 283, 5, 3, 4.97
1747804740, 0, 601, 1241, 1236, 33, 9.50%, 283, 5, 3, 5.52
1747804770, 0, 602, 1241, 1236, 33, 9.50%, 283, 5, 3, 4.05
1747804797, 0, 603, 1241, 1236, 33, 9.50%, 283, 5, 3, 6.12
1747804823, 0, 604, 1241, 1236, 33, 9.50%, 283, 5, 3, 3.32
1747804849, 0, 605, 1241, 1236, 33, 9.50%, 283, 5, 3, 4.80
1747804860, 0, 605, 1241, 1236, 33, 9.50%, 285, 5, 3, 5.18
1747804875, 0, 606, 1241, 1236, 33, 9.50%, 285, 5, 3, 5.07
1747804901, 0, 607, 1241, 1236, 33, 9.50%, 285, 5, 3, 5.66
1747804927, 0, 608, 1241, 1236, 33, 9.50%, 285, 5, 3, 6.09
1747804953, 0, 610, 1241, 1236, 33, 9.50%, 285, 5, 3, 4.54
1747804964, 0, 610, 1241, 1236, 33, 9.50%, 286, 5, 3, 3.92
1747804979, 0, 612, 1241, 1236, 33, 9.50%, 286, 5, 3, 5.09
1747805005, 0, 613, 1241, 1236, 33, 9.50%, 286, 5, 3, 4.93
1747805036, 0, 615, 1241, 1236, 33, 9.50%, 286, 5, 3, 4.64
1747805061, 0, 616, 1241, 1236, 33, 9.50%, 286, 5, 3, 4.33
1747805072, 0, 616, 1242, 1237, 33, 9.50%, 286, 5, 3, 3.34
1747805093, 0, 616, 1243, 1238, 33, 9.52%, 286, 5, 3, 5.27
1747805166, 0, 618, 1243, 1238, 34, 9.52%, 286, 5, 3, 21.99
1747805192, 0, 618, 1243, 1238, 34, 9.52%, 287, 5, 3, 5.13
1747805197, 0, 619, 1243, 1238, 34, 9.52%, 287, 5, 3, 5.35
1747805223, 0, 621, 1243, 1238, 34, 9.52%, 287, 5, 3, 4.98
1747805249, 0, 622, 1243, 1238, 34, 9.52%, 287, 5, 3, 5.19
1747805270, 0, 622, 1243, 1238, 34, 9.52%, 288, 5, 3, 6.54
1747805275, 0, 623, 1243, 1238, 34, 9.52%, 288, 5, 3, 6.07
1747805290, 0, 623, 1243, 1238, 34, 9.52%, 289, 5, 3, 5.06
1747805301, 0, 624, 1243, 1238, 34, 9.52%, 289, 5, 3, 5.47
1747805327, 0, 625, 1243, 1238, 34, 9.52%, 289, 5, 3, 5.12
1747805358, 0, 628, 1243, 1238, 34, 9.52%, 289, 5, 3, 5.21
1747805383, 0, 630, 1243, 1238, 34, 9.52%, 289, 5, 3, 5.28
1747805405, 0, 631, 1243, 1238, 34, 9.52%, 289, 5, 3, 2.91
1747805431, 0, 632, 1243, 1238, 34, 9.52%, 289, 5, 3, 6.12
1747805462, 0, 633, 1243, 1238, 34, 9.52%, 289, 5, 3, 5.09
1747805483, 0, 634, 1243, 1238, 34, 9.52%, 289, 5, 3, 5.40
1747805509, 0, 635, 1243, 1238, 34, 9.52%, 289, 5, 3, 5.61
1747805536, 0, 637, 1243, 1238, 34, 9.52%, 289, 5, 3, 5.11
1747805562, 0, 638, 1243, 1238, 34, 9.52%, 289, 5, 3, 5.51
1747805572, 0, 638, 1244, 1239, 34, 9.52%, 289, 5, 3, 4.98
1747805619, 0, 639, 1244, 1239, 34, 9.52%, 289, 5, 3, 5.49
1747805624, 0, 639, 1244, 1239, 34, 9.52%, 290, 5, 3, 5.04
1747805645, 0, 641, 1244, 1239, 34, 9.52%, 290, 5, 3, 5.06
1747805656, 0, 641, 1245, 1240, 34, 9.52%, 290, 5, 3, 4.30
1747805687, 0, 641, 1245, 1240, 34, 9.52%, 291, 5, 3, 4.56
1747805702, 0, 643, 1245, 1240, 34, 9.52%, 291, 5, 3, 4.51
1747805728, 0, 644, 1245, 1240, 34, 9.52%, 291, 5, 3, 4.68
1747805759, 0, 645, 1245, 1240, 34, 9.52%, 291, 5, 3, 5.83
1747805764, 0, 645, 1245, 1240, 34, 9.52%, 292, 5, 3, 5.45
1747805784, 0, 648, 1245, 1240, 34, 9.52%, 292, 5, 3, 4.79
1747805811, 0, 649, 1245, 1240, 34, 9.52%, 292, 5, 3, 5.10
1747805836, 0, 651, 1245, 1240, 34, 9.52%, 292, 5, 3, 4.82
1747805862, 0, 651, 1245, 1240, 34, 9.52%, 293, 5, 3, 4.34
1747805867, 0, 652, 1245, 1240, 34, 9.52%, 293, 5, 3, 5.28
1747805888, 0, 653, 1245, 1240, 34, 9.52%, 293, 5, 3, 6.01
1747805909, 0, 654, 1245, 1240, 34, 9.52%, 293, 5, 3, 5.28
1747805934, 0, 655, 1245, 1240, 34, 9.52%, 293, 5, 3, 4.98
1747805960, 0, 656, 1245, 1240, 34, 9.52%, 293, 5, 3, 4.91
1747805987, 0, 657, 1245, 1240, 34, 9.52%, 293, 5, 3, 6.01
1747806018, 0, 658, 1245, 1240, 34, 9.52%, 293, 5, 3, 5.60
1747806029, 0, 658, 1245, 1240, 34, 9.52%, 294, 5, 3, 5.38
1747806044, 0, 660, 1245, 1240, 34, 9.52%, 294, 5, 3, 5.86
1747806065, 0, 661, 1245, 1240, 34, 9.52%, 294, 5, 3, 5.66
1747806091, 0, 662, 1245, 1240, 34, 9.52%, 294, 5, 3, 5.39
1747806107, 0, 662, 1245, 1240, 34, 9.52%, 295, 5, 3, 4.88
1747806117, 0, 662, 1246, 1241, 34, 9.52%, 295, 5, 3, 3.71
1747806153, 0, 663, 1246, 1241, 34, 9.52%, 295, 5, 3, 5.08
1747806179, 0, 664, 1246, 1241, 34, 9.52%, 295, 5, 3, 5.04
1747806210, 0, 665, 1246, 1241, 34, 9.52%, 295, 5, 3, 4.71
1747806221, 0, 665, 1246, 1241, 34, 9.52%, 296, 5, 3, 4.77
1747806237, 0, 666, 1246, 1241, 34, 9.52%, 296, 5, 3, 1.49
1747806257, 0, 667, 1246, 1241, 34, 9.52%, 296, 5, 3, 5.55
1747806288, 0, 669, 1246, 1241, 34, 9.52%, 296, 5, 3, 5.22
1747806315, 0, 672, 1246, 1241, 34, 9.52%, 296, 5, 3, 5.05
1747806340, 0, 673, 1246, 1241, 34, 9.52%, 296, 5, 3, 5.17
1747806366, 0, 674, 1246, 1241, 34, 9.52%, 296, 5, 3, 5.21
1747806392, 0, 675, 1246, 1241, 34, 9.52%, 296, 5, 3, 5.64
1747806418, 0, 678, 1246, 1241, 34, 9.52%, 296, 5, 3, 5.51
1747806424, 0, 678, 1247, 1242, 34, 9.52%, 296, 5, 3, 3.91
1747806471, 0, 679, 1247, 1242, 34, 9.52%, 296, 5, 3, 4.97
1747806497, 0, 680, 1247, 1242, 34, 9.52%, 296, 5, 3, 5.82
1747806523, 0, 681, 1247, 1242, 34, 9.52%, 296, 5, 3, 4.41
1747806528, 0, 681, 1248, 1243, 34, 9.52%, 296, 5, 3, 3.43
1747806554, 0, 681, 1249, 1244, 34, 9.52%, 296, 5, 3, 5.10
1747806585, 0, 681, 1250, 1245, 34, 9.52%, 296, 5, 3, 4.38
1747806652, 0, 681, 1251, 1246, 34, 9.52%, 296, 5, 3, 3.09
1747806715, 0, 681, 1252, 1247, 34, 9.52%, 296, 5, 3, 4.67
1747806870, 0, 681, 1252, 1247, 34, 9.52%, 297, 5, 3, 4.93
1747806953, 0, 681, 1252, 1247, 34, 9.52%, 298, 5, 3, 5.06
1747807307, 0, 681, 1253, 1248, 34, 9.52%, 298, 5, 3, 3.85
1747807343, 0, 681, 1253, 1248, 34, 9.52%, 298, 6, 3, 4.38
1747807374, 0, 682, 1253, 1248, 34, 9.52%, 298, 6, 3, 6.85
1747807401, 0, 683, 1253, 1248, 34, 9.52%, 298, 6, 3, 5.03
1747807432, 0, 685, 1253, 1248, 34, 9.52%, 298, 6, 3, 4.78
1747807458, 0, 686, 1253, 1248, 34, 9.52%, 298, 6, 3, 5.24
1747807484, 0, 687, 1253, 1248, 34, 9.52%, 298, 6, 3, 5.21
1747807509, 0, 688, 1253, 1248, 34, 9.52%, 298, 6, 3, 4.35
1747807541, 0, 689, 1253, 1248, 34, 9.52%, 298, 6, 3, 5.11
1747807561, 0, 689, 1253, 1248, 34, 9.52%, 299, 6, 3, 5.24
1747807567, 0, 690, 1253, 1248, 34, 9.52%, 299, 6, 3, 5.54
1747807593, 0, 691, 1253, 1248, 34, 9.52%, 299, 6, 3, 3.94
1747807625, 0, 692, 1253, 1248, 34, 9.52%, 299, 6, 3, 4.75
1747807636, 0, 692, 1253, 1248, 34, 9.52%, 300, 6, 3, 4.85
1747807652, 0, 693, 1253, 1248, 34, 9.52%, 300, 6, 3, 5.46
1747807673, 0, 694, 1253, 1248, 34, 9.52%, 300, 6, 3, 5.73
1747807688, 0, 694, 1253, 1248, 34, 9.52%, 301, 6, 3, 4.95
1747807704, 0, 695, 1253, 1248, 34, 9.52%, 301, 6, 3, 4.61
1747807730, 0, 696, 1253, 1248, 34, 9.52%, 301, 6, 3, 5.28
1747807761, 0, 697, 1253, 1248, 34, 9.52%, 301, 6, 3, 4.15
1747807788, 0, 698, 1253, 1248, 34, 9.52%, 301, 6, 3, 5.50
1747807814, 0, 699, 1253, 1248, 34, 9.52%, 301, 6, 3, 4.60
1747807845, 0, 700, 1253, 1248, 34, 9.52%, 301, 6, 3, 5.90
1747807866, 0, 701, 1253, 1248, 34, 9.52%, 301, 6, 3, 4.60
1747807898, 0, 702, 1253, 1248, 34, 9.52%, 301, 6, 3, 4.69
1747807923, 0, 703, 1253, 1248, 34, 9.52%, 301, 6, 3, 5.27
1747807950, 0, 704, 1253, 1248, 34, 9.52%, 301, 6, 3, 5.09
1747807976, 0, 705, 1253, 1248, 34, 9.52%, 301, 6, 3, 5.06
1747808002, 0, 706, 1253, 1248, 34, 9.52%, 301, 6, 3, 5.01
1747808028, 0, 707, 1253, 1248, 34, 9.52%, 301, 6, 3, 5.53
1747808054, 0, 708, 1253, 1248, 34, 9.52%, 301, 6, 3, 5.00
1747808080, 0, 710, 1253, 1248, 34, 9.52%, 301, 6, 3, 6.55
1747808085, 0, 710, 1254, 1249, 34, 9.52%, 301, 6, 3, 6.56
1747808106, 0, 710, 1254, 1249, 34, 9.52%, 302, 6, 3, 5.04
1747808131, 0, 711, 1254, 1249, 34, 9.52%, 302, 6, 3, 5.68
1747808158, 0, 712, 1254, 1249, 34, 9.52%, 302, 6, 3, 4.91
1747808178, 0, 713, 1254, 1249, 34, 9.52%, 302, 6, 3, 6.14
1747808204, 0, 714, 1254, 1249, 34, 9.52%, 302, 6, 3, 5.24
1747808230, 0, 714, 1255, 1250, 34, 9.52%, 302, 7, 3, 3.75
1747808267, 0, 715, 1255, 1250, 34, 9.52%, 302, 7, 3, 5.62
1747808288, 0, 717, 1255, 1250, 34, 9.52%, 302, 7, 3, 5.87
1747808319, 0, 718, 1255, 1250, 34, 9.52%, 302, 7, 3, 5.50
1747808339, 0, 719, 1255, 1250, 34, 9.52%, 302, 7, 3, 5.11
1747808365, 0, 720, 1255, 1250, 34, 9.52%, 302, 7, 3, 5.38
1747808391, 0, 721, 1255, 1250, 34, 9.52%, 302, 7, 3, 6.21
1747808417, 0, 723, 1255, 1250, 34, 9.52%, 302, 7, 3, 4.88
1747808442, 0, 724, 1255, 1250, 34, 9.52%, 302, 7, 3, 5.28
1747808463, 0, 725, 1255, 1250, 34, 9.52%, 302, 7, 3, 5.42
1747808489, 0, 726, 1255, 1250, 34, 9.52%, 302, 7, 3, 5.38
1747808521, 0, 727, 1255, 1250, 34, 9.52%, 302, 7, 3, 4.62
1747808552, 0, 728, 1255, 1250, 34, 9.52%, 302, 7, 3, 4.97
1747808579, 0, 729, 1255, 1250, 34, 9.52%, 302, 7, 3, 5.28
1747808604, 0, 730, 1255, 1250, 34, 9.52%, 302, 7, 3, 4.65
1747808631, 0, 731, 1255, 1250, 34, 9.52%, 302, 7, 3, 4.92
1747808657, 0, 732, 1255, 1250, 34, 9.52%, 302, 7, 3, 3.48
1747808678, 0, 733, 1255, 1250, 34, 9.52%, 302, 7, 3, 5.18
1747808709, 0, 735, 1255, 1250, 34, 9.52%, 302, 7, 3, 2.32
1747808731, 0, 736, 1255, 1250, 34, 9.52%, 302, 7, 3, 5.13
1747808762, 0, 737, 1255, 1250, 34, 9.52%, 302, 7, 3, 5.04
1747808788, 0, 738, 1255, 1250, 34, 9.52%, 302, 7, 3, 5.31
1747808798, 0, 738, 1255, 1250, 34, 9.52%, 303, 7, 3, 4.93
1747808814, 0, 739, 1255, 1250, 34, 9.52%, 303, 7, 3, 4.33
1747808875, 0, 739, 1256, 1251, 34, 9.52%, 303, 7, 3, 3.96
1747809055, 0, 739, 1257, 1252, 34, 9.53%, 303, 7, 3, 3.71
1747809101, 0, 739, 1258, 1253, 34, 9.53%, 303, 7, 3, 3.99
1747809116, 0, 739, 1259, 1254, 34, 9.53%, 303, 7, 3, 3.90
1747809137, 0, 739, 1260, 1255, 34, 9.53%, 303, 7, 3, 3.74
1747809362, 0, 739, 1261, 1256, 34, 9.53%, 303, 7, 3, 3.56
1747809526, 0, 739, 1262, 1257, 34, 9.53%, 303, 7, 3, 3.92
1747809531, 0, 739, 1263, 1258, 34, 9.53%, 303, 7, 3, 4.09
1747809536, 0, 739, 1264, 1259, 34, 9.53%, 303, 7, 3, 3.86
1747809617, 0, 740, 1264, 1258, 34, 9.53%, 303, 7, 3, 7.25
1747809633, 0, 740, 1265, 1259, 34, 9.53%, 303, 7, 3, 4.65
1747809675, 0, 741, 1265, 1259, 34, 9.53%, 303, 7, 3, 5.79
1747809690, 0, 741, 1265, 1259, 34, 9.53%, 304, 7, 3, 5.44
1747809700, 0, 742, 1265, 1259, 34, 9.53%, 304, 7, 3, 5.56
1747809726, 0, 743, 1265, 1259, 34, 9.53%, 304, 7, 3, 5.27
1747809747, 0, 744, 1265, 1259, 34, 9.53%, 304, 7, 3, 5.44
1747809768, 0, 744, 1265, 1259, 34, 9.53%, 305, 7, 3, 4.86
1747809779, 0, 745, 1265, 1259, 34, 9.53%, 305, 7, 3, 4.59
1747809805, 0, 746, 1265, 1259, 34, 9.53%, 306, 7, 3, 5.17
1747809821, 0, 746, 1265, 1259, 34, 9.53%, 307, 7, 3, 5.20
1747809832, 0, 747, 1265, 1259, 34, 9.53%, 307, 7, 3, 5.45
1747809858, 0, 749, 1265, 1259, 34, 9.53%, 307, 7, 3, 6.28
1747809879, 0, 750, 1265, 1259, 34, 9.53%, 307, 7, 3, 5.11
1747809905, 0, 751, 1265, 1259, 34, 9.53%, 307, 7, 3, 4.60
1747809915, 0, 751, 1265, 1259, 34, 9.53%, 308, 7, 3, 5.12
1747809931, 0, 752, 1265, 1259, 34, 9.53%, 308, 7, 3, 4.63
1747809952, 0, 752, 1266, 1260, 34, 9.53%, 308, 7, 3, 3.74
1747809957, 0, 752, 1266, 1260, 34, 9.53%, 309, 7, 3, 5.08
1747809983, 0, 753, 1266, 1260, 34, 9.53%, 309, 7, 3, 5.07
1747810009, 0, 756, 1266, 1260, 34, 9.53%, 309, 7, 3, 5.04
1747810035, 0, 758, 1266, 1260, 34, 9.53%, 309, 7, 3, 5.25
1747810067, 0, 759, 1266, 1260, 34, 9.53%, 309, 7, 3, 4.46
1747810078, 0, 759, 1267, 1261, 34, 9.53%, 309, 7, 3, 3.11
1747810130, 0, 760, 1267, 1261, 34, 9.53%, 309, 7, 3, 4.53
1747810156, 0, 761, 1267, 1261, 34, 9.53%, 309, 7, 3, 11.72
1747810182, 0, 762, 1267, 1261, 34, 9.53%, 309, 7, 3, 5.25
1747810208, 0, 764, 1267, 1261, 34, 9.53%, 309, 7, 3, 5.29
1747810228, 0, 765, 1267, 1261, 34, 9.53%, 309, 7, 3, 5.11
1747810260, 0, 766, 1267, 1261, 34, 9.53%, 310, 7, 3, 4.26
1747810285, 0, 767, 1267, 1261, 34, 9.53%, 310, 7, 3, 5.74
1747810311, 0, 768, 1267, 1261, 34, 9.53%, 310, 7, 3, 5.59
1747810337, 0, 769, 1267, 1261, 34, 9.53%, 310, 7, 3, 6.15
1747810363, 0, 772, 1267, 1261, 34, 9.53%, 310, 7, 3, 4.38
1747810389, 0, 773, 1267, 1261, 34, 9.53%, 310, 7, 3, 5.53
1747810415, 0, 774, 1267, 1261, 34, 9.53%, 310, 7, 3, 5.18
1747810441, 0, 775, 1267, 1261, 34, 9.53%, 311, 7, 3, 5.91
1747810456, 0, 775, 1267, 1261, 34, 9.53%, 312, 7, 3, 5.68
1747810467, 0, 777, 1267, 1261, 34, 9.53%, 312, 7, 3, 4.78
1747810493, 0, 779, 1267, 1261, 34, 9.53%, 312, 7, 3, 5.03
1747810519, 0, 780, 1267, 1261, 34, 9.53%, 312, 7, 3, 4.67
1747810525, 0, 780, 1267, 1261, 34, 9.53%, 313, 7, 3, 5.87
1747810540, 0, 781, 1267, 1261, 34, 9.53%, 313, 7, 3, 6.15
1747810566, 0, 782, 1267, 1261, 34, 9.53%, 313, 7, 3, 5.62
1747810587, 0, 782, 1267, 1261, 34, 9.53%, 314, 7, 3, 5.50
1747810592, 0, 783, 1267, 1261, 34, 9.53%, 314, 7, 3, 4.91
1747810618, 0, 784, 1267, 1261, 34, 9.53%, 315, 7, 3, 6.57
1747810644, 0, 785, 1267, 1261, 34, 9.53%, 315, 7, 3, 7.17
1747810670, 0, 786, 1267, 1261, 34, 9.53%, 315, 7, 3, 6.02
1747810696, 0, 787, 1267, 1261, 34, 9.53%, 315, 7, 3, 4.61
1747810727, 0, 789, 1267, 1261, 34, 9.53%, 315, 7, 3, 4.86
1747810753, 0, 790, 1267, 1261, 34, 9.53%, 315, 7, 3, 5.08
1747810779, 0, 791, 1267, 1261, 34, 9.53%, 315, 7, 3, 5.03
1747810805, 0, 792, 1267, 1261, 34, 9.53%, 315, 7, 3, 4.95
1747810831, 0, 794, 1267, 1261, 34, 9.53%, 315, 7, 3, 5.76
1747810857, 0, 795, 1267, 1261, 34, 9.53%, 315, 7, 3, 5.35
1747810882, 0, 796, 1267, 1261, 34, 9.53%, 315, 7, 3, 5.42
1747810908, 0, 798, 1267, 1261, 34, 9.53%, 315, 7, 3, 5.49
1747810934, 0, 799, 1267, 1261, 34, 9.53%, 315, 7, 3, 4.74
1747810949, 0, 799, 1267, 1261, 34, 9.53%, 316, 7, 3, 4.87
1747810960, 0, 800, 1267, 1261, 34, 9.53%, 316, 7, 3, 6.04
1747810986, 0, 801, 1267, 1261, 34, 9.53%, 316, 7, 3, 5.73
1747811012, 0, 802, 1267, 1261, 34, 9.53%, 316, 7, 3, 5.05
1747811038, 0, 803, 1267, 1261, 34, 9.53%, 316, 7, 3, 5.74
1747811058, 0, 804, 1267, 1261, 34, 9.53%, 316, 7, 3, 5.66
1747811090, 0, 805, 1267, 1261, 34, 9.53%, 316, 7, 3, 4.37
1747811115, 0, 806, 1267, 1261, 34, 9.53%, 316, 7, 3, 5.35
1747811141, 0, 807, 1267, 1261, 34, 9.53%, 316, 7, 3, 4.93
1747811172, 0, 808, 1267, 1261, 34, 9.53%, 316, 7, 3, 3.88
1747811197, 0, 809, 1267, 1261, 34, 9.53%, 316, 7, 3, 5.02
1747811228, 0, 810, 1267, 1261, 34, 9.53%, 316, 7, 3, 5.08
1747811254, 0, 811, 1267, 1261, 34, 9.53%, 316, 7, 3, 4.58
1747811270, 0, 811, 1267, 1261, 34, 9.53%, 317, 7, 3, 4.40
1747811285, 0, 812, 1267, 1261, 34, 9.53%, 317, 7, 3, 4.90
1747811301, 0, 812, 1267, 1261, 34, 9.53%, 318, 7, 3, 4.70
1747811311, 0, 814, 1267, 1261, 34, 9.53%, 318, 7, 3, 5.78
1747811322, 0, 814, 1268, 1262, 34, 9.53%, 318, 7, 3, 4.51
1747811364, 0, 815, 1268, 1262, 34, 9.53%, 318, 7, 3, 4.66
1747811395, 0, 818, 1268, 1262, 34, 9.53%, 318, 7, 3, 4.99
1747811416, 0, 819, 1268, 1262, 34, 9.53%, 318, 7, 3, 5.56
1747811432, 0, 819, 1268, 1262, 34, 9.53%, 319, 7, 3, 5.50
1747811443, 0, 820, 1268, 1262, 34, 9.53%, 319, 7, 3, 4.93
1747811463, 0, 823, 1268, 1262, 34, 9.53%, 319, 7, 3, 6.40
1747811490, 0, 824, 1268, 1262, 34, 9.53%, 319, 7, 3, 5.74
1747811516, 0, 825, 1268, 1262, 34, 9.53%, 319, 7, 3, 5.18
1747811547, 0, 826, 1268, 1262, 34, 9.53%, 319, 7, 3, 5.63
1747811573, 0, 827, 1268, 1262, 34, 9.53%, 319, 7, 3, 3.97
1747811604, 0, 828, 1268, 1262, 34, 9.53%, 319, 7, 3, 4.03
1747811630, 0, 829, 1268, 1262, 34, 9.53%, 319, 7, 3, 3.83
1747811656, 0, 830, 1268, 1262, 34, 9.53%, 319, 7, 3, 5.77
1747811682, 0, 833, 1268, 1262, 34, 9.53%, 319, 7, 3, 5.27
1747811709, 0, 834, 1268, 1262, 34, 9.53%, 319, 7, 3, 4.94
1747811735, 0, 835, 1268, 1262, 34, 9.53%, 319, 7, 3, 5.53
1747811761, 0, 836, 1268, 1262, 34, 9.53%, 319, 7, 3, 5.57
1747811778, 0, 836, 1269, 1263, 34, 9.53%, 319, 7, 3, 4.83
1747811819, 0, 838, 1269, 1263, 34, 9.53%, 319, 7, 3, 5.71
1747811844, 0, 840, 1269, 1263, 34, 9.53%, 319, 7, 3, 6.54
1747811870, 0, 841, 1269, 1263, 34, 9.53%, 319, 7, 3, 4.75
1747811896, 0, 842, 1269, 1263, 34, 9.53%, 319, 7, 3, 6.01
1747811922, 0, 843, 1269, 1263, 34, 9.53%, 319, 7, 3, 5.46
1747811948, 0, 844, 1269, 1263, 34, 9.53%, 319, 7, 3, 5.04
1747811974, 0, 845, 1269, 1263, 34, 9.53%, 319, 7, 3, 4.80
1747811999, 0, 846, 1269, 1263, 34, 9.53%, 319, 7, 3, 5.37
1747812015, 0, 846, 1269, 1263, 34, 9.53%, 320, 7, 3, 4.78
1747812030, 0, 847, 1269, 1263, 34, 9.53%, 320, 7, 3, 4.95
1747812056, 0, 849, 1269, 1263, 34, 9.53%, 320, 7, 3, 4.80
1747812067, 0, 849, 1270, 1264, 34, 9.53%, 320, 7, 3, 3.91
1747812118, 0, 850, 1270, 1264, 34, 9.53%, 320, 7, 3, 6.32
1747812134, 0, 850, 1270, 1264, 34, 9.53%, 321, 7, 3, 6.15
1747812139, 0, 851, 1270, 1264, 34, 9.53%, 321, 7, 3, 6.00
1747812150, 0, 851, 1270, 1264, 34, 9.53%, 322, 7, 3, 5.66
1747812165, 0, 852, 1270, 1264, 34, 9.53%, 322, 7, 3, 4.84
1747812191, 0, 855, 1270, 1264, 34, 9.53%, 322, 7, 3, 5.25
1747812217, 0, 856, 1270, 1264, 34, 9.53%, 322, 7, 3, 5.04
1747812228, 0, 856, 1271, 1265, 34, 9.53%, 322, 7, 3, 1.14
1747812279, 0, 857, 1271, 1265, 34, 9.53%, 322, 7, 3, 6.27
1747812300, 0, 859, 1271, 1265, 34, 9.53%, 322, 7, 3, 4.67
1747812331, 0, 860, 1271, 1265, 34, 9.53%, 322, 7, 3, 3.01
1747812357, 0, 861, 1271, 1265, 34, 9.53%, 322, 7, 3, 5.06
1747812383, 0, 863, 1271, 1265, 34, 9.53%, 322, 7, 3, 5.53
1747812409, 0, 864, 1271, 1265, 34, 9.53%, 322, 7, 3, 4.98
1747812435, 0, 865, 1271, 1265, 34, 9.53%, 322, 7, 3, 4.80
1747812466, 0, 867, 1271, 1265, 34, 9.53%, 322, 7, 3, 5.00
1747812493, 0, 868, 1271, 1265, 34, 9.53%, 322, 7, 3, 5.30
1747812520, 0, 870, 1271, 1265, 34, 9.53%, 322, 7, 3, 4.94
1747812546, 0, 873, 1271, 1265, 34, 9.53%, 322, 7, 3, 4.72
1747812572, 0, 874, 1271, 1265, 34, 9.53%, 322, 7, 3, 4.72
1747813261, 0, 874, 1272, 1266, 34, 9.53%, 322, 7, 3, 1.19
1747815232, 0, 874, 1273, 1267, 34, 9.53%, 322, 7, 3, 4.60
1747815356, 0, 874, 1274, 1268, 34, 9.53%, 322, 7, 3, 3.95
1747816244, 0, 875, 1274, 1267, 34, 9.53%, 322, 7, 3, 8.35
1747816259, 0, 876, 1274, 1267, 34, 9.53%, 322, 7, 3, 9.23
1747816275, 0, 877, 1274, 1267, 34, 9.53%, 322, 7, 3, 9.01
1747816280, 0, 877, 1274, 1267, 34, 9.53%, 323, 7, 3, 9.63
1747816290, 0, 879, 1274, 1267, 34, 9.53%, 323, 7, 3, 10.41
1747816301, 0, 880, 1274, 1267, 34, 9.53%, 324, 7, 3, 8.52
1747816316, 0, 881, 1274, 1267, 34, 9.53%, 324, 7, 3, 9.71
1747816332, 0, 882, 1274, 1267, 34, 9.53%, 324, 7, 3, 9.22
1747816347, 0, 883, 1274, 1267, 34, 9.53%, 324, 7, 3, 9.16
1747816363, 0, 884, 1274, 1267, 34, 9.53%, 324, 7, 3, 8.37
1747816378, 0, 885, 1274, 1267, 34, 9.53%, 325, 7, 3, 8.45
1747816389, 0, 885, 1274, 1267, 34, 9.53%, 326, 7, 3, 9.15
1747816394, 0, 886, 1274, 1267, 34, 9.53%, 326, 7, 3, 8.05
1747816409, 0, 887, 1274, 1267, 34, 9.53%, 326, 7, 3, 8.82
1747816425, 0, 887, 1275, 1268, 34, 9.53%, 326, 7, 3, 6.61
1747816441, 0, 888, 1275, 1268, 34, 9.53%, 326, 7, 3, 8.73
1747816456, 0, 890, 1275, 1268, 34, 9.53%, 326, 7, 3, 9.06
1747816466, 0, 890, 1275, 1268, 34, 9.53%, 327, 7, 3, 9.72
1747816472, 0, 892, 1275, 1268, 34, 9.53%, 327, 7, 3, 8.63
1747816487, 0, 893, 1275, 1268, 34, 9.53%, 327, 7, 3, 8.15
1747816502, 0, 894, 1275, 1268, 34, 9.53%, 327, 7, 3, 9.13
1747816523, 0, 896, 1275, 1268, 34, 9.53%, 327, 7, 3, 9.05
1747816538, 0, 897, 1275, 1268, 34, 9.53%, 327, 7, 3, 8.57
1747816548, 0, 898, 1275, 1268, 34, 9.53%, 327, 7, 3, 8.80
1747816559, 0, 898, 1275, 1268, 34, 9.53%, 328, 7, 3, 7.84
1747816564, 0, 899, 1275, 1268, 34, 9.53%, 328, 7, 3, 8.05
1747816580, 0, 900, 1275, 1268, 34, 9.53%, 328, 7, 3, 9.27
1747816595, 0, 901, 1275, 1268, 34, 9.53%, 328, 7, 3, 10.67
1747816610, 0, 902, 1275, 1268, 34, 9.53%, 328, 7, 3, 8.68
1747816616, 0, 902, 1275, 1268, 34, 9.53%, 329, 7, 3, 8.14
1747816626, 0, 905, 1275, 1268, 34, 9.53%, 329, 7, 3, 9.04
1747816642, 0, 906, 1275, 1268, 34, 9.53%, 329, 7, 3, 8.03
1747816658, 0, 907, 1275, 1268, 34, 9.53%, 329, 7, 3, 8.58
1747816673, 0, 908, 1275, 1268, 34, 9.53%, 329, 7, 3, 9.93
1747816689, 0, 909, 1275, 1268, 34, 9.53%, 329, 7, 3, 8.48
1747816710, 0, 910, 1275, 1268, 34, 9.53%, 329, 7, 3, 6.56
1747816736, 0, 911, 1275, 1268, 34, 9.53%, 330, 7, 3, 4.33
1747816762, 0, 912, 1275, 1268, 34, 9.53%, 330, 7, 3, 4.82
1747816783, 0, 913, 1275, 1268, 34, 9.53%, 330, 7, 3, 5.21
1747816794, 0, 913, 1275, 1268, 34, 9.53%, 331, 7, 3, 5.24
1747816809, 0, 914, 1275, 1268, 34, 9.53%, 331, 7, 3, 4.73
1747816836, 0, 915, 1275, 1268, 34, 9.53%, 331, 7, 3, 4.38
1747816862, 0, 916, 1275, 1268, 34, 9.53%, 331, 7, 3, 5.28
1747816888, 0, 917, 1275, 1268, 34, 9.53%, 331, 7, 3, 4.73
1747816919, 0, 918, 1275, 1268, 34, 9.53%, 331, 7, 3, 4.73
1747816946, 0, 919, 1275, 1268, 34, 9.53%, 331, 7, 3, 5.42
1747816971, 0, 920, 1275, 1268, 34, 9.53%, 331, 7, 3, 6.51
1747816997, 0, 924, 1275, 1268, 34, 9.53%, 331, 7, 3, 4.93
1747817023, 0, 925, 1275, 1268, 34, 9.53%, 331, 7, 3, 5.44
1747817050, 0, 926, 1275, 1268, 34, 9.53%, 331, 7, 3, 5.57
1747817075, 0, 927, 1275, 1268, 34, 9.53%, 331, 7, 3, 4.89
1747817101, 0, 928, 1275, 1268, 34, 9.53%, 331, 7, 3, 4.69
1747817112, 0, 928, 1275, 1268, 34, 9.53%, 332, 7, 3, 5.50
1747817127, 0, 929, 1275, 1268, 34, 9.53%, 332, 7, 3, 4.96
1747817153, 0, 931, 1275, 1268, 34, 9.53%, 332, 7, 3, 4.50
1747817180, 0, 932, 1275, 1268, 34, 9.53%, 332, 7, 3, 5.24
1747817205, 0, 935, 1275, 1268, 34, 9.53%, 332, 7, 3, 4.89
1747817236, 0, 936, 1275, 1268, 34, 9.53%, 332, 7, 3, 5.14
1747817256, 0, 939, 1275, 1268, 34, 9.53%, 332, 7, 3, 6.17
1747817261, 0, 939, 1275, 1268, 34, 9.53%, 333, 7, 3, 6.34
1747817282, 0, 940, 1275, 1268, 34, 9.53%, 333, 7, 3, 5.73
1747817308, 0, 941, 1275, 1268, 34, 9.53%, 333, 7, 3, 4.73
1747817334, 0, 941, 1276, 1269, 34, 9.53%, 333, 7, 3, 4.80
1747817366, 0, 942, 1276, 1269, 34, 9.53%, 333, 7, 3, 4.40
1747817397, 0, 943, 1276, 1269, 34, 9.53%, 333, 7, 3, 5.31
1747817407, 0, 943, 1276, 1269, 34, 9.53%, 334, 7, 3, 5.26
1747817423, 0, 944, 1276, 1269, 34, 9.53%, 334, 7, 3, 4.64
