ID;Generation Number;Generation Size;DD Size;Number of DD;Runtime;Tests per Minute;Average Test Execution Time;Average DD Runtime;Total primary score increase;Total secondary increase
0;64;0;0;0;                          0ns;-nan;                          0ns;                          0ns;0.000000;0.000000
1;66;2000;136;10;        11s   3ms 720μs 687ns;11650.909091;                        -16850010076557ns;            801ms 897μs 341ns;0.000000;0.000000
347;30101e;2000;481;10;        53s 396ms 827μs 739ns;2808.679245;                        -35353959920671ns;         5s 950ms  24μs 147ns;2256.000000;0.000000
2;1a9c;2000;792;10;        23s 785ms 186μs 454ns;7283.478261;                        -34959830887207ns;         9s 117ms 560μs 492ns;1241.000000;0.000000
348;3031f7;2000;426;10;        50s 845ms 307μs 436ns;2911.200000;                        -33038176881238ns;         5s 275ms 841μs 831ns;2256.000000;0.000000
349;3052d2;2000;472;10;        48s 466ms 276μs 763ns;3090.000000;                        -34725221517211ns;         5s 969ms 538μs 990ns;2256.000000;0.000000
3;5951;2000;689;10;        47s 849ms 122μs 487ns;3432.765957;                        -29722069769894ns;         8s 540ms   7μs 615ns;2251.000000;0.000000
350;307497;2000;556;10;        52s  82ms 255μs 297ns;2949.230769;                        -37045772561961ns;         6s 485ms 109μs 557ns;2256.000000;0.000000
4;7e04;2000;595;10;        46s 260ms 204μs  11ns;3384.782609;                        -23042017622115ns;         7s  39ms 359μs  43ns;2251.000000;0.000000
351;3097b6;2000;477;10;        47s 949ms 649μs 243ns;3162.127660;                        -36447671627307ns;         5s 410ms 297μs 183ns;2256.000000;0.000000
5;a113;2000;708;10;        49s 160ms 875μs 185ns;3315.918367;                        -31320918220278ns;         9s 154ms 167μs 890ns;2251.000000;0.000000
352;30b980;2000;426;10;        50s 685ms 435μs 594ns;2911.200000;                        -27588460714731ns;         4s 976ms   6μs 781ns;2256.000000;0.000000
6;c65a;2000;679;10;        52s 160ms 142μs 903ns;3091.153846;                        -35990740025160ns;         8s 785ms 633μs 700ns;2253.000000;0.000000
353;30da93;2000;421;10;        51s 415ms 514μs 158ns;2848.235294;                        -28170543104730ns;         4s 715ms 652μs 788ns;2256.000000;0.000000
7;eb5b;2000;644;10;        51s  31ms 678μs 777ns;3110.588235;                        -38778552313692ns;         8s 571ms 959μs 586ns;2253.000000;0.000000
354;30fb7f;2000;460;10;        51s 498ms 100μs 237ns;2894.117647;                        -35172724154567ns;         6s 112ms 419μs 959ns;2256.000000;0.000000
8;10f76;2000;607;10;        49s 776ms 470μs 827ns;3192.244898;                        -33947421952193ns;         7s 391ms 583μs 868ns;2253.000000;0.000000
355;311cec;2000;404;10;        52s 452ms 478μs 857ns;2773.846154;                        -29953343491692ns;         5s 283ms 649μs 441ns;2256.000000;0.000000
9;132f1;2000;717;10;        54s 274ms 554μs 713ns;3018.888889;                        -38417133364179ns;         8s 890ms 471μs 699ns;2253.000000;0.000000
356;313d5f;2000;496;10;        55s 714ms 773μs  23ns;2722.909091;                        -35180504983327ns;         5s 636ms  68μs  61ns;2256.000000;0.000000
10;15840;2000;611;10;        52s 706ms 541μs 455ns;3012.692308;                        -31797246333376ns;         7s 311ms 260μs 677ns;2253.000000;0.000000
357;315f79;2000;516;10;        55s 592ms 275μs 704ns;2744.727273;                        -36914380072570ns;         6s 391ms 728μs 559ns;2256.000000;0.000000
11;17bdf;2000;546;10;        51s 993ms 863μs 309ns;2995.294118;                        -28775194659762ns;         6s 802ms 130μs 919ns;2253.000000;0.000000
358;3181ec;2000;414;10;        51s 366ms  29μs 261ns;2840.000000;                        -34028984946999ns;         5s 219ms 273μs 321ns;2256.000000;0.000000
12;19e66;2000;664;10;        51s  64ms 122μs 138ns;3134.117647;                        -30253256002348ns;         8s 200ms 924μs 412ns;2253.000000;0.000000
359;31a2b0;2000;418;10;        53s 637ms 265μs 379ns;2737.358491;                        -35283846776249ns;         5s 247ms 173μs 243ns;2256.000000;0.000000
13;1c2db;2000;532;10;        49s 145ms 642μs 745ns;3100.408163;                        -27251088628603ns;         7s 233ms 109μs 885ns;2253.000000;0.000000
360;31c357;2000;407;10;        53s 336ms 146μs 791ns;2724.905660;                        -33086309039091ns;         5s  22ms 678μs 713ns;2256.000000;0.000000
361;31e3ee;2000;431;10;        54s 510ms 811μs 151ns;2701.111111;                        -33283971679015ns;         5s 388ms 462μs 683ns;2256.000000;0.000000
14;1e540;2000;540;10;        49s 288ms 149μs 264ns;3110.204082;                        -29331318019508ns;         6s 886ms 424μs 682ns;2253.000000;0.000000
362;3204eb;2000;467;10;        55s 397ms 754μs 246ns;2691.272727;                        -33058853769839ns;         6s 139ms 548μs 850ns;2256.000000;0.000000
15;207bd;2000;566;10;        49s 431ms 135μs 365ns;3142.040816;                        -29274555846355ns;         7s 720ms 357μs 912ns;2253.000000;0.000000
363;32266e;2000;491;10;        56s 935ms 314μs 758ns;2668.928571;                        -34013921428110ns;         5s 977ms 820μs 792ns;2256.000000;0.000000
16;22a80;2000;526;10;        49s 106ms 850μs 997ns;3093.061224;                        -27080866440144ns;         7s  14ms 526μs 900ns;2253.000000;0.000000
364;324851;2000;467;10;        54s 452ms 851μs 116ns;2741.111111;                        -34092977765940ns;         6s  47ms 983μs  85ns;2256.000000;0.000000
17;24ca9;2000;508;10;        49s 725ms 499μs 115ns;3071.020408;                        -24354917146026ns;         6s 488ms 106μs  58ns;2253.000000;0.000000
365;3269c8;2000;489;10;        55s  57ms 763μs 672ns;2715.272727;                        -31000892806356ns;         6s 187ms 381μs 218ns;2256.000000;0.000000
18;26ead;2000;491;10;        48s 779ms 659μs 987ns;3113.750000;                        -25749332859822ns;         6s 454ms 443μs 472ns;2253.000000;0.000000
366;328bcf;2000;543;10;        56s 318ms 833μs 723ns;2724.642857;                        -39550206342449ns;         6s 971ms 279μs 952ns;2256.000000;0.000000
19;29038;2000;557;10;        53s 873ms 692μs 522ns;2894.716981;                        -24131290265851ns;         6s 617ms 107μs 834ns;2253.000000;0.000000
367;32ae90;2000;477;10;        54s 687ms 326μs 495ns;2752.222222;                        -38310748508001ns;         5s 505ms 107μs 603ns;2256.000000;0.000000
20;2b302;2000;570;10;        52s 440ms 737μs 981ns;2965.384615;                        -27815187591186ns;         7s 484ms 706μs 646ns;2253.000000;0.000000
368;32d037;2000;426;10;        53s 897ms 661μs  48ns;2746.415094;                        -23733479863317ns;         4s 849ms 107μs 632ns;2256.000000;0.000000
21;2d5fb;2000;526;10;        48s 420ms 538μs 373ns;3157.500000;                        -28543959002981ns;         7s  43ms 791μs 449ns;2253.000000;0.000000
369;32f157;2000;448;10;        54s 561ms 125μs 249ns;2720.000000;                        -32312250351925ns;         5s 731ms 382μs 936ns;2256.000000;0.000000
22;2f818;2000;521;10;        47s 217ms 674μs 558ns;3218.297872;                        -24239712916952ns;         6s 588ms 565μs 429ns;2253.000000;0.000000
370;331277;2000;575;10;        58s 544ms 563μs 492ns;2663.793103;                        -34655315230956ns;         7s 331ms 144μs 753ns;2256.000000;0.000000
23;31a4a;2000;534;10;        48s 251ms 454μs 448ns;3167.500000;                        -27976158754287ns;         7s 124ms 902μs 996ns;2253.000000;0.000000
371;333592;2000;496;10;        57s 168ms 136μs 901ns;2627.368421;                        -30938701590121ns;         5s 968ms 482μs 411ns;2259.000000;0.000000
24;33cab;2000;486;10;        48s 739ms 748μs 800ns;3107.500000;                        -23847533934551ns;         6s   4ms 223μs 111ns;2253.000000;0.000000
372;33578d;2000;495;10;        56s 195ms 684μs 304ns;2673.214286;                        -31716463386023ns;         6s  21ms 943μs 188ns;2259.000000;0.000000
25;35e2a;2000;561;10;        50s 271ms 304μs 236ns;3073.200000;                        -30311316305164ns;         7s  97ms 266μs  87ns;2253.000000;0.000000
373;337964;2000;522;10;        53s 538ms 833μs 682ns;2855.094340;                        -23849515295790ns;         6s  15ms 470μs 668ns;2259.000000;0.000000
26;380fb;2000;551;10;        50s 709ms 554μs 383ns;3061.200000;                        -26838339955264ns;         6s 799ms 877μs  38ns;2255.000000;0.000000
374;339bb8;2000;479;10;        52s 567ms 287μs 950ns;2860.384615;                        -32951216496119ns;         5s 357ms 300μs 546ns;2259.000000;0.000000
27;3a3b0;2000;568;10;        52s 686ms 496μs 501ns;2963.076923;                        -25948896620070ns;         6s 861ms 440μs 498ns;2255.000000;0.000000
375;33bd29;2000;480;10;        55s 130ms 977μs 302ns;2705.454545;                        -26813471898252ns;         5s 852ms 469μs 289ns;2259.000000;0.000000
28;3c6a1;2000;566;10;        50s 367ms 278μs 448ns;3079.200000;                        -27639272799841ns;         7s 552ms 706μs 141ns;2255.000000;0.000000
376;33deaa;2000;512;10;        55s 185ms 496μs 783ns;2740.363636;                        -28240455330595ns;         6s  38ms 817μs 188ns;2259.000000;0.000000
29;3e97e;2000;547;10;        50s 824ms 253μs 475ns;3056.400000;                        -24486937692666ns;         7s 528ms 710μs 767ns;2255.000000;0.000000
377;3400b9;2000;497;10;        55s 678ms 907μs  77ns;2724.000000;                        -32726791553995ns;         6s 196ms 836μs 747ns;2259.000000;0.000000
30;40c03;2000;523;10;        49s 705ms 901μs 988ns;3089.387755;                        -24964375858409ns;         6s 622ms 929μs 813ns;2255.000000;0.000000
378;342278;2000;468;10;        53s 385ms 809μs 891ns;2793.962264;                        -30548589803637ns;         5s 495ms 978μs  21ns;2259.000000;0.000000
31;42e10;2000;531;10;        50s 324ms 514μs 792ns;3037.200000;                        -30445110620102ns;         6s 698ms 421μs 289ns;2255.000000;0.000000
379;3443cb;2000;510;10;        53s 755ms 562μs 855ns;2841.509434;                        -30041351457207ns;         5s 665ms 612μs 439ns;2259.000000;0.000000
32;45069;2000;625;10;        50s 918ms 762μs 705ns;3150.000000;                        -33318393878819ns;         8s 358ms 595μs 285ns;2255.000000;0.000000
380;3465c9;2000;533;10;        53s 326ms 702μs 460ns;2867.547170;                        -33024943535893ns;         6s 592ms 859μs 833ns;2259.000000;0.000000
33;4746e;2000;616;10;        51s 562ms 668μs 101ns;3077.647059;                        -33202192763744ns;         7s 744ms 452μs 725ns;2255.000000;0.000000
381;348821;2000;509;10;        52s 552ms 911μs 121ns;2895.000000;                        -29808530152559ns;         6s  73ms 801μs 432ns;2259.000000;0.000000
34;4981d;2000;689;10;        54s 114ms  89μs 152ns;2987.777778;                        -30711415977156ns;         8s 959ms  79μs 891ns;2255.000000;0.000000
382;34aa2c;2000;476;10;        54s 726ms 669μs 858ns;2751.111111;                        -28929781697557ns;         5s 714ms 273μs 868ns;2259.000000;0.000000
35;4bd10;2000;600;10;        52s 348ms 419μs 215ns;3000.000000;                        -32000933828050ns;         8s 106ms 370μs 143ns;2255.000000;0.000000
383;34cb99;2000;582;10;        56s 616ms 563μs 371ns;2766.428571;                        -35357626117379ns;         6s 679ms 364μs 785ns;2259.000000;0.000000
36;4e079;2000;523;10;        50s 858ms 749μs 353ns;3027.600000;                        -27887940888680ns;         6s  58ms  97μs  70ns;2255.000000;0.000000
384;34eea7;2000;469;10;        52s 496ms 386μs 537ns;2848.846154;                        -24910591636470ns;         5s 571ms 720μs 818ns;2259.000000;0.000000
37;502af;2000;524;10;        52s 154ms  13μs 921ns;2912.307692;                        -22788368130361ns;         6s 707ms 986μs 735ns;2255.000000;0.000000
385;351008;2000;485;10;        51s 787ms  85μs 982ns;2923.529412;                        -27560503433469ns;         6s 202ms 166μs 882ns;2259.000000;0.000000
38;52516;2000;479;10;        50s 793ms 197μs 334ns;2974.800000;                        -22957254007505ns;         5s 708ms 236μs 934ns;2255.000000;0.000000
386;3531ab;2000;426;10;        50s 809ms 169μs  72ns;2911.200000;                        -25881516158324ns;         5s 232ms 388μs 357ns;2259.000000;0.000000
39;54699;2000;612;10;        53s 418ms 549μs  31ns;2956.981132;                        -24836278991531ns;         7s 518ms 294μs 975ns;2255.000000;0.000000
387;35524a;2000;473;10;        52s 507ms 138μs 951ns;2853.461538;                        -29496891648920ns;         5s 741ms 278μs 201ns;2259.000000;0.000000
40;56a40;2000;549;10;        52s 563ms 128μs 968ns;2941.153846;                        -27373454141712ns;         6s 965ms 762μs  57ns;2255.000000;0.000000
388;3573a5;2000;556;10;        56s 864ms 481μs 912ns;2738.571429;                        -32265942602063ns;         6s 710ms 314μs 973ns;2259.000000;0.000000
41;58cd9;2000;541;10;        50s 156ms   5μs 357ns;3049.200000;                        -23125927121834ns;         6s 763ms 992μs 541ns;2255.000000;0.000000
389;35964e;2000;498;10;        56s   7ms  85μs 403ns;2676.428571;                        -24383699113922ns;         6s 126ms 284μs 922ns;2259.000000;0.000000
42;5af5e;2000;566;10;        51s 659ms 489μs 359ns;3018.823529;                        -23618409852210ns;         7s 119ms 323μs 475ns;2255.000000;0.000000
390;35b829;2000;527;10;        56s 674ms 868μs 148ns;2707.500000;                        -31891895559680ns;         6s 624ms  13μs 882ns;2259.000000;0.000000
43;5d255;2000;629;10;        53s 728ms 104μs 544ns;2976.226415;                        -30273747368991ns;         8s 281ms 303μs 816ns;2255.000000;0.000000
391;35da6a;2000;509;10;        52s 490ms 934μs 538ns;2895.000000;                        -28077684592923ns;         6s 324ms  77μs 512ns;2259.000000;0.000000
44;5f652;2000;538;10;        51s 669ms 587μs 970ns;2985.882353;                        -22194684698556ns;         6s 348ms 710μs 691ns;2255.000000;0.000000
392;35fc69;2000;508;10;        54s 108ms 190μs 268ns;2786.666667;                        -25308680012253ns;         6s  88ms 523μs 799ns;2259.000000;0.000000
45;618d8;2000;568;10;        50s 870ms 805μs  95ns;3081.600000;                        -28137107050713ns;         7s 264ms 869μs 262ns;2255.000000;0.000000
393;361e68;2000;503;10;        50s 361ms 284μs  73ns;3003.600000;                        -27898788236226ns;         6s 385ms 274μs 616ns;2259.000000;0.000000
46;63bc5;2000;624;10;        49s 753ms 120μs 305ns;3213.061224;                        -32673476322754ns;         8s 219ms 889μs  42ns;2255.000000;0.000000
394;36404f;2000;486;10;        49s 725ms 426μs 918ns;3044.081633;                        -25539230063187ns;         5s 676ms  69μs  58ns;2259.000000;0.000000
47;65fbe;2000;512;10;        48s 409ms  80μs 447ns;3140.000000;                        -27794219580711ns;         5s 441ms 367μs  10ns;2255.000000;0.000000
395;366200;2000;450;10;        49s 242ms 758μs 914ns;3000.000000;                        -22548476316559ns;         5s 577ms  56μs 120ns;2259.000000;0.000000
48;681e1;2000;564;10;        49s 290ms 968μs 192ns;3139.591837;                        -29144010979567ns;         6s 784ms 765μs 142ns;2255.000000;0.000000
396;3682e5;2000;436;10;        49s  75ms 337μs 531ns;2982.857143;                        -26070100059256ns;         5s 228ms 743μs 374ns;2259.000000;0.000000
397;36a3a2;2000;459;10;        50s 813ms 850μs 431ns;2950.800000;                        -27637684472371ns;         5s 764ms 314μs 756ns;2259.000000;0.000000
49;6a4d2;2000;524;10;        48s 463ms 768μs 253ns;3155.000000;                        -25482681182383ns;         6s 464ms 376μs  34ns;2255.000000;0.000000
398;36c4d5;2000;429;10;        48s 812ms 242μs 643ns;3036.250000;                        -26151945296329ns;         5s 307ms 844μs 816ns;2259.000000;0.000000
50;6c70d;2000;575;10;        49s 606ms 955μs 488ns;3153.061224;                        -31165790218828ns;         7s 641ms 418μs 683ns;2255.000000;0.000000
399;36e585;2000;445;10;        50s 390ms 369μs 580ns;2934.000000;                        -24684942192877ns;         5s 478ms 927μs 767ns;2259.000000;0.000000
51;6ea0c;2000;677;10;        50s 747ms 108μs 306ns;3212.400000;                        -37075801712685ns;         8s 719ms 831μs 386ns;2255.000000;0.000000
400;37066a;2000;480;10;        50s 786ms 912μs 200ns;2976.000000;                        -31257399353455ns;         5s 778ms 624μs 969ns;2259.000000;0.000000
52;70eed;2000;473;10;        48s 765ms 692μs 684ns;3091.250000;                        -23289771699267ns;         5s 720ms  72μs 436ns;2255.000000;0.000000
401;3727fb;2000;556;10;        54s 194ms 759μs 736ns;2840.000000;                        -32569681688877ns;         6s 668ms 861μs 856ns;2259.000000;0.000000
53;73082;2000;504;10;        45s 372ms 298μs 148ns;3338.666667;                        -25205810859120ns;         6s 472ms 959μs 480ns;2234.000000;0.000000
402;374ac0;2000;544;10;        53s 909ms 636μs 610ns;2880.000000;                        -30479274934081ns;         5s 816ms 943μs 918ns;2259.000000;0.000000
54;75255;2000;576;10;        46s 626ms 439μs 374ns;3360.000000;                        -27120255051762ns;         6s 934ms 691μs 156ns;2234.000000;0.000000
403;376d59;2000;507;10;        56s 883ms 277μs 488ns;2686.071429;                        -31947664626511ns;         6s 377ms 141μs 102ns;2259.000000;0.000000
55;7756e;2000;494;10;        45s 337ms 765μs 705ns;3325.333333;                        -24819660163563ns;         5s 871ms 500μs 490ns;2234.000000;0.000000
404;378f5e;2000;588;10;        54s 516ms 607μs 414ns;2875.555556;                        -33408506881739ns;         6s 448ms 394μs 241ns;2259.000000;0.000000
56;79727;2000;552;10;        46s 639ms  10μs 972ns;3328.695652;                        -29301333484893ns;         6s 188ms 149μs 540ns;2234.000000;0.000000
405;37b2d9;2000;533;10;        53s 901ms 487μs  13ns;2867.547170;                        -35644686477508ns;         6s 825ms 314μs 851ns;2259.000000;0.000000
57;7b9d3;2000;636;10;        47s 231ms 954μs 762ns;3365.106383;                        -34648658806636ns;         7s 678ms 394μs 885ns;2234.000000;0.000000
406;37d54a;2000;559;10;        57s 698ms 505μs 396ns;2693.684211;                        -35784536803779ns;         6s 782ms 251μs 469ns;2259.000000;0.000000
58;7ddd0;2000;553;10;        45s 808ms 245μs 734ns;3404.000000;                        -33857169015260ns;         7s 245ms 475μs 135ns;2234.000000;0.000000
407;37f823;2000;471;10;        56s 286ms 221μs 733ns;2647.500000;                        -28055450226464ns;         5s 471ms 818μs 976ns;2259.000000;0.000000
59;800b1;2000;582;10;        47s 801ms 868μs 520ns;3296.170213;                        -30867902408385ns;         7s 512ms 216μs 275ns;2252.000000;0.000000
408;381980;2000;497;10;        56s 637ms  62μs 587ns;2675.357143;                        -32352653506589ns;         6s  90ms 501μs 990ns;2259.000000;0.000000
60;82418;2000;474;10;        47s 544ms 747μs 548ns;3158.297872;                        -30235566613679ns;         6s 176ms 186μs 186ns;2252.000000;0.000000
409;383b59;2000;479;10;        52s 906ms 708μs 770ns;2860.384615;                        -25149669051462ns;         5s 991ms 322μs 100ns;2259.000000;0.000000
61;845a5;2000;544;10;        46s  58ms 318μs 217ns;3318.260870;                        -40493684060544ns;         6s 140ms 216μs 232ns;2234.000000;0.000000
410;385cfb;2000;489;10;        51s 243ms 670μs 841ns;2928.235294;                        -25563220610059ns;         5s 842ms 485μs 561ns;2259.000000;0.000000
62;86862;2000;518;10;        44s 879ms  77μs  24ns;3433.636364;                        -36774984419923ns;         6s 456ms 103μs 457ns;2234.000000;0.000000
411;387ed6;2000;510;10;        52s 188ms 877μs 331ns;2896.153846;                        -26873895071301ns;         6s 297ms 220μs 544ns;2259.000000;0.000000
63;88ac0;2000;501;10;        44s 430ms 838μs 255ns;3410.454545;                        -27219241880645ns;         6s 513ms 512μs 417ns;2234.000000;0.000000
412;38a107;2000;578;10;        52s 550ms 248μs  10ns;2974.615385;                        -26168555593971ns;         7s 312ms 290μs   1ns;2259.000000;0.000000
64;8acc7;2000;419;10;        44s 203ms 281μs 819ns;3298.636364;                        -27383610306138ns;         5s 423ms 111μs 143ns;2234.000000;0.000000
413;38c467;2000;514;10;        51s 848ms 518μs 852ns;2957.647059;                        -17723352106494ns;         6s  27ms 520μs 333ns;2259.000000;0.000000
65;8cd8c;2000;541;10;        45s 544ms 847μs 482ns;3388.000000;                        -26795203981358ns;         7s  85ms 445μs 936ns;2234.000000;0.000000
414;38e69c;2000;499;10;        54s 394ms 738μs 307ns;2776.666667;                        -19360694235979ns;         5s 581ms 356μs  39ns;2259.000000;0.000000
66;8f04d;2000;598;10;        46s 593ms 757μs 863ns;3388.695652;                        -34473915042402ns;         8s 128ms 130μs 330ns;2235.000000;0.000000
415;390892;2000;465;10;        55s  23ms 795μs  20ns;2689.090909;                        -19113895532370ns;         5s 193ms 130μs 820ns;2259.000000;0.000000
67;913e3;2000;495;10;        45s  91ms 136μs 315ns;3326.666667;                        -27047998200159ns;         6s  51ms 566μs 941ns;2234.000000;0.000000
416;392a19;2000;416;10;        52s 938ms 993μs 817ns;2787.692308;                        -22403536641551ns;         4s 800ms 953μs 103ns;2259.000000;0.000000
68;935ba;2000;560;10;        46s 373ms 261μs 375ns;3339.130435;                        -34272593608794ns;         6s 440ms 845μs 825ns;2234.000000;0.000000
417;394aa7;2000;451;10;        53s 335ms 625μs 736ns;2774.716981;                        -22866171407517ns;         5s 603ms 876μs  53ns;2259.000000;0.000000
69;958c5;2000;609;10;        48s 345ms 924μs 398ns;3261.250000;                        -30339238412097ns;         7s 108ms 721μs 637ns;2253.000000;0.000000
418;396bcc;2000;448;10;        54s 747ms  46μs 804ns;2720.000000;                        -19254584784365ns;         5s 379ms 347μs 848ns;2259.000000;0.000000
70;97cca;2000;638;10;        49s  32ms 114μs 615ns;3230.204082;                        -39313368717707ns;         8s  94ms 429μs 998ns;2253.000000;0.000000
419;398ced;2000;486;10;        54s  25ms 165μs 895ns;2762.222222;                        -22806735133668ns;         5s 971ms 327μs 810ns;2259.000000;0.000000
71;9a119;2000;537;10;        49s 424ms 833μs 744ns;3106.530612;                        -34592666836620ns;         7s 334ms 140μs 161ns;2253.000000;0.000000
72;9c3b4;2000;518;10;        48s 965ms 154μs 128ns;3147.500000;                        -28275477944557ns;         6s 738ms 420μs 490ns;2253.000000;0.000000
73;9e61b;2000;484;10;        48s 743ms 735μs 431ns;3105.000000;                        -32618942124497ns;         5s 596ms 671μs 581ns;2253.000000;0.000000
74;a0809;2000;441;10;        47s 289ms 121μs 234ns;3116.170213;                        -27412235625260ns;         5s 603ms 543μs 525ns;2253.000000;0.000000
75;a2952;2000;496;10;        49s 285ms 568μs 276ns;3056.326531;                        -33451829253176ns;         6s 762ms 826μs 349ns;2253.000000;0.000000
76;a4b4d;2000;628;10;        51s 133ms 950μs 815ns;3091.764706;                        -39250982892306ns;         8s   9ms 201μs 527ns;2253.000000;0.000000
77;a6f82;2000;473;10;        48s 979ms 936μs 449ns;3091.250000;                        -32527738804710ns;         6s  99ms 923μs 708ns;2253.000000;0.000000
78;a9179;2000;603;10;        52s  29ms 416μs 465ns;3003.461538;                        -28546874203474ns;         7s 724ms 213μs 984ns;2253.000000;0.000000
79;ab590;2000;540;10;        51s 337ms 215μs 659ns;2988.235294;                        -26356151972409ns;         6s 799ms 241μs 972ns;2253.000000;0.000000
80;ad83f;2000;516;10;        50s  97ms  10μs 343ns;3019.200000;                        -31736824661752ns;         7s  10ms 710μs 187ns;2253.000000;0.000000
81;afaa0;2000;647;10;        50s 155ms 605μs 917ns;3176.400000;                        -25063443672142ns;         8s 257ms 105μs 700ns;2253.000000;0.000000
82;b1efd;2000;576;10;        48s 866ms 137μs  30ns;3220.000000;                        -29333966050019ns;         7s 912ms 988μs 584ns;2253.000000;0.000000
83;b4240;2000;540;10;        48s 362ms 816μs 589ns;3175.000000;                        -31445678162405ns;         6s 941ms 176μs 158ns;2253.000000;0.000000
84;b64f9;2000;549;10;        48s 913ms 492μs 544ns;3186.250000;                        -28926955146477ns;         7s 201ms 187μs 801ns;2253.000000;0.000000
85;b8804;2000;548;10;        49s 326ms 789μs 793ns;3120.000000;                        -28940996500323ns;         7s 437ms 864μs 332ns;2253.000000;0.000000
86;bab01;2000;548;10;        49s 709ms 279μs 977ns;3120.000000;                        -30390895607644ns;         7s 172ms 391μs 259ns;2253.000000;0.000000
87;bcdd8;2000;526;10;        50s 142ms 417μs 756ns;3031.200000;                        -27495303214930ns;         6s 770ms  79μs 860ns;2253.000000;0.000000
88;bf04d;2000;616;10;        50s 248ms 868μs 919ns;3139.200000;                        -31721272334931ns;         8s  98ms 669μs 651ns;2253.000000;0.000000
89;c142a;2000;543;10;        49s 102ms  89μs 849ns;3113.877551;                        -28283599750280ns;         7s  42ms 452μs 236ns;2253.000000;0.000000
90;c36df;2000;499;10;        47s 871ms  65μs 372ns;3190.212766;                        -29522297886940ns;         6s 120ms 656μs  68ns;2253.000000;0.000000
91;c58b2;2000;520;10;        48s 493ms 104μs 100ns;3150.000000;                        -26595061390731ns;         6s 565ms 579μs  32ns;2253.000000;0.000000
92;c7b1f;2000;555;10;        47s 912ms 208μs  25ns;3261.702128;                        -25511104300722ns;         7s 450ms 230μs 545ns;2253.000000;0.000000
93;c9e10;2000;571;10;        49s 414ms 606μs 304ns;3148.163265;                        -31573853661142ns;         6s 964ms  56μs 166ns;2253.000000;0.000000
94;cc147;2000;540;10;        47s 649ms 111μs 482ns;3242.553191;                        -27119395000788ns;         7s  22ms 753μs 163ns;2253.000000;0.000000
95;ce40c;2000;506;10;        46s 343ms 669μs  19ns;3268.695652;                        -21599096894590ns;         6s 511ms 448μs 562ns;2253.000000;0.000000
96;d062f;2000;552;10;        48s 398ms 491μs 403ns;3190.000000;                        -30130384424105ns;         7s 438ms 198μs 834ns;2253.000000;0.000000
97;d2946;2000;549;10;        47s 356ms 150μs 789ns;3254.042553;                        -26548357583360ns;         7s 354ms 517μs 774ns;2253.000000;0.000000
98;d4c1f;2000;480;10;        45s 487ms 115μs 729ns;3306.666667;                        -25304752983751ns;         6s  39ms 739μs  40ns;2253.000000;0.000000
99;d6dea;2000;534;10;        46s 702ms 391μs 626ns;3305.217391;                        -28652894563194ns;         7s 136ms  62μs 810ns;2253.000000;0.000000
100;d9085;2000;498;10;        47s  54ms 990μs 890ns;3188.936170;                        -20692771738527ns;         5s 955ms 377μs 613ns;2253.000000;0.000000
101;db277;2000;490;10;        46s 215ms  61μs 368ns;3247.826087;                        -18536705175813ns;         6s 537ms 191μs 680ns;2253.000000;0.000000
102;dd432;2000;511;10;        47s 318ms 239μs 929ns;3205.531915;                        -24511214908678ns;         6s 522ms 278μs 183ns;2253.000000;0.000000
103;df67b;2000;519;10;        48s  12ms 719μs 880ns;3148.750000;                        -24924364562234ns;         6s 322ms 582μs 394ns;2253.000000;0.000000
104;e18b4;2000;557;10;        47s 281ms 485μs 936ns;3264.255319;                        -33223200368630ns;         7s 424ms  36μs 274ns;2253.000000;0.000000
105;e3bf9;2000;536;10;        46s 689ms  97μs 389ns;3307.826087;                        -34957963298396ns;         7s 102ms 784μs 495ns;2253.000000;0.000000
106;e5e76;2000;533;10;        45s 507ms 852μs 342ns;3377.333333;                        -30384094614682ns;         6s 767ms  58μs 731ns;2234.000000;0.000000
107;e8115;2000;599;10;        48s 477ms 494μs 304ns;3248.750000;                        -36249151135437ns;         7s 733ms   1μs 969ns;2234.000000;0.000000
108;ea4d2;2000;543;10;        47s 983ms 177μs 781ns;3246.382979;                        -31238972738296ns;         6s 632ms 805μs 689ns;2250.000000;0.000000
109;ec7a5;2000;525;10;        45s 349ms 663μs 483ns;3366.666667;                        -29513222577886ns;         6s 410ms 446μs  96ns;2234.000000;0.000000
110;eea74;2000;614;10;        46s 807ms 454μs 369ns;3409.565217;                        -38171728616792ns;         7s 566ms  94μs 212ns;2234.000000;0.000000
111;f0e7b;2000;565;10;        46s 291ms 959μs 131ns;3345.652174;                        -32660557704088ns;         7s 268ms 506μs 503ns;2234.000000;0.000000
112;f31a4;2000;529;10;        45s 465ms  96μs 734ns;3372.000000;                        -35564416584344ns;         5s 781ms 621μs  11ns;2234.000000;0.000000
113;f5465;2000;480;10;        44s 307ms 354μs 752ns;3381.818182;                        -32295529974352ns;         6s 184ms 760μs 309ns;2234.000000;0.000000
114;f7644;2000;525;10;        44s 251ms 999μs 996ns;3443.181818;                        -34406975848075ns;         6s 946ms 462μs 428ns;2234.000000;0.000000
115;f98bb;2000;506;10;        44s  49ms 286μs 961ns;3417.272727;                        -33933263257602ns;         6s 694ms 810μs 151ns;2234.000000;0.000000
116;fbb04;2000;559;10;        45s 697ms 578μs 671ns;3412.000000;                        -36604985562731ns;         7s 520ms 836μs 286ns;2234.000000;0.000000
117;fde0f;2000;592;10;        45s 908ms 324μs 730ns;3456.000000;                        -33288893466663ns;         7s 594ms 876μs 839ns;2234.000000;0.000000
118;1001be;2000;577;10;        46s 999ms 110μs 687ns;3361.304348;                        -32050693992801ns;         6s 727ms 857μs 649ns;2253.000000;0.000000
119;102541;2000;481;10;        48s 335ms 642μs 432ns;3101.250000;                        -27827841979425ns;         5s 874ms  47μs 586ns;2253.000000;0.000000
120;1046da;2000;558;10;        47s  30ms 905μs 427ns;3265.531915;                        -37838063647589ns;         7s 335ms 913μs 337ns;2253.000000;0.000000
121;106a29;2000;475;10;        45s 660ms 768μs 873ns;3300.000000;                        -29395188625297ns;         6s  67ms 959μs 955ns;2253.000000;0.000000
122;108be0;2000;459;10;        45s 357ms 961μs 742ns;3278.666667;                        -29338401844936ns;         5s 974ms 332μs 484ns;2253.000000;0.000000
123;10ad4d;2000;565;10;        46s 921ms 296μs 151ns;3345.652174;                        -31494427338627ns;         7s 135ms 745μs 109ns;2253.000000;0.000000
124;10d0ce;2000;571;10;        45s 479ms 585μs 658ns;3428.000000;                        -38859977986250ns;         7s 509ms 659μs 294ns;2234.000000;0.000000
125;10f42f;2000;439;10;        43s 324ms 348μs 636ns;3403.255814;                        -26552504878478ns;         5s 790ms 297μs 948ns;2246.000000;0.000000
126;11156a;2000;465;10;        43s 437ms 924μs  78ns;3439.534884;                        -29277611622163ns;         6s 155ms   2μs 157ns;2246.000000;0.000000
127;113713;2000;471;10;        43s 660ms 367μs 966ns;3447.906977;                        -25464346316263ns;         5s 527ms  14μs  53ns;2246.000000;0.000000
128;1158da;2000;453;10;        43s 750ms 237μs 438ns;3422.790698;                        -25150491762128ns;         5s 600ms 422μs 623ns;2246.000000;0.000000
129;117a6b;2000;496;10;        44s 130ms 327μs 663ns;3403.636364;                        -30157738693119ns;         6s 378ms 192μs 173ns;2246.000000;0.000000
130;119ca4;2000;523;10;        44s 352ms 693μs 216ns;3440.454545;                        -33506274083572ns;         6s 535ms 386μs 820ns;2246.000000;0.000000
131;11bf83;2000;475;10;        42s  89ms 202μs 434ns;3535.714286;                        -32413736782578ns;         6s 364ms 166μs 555ns;2223.000000;0.000000
132;11e162;2000;495;10;        42s 266ms 294μs 377ns;3564.285714;                        -30177846879240ns;         5s 897ms 177μs 505ns;2223.000000;0.000000
133;1203bf;2000;476;10;        41s 842ms 985μs 559ns;3623.414634;                        -31409173997241ns;         6s  17ms  94μs 292ns;2223.000000;0.000000
134;122586;2000;440;10;        41s 225ms 877μs 173ns;3570.731707;                        -32887270446543ns;         5s 779ms 492μs 399ns;2223.000000;0.000000
135;1246d7;2000;480;10;        41s 698ms  18μs  62ns;3629.268293;                        -34599914995660ns;         6s 246ms 568μs 388ns;2223.000000;0.000000
136;1268d0;2000;559;10;        42s 932ms 868μs 392ns;3655.714286;                        -30880876262276ns;         6s 745ms 801μs 814ns;2223.000000;0.000000
137;128c25;2000;523;10;        42s 756ms 195μs 974ns;3604.285714;                        -28142906154137ns;         6s 209ms 875μs 351ns;2234.000000;0.000000
138;12aeba;2000;505;10;        42s  42ms 812μs 696ns;3578.571429;                        -27854636426898ns;         6s 578ms 787μs 743ns;2234.000000;0.000000
139;12d111;2000;474;10;        41s 493ms 807μs  49ns;3620.487805;                        -29204590715472ns;         6s  36ms 106μs 539ns;2234.000000;0.000000
140;12f2fa;2000;529;10;        44s 472ms 225μs 282ns;3448.636364;                        -29793066232956ns;         6s 605ms 173μs 756ns;2251.000000;0.000000
141;1315b1;2000;483;10;        42s 220ms 872μs 440ns;3547.142857;                        -34576522472169ns;         6s 142ms 826μs 702ns;2234.000000;0.000000
142;1337a2;2000;471;10;        43s 600ms 299μs 215ns;3447.906977;                        -24748246238218ns;         5s 628ms 860μs 610ns;2250.000000;0.000000
143;1359bf;2000;456;10;        45s 194ms 700μs 444ns;3274.666667;                        -30938520572061ns;         5s 977ms 772μs 458ns;2250.000000;0.000000
144;137b4a;2000;491;10;        46s 158ms 751μs 511ns;3249.130435;                        -32986920657007ns;         6s 738ms 200μs 105ns;2250.000000;0.000000
145;139d55;2000;485;10;        46s 114ms 295μs 885ns;3241.304348;                        -24864387387761ns;         6s 531ms 312μs 912ns;2250.000000;0.000000
146;13bf44;2000;544;10;        46s 997ms  37μs  13ns;3318.260870;                        -31091335610261ns;         6s 734ms 224μs 191ns;2250.000000;0.000000
147;13e225;2000;513;10;        46s 735ms  92μs 730ns;3277.826087;                        -32707551372024ns;         6s 627ms 697μs 873ns;2250.000000;0.000000
148;14048a;2000;523;10;        46s 764ms 362μs 610ns;3290.869565;                        -36745555811353ns;         6s 972ms 378μs 922ns;2250.000000;0.000000
149;142711;2000;534;10;        49s  65ms 229μs 237ns;3102.857143;                        -37321512633667ns;         6s 923ms 419μs 943ns;2250.000000;0.000000
150;1449cc;2000;606;10;        49s 923ms 708μs 416ns;3191.020408;                        -39140655485234ns;         7s 683ms 209μs 493ns;2250.000000;0.000000
151;146dbb;2000;607;10;        48s 918ms 267μs 325ns;3258.750000;                        -36283769662910ns;         7s 401ms 150μs 568ns;2250.000000;0.000000
152;1491ee;2000;539;10;        48s 560ms 729μs 174ns;3173.750000;                        -27274696540456ns;         6s 722ms 638μs 767ns;2250.000000;0.000000
153;14b4bf;2000;417;10;        47s 320ms 904μs 968ns;3085.531915;                        -28398414122019ns;         5s 515ms  17μs 325ns;2250.000000;0.000000
154;14d55a;2000;589;10;        47s 537ms  73μs 361ns;3305.106383;                        -36785745571440ns;         6s 917ms 405μs 355ns;2250.000000;0.000000
155;14f938;2000;466;10;        46s 403ms  27μs 254ns;3216.521739;                        -33357340304974ns;         6s  77ms 570μs 135ns;2250.000000;0.000000
156;151b5f;2000;599;10;        45s 282ms 711μs 284ns;3465.333333;                        -32129279619122ns;         7s 955ms 766μs 247ns;2234.000000;0.000000
157;153f46;2000;576;10;        46s 908ms 503μs 109ns;3360.000000;                        -37702488495299ns;         7s 207ms 483μs 468ns;2234.000000;0.000000
158;1562d3;2000;478;10;        42s 992ms  33μs 794ns;3540.000000;                        -34453581953557ns;         6s  85ms 622μs 441ns;2234.000000;0.000000
159;1584c0;2000;458;10;        42s 831ms 633μs 474ns;3511.428571;                        -30709571140932ns;         5s 578ms  58μs  53ns;2234.000000;0.000000
160;15a61d;2000;480;10;        43s  67ms 227μs 952ns;3460.465116;                        -28194360107016ns;         6s  14ms 102μs 176ns;2234.000000;0.000000
161;15c810;2000;531;10;        44s 908ms 897μs 161ns;3451.363636;                        -32029886976807ns;         6s 509ms 402μs 472ns;2234.000000;0.000000
162;15ea9d;2000;538;10;        44s 370ms 536μs 937ns;3460.909091;                        -31700745393960ns;         6s 717ms 427μs 241ns;2234.000000;0.000000
163;160d78;2000;503;10;        45s  77ms 368μs 299ns;3337.333333;                        -28437813285636ns;         6s 639ms 227μs 255ns;2251.000000;0.000000
164;162f97;2000;518;10;        44s 654ms 735μs 716ns;3433.636364;                        -32204461267392ns;         6s 778ms 862μs 188ns;2251.000000;0.000000
165;165214;2000;531;10;        44s 132ms 454μs 180ns;3451.363636;                        -31308310902645ns;         6s 944ms 477μs   6ns;2251.000000;0.000000
166;16749f;2000;425;10;        42s 403ms 534μs 211ns;3464.285714;                        -24509867700879ns;         5s 405ms 160μs 693ns;2234.000000;0.000000
167;16957e;2000;395;10;        41s 903ms 617μs 291ns;3504.878049;                        -25853291813483ns;         4s 940ms 339μs 719ns;2234.000000;0.000000
168;16b5d3;2000;486;10;        42s 806ms 833μs 427ns;3551.428571;                        -26652867630611ns;         5s 982ms 556μs 577ns;2234.000000;0.000000
169;16d7e8;2000;491;10;        42s 845ms 881μs 106ns;3558.571429;                        -28342151963115ns;         6s  74ms 535μs 993ns;2234.000000;0.000000
346;2ff037;2000;360;10;        52s  28ms 151μs  78ns;2723.076923;                        -27804575766777ns;         4s 263ms 504μs 969ns;2256.000000;0.000000
345;2fcef2;2000;439;10;        54s 418ms 461μs 827ns;2710.000000;                        -32332531249177ns;         5s 472ms 379μs 224ns;2256.000000;0.000000
344;2faddd;2000;434;10;        51s 973ms 215μs 565ns;2863.529412;                        -32135672730803ns;         5s 443ms 351μs 823ns;2256.000000;0.000000
343;2f8b7e;2000;516;10;        51s 500ms 736μs 521ns;2960.000000;                        -37100841520984ns;         6s 650ms 892μs 599ns;2256.000000;0.000000
342;2f6a81;2000;429;10;        49s 356ms 990μs 736ns;2974.285714;                        -29078370884861ns;         5s 736ms 343μs  25ns;2256.000000;0.000000
341;2f485e;2000;505;10;        50s 739ms 644μs 278ns;3006.000000;                        -42540963653989ns;         6s 567ms 748μs 901ns;2256.000000;0.000000
340;2f26ef;2000;449;10;        49s 603ms 396μs 931ns;2998.775510;                        -32953136108446ns;         5s 581ms 825μs 700ns;2256.000000;0.000000
339;2f0594;2000;448;10;        52s 601ms 260μs 636ns;2824.615385;                        -35022838855187ns;         5s 437ms 616μs 339ns;2256.000000;0.000000
338;2ee3d1;2000;476;10;        50s 205ms 369μs 625ns;2971.200000;                        -32840454397385ns;         6s 314ms 234μs 112ns;2256.000000;0.000000
337;2ec1e5;2000;489;10;        52s 740ms 922μs 943ns;2871.923077;                        -36969714284091ns;         6s 513ms 220μs 430ns;2256.000000;0.000000
336;2ea14c;2000;411;10;        52s 442ms 760μs 747ns;2781.923077;                        -33456244870583ns;         5s 305ms 114μs  50ns;2256.000000;0.000000
335;2e7fdf;2000;464;10;        54s 593ms  48μs 962ns;2737.777778;                        -34778358593305ns;         6s 211ms 730μs 633ns;2256.000000;0.000000
334;2e5f3f;2000;413;10;        51s 388ms 582μs 580ns;2838.823529;                        -29242653072555ns;         4s 865ms 440μs 803ns;2256.000000;0.000000
333;2e3e2e;2000;436;10;        52s 787ms 939μs 201ns;2810.769231;                        -29997432327520ns;         5s 701ms 389μs 966ns;2256.000000;0.000000
332;2e1d2d;2000;433;10;        52s 559ms 416μs 142ns;2807.307692;                        -31842960535753ns;         5s 634ms 155μs 887ns;2256.000000;0.000000
331;2dfc1e;2000;441;10;        49s 930ms  31μs 477ns;2988.979592;                        -31734705923263ns;         5s 795ms 322μs 725ns;2256.000000;0.000000
330;2dda47;2000;488;10;        51s 964ms 793μs 793ns;2927.058824;                        -36699810744648ns;         6s 419ms 542μs 247ns;2256.000000;0.000000
329;2db8fa;2000;450;10;        51s 447ms 975μs  46ns;2882.352941;                        -38035537096334ns;         5s 550ms 498μs 563ns;2256.000000;0.000000
328;2d9745;2000;480;10;        50s 915ms 603μs 417ns;2976.000000;                        -35540031242025ns;         6s 267ms 118μs 536ns;2256.000000;0.000000
327;2d7659;2000;430;10;        51s 343ms 890μs 813ns;2858.823529;                        -34453660763835ns;         5s 253ms  70μs 608ns;2256.000000;0.000000
326;2d5478;2000;489;10;        53s 728ms 951μs  24ns;2817.735849;                        -30851229825454ns;         6s 185ms 377μs 956ns;2256.000000;0.000000
325;2d30b1;2000;598;10;        56s 745ms  48μs 136ns;2783.571429;                        -41422976408459ns;         7s 506ms  85μs 692ns;2256.000000;0.000000
324;2d0dde;2000;541;10;        56s 150ms 972μs 419ns;2722.500000;                        -44575576621347ns;         7s 120ms 343μs 243ns;2256.000000;0.000000
323;2ceba9;2000;507;10;        55s 665ms 648μs 702ns;2734.909091;                        -39151129088761ns;         6s 347ms 422μs 185ns;2256.000000;0.000000
322;2cc998;2000;499;10;        57s  78ms 115μs 303ns;2630.526316;                        -39271532109676ns;         6s 173ms 798μs 432ns;2256.000000;0.000000
321;2ca753;2000;509;10;        56s  72ms 820μs 923ns;2688.214286;                        -38859287924756ns;         6s 554ms 635μs 673ns;2256.000000;0.000000
320;2c85ba;2000;470;10;        56s 135ms 115μs 999ns;2646.428571;                        -35393772812674ns;         5s 946ms 335μs  69ns;2256.000000;0.000000
319;2c6367;2000;512;10;        55s 799ms 501μs  10ns;2740.363636;                        -34797624577074ns;         6s 695ms 903μs 770ns;2256.000000;0.000000
318;2c4196;2000;483;10;        55s 528ms 111μs 764ns;2708.727273;                        -35959340224760ns;         6s 257ms 660μs 373ns;2256.000000;0.000000
317;2c20b3;2000;427;10;        54s 672ms 311μs 358ns;2696.666667;                        -30826418503308ns;         5s 134ms  55μs   8ns;2256.000000;0.000000
316;2bfee8;2000;476;10;        53s 728ms 153μs 179ns;2803.018868;                        -35036556208630ns;         6s  90ms 678μs 347ns;2256.000000;0.000000
315;2bdcf3;2000;494;10;        51s 874ms 835μs 724ns;2934.117647;                        -37803775722924ns;         6s  55ms 885μs 534ns;2256.000000;0.000000
314;2bbb7a;2000;451;10;        51s 969ms 379μs 841ns;2883.529412;                        -34616200911694ns;         4s 918ms 556μs 610ns;2256.000000;0.000000
313;2b9b13;2000;391;10;        52s 759ms 839μs 493ns;2758.846154;                        -32064005440150ns;         4s 821ms 523μs 157ns;2256.000000;0.000000
312;2b79d8;2000;446;10;        51s 843ms 625μs 103ns;2877.647059;                        -32109914438932ns;         5s 886ms 854μs  23ns;2256.000000;0.000000
311;2b58e3;2000;432;10;        48s 807ms 143μs 110ns;3040.000000;                        -35132593491370ns;         5s 515ms 917μs  76ns;2256.000000;0.000000
310;2b36c6;2000;496;10;        50s 532ms 789μs 711ns;2995.200000;                        -39513089239036ns;         6s 780ms  49μs 476ns;2256.000000;0.000000
309;2b1327;2000;587;10;        51s 997ms 299μs 347ns;3043.529412;                        -41275081969188ns;         7s 628ms 966μs  70ns;2256.000000;0.000000
308;2af182;2000;470;10;        52s 271ms 822μs 459ns;2850.000000;                        -38139847792845ns;         6s 198ms 839μs 418ns;2256.000000;0.000000
307;2ad0a4;2000;427;10;        50s 451ms 984μs 883ns;2912.400000;                        -33118705798313ns;         5s 553ms 484μs 986ns;2256.000000;0.000000
306;2ab007;2000;409;10;        52s 478ms  20μs 259ns;2779.615385;                        -33362350027298ns;         5s 476ms 673μs 177ns;2256.000000;0.000000
305;2a8e50;2000;472;10;        54s 191ms 527μs 893ns;2746.666667;                        -33016179652875ns;         6s 250ms 116μs 606ns;2256.000000;0.000000
304;2a6ceb;2000;456;10;        52s 370ms 501μs 205ns;2833.846154;                        -36294427474826ns;         5s 773ms 975μs 159ns;2256.000000;0.000000
303;2a4b1c;2000;480;10;        58s  31ms 129μs 411ns;2565.517241;                        -38722986920899ns;         5s 521ms 901μs 854ns;2256.000000;0.000000
302;2a29e2;2000;444;10;        55s  28ms 510μs  39ns;2666.181818;                        -36720563171131ns;         5s 779ms 973μs 636ns;2256.000000;0.000000
301;2a0929;2000;419;10;        51s 616ms 786μs 359ns;2845.882353;                        -30091499171784ns;         5s 418ms 546μs 605ns;2256.000000;0.000000
300;29e6fe;2000;504;10;        48s 497ms 433μs 717ns;3130.000000;                        -30570079727167ns;         6s 170ms 671μs 645ns;2256.000000;0.000000
299;29c4ab;2000;511;10;        48s 455ms 394μs 754ns;3138.750000;                        -32980021982874ns;         6s 556ms 538μs 561ns;2256.000000;0.000000
664;59bfa9;2000;467;10;        43s 267ms 219μs 368ns;3442.325581;                        -24089875915727ns;         5s 485ms 303μs 719ns;2252.000000;0.000000
298;29a2c4;2000;480;10;        49s 491ms  29μs 264ns;3036.734694;                        -36171000416966ns;         6s 223ms 381μs 274ns;2256.000000;0.000000
663;599d9c;2000;504;10;        45s 377ms 820μs 847ns;3338.666667;                        -24521318857215ns;         5s 978ms 222μs 486ns;2252.000000;0.000000
297;29816b;2000;442;10;        49s   4ms 172μs 335ns;2990.204082;                        -34418107331718ns;         5s 369ms 731μs 488ns;2256.000000;0.000000
662;597c09;2000;478;10;        43s 130ms 249μs 578ns;3457.674419;                        -22377260943945ns;         5s 599ms 230μs 802ns;2252.000000;0.000000
296;2960c8;2000;406;10;        49s 150ms 851μs 913ns;2946.122449;                        -29715882407907ns;         4s 873ms  43μs 129ns;2256.000000;0.000000
661;595b73;2000;422;10;        42s 763ms 582μs 427ns;3460.000000;                        -23981314318805ns;         4s 728ms  20μs 140ns;2252.000000;0.000000
295;29409a;2000;382;10;        50s 898ms 749μs 826ns;2858.400000;                        -31591532509238ns;         4s 408ms 780μs 994ns;2256.000000;0.000000
660;593b8f;2000;378;10;        41s 746ms  33μs 845ns;3480.000000;                        -20813653225777ns;         4s 279ms 498μs 950ns;2252.000000;0.000000
294;291f9b;2000;438;10;        49s 283ms 739μs 625ns;2985.306122;                        -35748951478398ns;         5s 217ms 363μs 649ns;2256.000000;0.000000
659;5919a4;2000;498;10;        45s  93ms 184μs  56ns;3330.666667;                        -23773032753159ns;         5s 505ms 555μs 233ns;2252.000000;0.000000
293;28fe26;2000;460;10;        48s 689ms 408μs 394ns;3075.000000;                        -37209329421401ns;         6s 179ms 331μs 105ns;2256.000000;0.000000
658;58f864;2000;454;10;        42s 479ms 786μs 159ns;3505.714286;                        -25002109896521ns;         5s 609ms 702μs 719ns;2252.000000;0.000000
292;28dcf7;2000;445;10;        53s 650ms 794μs 942ns;2767.924528;                        -31792784888362ns;         5s 499ms 274μs 325ns;2256.000000;0.000000
657;58d6fb;2000;465;10;        42s 553ms 577μs 785ns;3521.428571;                        -26492450290990ns;         5s 611ms 687μs 739ns;2252.000000;0.000000
291;28ba9c;2000;526;10;        52s 982ms 916μs 503ns;2914.615385;                        -33499243890004ns;         6s 739ms 453μs 509ns;2256.000000;0.000000
656;58b474;2000;538;10;        46s 414ms 836μs 978ns;3310.434783;                        -28065355564609ns;         6s  55ms 780μs  39ns;2252.000000;0.000000
290;28998d;2000;433;10;        52s 243ms 939μs 899ns;2807.307692;                        -33745326961983ns;         5s 562ms 704μs 784ns;2256.000000;0.000000
655;589267;2000;500;10;        45s 247ms 518μs 925ns;3333.333333;                        -29015086263428ns;         6s 115ms 106μs 943ns;2252.000000;0.000000
289;2877ca;2000;486;10;        52s 805ms 525μs 242ns;2868.461538;                        -35542862939898ns;         6s 626ms 847μs 910ns;2256.000000;0.000000
654;5870de;2000;482;10;        42s 508ms 265μs 619ns;3545.714286;                        -26033270979796ns;         5s 729ms 837μs 192ns;2252.000000;0.000000
288;28551b;2000;529;10;        52s 662ms 722μs 189ns;2918.076923;                        -39394241932737ns;         6s 743ms 924μs 779ns;2256.000000;0.000000
653;585049;2000;414;10;        41s 950ms 278μs 184ns;3532.682927;                        -24851004407670ns;         4s 710ms  68μs 835ns;2252.000000;0.000000
287;283508;2000;385;10;        50s 557ms 566μs 127ns;2862.000000;                        -33099152174302ns;         4s 807ms 501μs 504ns;2256.000000;0.000000
652;582f2a;2000;448;10;        42s 191ms 398μs 744ns;3497.142857;                        -23963693447600ns;         5s 132ms 183μs 410ns;2252.000000;0.000000
286;281499;2000;400;10;        49s 552ms 134μs 754ns;2938.775510;                        -31583503125930ns;         4s 551ms 456μs 164ns;2256.000000;0.000000
651;580dd7;2000;465;10;        42s 532ms 499μs 887ns;3521.428571;                        -23794879647772ns;         5s 158ms 513μs 585ns;2252.000000;0.000000
285;27f318;2000;457;10;        50s  82ms 476μs 741ns;2948.400000;                        -32631947603369ns;         5s 617ms 129μs 215ns;2253.000000;0.000000
650;57eb48;2000;530;10;        43s 669ms 182μs 111ns;3530.232558;                        -28910051253085ns;         6s 566ms  21μs 379ns;2252.000000;0.000000
284;27d1d0;2000;438;10;        48s 421ms 281μs 358ns;3047.500000;                        -33139519427497ns;         4s 885ms  46μs 444ns;2253.000000;0.000000
649;57c997;2000;484;10;        42s 608ms 790μs 752ns;3548.571429;                        -25462510666445ns;         5s 741ms 102μs 962ns;2252.000000;0.000000
283;27b04d;2000;457;10;        46s 740ms 687μs 538ns;3204.782609;                        -36702941584514ns;         5s 727ms 139μs 206ns;2251.000000;0.000000
648;57a744;2000;516;10;        42s 475ms 304μs 487ns;3594.285714;                        -27491373210007ns;         6s  46ms 771μs 210ns;2252.000000;0.000000
282;278f38;2000;440;10;        45s 612ms 564μs  11ns;3253.333333;                        -33105297199435ns;         5s 580ms 383μs 440ns;2251.000000;0.000000
647;578479;2000;547;10;        43s 684ms 240μs 939ns;3553.953488;                        -30773106047127ns;         6s 719ms 752μs 527ns;2252.000000;0.000000
281;276d15;2000;503;10;        48s 789ms 764μs 757ns;3128.750000;                        -34519990013990ns;         6s 374ms 631μs  56ns;2252.000000;0.000000
646;57629e;2000;489;10;        42s 385ms 214μs 767ns;3555.714286;                        -28045879512582ns;         5s 658ms 561μs 252ns;2252.000000;0.000000
280;274b92;2000;458;10;        46s 585ms 622μs 168ns;3206.086957;                        -34129393554291ns;         6s  34ms 948μs 104ns;2252.000000;0.000000
645;573fcf;2000;553;10;        45s 508ms 945μs 656ns;3404.000000;                        -33528689675782ns;         6s 626ms  58μs  87ns;2252.000000;0.000000
279;272a8f;2000;430;10;        48s 295ms  97μs  60ns;3037.500000;                        -31427760472705ns;         5s 462ms 287μs 803ns;2252.000000;0.000000
644;571e32;2000;483;10;        44s  89ms  61μs 693ns;3385.909091;                        -28900676213843ns;         5s 874ms 641μs 610ns;2252.000000;0.000000
278;27097a;2000;432;10;        44s 470ms 878μs 326ns;3316.363636;                        -32942782388911ns;         5s 398ms 438μs 322ns;2251.000000;0.000000
643;56fc0b;2000;508;10;        44s 403ms 562μs 698ns;3420.000000;                        -27295956426877ns;         6s 130ms 533μs 837ns;2252.000000;0.000000
277;26e7ad;2000;483;10;        45s 289ms 420μs 713ns;3310.666667;                        -34279296377050ns;         6s 273ms 974μs 981ns;2251.000000;0.000000
642;56d9f9;2000;501;10;        44s 443ms 169μs 935ns;3410.454545;                        -27105053924364ns;         5s 303ms 139μs 733ns;2234.000000;0.000000
276;26c75c;2000;394;10;        44s 724ms 694μs 391ns;3264.545455;                        -30583511980662ns;         5s  34ms 969μs 584ns;2252.000000;0.000000
641;56b8be;2000;454;10;        44s 760ms 742μs 500ns;3346.363636;                        -24402140577162ns;         5s 125ms 452μs 853ns;2252.000000;0.000000
275;26a52f;2000;515;10;        46s 660ms 998μs 112ns;3280.434783;                        -35080253846633ns;         6s 255ms  47μs 946ns;2252.000000;0.000000
640;569741;2000;469;10;        44s  22ms  90μs 139ns;3366.818182;                        -28780494878607ns;         5s 708ms 151μs  47ns;2252.000000;0.000000
274;2682ba;2000;527;10;        48s  54ms 478μs 401ns;3158.750000;                        -33176903749272ns;         6s 798ms 384μs 273ns;2253.000000;0.000000
639;5674f6;2000;524;10;        45s   4ms 384μs  25ns;3365.333333;                        -32319359833792ns;         6s 386ms  51μs 504ns;2252.000000;0.000000
273;2660a7;2000;500;10;        49s 108ms 647μs 871ns;3061.224490;                        -37285232583856ns;         6s 323ms  30μs 159ns;2253.000000;0.000000
638;56539f;2000;460;10;        44s 867ms 843μs 324ns;3354.545455;                        -29946596049527ns;         5s 655ms 285μs 716ns;2252.000000;0.000000
272;263f4e;2000;459;10;        51s 520ms  99μs 792ns;2892.941176;                        -37902860463778ns;         5s 685ms 197μs 638ns;2253.000000;0.000000
637;5632ce;2000;433;10;        42s 140ms 437μs 967ns;3475.714286;                        -25138499297454ns;         4s 894ms  64μs 615ns;2252.000000;0.000000
271;261d19;2000;508;10;        51s 998ms 655μs 280ns;2950.588235;                        -39652029800336ns;         6s 573ms 157μs 902ns;2253.000000;0.000000
636;5611a8;2000;448;10;        42s 606ms 122μs 823ns;3497.142857;                        -24174978581944ns;         4s 995ms 706μs 216ns;2252.000000;0.000000
270;25fc1e;2000;429;10;        50s  61ms 529μs 876ns;2914.800000;                        -31668298778897ns;         4s 979ms  95μs 963ns;2253.000000;0.000000
635;55f083;2000;447;10;        41s 989ms 567μs 146ns;3580.975610;                        -24181308455676ns;         5s 308ms 467μs 612ns;2252.000000;0.000000
269;25db09;2000;453;10;        51s 161ms 851μs 949ns;2885.882353;                        -33904265007573ns;         5s  20ms 639μs  66ns;2253.000000;0.000000
634;55cea8;2000;489;10;        42s  22ms 287μs  90ns;3555.714286;                        -25882648454284ns;         5s 437ms 666μs 410ns;2251.000000;0.000000
268;25b9ec;2000;452;10;        51s  16ms 755μs 837ns;2884.705882;                        -37739295341141ns;         5s 890ms 324μs 304ns;2253.000000;0.000000
633;55acfd;2000;483;10;        42s 298ms 778μs 226ns;3547.142857;                        -30176753151787ns;         5s 476ms 626μs 801ns;2234.000000;0.000000
267;25971f;2000;551;10;        52s 968ms 405μs 923ns;2943.461538;                        -38721391242126ns;         6s 829ms 437μs  34ns;2253.000000;0.000000
632;558bfc;2000;441;10;        44s 249ms 902μs 574ns;3328.636364;                        -23691660556026ns;         5s 329ms 216μs 976ns;2254.000000;0.000000
266;25756e;2000;481;10;        51s 260ms 357μs 975ns;2918.823529;                        -38045750211649ns;         6s  59ms 570μs 668ns;2253.000000;0.000000
631;556a7d;2000;474;10;        44s 635ms 228μs 724ns;3373.636364;                        -25496873773098ns;         5s 656ms 147μs 203ns;2254.000000;0.000000
265;25526d;2000;552;10;        52s   5ms 511μs 755ns;2944.615385;                        -45310515957894ns;         6s 129ms 919μs 173ns;2253.000000;0.000000
630;554a55;2000;386;10;        42s 919ms 885μs 989ns;3408.571429;                        -22853771833684ns;         3s 676ms 829μs 127ns;2254.000000;0.000000
264;253118;2000;457;10;        50s 468ms 421μs 283ns;2948.400000;                        -34339058482894ns;         5s 416ms 773μs  34ns;2253.000000;0.000000
629;552790;2000;541;10;        45s  76ms 458μs 961ns;3388.000000;                        -31021541473270ns;         6s 384ms 418μs 205ns;2254.000000;0.000000
263;250df4;2000;563;10;        47s 879ms 802μs 303ns;3271.914894;                        -35841111295329ns;         6s 529ms 654μs 809ns;2253.000000;0.000000
628;55053d;2000;515;10;        44s 799ms 938μs 765ns;3429.545455;                        -27681464149332ns;         6s 176ms 485μs 392ns;2254.000000;0.000000
262;24eb6f;2000;536;10;        48s 202ms  76μs 587ns;3170.000000;                        -36711719837638ns;         6s 888ms 193μs 300ns;2253.000000;0.000000
627;54e3c6;2000;470;10;        45s 939ms 801μs 417ns;3293.333333;                        -26586392677189ns;         5s 746ms 889μs 286ns;2254.000000;0.000000
261;24c9ee;2000;472;10;        46s 551ms 684μs  85ns;3224.347826;                        -33361683350159ns;         6s 229ms 362μs 108ns;2253.000000;0.000000
626;54c21f;2000;480;10;        43s 601ms 356μs  40ns;3460.465116;                        -28593226031092ns;         5s 695ms 786μs 892ns;2254.000000;0.000000
260;24a869;2000;478;10;        46s 998ms 259μs 517ns;3232.173913;                        -34790142901832ns;         6s 299ms 428μs 522ns;2253.000000;0.000000
625;549f40;2000;552;10;        44s 910ms 156μs 596ns;3480.000000;                        -31126563335581ns;         6s 820ms 361μs  61ns;2254.000000;0.000000
259;248848;2000;388;10;        45s 587ms 625μs 501ns;3184.000000;                        -27988758160464ns;         4s 801ms 200μs 618ns;2253.000000;0.000000
624;547d01;2000;507;10;        44s 536ms 220μs 421ns;3418.636364;                        -28015011829898ns;         5s 548ms 992μs 840ns;2254.000000;0.000000
258;2465ea;2000;520;10;        47s 838ms 199μs 604ns;3217.021277;                        -37921182922068ns;         6s 363ms 241μs 312ns;2253.000000;0.000000
623;545b84;2000;467;10;        44s 143ms  94μs 619ns;3364.090909;                        -26602834618789ns;         5s 698ms 492μs 246ns;2254.000000;0.000000
257;2443ab;2000;519;10;        47s 653ms 997μs 538ns;3215.744681;                        -36940615080241ns;         6s 901ms 793μs 962ns;2253.000000;0.000000
622;543b42;2000;397;10;        42s 877ms 787μs 642ns;3424.285714;                        -23269308329038ns;         4s 188ms 970μs 494ns;2254.000000;0.000000
256;2422b4;2000;438;10;        46s 585ms 974μs 207ns;3180.000000;                        -30479984415529ns;         5s 635ms 398μs 482ns;2253.000000;0.000000
621;54197c;2000;489;10;        44s 427ms 442μs 700ns;3394.090909;                        -29259510191589ns;         5s 893ms 389μs 949ns;2254.000000;0.000000
255;24023f;2000;407;10;        45s 842ms 252μs 640ns;3209.333333;                        -26459489854942ns;         4s 649ms 487μs 150ns;2253.000000;0.000000
620;53f83d;2000;460;10;        45s 315ms 284μs 327ns;3280.000000;                        -27200005718386ns;         5s 168ms 912μs 885ns;2254.000000;0.000000
254;23e048;2000;500;10;        47s 543ms 955μs 447ns;3191.489362;                        -30217570019729ns;         5s 852ms 938μs  44ns;2253.000000;0.000000
619;53d572;2000;546;10;        44s 844ms 469μs  55ns;3471.818182;                        -32717874070312ns;         6s 248ms  64μs  17ns;2254.000000;0.000000
253;23bdfb;2000;516;10;        49s 759ms 804μs 671ns;3080.816327;                        -37217798982477ns;         6s 469ms 106μs  97ns;2253.000000;0.000000
618;53b449;2000;457;10;        43s 866ms 752μs 250ns;3428.372093;                        -28826604136226ns;         5s 691ms 163μs 449ns;2254.000000;0.000000
252;239cac;2000;463;10;        49s 459ms 348μs 508ns;3015.918367;                        -33959751993409ns;         5s 669ms 295μs  73ns;2253.000000;0.000000
617;53925a;2000;498;10;        44s  39ms 116μs 243ns;3406.363636;                        -24674336699297ns;         6s 323ms  78μs 624ns;2254.000000;0.000000
251;237a3f;2000;529;10;        47s 982ms 816μs 158ns;3228.510638;                        -38499450209501ns;         7s  48ms  12μs 324ns;2253.000000;0.000000
616;537075;2000;500;10;        44s 357ms 858μs 504ns;3409.090909;                        -30158096572381ns;         6s 108ms 909μs 376ns;2254.000000;0.000000
250;2358fc;2000;450;10;        46s 592ms  49μs 456ns;3195.652174;                        -35915962728445ns;         5s 244ms 640μs 605ns;2253.000000;0.000000
615;534e9a;2000;487;10;        44s 710ms 289μs 126ns;3391.363636;                        -27411892079986ns;         5s 791ms 920μs 898ns;2254.000000;0.000000
249;233775;2000;476;10;        47s 221ms 449μs 533ns;3160.851064;                        -35787255532414ns;         6s 142ms 711μs 620ns;2253.000000;0.000000
614;532b95;2000;562;10;        44s 171ms 375μs 582ns;3493.636364;                        -27884571330096ns;         6s 664ms 131μs 820ns;2254.000000;0.000000
248;231750;2000;388;10;        45s 858ms 298μs 175ns;3184.000000;                        -28218641584584ns;         4s 727ms 532μs 958ns;2253.000000;0.000000
613;5309ec;2000;485;10;        45s 960ms 485μs  66ns;3313.333333;                        -26634668348726ns;         5s 316ms  47μs 158ns;2254.000000;0.000000
247;22f5c4;2000;465;10;        47s 995ms 197μs 149ns;3146.808511;                        -34421177813456ns;         5s 600ms 463μs 369ns;2253.000000;0.000000
612;52e7f4;2000;501;10;        46s 987ms 463μs 861ns;3262.173913;                        -30128102260906ns;         5s 157ms 500μs 993ns;2254.000000;0.000000
246;22d39e;2000;504;10;        48s 593ms 126μs 680ns;3130.000000;                        -37867698996778ns;         6s  61ms 181μs 631ns;2253.000000;0.000000
611;52c76c;2000;415;10;        45s  54ms 666μs  88ns;3220.000000;                        -22786793563595ns;         4s 627ms 643μs 895ns;2254.000000;0.000000
245;22b272;2000;447;10;        44s 758ms 429μs  27ns;3336.818182;                        -34157499917539ns;         5s 315ms 836μs 992ns;2253.000000;0.000000
610;52a51b;2000;531;10;        46s 960ms  45μs 191ns;3301.304348;                        -35196826216504ns;         6s 543ms 573μs 104ns;2254.000000;0.000000
244;2290ad;2000;480;10;        46s 305ms 160μs 241ns;3234.782609;                        -34454187093741ns;         5s 977ms 500μs 591ns;2253.000000;0.000000
609;5283bb;2000;469;10;        45s 187ms 839μs 470ns;3292.000000;                        -24934297790687ns;         5s 469ms  97μs 275ns;2254.000000;0.000000
243;226fec;2000;415;10;        46s 399ms 859μs 313ns;3150.000000;                        -34086890639850ns;         5s  35ms 288μs 809ns;2253.000000;0.000000
608;5261f7;2000;492;10;        45s 865ms 308μs 300ns;3322.666667;                        -27328229392988ns;         6s 182ms 905μs 826ns;2254.000000;0.000000
242;224de5;2000;499;10;        46s 309ms 322μs 888ns;3259.565217;                        -38427480043000ns;         6s 195ms 711μs 276ns;2253.000000;0.000000
607;524245;2000;369;10;        46s 580ms 491μs 888ns;3090.000000;                        -24597262958718ns;         4s 295ms  57μs 102ns;2254.000000;0.000000
241;222c66;2000;472;10;        47s 556ms 853μs 944ns;3155.744681;                        -38843371760556ns;         5s 881ms 382μs 843ns;2253.000000;0.000000
606;5220f3;2000;462;10;        44s 983ms 975μs 999ns;3357.272727;                        -30311907319648ns;         5s 182ms 407μs 195ns;2254.000000;0.000000
240;220acb;2000;475;10;        45s 103ms 315μs 675ns;3300.000000;                        -36525314278081ns;         6s  14ms 426μs 243ns;2253.000000;0.000000
605;51ff88;2000;472;10;        45s 699ms  18μs  52ns;3296.000000;                        -28596133008610ns;         5s 946ms 170μs 316ns;2254.000000;0.000000
239;21e972;2000;460;10;        44s 257ms 116μs 220ns;3354.545455;                        -34717214479886ns;         6s 135ms 308μs 661ns;2253.000000;0.000000
604;51de61;2000;458;10;        45s 716ms 946μs 754ns;3277.333333;                        -27157266816456ns;         5s 706ms 995μs 100ns;2254.000000;0.000000
238;21c77d;2000;502;10;        44s  32ms  79μs 895ns;3411.818182;                        -35625999578276ns;         6s 667ms 186μs 852ns;2253.000000;0.000000
603;51bcd6;2000;475;10;        45s 910ms 841μs 617ns;3300.000000;                        -24851659719818ns;         5s 692ms 358μs 859ns;2254.000000;0.000000
237;21a764;2000;396;10;        43s 486ms 513μs 886ns;3343.255814;                        -30435210403626ns;         5s  40ms 633μs 984ns;2253.000000;0.000000
602;519a81;2000;520;10;        46s 770ms 159μs 444ns;3286.956522;                        -30375556984280ns;         6s 426ms 472μs 664ns;2254.000000;0.000000
236;218535;2000;520;10;        45s 613ms 702μs 172ns;3360.000000;                        -36601391369838ns;         7s  33ms 511μs 589ns;2253.000000;0.000000
601;51792a;2000;465;10;        47s 318ms 236μs 346ns;3146.808511;                        -29191023146501ns;         5s 617ms 646μs 812ns;2254.000000;0.000000
235;2162bc;2000;533;10;        45s 688ms 515μs 268ns;3377.333333;                        -39116169277373ns;         7s  35ms 660μs 983ns;2253.000000;0.000000
600;5156e6;2000;520;10;        46s 440ms 625μs 184ns;3286.956522;                        -28549614769041ns;         6s 352ms 321μs 810ns;2254.000000;0.000000
234;2140bb;2000;503;10;        45s 665ms 631μs 497ns;3337.333333;                        -32859806441013ns;         6s 568ms 343μs 442ns;2253.000000;0.000000
599;513495;2000;512;10;        47s 526ms 340μs 529ns;3206.808511;                        -27074243072934ns;         5s 942ms 375μs 982ns;2254.000000;0.000000
233;211f8b;2000;451;10;        44s 224ms 798μs 461ns;3342.272727;                        -39400243018691ns;         5s 472ms 674μs 957ns;2253.000000;0.000000
598;51135a;2000;453;10;        45s 737ms 823μs 787ns;3270.666667;                        -28787514666518ns;         5s 652ms 431μs  68ns;2254.000000;0.000000
232;20fe75;2000;444;10;        43s  22ms 364μs   2ns;3410.232558;                        -35940816880809ns;         5s 541ms 130μs 325ns;2253.000000;0.000000
597;50f1ad;2000;487;10;        45s 306ms   7μs 811ns;3316.000000;                        -33647112755683ns;         6s 223ms 835μs 201ns;2254.000000;0.000000
231;20dc5a;2000;509;10;        45s 661ms 907μs   3ns;3345.333333;                        -39227091522554ns;         6s 229ms 549μs 578ns;2253.000000;0.000000
596;50d05e;2000;474;10;        49s 432ms 914μs 951ns;3029.387755;                        -28006233910399ns;         5s 971ms 303μs 194ns;2254.000000;0.000000
230;20bb6e;2000;431;10;        44s 173ms 427μs 331ns;3315.000000;                        -31770561117746ns;         5s 284ms 963μs 902ns;2253.000000;0.000000
595;50ae73;2000;491;10;        48s 824ms  88μs 360ns;3113.750000;                        -25974249470121ns;         6s  60ms 954μs 413ns;2254.000000;0.000000
229;2098fd;2000;527;10;        45s 609ms 701μs 489ns;3369.333333;                        -38693853888089ns;         6s 784ms 442μs 174ns;2253.000000;0.000000
594;508e1d;2000;408;10;        49s 836ms 921μs 588ns;2948.571429;                        -23880413054284ns;         4s 719ms 379μs 576ns;2254.000000;0.000000
228;2077a6;2000;462;10;        44s 733ms 266μs   1ns;3357.272727;                        -37182239048785ns;         5s 874ms 457μs 920ns;2253.000000;0.000000
593;506c12;2000;496;10;        50s 956ms   5μs 732ns;2995.200000;                        -26961316430706ns;         6s 121ms 790μs 859ns;2254.000000;0.000000
227;2055cb;2000;493;10;        45s 316ms 533μs 430ns;3324.000000;                        -34468468329101ns;         6s 470ms 667μs 930ns;2253.000000;0.000000
592;504a3b;2000;489;10;        53s 189ms 310μs 316ns;2817.735849;                        -28082749457292ns;         6s  94ms 575μs 641ns;2254.000000;0.000000
226;20341a;2000;478;10;        45s  24ms 682μs 100ns;3304.000000;                        -35176338986339ns;         5s 634ms 818μs 792ns;2253.000000;0.000000
591;502918;2000;446;10;        52s 421ms 262μs 536ns;2822.307692;                        -26168632737660ns;         5s 298ms 208μs  14ns;2254.000000;0.000000
225;201257;2000;479;10;        48s 251ms  56μs 625ns;3098.750000;                        -32396339471675ns;         6s 112ms 751μs 870ns;2253.000000;0.000000
590;5007e3;2000;449;10;        52s 251ms 295μs 324ns;2825.769231;                        -22665874074997ns;         4s 960ms 560μs 562ns;2254.000000;0.000000
224;1ff024;2000;498;10;        47s 872ms 831μs 151ns;3188.936170;                        -31897525060281ns;         5s 967ms  87μs 239ns;2253.000000;0.000000
589;4fe73a;2000;420;10;        48s 584ms 680μs 740ns;3025.000000;                        -25632019366148ns;         4s 869ms 673μs 506ns;2254.000000;0.000000
223;1fcef3;2000;441;10;        44s 591ms 940μs 509ns;3328.636364;                        -29324243380930ns;         5s 796ms 655μs 900ns;2253.000000;0.000000
588;4fc4e3;2000;517;10;        46s  56ms 370μs 150ns;3283.043478;                        -30865494005829ns;         6s 209ms 673μs 667ns;2253.000000;0.000000
222;1fad0f;2000;463;10;        45s 389ms 824μs 990ns;3284.000000;                        -26532666643137ns;         5s 810ms 439μs   3ns;2253.000000;0.000000
587;4fa33b;2000;479;10;        45s 143ms 628μs 922ns;3305.333333;                        -27910940418186ns;         5s 848ms  36μs 121ns;2253.000000;0.000000
221;1f8bd0;2000;443;10;        44s 301ms 617μs 124ns;3331.363636;                        -30058949435443ns;         5s 811ms 647μs 778ns;2253.000000;0.000000
586;4f825e;2000;432;10;        44s 476ms 900μs 304ns;3316.363636;                        -24689147783127ns;         4s 962ms 912μs  40ns;2253.000000;0.000000
220;1f68e6;2000;542;10;        45s 942ms  60μs 378ns;3389.333333;                        -32802294302003ns;         6s 470ms 338μs 879ns;2253.000000;0.000000
585;4f6017;2000;515;10;        45s 911ms 518μs 350ns;3353.333333;                        -29060234186966ns;         6s 444ms  95μs 346ns;2253.000000;0.000000
219;1f467b;2000;524;10;        49s 862ms 733μs 877ns;3090.612245;                        -35251705152138ns;         6s 793ms 270μs 752ns;2252.000000;0.000000
584;4f3dee;2000;508;10;        47s 272ms 688μs 343ns;3201.702128;                        -27055811086164ns;         6s 195ms 672μs 601ns;2253.000000;0.000000
218;1f25ae;2000;418;10;        45s 845ms  52μs 575ns;3224.000000;                        -29589059602088ns;         5s 299ms 564μs 951ns;2252.000000;0.000000
583;4f1ce0;2000;452;10;        47s 405ms 786μs  39ns;3130.212766;                        -29532028812374ns;         4s 776ms 111μs 472ns;2253.000000;0.000000
217;1f050b;2000;417;10;        47s 877ms 721μs 197ns;3085.531915;                        -32429679925900ns;         5s 334ms 504μs 150ns;2252.000000;0.000000
582;4efbbd;2000;448;10;        44s 992ms 757μs  11ns;3338.181818;                        -24779812633349ns;         5s 156ms 743μs 616ns;2253.000000;0.000000
216;1ee4f0;2000;399;10;        48s 101ms 987μs 278ns;2998.750000;                        -29558375974648ns;         4s 656ms 887μs 856ns;2250.000000;0.000000
581;4ed914;2000;540;10;        45s 769ms 625μs 627ns;3386.666667;                        -33378999034864ns;         6s  16ms 729μs 969ns;2253.000000;0.000000
215;1ec33d;2000;471;10;        47s 880ms 937μs 610ns;3154.468085;                        -33224975356245ns;         5s 499ms 989μs  79ns;2237.000000;0.000000
580;4eb74f;2000;488;10;        47s  13ms 992μs 928ns;3176.170213;                        -25946830206367ns;         5s 836ms 154μs 367ns;2253.000000;0.000000
214;1ea1ad;2000;476;10;        44s 425ms 952μs 941ns;3376.363636;                        -33154666956429ns;         6s 214ms   2μs 832ns;2234.000000;0.000000
579;4e9584;2000;491;10;        50s   6ms 553μs 482ns;2989.200000;                        -27220394769596ns;         5s 161ms 623μs 746ns;2253.000000;0.000000
213;1e8090;2000;452;10;        43s 605ms 554μs 485ns;3421.395349;                        -28911174053753ns;         5s 801ms 324μs 422ns;2234.000000;0.000000
578;4e74d0;2000;420;10;        47s 108ms 220μs 486ns;3089.361702;                        -24512927684998ns;         4s 623ms 173μs 929ns;2253.000000;0.000000
212;1e5f81;2000;448;10;        43s 139ms 683μs 997ns;3415.813953;                        -38353771063169ns;         5s 903ms 218μs 568ns;2234.000000;0.000000
577;4e53f3;2000;427;10;        51s 224ms 731μs 802ns;2855.294118;                        -24170027222855ns;         5s 194ms 101μs 165ns;2253.000000;0.000000
211;1e3e1a;2000;468;10;        45s 315ms 483μs 458ns;3290.666667;                        -33001169235542ns;         6s 321ms 410μs 437ns;2234.000000;0.000000
576;4e32a0;2000;449;10;        49s 676ms 774μs 249ns;2998.775510;                        -22352609071861ns;         5s 434ms 954μs 155ns;2253.000000;0.000000
210;1e1c59;2000;490;10;        46s 180ms 319μs 604ns;3247.826087;                        -37699944387139ns;         6s 325ms 715μs 184ns;2234.000000;0.000000
575;4e1275;2000;375;10;        47s 731ms 450μs 780ns;3031.914894;                        -15363662775955ns;         4s 333ms 105μs 287ns;2253.000000;0.000000
209;1dfc02;2000;404;10;        42s 540ms 510μs 458ns;3434.285714;                        -35424896783825ns;         5s 361ms 297μs 636ns;2234.000000;0.000000
574;4df180;2000;429;10;        48s 275ms 991μs 781ns;3036.250000;                        -19043118572689ns;         5s 248ms 471μs 510ns;2253.000000;0.000000
208;1dda7d;2000;478;10;        43s 470ms 981μs 859ns;3457.674419;                        -36119770244892ns;         6s 280ms 773μs 781ns;2234.000000;0.000000
573;4dd16d;2000;382;10;        46s 690ms 618μs 809ns;3106.956522;                        -18595570426191ns;         4s 781ms  94μs 652ns;2253.000000;0.000000
207;1db760;2000;472;10;        44s 506ms 987μs 846ns;3370.909091;                        -42741099065134ns;         5s 757ms 639μs 284ns;2234.000000;0.000000
572;4db032;2000;455;10;        47s 939ms 823μs 961ns;3134.042553;                        -20427631976229ns;         5s 421ms 244μs 183ns;2253.000000;0.000000
571;4d8f8d;2000;415;10;        47s 549ms 183μs 129ns;3082.978723;                        -24538014601137ns;         5s 573ms 387μs 355ns;2253.000000;0.000000
206;1d891d;2000;648;10;        47s 521ms 799μs 654ns;3380.425532;                        -50692140038299ns;         8s  94ms 320μs 800ns;2234.000000;0.000000
570;4d6de8;2000;477;10;        48s 737ms 984μs 603ns;3096.250000;                        -22868801679598ns;         5s 627ms 697μs 804ns;2253.000000;0.000000
569;4d4c14;2000;484;10;        50s 133ms 195μs 154ns;2980.800000;                        -23325101488736ns;         5s 883ms 689μs 876ns;2253.000000;0.000000
205;1d3518;2000;377;10;        23s 546ms 525μs 398ns;6200.869565;                        -26926072164630ns;         3s 335ms 282μs 796ns;2234.000000;0.000000
568;4d2b38;2000;436;10;        48s 253ms  65μs 555ns;3045.000000;                        -16833762241187ns;         5s 479ms 359μs 247ns;2253.000000;0.000000
567;4d0999;2000;472;10;        47s 417ms 463μs 791ns;3155.744681;                        -23957839165751ns;         5s 983ms 331μs 951ns;2253.000000;0.000000
566;4ce828;2000;461;10;        47s 287ms 437μs 595ns;3141.702128;                        -22210497484521ns;         5s 617ms  33μs 568ns;2253.000000;0.000000
565;4cc772;2000;419;10;        47s 860ms 759μs 324ns;3088.085106;                        -19903193856291ns;         4s 950ms 928μs 952ns;2253.000000;0.000000
564;4ca62d;2000;459;10;        48s 234ms 411μs 950ns;3073.750000;                        -21163818331735ns;         5s 714ms 667μs 919ns;2253.000000;0.000000
563;4c84b8;2000;463;10;        49s 903ms 609μs 824ns;3015.918367;                        -20598147714327ns;         6s   6ms 102μs 101ns;2253.000000;0.000000
562;4c6417;2000;419;10;        48s 826ms 899μs  29ns;3023.750000;                        -21776227171638ns;         5s  72ms 119μs 371ns;2253.000000;0.000000
561;4c4284;2000;464;10;        49s  61ms 391μs 112ns;3017.142857;                        -22430891201152ns;         5s 905ms 550μs 469ns;2253.000000;0.000000
560;4c217d;2000;437;10;        48s 701ms 234μs 790ns;3046.250000;                        -22942800506460ns;         5s 376ms 131μs  17ns;2253.000000;0.000000
559;4bff32;2000;501;10;        50s 836ms 244μs 680ns;3001.200000;                        -21832508610346ns;         6s 832ms 634μs 132ns;2253.000000;0.000000
558;4bddd1;2000;462;10;        49s 687ms 563μs 356ns;3014.693878;                        -24022942882734ns;         5s 846ms 456μs 685ns;2253.000000;0.000000
204;1bc293;2000;50;10;         7s 784ms 549μs 608ns;17571.428571;                        -3030988404983ns;            155ms 600μs 748ns;2235.000000;0.000000
557;4bbb3e;2000;530;10;        50s 948ms 980μs 509ns;3036.000000;                        -23116897038380ns;         6s 338ms 335μs 822ns;2253.000000;0.000000
556;4b99dd;2000;454;10;        49s 298ms 231μs 404ns;3004.897959;                        -24358809849505ns;         5s 820ms 122μs 859ns;2253.000000;0.000000
555;4b7848;2000;469;10;        49s 757ms 894μs 527ns;3023.265306;                        -20786592561615ns;         6s  14ms 412μs 372ns;2253.000000;0.000000
203;1b5d68;2000;14;10;        31s 285ms 180μs 250ns;3898.064516;                        -925378028246ns;             57ms 236μs  25ns;2235.000000;0.000000
554;4b56db;2000;453;10;        47s 608ms 481μs 615ns;3131.489362;                        -18535866172071ns;         5s 746ms 994μs 506ns;2253.000000;0.000000
202;1b3beb;2000;453;10;        43s 742ms 903μs 920ns;3422.790698;                        -27100477689159ns;         5s 515ms 740μs 602ns;2234.000000;0.000000
553;4b3595;2000;447;10;        47s 529ms 899μs 432ns;3123.829787;                        -21498127635924ns;         5s 591ms 355μs 224ns;2253.000000;0.000000
201;1b18fa;2000;550;10;        45s  77ms 321μs 299ns;3400.000000;                        -39709622955748ns;         6s 636ms 609μs 861ns;2234.000000;0.000000
552;4b13d4;2000;472;10;        47s 374ms 672μs 367ns;3155.744681;                        -18388049701434ns;         5s 987ms 154μs 620ns;2253.000000;0.000000
200;1af60d;2000;541;10;        44s 990ms 322μs  73ns;3465.000000;                        -31290301530869ns;         6s 970ms 175μs 570ns;2234.000000;0.000000
551;4af2a3;2000;454;10;        49s 110ms 653μs 834ns;3004.897959;                        -20901425539714ns;         5s 592ms 532μs 550ns;2253.000000;0.000000
199;1ad4f4;2000;446;10;        43s 339ms 957μs  94ns;3413.023256;                        -29709202987405ns;         5s 568ms 434μs  45ns;2234.000000;0.000000
550;4ad296;2000;383;10;        47s 813ms 892μs 854ns;3042.127660;                        -21248585840895ns;         4s 982ms 247μs 736ns;2253.000000;0.000000
549;4ab2f2;2000;351;10;        47s 333ms 458μs 739ns;3001.276596;                        -20430346615146ns;         3s 956ms 752μs 237ns;2253.000000;0.000000
198;1ab25d;2000;535;10;        44s 988ms 172μs 309ns;3456.818182;                        -30378255117575ns;         6s 486ms 354μs 709ns;2234.000000;0.000000
548;4a920d;2000;433;10;        48s 171ms 687μs  32ns;3041.250000;                        -18938652347889ns;         4s 903ms 297μs 203ns;2253.000000;0.000000
197;1a9112;2000;440;10;        43s 232ms 372μs 397ns;3404.651163;                        -26722419255442ns;         5s 584ms 126μs 300ns;2234.000000;0.000000
547;4a70b0;2000;463;10;        48s 609ms 636μs 115ns;3078.750000;                        -23447470983842ns;         5s 577ms 782μs 999ns;2253.000000;0.000000
196;1a6e8f;2000;517;10;        44s 147ms 538μs 689ns;3432.272727;                        -29849450372053ns;         6s 253ms 386μs 124ns;2234.000000;0.000000
546;4a502b;2000;402;10;        47s 747ms 901μs 427ns;3066.382979;                        -20257900824075ns;         4s 972ms 510μs 495ns;2253.000000;0.000000
195;1a4dae;2000;428;10;        43s 355ms 200μs 485ns;3387.906977;                        -28383502940457ns;         5s 483ms  93μs 901ns;2234.000000;0.000000
545;4a301e;2000;381;10;        50s 990ms 406μs 839ns;2857.200000;                        -19071333091673ns;         4s 722ms 734μs 259ns;2253.000000;0.000000
194;1a2c6d;2000;449;10;        43s 682ms 434μs 729ns;3417.209302;                        -33967715728978ns;         5s 769ms 776μs 989ns;2234.000000;0.000000
544;4a0e09;2000;495;10;        52s  24ms 599μs 269ns;2878.846154;                        -22876503686327ns;         6s 604ms 207μs 432ns;2253.000000;0.000000
193;1a0b2e;2000;444;10;        43s  43ms 390μs 538ns;3410.232558;                        -26922313088126ns;         5s 456ms 736μs 419ns;2234.000000;0.000000
543;49ed2c;2000;422;10;        50s 326ms  57μs 906ns;2906.400000;                        -23026958435426ns;         4s 998ms       291ns;2253.000000;0.000000
192;19eb0b;2000;383;10;        42s 360ms 657μs 154ns;3404.285714;                        -20055425268787ns;         4s 488ms 687μs 635ns;2252.000000;0.000000
542;49cbf0;2000;449;10;        52s  89ms 801μs 211ns;2825.769231;                        -24887831050224ns;         5s 260ms 576μs 974ns;2253.000000;0.000000
191;19c8c2;2000;496;10;        44s 394ms 377μs   3ns;3403.636364;                        -29588804260512ns;         6s  13ms 769μs 837ns;2248.000000;0.000000
541;49aaf7;2000;434;10;        51s 159ms 461μs 300ns;2863.529412;                        -21841122648984ns;         5s 468ms 674μs 536ns;2253.000000;0.000000
190;19a70b;2000;473;10;        44s  44ms 922μs 463ns;3372.272727;                        -30362954997787ns;         5s 838ms 529μs 347ns;2248.000000;0.000000
540;4989e0;2000;441;10;        48s 511ms 723μs 147ns;3051.250000;                        -24165194795410ns;         5s 792ms 501μs 930ns;2253.000000;0.000000
189;1985bc;2000;448;10;        42s 879ms 762μs 890ns;3497.142857;                        -26867972731550ns;         5s 573ms 356μs 284ns;2248.000000;0.000000
539;496815;2000;481;10;        49s 351ms 798μs 879ns;3037.959184;                        -24817024619296ns;         6s 468ms 251μs  15ns;2253.000000;0.000000
188;19648b;2000;447;10;        43s 102ms 799μs 232ns;3414.418605;                        -30933212671196ns;         5s 577ms 193μs 934ns;2248.000000;0.000000
538;49472c;2000;428;10;        47s 485ms 982μs 289ns;3099.574468;                        -19216406859680ns;         5s 409ms 138μs 157ns;2253.000000;0.000000
187;194272;2000;498;10;        44s 596ms 580μs 733ns;3406.363636;                        -32285574239485ns;         6s  99ms 908μs 805ns;2234.000000;0.000000
537;4925fe;2000;442;10;        47s 962ms 852μs 934ns;3117.446809;                        -19103474893311ns;         5s 176ms 121μs 396ns;2253.000000;0.000000
186;19201b;2000;513;10;        44s 740ms 933μs 817ns;3426.818182;                        -28880744635282ns;         6s 964ms 447μs 978ns;2234.000000;0.000000
536;49044b;2000;471;10;        48s 549ms 149μs 393ns;3088.750000;                        -22546995245935ns;         5s 897ms 249μs 160ns;2253.000000;0.000000
185;18fecc;2000;459;10;        43s 821ms 151μs 389ns;3431.162791;                        -31530022864190ns;         6s  94ms 348μs 650ns;2234.000000;0.000000
535;48e32e;2000;443;10;        48s 229ms 722μs 534ns;3053.750000;                        -21741506394518ns;         5s 265ms 219μs 678ns;2253.000000;0.000000
184;18dc3d;2000;523;10;        45s 172ms 940μs 381ns;3364.000000;                        -35151966696173ns;         6s 459ms 642μs 673ns;2234.000000;0.000000
534;48c2b4;2000;399;10;        47s 296ms 828μs 398ns;3062.553191;                        -22137072197200ns;         4s 983ms 378μs 433ns;2253.000000;0.000000
183;18b958;2000;535;10;        43s 672ms 287μs 573ns;3537.209302;                        -26175417898892ns;         6s 552ms 824μs 166ns;2234.000000;0.000000
533;48a1ed;2000;415;10;        46s 800ms 844μs 151ns;3150.000000;                        -23596078217614ns;         5s 385ms 143μs 796ns;2253.000000;0.000000
182;18977d;2000;481;10;        43s 358ms  69μs 640ns;3461.860465;                        -29491841842633ns;         6s 215ms 271μs 173ns;2234.000000;0.000000
532;487fb9;2000;489;10;        48s 465ms 328μs  66ns;3111.250000;                        -23411514901238ns;         6s 416ms 178μs 355ns;2253.000000;0.000000
181;18733e;2000;632;10;        45s 323ms  13μs 249ns;3509.333333;                        -28268297409428ns;         8s 162ms 345μs 451ns;2234.000000;0.000000
531;485e5e;2000;449;10;        47s 212ms 769μs 318ns;3126.382979;                        -24054802232494ns;         5s 899ms 428μs 640ns;2253.000000;0.000000
180;185185;2000;469;10;        42s 885ms 652μs 572ns;3527.142857;                        -25862970733796ns;         5s 824ms  43μs 223ns;2234.000000;0.000000
530;483c77;2000;483;10;        48s  98ms 478μs 184ns;3103.750000;                        -25286117024176ns;         6s  63ms   1μs 689ns;2253.000000;0.000000
179;182e56;2000;560;10;        44s 560ms 651μs 709ns;3490.909091;                        -34869409005304ns;         7s 577ms 322μs 679ns;2234.000000;0.000000
529;48198b;2000;544;10;        48s 604ms  68μs   3ns;3180.000000;                        -30527330958190ns;         6s 803ms 898μs 824ns;2253.000000;0.000000
178;180c3b;2000;497;10;        43s 314ms 919μs 603ns;3484.186047;                        -34008056408426ns;         5s 906ms 215μs 994ns;2234.000000;0.000000
528;47f776;2000;488;10;        47s 718ms 256μs 759ns;3176.170213;                        -30949850644196ns;         6s 291ms 729μs 830ns;2253.000000;0.000000
177;17eb2a;2000;431;10;        44s 244ms 435μs 171ns;3315.000000;                        -31868685093621ns;         5s 205ms 905μs 903ns;2253.000000;0.000000
527;47d6c9;2000;419;10;        47s  86ms 697μs 938ns;3088.085106;                        -20594593528513ns;         5s 406ms 958μs  17ns;2253.000000;0.000000
176;17c925;2000;496;10;        45s  36ms 663μs 270ns;3328.000000;                        -32525481799626ns;         6s 367ms 806μs 823ns;2237.000000;0.000000
526;47b5ea;2000;424;10;        48s 539ms 466μs 484ns;3030.000000;                        -22417306263069ns;         5s  37ms 907μs 434ns;2253.000000;0.000000
175;17a67e;2000;523;10;        44s  73ms 531μs 643ns;3440.454545;                        -34630348171336ns;         6s 489ms 572μs 286ns;2234.000000;0.000000
525;4794f5;2000;433;10;        49s 512ms 756μs 938ns;2979.183673;                        -22862840636929ns;         5s 309ms  58μs 233ns;2253.000000;0.000000
174;17831f;2000;574;10;        46s  40ms 847μs 363ns;3357.391304;                        -30089459851945ns;         7s 233ms 636μs 117ns;2251.000000;0.000000
524;477431;2000;413;10;        48s 698ms 862μs  44ns;3016.250000;                        -18224733605678ns;         4s 817ms 947μs 338ns;2253.000000;0.000000
173;176174;2000;481;10;        45s 333ms 662μs 413ns;3308.000000;                        -25470853033878ns;         6s  11ms 989μs 148ns;2251.000000;0.000000
523;47527e;2000;468;10;        49s 920ms 349μs 876ns;3022.040816;                        -22008069016829ns;         5s 987ms 262μs 516ns;2253.000000;0.000000
172;173fc7;2000;479;10;        45s 257ms 490μs  49ns;3305.333333;                        -24239450072605ns;         6s 322ms 145μs 757ns;2251.000000;0.000000
522;473061;2000;483;10;        50s 403ms 663μs 910ns;2979.600000;                        -24475705940715ns;         6s 487ms 832μs 512ns;2253.000000;0.000000
171;171c84;2000;565;10;        45s 825ms 787μs 451ns;3420.000000;                        -27046818600431ns;         7s 426ms 811μs 176ns;2251.000000;0.000000
521;470fae;2000;415;10;        49s 389ms 318μs 964ns;2957.142857;                        -24090509509345ns;         5s 570ms 873μs 541ns;2253.000000;0.000000
170;16fa3b;2000;512;10;        45s       641μs 781ns;3349.333333;                        -26381977884701ns;         6s 867ms 350μs 211ns;2251.000000;0.000000
520;46ee53;2000;460;10;        48s  19ms 624μs 117ns;3075.000000;                        -23646373854190ns;         5s 928ms 138μs 448ns;2253.000000;0.000000
519;46cbe8;2000;512;10;        49s  68ms 467μs  82ns;3075.918367;                        -23153545353743ns;         6s 644ms 589μs 469ns;2253.000000;0.000000
518;46a9b2;2000;507;10;        50s 312ms 486μs 665ns;3008.400000;                        -22165409549459ns;         5s 383ms 929μs 640ns;2253.000000;0.000000
517;4687ce;2000;487;10;        50s 708ms 170μs 448ns;2984.400000;                        -27276107671092ns;         6s  94ms 709μs 949ns;2253.000000;0.000000
516;466547;2000;523;10;        52s 267ms 797μs 972ns;2911.153846;                        -27907045911475ns;         6s 292ms 445μs 870ns;2253.000000;0.000000
515;46434e;2000;494;10;        52s 136ms 963μs 938ns;2877.692308;                        -26673525142393ns;         6s  56ms 517μs 912ns;2253.000000;0.000000
514;4621c3;2000;459;10;        50s 389ms 811μs 180ns;2950.800000;                        -26786555107146ns;         5s 807ms 971μs 331ns;2253.000000;0.000000
513;4600ac;2000;431;10;        50s 591ms 484μs 696ns;2917.200000;                        -23903913535538ns;         5s 542ms 688μs 757ns;2253.000000;0.000000
512;45df99;2000;439;10;        50s 763ms 625μs 333ns;2926.800000;                        -24616102396572ns;         5s 824ms  44μs 792ns;2253.000000;0.000000
511;45bed0;2000;415;10;        51s 182ms 880μs 850ns;2841.176471;                        -19778734433902ns;         5s  31ms 564μs 694ns;2253.000000;0.000000
510;459d7d;2000;459;10;        49s 175ms 590μs 378ns;3011.020408;                        -28083207193472ns;         5s 733ms 273μs 507ns;2253.000000;0.000000
509;457c2e;2000;459;10;        49s 971ms 557μs 403ns;3011.020408;                        -26242198698877ns;         6s 177ms 871μs 302ns;2253.000000;0.000000
508;455b1a;2000;446;10;        48s 817ms 113μs 112ns;3057.500000;                        -24267646222855ns;         5s 328ms 614μs 661ns;2253.000000;0.000000
507;4539d9;2000;451;10;        53s 719ms 496μs 657ns;2774.716981;                        -25530673396916ns;         5s 832ms 923μs 283ns;2253.000000;0.000000
506;451878;2000;452;10;        53s 295ms 804μs 481ns;2775.849057;                        -23411959648838ns;         5s 578ms 959μs 690ns;2253.000000;0.000000
505;44f657;2000;503;10;        54s 255ms 167μs 841ns;2781.111111;                        -29372972864785ns;         6s 132ms 293μs 563ns;2253.000000;0.000000
504;44d46e;2000;482;10;        52s  17ms 530μs 113ns;2863.846154;                        -23122035578994ns;         6s 131ms 116μs 871ns;2253.000000;0.000000
503;44b265;2000;488;10;        52s 247ms  58μs 102ns;2870.769231;                        -23321996896615ns;         6s 593ms 621μs 611ns;2253.000000;0.000000
502;448f52;2000;554;10;        51s 966ms 187μs 244ns;3004.705882;                        -23473151059962ns;         7s 412ms 401μs 448ns;2253.000000;0.000000
501;446da6;2000;470;10;        52s  58ms 185μs  47ns;2850.000000;                        -21919379611250ns;         5s 977ms  15μs 483ns;2253.000000;0.000000
500;444b11;2000;524;10;        53s  89ms 911μs 319ns;2857.358491;                        -25787846666302ns;         5s 894ms 758μs 864ns;2253.000000;0.000000
499;4428c2;2000;514;10;        51s 400ms 447μs 728ns;2957.647059;                        -24861387420326ns;         6s 558ms 106μs 550ns;2252.000000;0.000000
498;4406f1;2000;478;10;        51s  55ms 651μs   5ns;2915.294118;                        -18199179176973ns;         6s 350ms 501μs 252ns;2252.000000;0.000000
497;43e4eb;2000;493;10;        52s 428ms 567μs 169ns;2876.538462;                        -25063547852175ns;         6s 423ms 747μs 314ns;2252.000000;0.000000
496;43c378;2000;457;10;        51s 478ms 164μs 910ns;2890.588235;                        -21757168945166ns;         5s 296ms 818μs 175ns;2252.000000;0.000000
495;43a29f;2000;423;10;        50s 202ms 561μs 798ns;2907.600000;                        -23919725953342ns;         5s 203ms 815μs 137ns;2252.000000;0.000000
494;438132;2000;459;10;        51s  10ms 425μs 492ns;2892.941176;                        -24351675930190ns;         6s 153ms 630μs 501ns;2252.000000;0.000000
493;435f9f;2000;470;10;        53s 594ms 176μs 328ns;2796.226415;                        -23718405605643ns;         5s 930ms 824μs 702ns;2252.000000;0.000000
492;433dae;2000;492;10;        53s 941ms 767μs   9ns;2821.132075;                        -29963117774981ns;         6s 518ms 810μs 691ns;2252.000000;0.000000
491;431c59;2000;454;10;        53s  51ms 584μs 665ns;2778.113208;                        -24390485706601ns;         5s 784ms 252μs  62ns;2252.000000;0.000000
490;42fa1a;2000;510;10;        53s 683ms 809μs   7ns;2841.509434;                        -26150169478285ns;         6s 880ms  68μs 831ns;2252.000000;0.000000
489;42d79d;2000;523;10;        53s  34ms 115μs 176ns;2856.226415;                        -26266616957790ns;         7s  65ms 346μs 957ns;2252.000000;0.000000
488;42b602;2000;467;10;        51s 926ms  33μs 704ns;2902.352941;                        -27380468318634ns;         5s 830ms 691μs 824ns;2252.000000;0.000000
487;4292fd;2000;549;10;        52s 419ms  15μs 290ns;2941.153846;                        -27000473210754ns;         7s 401ms 329μs 302ns;2252.000000;0.000000
486;4270f4;2000;491;10;        54s 125ms 468μs 300ns;2767.777778;                        -26334226618025ns;         6s 121ms 767μs 514ns;2252.000000;0.000000
485;424e93;2000;517;10;        53s 439ms 137μs 509ns;2849.433962;                        -33211640373507ns;         6s 507ms 660μs 992ns;2252.000000;0.000000
484;422d2e;2000;460;10;        51s 372ms 430μs 238ns;2894.117647;                        -28487721596046ns;         6s 237ms 821μs 201ns;2252.000000;0.000000
483;420ae1;2000;511;10;        51s 678ms 709μs 846ns;2954.117647;                        -33793357618228ns;         6s 925ms 951μs 502ns;2252.000000;0.000000
482;41e90a;2000;487;10;        53s 260ms 741μs 507ns;2815.471698;                        -29979434628797ns;         5s 977ms 145μs 603ns;2252.000000;0.000000
481;41c649;2000;549;10;        52s 529ms 914μs 939ns;2941.153846;                        -37313847537692ns;         6s 708ms 467μs 290ns;2252.000000;0.000000
480;41a478;2000;486;10;        52s 920ms 767μs 338ns;2868.461538;                        -25071751706903ns;         6s 258ms 978μs  38ns;2252.000000;0.000000
479;4180d1;2000;589;10;        54s 249ms 548μs 819ns;2876.666667;                        -38711870794470ns;         7s 879ms 706μs 472ns;2252.000000;0.000000
478;415f28;2000;485;10;        52s 654ms 622μs 589ns;2867.307692;                        -24040480482382ns;         6s 338ms 152μs  30ns;2252.000000;0.000000
477;413d28;2000;496;10;        52s 502ms 159μs 552ns;2880.000000;                        -26246990311694ns;         6s 202ms 899μs  30ns;2252.000000;0.000000
476;411b3f;2000;497;10;        52s 118ms  49μs  88ns;2881.153846;                        -29576105170521ns;         6s 361ms 940μs 966ns;2252.000000;0.000000
475;40f982;2000;484;10;        51s  12ms 300μs 504ns;2922.352941;                        -21971808732703ns;         5s 620ms 350μs 587ns;2252.000000;0.000000
474;40d6cb;2000;548;10;        52s 252ms 652μs 292ns;2940.000000;                        -38046567795311ns;         7s 198ms 645μs 209ns;2252.000000;0.000000
473;40b496;2000;512;10;        52s 314ms 302μs 267ns;2898.461538;                        -28620265429430ns;         6s 482ms 176μs 504ns;2252.000000;0.000000
472;40930b;2000;475;10;        52s  52ms  57μs 535ns;2855.769231;                        -21782930777466ns;         5s 684ms 101μs 328ns;2252.000000;0.000000
471;40714e;2000;485;10;        52s 526ms 883μs 124ns;2867.307692;                        -28664736499059ns;         6s 392ms 744μs 482ns;2252.000000;0.000000
470;404fee;2000;467;10;        51s 379ms  50μs 992ns;2902.352941;                        -21587244739481ns;         5s 440ms 771μs 962ns;2252.000000;0.000000
469;402d99;2000;523;10;        52s  45ms 915μs 338ns;2911.153846;                        -23393602248902ns;         6s 308ms 452μs 704ns;2251.000000;0.000000
468;400c72;2000;459;10;        49s 479ms  52μs 668ns;3011.020408;                        -28955439134959ns;         5s 990ms  60μs 699ns;2233.000000;0.000000
467;3fea57;2000;508;10;        51s 400ms 110μs 391ns;2950.588235;                        -24038378991835ns;         5s 797ms 266μs 978ns;2259.000000;0.000000
466;3fc998;2000;433;10;        51s 816ms  41μs 484ns;2862.352941;                        -29256666574185ns;         5s 710ms 714μs 558ns;2259.000000;0.000000
465;3fa6d6;2000;542;10;        52s 622ms 801μs 826ns;2933.076923;                        -33042893951912ns;         7s  33ms 991μs  43ns;2259.000000;0.000000
464;3f8495;2000;518;10;        53s 182ms 339μs 329ns;2850.566038;                        -31825443300805ns;         6s 820ms  16μs 628ns;2259.000000;0.000000
463;3f6274;2000;507;10;        51s 351ms 253μs 507ns;2949.411765;                        -29915004917672ns;         6s 198ms  31μs  10ns;2259.000000;0.000000
462;3f3f7b;2000;560;10;        51s 580ms  78μs 427ns;3011.764706;                        -32796548695965ns;         6s 291ms 959μs 994ns;2259.000000;0.000000
461;3f1d6c;2000;509;10;        51s 296ms 221μs 278ns;2951.764706;                        -29882761101742ns;         6s 452ms  19μs 439ns;2259.000000;0.000000
460;3efab1;2000;547;10;        51s  61ms 739μs 496ns;2996.470588;                        -31193747154475ns;         7s 219ms 358μs 517ns;2259.000000;0.000000
459;3ed96a;2000;460;10;        51s 188ms 565μs 923ns;2894.117647;                        -26563099115308ns;         5s 171ms 262μs 741ns;2259.000000;0.000000
458;3eb6f1;2000;530;10;        51s 328ms 880μs 151ns;2976.470588;                        -31394554033237ns;         6s 780ms 958μs 347ns;2259.000000;0.000000
457;3e943c;2000;546;10;        51s  49ms 812μs 737ns;2995.294118;                        -29683537343390ns;         7s  78ms 726μs 482ns;2259.000000;0.000000
456;3e7151;2000;557;10;        50s 636ms 672μs  26ns;3068.400000;                        -34059634594544ns;         7s 170ms 953μs 904ns;2259.000000;0.000000
455;3e502a;2000;452;10;        49s 113ms 489μs 348ns;3002.448980;                        -27418286245583ns;         5s 790ms 809μs 894ns;2259.000000;0.000000
454;3e2e35;2000;504;10;        50s 750ms 984μs 426ns;3004.800000;                        -29146242501342ns;         6s 438ms 405μs 374ns;2259.000000;0.000000
453;3e0c60;2000;501;10;        52s 123ms 690μs 767ns;2885.769231;                        -27385564546977ns;         6s 415ms 446μs 871ns;2259.000000;0.000000
452;3deacf;2000;479;10;        50s  50ms 972μs 920ns;2974.800000;                        -25559312188916ns;         5s 872ms 945μs 357ns;2259.000000;0.000000
451;3dc926;2000;489;10;        52s 468ms 218μs 811ns;2871.923077;                        -24167590436313ns;         5s 481ms 460μs 164ns;2259.000000;0.000000
450;3da60b;2000;569;10;        53s 764ms 748μs 453ns;2908.301887;                        -33374161193337ns;         6s 904ms 448μs 833ns;2259.000000;0.000000
449;3d845c;2000;488;10;        52s   5ms 159μs 655ns;2870.769231;                        -29827405244304ns;         5s 473ms 665μs 712ns;2259.000000;0.000000
448;3d6165;2000;567;10;        52s 996ms 802μs 837ns;2961.923077;                        -31895633478142ns;         6s 885ms 917μs 342ns;2259.000000;0.000000
447;3d3edc;2000;547;10;        53s 317ms 708μs 159ns;2883.396226;                        -28626038661665ns;         6s 355ms 538μs 367ns;2259.000000;0.000000
446;3d1cf5;2000;508;10;        51s 479ms 103μs 921ns;2950.588235;                        -31871854340265ns;         6s   9ms 798μs 550ns;2259.000000;0.000000
445;3cfbea;2000;448;10;        51s 267ms 221μs 578ns;2880.000000;                        -21156169810341ns;         5s 311ms 309μs 530ns;2259.000000;0.000000
444;3cda37;2000;488;10;        55s 547ms 807μs  68ns;2714.181818;                        -28521763171070ns;         5s 902ms 864μs 950ns;2259.000000;0.000000
443;3cb780;2000;552;10;        55s 292ms 402μs 711ns;2784.000000;                        -34565272887604ns;         6s 766ms 747μs 744ns;2259.000000;0.000000
442;3c9664;2000;466;10;        54s 144ms 328μs 505ns;2740.000000;                        -28508750851703ns;         5s 526ms 443μs 414ns;2259.000000;0.000000
441;3c74f8;2000;471;10;        53s 513ms 557μs 918ns;2797.358491;                        -26636772134613ns;         5s 619ms 646μs 682ns;2259.000000;0.000000
440;3c520b;2000;560;10;        55s 631ms 249μs 464ns;2792.727273;                        -36938384002674ns;         6s 890ms 350μs 950ns;2259.000000;0.000000
439;3c2f48;2000;554;10;        56s 215ms 988μs 201ns;2736.428571;                        -33517952503800ns;         6s 928ms  64μs 373ns;2259.000000;0.000000
438;3c0e25;2000;454;10;        53s 552ms 742μs 904ns;2778.113208;                        -27850938598408ns;         5s 412ms 538μs 449ns;2259.000000;0.000000
437;3bed2c;2000;442;10;        53s 477ms 934μs 497ns;2764.528302;                        -24583931243298ns;         5s 487ms  38μs 545ns;2259.000000;0.000000
436;3bcb06;2000;519;10;        54s 197ms 705μs 791ns;2798.888889;                        -35236737643567ns;         6s 539ms 265μs 324ns;2259.000000;0.000000
435;3baabb;2000;394;10;        53s 274ms 889μs 789ns;2710.188679;                        -23469588331598ns;         4s 777ms 606μs 455ns;2259.000000;0.000000
434;3b879e;2000;573;10;        54s 280ms 902μs 435ns;2858.888889;                        -32998808563445ns;         7s  49ms 510μs 278ns;2259.000000;0.000000
433;3b666b;2000;455;10;        54s 493ms 891μs 238ns;2727.777778;                        -25479990524140ns;         5s 460ms 732μs  49ns;2259.000000;0.000000
432;3b4434;2000;519;10;        55s 572ms  86μs 391ns;2748.000000;                        -27109334941616ns;         6s 352ms 966μs 720ns;2259.000000;0.000000
431;3b2255;2000;497;10;        53s  13ms 936μs 571ns;2826.792453;                        -22999849368680ns;         6s 201ms 443μs 919ns;2259.000000;0.000000
430;3b0112;2000;463;10;        53s 798ms 953μs  35ns;2788.301887;                        -23055079131928ns;         5s 570ms 296μs 845ns;2259.000000;0.000000
429;3ae007;2000;449;10;        53s 252ms 802μs 899ns;2772.452830;                        -22923145637279ns;         5s 604ms 783μs 387ns;2259.000000;0.000000
428;3abddc;2000;509;10;        55s 353ms 681μs 645ns;2737.090909;                        -23897200867933ns;         5s 835ms 304μs 604ns;2259.000000;0.000000
427;3a9b91;2000;519;10;        53s 189ms  93μs 115ns;2851.698113;                        -23292576629217ns;         6s 495ms 180μs 494ns;2259.000000;0.000000
426;3a798c;2000;507;10;        52s 596ms 378μs 550ns;2892.692308;                        -24672650718053ns;         6s 552ms 968μs 824ns;2259.000000;0.000000
425;3a58ec;2000;416;10;        51s 845ms  77μs 480ns;2842.352941;                        -17945257537940ns;         4s 604ms 915μs 757ns;2259.000000;0.000000
424;3a367a;2000;527;10;        54s 786ms  89μs 286ns;2807.777778;                        -24470689054049ns;         6s 342ms 902μs 864ns;2259.000000;0.000000
423;3a1498;2000;487;10;        54s 724ms 918μs 345ns;2763.333333;                        -21785196252591ns;         5s 958ms 624μs 481ns;2259.000000;0.000000
422;39f29f;2000;502;10;        54s 190ms 683μs  94ns;2780.000000;                        -30821709889777ns;         6s 680ms 184μs 496ns;2259.000000;0.000000
421;39d018;2000;528;10;        56s 890ms 288μs 822ns;2708.571429;                        -24198669883377ns;         6s 280ms 907μs  99ns;2259.000000;0.000000
420;39aecd;2000;459;10;        54s 203ms  11μs 999ns;2732.222222;                        -22542157601497ns;         5s 424ms 240μs 462ns;2259.000000;0.000000
