ID;TotalTests;Skipped;Prefix;Approx;BatchCount;Level;Original: Length;Reduced: Length;Total Reduction %: Length;Original: Primary;Reduced: Primary;Total Reduction %: Primary;Original: Secondary;Reduced: Secondary;Total Reduction %: Secondary;Runtime;Average Test Runtime
17d7;97;0;37;96;15;9;152.000000;0.000000;0.000000;512.000000;512.000000;99.805068;0.000000;0.000000;-nan;     1m  6s  22ms  95μs 340ns;                        -52964293890486361ns
17dc;177;0;76;117;14;38;0.000000;0.000000;-nan;1146.000000;1146.000000;112.133072;0.000000;0.000000;-nan;     1m  8s 608ms 110μs 290ns;                        -11555522539923347ns
17e3;292;0;67;161;13;59;0.000000;0.000000;-nan;1007.000000;1007.000000;100.000000;0.000000;0.000000;-nan;     1m  8s 749ms 712μs 245ns;                        -18296723337774831ns
17ef;349;0;125;210;11;67;82.000000;0.000000;0.000000;819.000000;819.000000;103.802281;0.000000;0.000000;-nan;     1m     921ms 402μs 636ns;         4s  43ms 912μs 162ns
17fa;193;0;12;113;9;47;0.000000;0.000000;-nan;774.000000;774.000000;121.889764;0.000000;0.000000;-nan;        53s 759ms 750μs 331ns;                        -4814803689373305ns
1804;30;0;20;16;7;10;0.000000;0.000000;-nan;512.000000;512.000000;103.018109;0.000000;0.000000;-nan;        18s 812ms 216μs 618ns;                        -5777692302964906ns
1810;234;0;374;322;11;124;142.000000;0.000000;0.000000;1143.000000;1143.000000;101.871658;0.000000;0.000000;-nan;        59s 766ms 442μs 816ns;         4s 627ms 702μs 215ns
181f;225;0;90;191;7;89;0.000000;0.000000;-nan;602.000000;602.000000;100.000000;0.000000;0.000000;-nan;        34s 276ms 780μs 871ns;                          0ns
182c;78;0;97;87;11;42;0.000000;0.000000;-nan;783.000000;783.000000;100.000000;0.000000;0.000000;-nan;     1m      62ms 102μs  98ns;                        -6740735400072233ns
1839;29;0;19;16;8;9;142.000000;0.000000;0.000000;512.000000;512.000000;100.000000;0.000000;0.000000;-nan;        35s 205ms 205μs 201ns;                        -7703609182180686ns
182b5e;92;0;111;145;7;45;46.000000;0.000000;0.000000;2218.000000;2218.000000;100.000000;0.000000;0.000000;-nan;        20s 715ms 318μs 105ns;            401ms 407μs 850ns
182b61;127;0;137;178;8;45;47.000000;0.000000;0.000000;2220.000000;2220.000000;100.000000;0.000000;0.000000;-nan;        23s 825ms 589μs 625ns;            809ms 664μs 431ns
182b6e;93;0;120;135;7;45;46.000000;0.000000;0.000000;2217.000000;2217.000000;100.000000;0.000000;0.000000;-nan;        21s 323ms 732μs 136ns;            204ms 679μs 976ns
182b82;93;0;117;138;7;45;46.000000;0.000000;0.000000;2221.000000;2221.000000;100.000000;0.000000;0.000000;-nan;        20s 936ms 532μs 582ns;            459ms 800μs 565ns
182b94;103;0;117;134;7;46;47.000000;0.000000;0.000000;2216.000000;2216.000000;100.000000;0.000000;0.000000;-nan;        22s 744ms 255μs 820ns;         1s 114ms 559μs 678ns
182ba3;93;0;116;139;7;45;46.000000;0.000000;0.000000;2225.000000;2225.000000;100.000000;0.000000;0.000000;-nan;        21s 174ms 674μs 394ns;            202ms 267μs 465ns
182bb4;129;0;140;173;8;45;47.000000;0.000000;0.000000;2222.000000;2222.000000;100.000000;0.000000;0.000000;-nan;        24s 170ms 713μs 624ns;            717ms 175μs 876ns
182bc3;101;0;109;134;7;47;48.000000;0.000000;0.000000;2223.000000;2223.000000;100.000000;0.000000;0.000000;-nan;        24s  22ms 193μs  66ns;            241ms 970μs 776ns
182bd3;93;0;121;140;7;46;47.000000;0.000000;0.000000;2224.000000;2224.000000;100.000000;0.000000;0.000000;-nan;        23s 633ms 916μs 987ns;         1s  80ms 942μs 607ns
182be5;92;0;114;142;7;45;46.000000;0.000000;0.000000;2219.000000;2219.000000;100.000000;0.000000;0.000000;-nan;        21s 532ms 435μs 675ns;            195ms 204μs 611ns
5446;279;0;279;192;19;41;75.000000;0.000000;0.000000;1151.000000;1151.000000;100.000000;0.000000;0.000000;-nan;     3m 49s 431ms 496μs 354ns;        12s 948ms 332μs 433ns
544b;371;0;159;377;10;96;112.000000;0.000000;0.000000;1150.000000;1150.000000;100.261552;0.000000;0.000000;-nan;     2m 22s 991ms 420μs 354ns;         6s 174ms  71μs 263ns
545d;455;0;346;285;18;60;127.000000;0.000000;0.000000;1150.000000;1150.000000;100.524476;0.000000;0.000000;-nan;     3m 43s 572ms 343μs  35ns;        37s 260ms 206μs 594ns
5466;1195;0;227;1064;19;82;95.000000;0.000000;0.000000;1150.000000;1150.000000;100.087032;0.000000;0.000000;-nan;     3m 58s 115ms 857μs 983ns;        35s 683ms 851μs 266ns
5473;195;0;312;191;16;75;149.000000;0.000000;0.000000;1149.000000;1149.000000;100.349345;0.000000;0.000000;-nan;     3m 31s 403ms 279μs 679ns;        32s 291ms 793μs  50ns
547c;452;0;46;338;8;116;117.000000;0.000000;0.000000;1142.000000;1142.000000;100.000000;0.000000;0.000000;-nan;     1m 49s 657ms 987μs 457ns;         1s 459ms 521μs 204ns
5489;377;0;155;314;10;89;94.000000;0.000000;0.000000;1146.000000;1146.000000;100.262467;0.000000;0.000000;-nan;     2m 34s  11ms 165μs 853ns;        34s 281ms 986μs 686ns
5497;991;0;573;606;38;40;151.000000;0.000000;0.000000;1151.000000;1151.000000;100.261324;0.000000;0.000000;-nan;     4m 20s 696ms 660μs 902ns;     1m  4s 686ms 645μs 380ns
54a4;195;0;100;135;13;27;40.000000;0.000000;0.000000;1149.000000;1149.000000;100.261780;0.000000;0.000000;-nan;     3m  9s 695ms 183μs 388ns;         4s 574ms 842μs 902ns
54b1;279;0;164;183;18;34;70.000000;0.000000;0.000000;1148.000000;1148.000000;99.826087;0.000000;0.000000;-nan;     3m 55s 972ms 569μs 509ns;         5s 289ms 454μs 980ns
1859a1;90;0;114;144;7;45;46.000000;0.000000;0.000000;2221.000000;2221.000000;100.000000;0.000000;0.000000;-nan;        18s 789ms 611μs 620ns;            259ms 425μs 220ns
1859a5;89;0;115;144;7;45;46.000000;0.000000;0.000000;2220.000000;2220.000000;100.000000;0.000000;0.000000;-nan;        13s 842ms 354μs 170ns;            289ms 908μs 277ns
1859b2;62;0;100;98;6;46;46.000000;46.000000;100.000000;2222.000000;2222.000000;100.000000;0.000000;0.000000;-nan;        13s   7ms 630μs  84ns;                          0ns
1859cb;89;0;123;142;7;46;47.000000;0.000000;0.000000;2225.000000;2225.000000;100.000000;0.000000;0.000000;-nan;        19s 181ms 701μs 138ns;            682ms 746μs 901ns
1859df;92;0;113;143;7;45;46.000000;0.000000;0.000000;2219.000000;2219.000000;100.000000;0.000000;0.000000;-nan;        18s 575ms 142μs 656ns;            720ms 144μs 114ns
1859ef;92;0;124;132;7;45;46.000000;0.000000;0.000000;2218.000000;2218.000000;100.000000;0.000000;0.000000;-nan;        19s  14ms 289μs 195ns;            270ms 535μs 368ns
185a04;104;0;108;132;7;47;48.000000;0.000000;0.000000;2227.000000;2227.000000;100.000000;0.000000;0.000000;-nan;        19s 559ms 215μs 717ns;            211ms 250μs 314ns
185a16;93;0;116;139;7;45;46.000000;0.000000;0.000000;2220.000000;2220.000000;100.135318;0.000000;0.000000;-nan;        19s 315ms 376μs 643ns;            996ms 328μs 159ns
185a27;88;0;119;141;7;45;46.000000;0.000000;0.000000;2224.000000;2224.000000;100.000000;0.000000;0.000000;-nan;        19s 788ms 917μs 824ns;            215ms  35μs 144ns
185a36;130;0;144;106;9;51;61.000000;0.000000;0.000000;2224.000000;2224.000000;100.044984;0.000000;0.000000;-nan;        22s 225ms 884μs 352ns;         1s 410ms 135μs 951ns
188630;89;0;119;140;7;45;46.000000;0.000000;0.000000;2215.000000;2215.000000;100.000000;0.000000;0.000000;-nan;        19s 995ms 826μs 242ns;            203ms 278μs 846ns
188634;119;0;144;179;8;45;47.000000;0.000000;0.000000;2223.000000;2223.000000;100.045005;0.000000;0.000000;-nan;        22s 345ms 630μs 127ns;         1s 301ms 454μs  31ns
188641;89;0;115;144;7;45;46.000000;0.000000;0.000000;2217.000000;2217.000000;100.000000;0.000000;0.000000;-nan;        19s 854ms 319μs 212ns;            201ms  52μs 726ns
188653;90;0;121;137;7;45;46.000000;0.000000;0.000000;2225.000000;2225.000000;100.000000;0.000000;0.000000;-nan;        20s 130ms 349μs 188ns;            204ms 337μs 805ns
188661;91;0;119;138;7;45;46.000000;0.000000;0.000000;2216.000000;2216.000000;100.000000;0.000000;0.000000;-nan;        20s 330ms 622μs 117ns;            191ms 789μs 915ns
188673;90;3;115;140;7;45;46.000000;0.000000;0.000000;2219.000000;2219.000000;100.000000;0.000000;0.000000;-nan;        17s 491ms 377μs 336ns;            207ms 814μs 596ns
188684;63;8;88;101;6;46;46.000000;46.000000;100.000000;2220.000000;2220.000000;100.000000;0.000000;0.000000;-nan;        13s 710ms 543μs 286ns;                          0ns
18869a;125;0;149;168;8;45;47.000000;0.000000;0.000000;2224.000000;2224.000000;100.000000;0.000000;0.000000;-nan;        22s 534ms  74μs 804ns;         1s 708ms  21μs 823ns
1886a5;95;0;115;138;7;45;46.000000;0.000000;0.000000;2223.000000;2223.000000;100.000000;0.000000;0.000000;-nan;        21s 193ms 512μs 761ns;            449ms 772μs 773ns
1886b8;89;0;120;139;7;45;46.000000;0.000000;0.000000;2221.000000;2221.000000;100.000000;0.000000;0.000000;-nan;        21s 434ms 984μs 208ns;            212ms 831μs 818ns
18b38d;94;0;118;136;7;45;46.000000;0.000000;0.000000;2219.000000;2219.000000;100.000000;0.000000;0.000000;-nan;        19s 356ms 315μs 864ns;            251ms 939μs   9ns
18b391;91;0;122;135;7;45;46.000000;0.000000;0.000000;2218.000000;2218.000000;100.000000;0.000000;0.000000;-nan;        19s 610ms 145μs 726ns;            260ms 183μs 774ns
18b39e;91;23;109;131;7;46;47.000000;0.000000;0.000000;2223.000000;2223.000000;100.000000;0.000000;0.000000;-nan;         4s 119ms 655μs 961ns;            400ms 744μs 301ns
18b3ad;94;0;117;137;7;45;46.000000;0.000000;0.000000;2220.000000;2220.000000;100.000000;0.000000;0.000000;-nan;        20s 555ms 535μs 485ns;            517ms 824μs 345ns
18b3c1;100;0;106;138;7;47;48.000000;0.000000;0.000000;2238.000000;2238.000000;100.000000;0.000000;0.000000;-nan;        21s 672ms 841μs 576ns;            197ms 339μs 611ns
18b3e7;63;0;99;98;6;46;46.000000;46.000000;100.000000;2222.000000;2222.000000;100.000000;0.000000;0.000000;-nan;        16s 694ms 381μs 898ns;                          0ns
18b41c;93;0;116;139;7;45;46.000000;0.000000;0.000000;2221.000000;2221.000000;100.000000;0.000000;0.000000;-nan;        20s 758ms 769μs 928ns;            259ms 358μs 622ns
18b438;125;0;139;178;8;45;47.000000;0.000000;0.000000;2219.000000;2219.000000;100.135379;0.000000;0.000000;-nan;        21s 883ms 497μs  68ns;         1s  76ms 506μs 594ns
18b453;64;0;95;101;6;46;46.000000;46.000000;100.000000;2217.000000;2217.000000;100.000000;0.000000;0.000000;-nan;        17s 514ms 985μs 104ns;                          0ns
18b458;124;0;137;181;8;45;47.000000;0.000000;0.000000;2224.000000;2224.000000;100.000000;0.000000;0.000000;-nan;        22s  30ms 257μs 778ns;            917ms 788μs 419ns
48b5d1;52;0;135;101;10;48;96.000000;0.000000;0.000000;1116.000000;1116.000000;99.642857;0.000000;0.000000;-nan;        36s 649ms 662μs 153ns;         1s 371ms 600μs 413ns
48b5d5;537;0;88;385;13;112;149.000000;0.000000;0.000000;783.000000;783.000000;113.808140;0.000000;0.000000;-nan;     1m 23s 937ms 480μs 255ns;                        -19014550329901368ns
48b5de;298;0;115;269;11;71;0.000000;0.000000;-nan;1136.000000;1136.000000;111.154599;0.000000;0.000000;-nan;        54s 782ms 654μs 634ns;         2s  77ms 905μs  17ns
48b5e9;62;0;271;183;7;98;98.000000;98.000000;100.000000;809.000000;809.000000;100.000000;0.000000;0.000000;-nan;        24s 199ms 386μs 174ns;                          0ns
48b5f3;83;0;297;212;7;114;114.000000;114.000000;100.000000;848.000000;848.000000;100.000000;0.000000;0.000000;-nan;        26s 330ms 261μs 358ns;                          0ns
48b600;183;0;123;174;8;88;100.000000;0.000000;0.000000;934.000000;934.000000;115.880893;0.000000;0.000000;-nan;        38s 529ms 475μs 452ns;                        -2001491655818020ns
48b60b;117;0;52;117;9;31;0.000000;0.000000;-nan;783.000000;783.000000;110.749646;0.000000;0.000000;-nan;        36s 357ms 677μs 160ns;                        -22016664902492269ns
48b614;75;0;32;77;7;25;52.000000;0.000000;0.000000;808.000000;808.000000;99.630086;0.000000;0.000000;-nan;        24s 194ms 547μs 848ns;            461ms 963μs 230ns
48b622;17;0;30;27;4;15;15.000000;15.000000;100.000000;733.000000;733.000000;100.000000;0.000000;0.000000;-nan;         5s 353ms 729μs 741ns;                          0ns
48b62f;325;0;193;246;21;33;167.000000;0.000000;0.000000;783.000000;783.000000;100.000000;0.000000;0.000000;-nan;     1m 28s 845ms  64μs 985ns;                        -116093871567885535ns
bb9d;122;0;71;111;9;32;39.000000;0.000000;0.000000;1149.000000;1149.000000;99.739583;0.000000;0.000000;-nan;        29s 263ms 481μs 273ns;            805ms 437μs 297ns
bba6;180;0;135;125;10;54;82.000000;0.000000;0.000000;1899.000000;1899.000000;100.000000;0.000000;0.000000;-nan;        34s 169ms 458μs 789ns;                        -4817410432008283ns
bbb2;100;0;67;157;7;42;43.000000;0.000000;0.000000;1227.000000;1227.000000;100.000000;0.000000;0.000000;-nan;        23s 613ms 915μs 551ns;            198ms 444μs 209ns
bbbe;255;0;168;125;20;27;72.000000;0.000000;0.000000;1148.000000;1148.000000;99.739357;0.000000;0.000000;-nan;        47s 852ms 182μs 198ns;         9s 593ms 174μs 307ns
bbc7;176;0;141;201;12;56;108.000000;0.000000;0.000000;1230.000000;1230.000000;100.000000;0.000000;0.000000;-nan;        40s 712ms 301μs 322ns;                        -6744436882273408ns
bbd6;108;1;52;149;7;40;41.000000;0.000000;0.000000;1275.000000;1275.000000;100.000000;0.000000;0.000000;-nan;        14s 919ms 929μs 261ns;            259ms 384μs 232ns
bbdf;312;0;182;239;15;53;83.000000;0.000000;0.000000;1899.000000;1899.000000;115.370595;0.000000;0.000000;-nan;        46s 478ms 695μs 378ns;                        -20233463146111608ns
bbfb;106;0;33;113;7;27;29.000000;0.000000;0.000000;1149.000000;1149.000000;100.000000;0.000000;0.000000;-nan;        25s 633ms 760μs 444ns;            555ms 277μs 921ns
bc12;187;8;73;192;9;38;41.000000;0.000000;0.000000;1150.000000;1150.000000;100.000000;0.000000;0.000000;-nan;        26s 422ms 136μs 936ns;         2s 244ms 236μs 728ns
bc16;147;0;93;120;11;28;37.000000;0.000000;0.000000;1145.000000;1145.000000;99.738676;0.000000;0.000000;-nan;        39s 848ms 642μs 324ns;         1s 125ms 465μs 865ns
18e09f;94;0;120;140;7;46;47.000000;0.000000;0.000000;2225.000000;2225.000000;100.270392;0.000000;0.000000;-nan;        21s 584ms 684μs 519ns;            924ms 682μs 756ns
18e0a4;90;8;115;135;7;45;46.000000;0.000000;0.000000;2223.000000;2223.000000;100.000000;0.000000;0.000000;-nan;        16s 530ms 989μs 857ns;            199ms 395μs 289ns
18e0b7;128;0;147;159;8;46;48.000000;0.000000;0.000000;2222.000000;2222.000000;100.000000;0.000000;0.000000;-nan;        23s 380ms 411μs 973ns;         1s 854ms 736μs 350ns
18e0d0;121;8;133;180;8;45;47.000000;0.000000;0.000000;2225.000000;2225.000000;100.044964;0.000000;0.000000;-nan;        21s 953ms 630μs 699ns;         2s  73ms 869μs 609ns
18e0e7;102;0;116;126;7;47;48.000000;0.000000;0.000000;2239.000000;2239.000000;100.000000;0.000000;0.000000;-nan;        23s 259ms 459μs  27ns;            264ms 395μs 663ns
18e101;93;0;122;133;7;45;46.000000;0.000000;0.000000;2220.000000;2220.000000;100.000000;0.000000;0.000000;-nan;        21s 784ms 147μs 789ns;            199ms 839μs 273ns
18e111;90;2;111;145;7;45;46.000000;0.000000;0.000000;2221.000000;2221.000000;100.000000;0.000000;0.000000;-nan;        19s  28ms  40μs 716ns;            241ms 285μs 247ns
18e122;88;0;120;140;7;45;46.000000;0.000000;0.000000;2217.000000;2217.000000;100.000000;0.000000;0.000000;-nan;        22s 909ms  59μs 719ns;            229ms 264μs 187ns
18e13d;96;2;115;135;7;45;46.000000;0.000000;0.000000;2225.000000;2225.000000;100.000000;0.000000;0.000000;-nan;        20s 564ms 438μs 357ns;            195ms 800μs 945ns
18e14d;87;0;117;144;7;45;46.000000;0.000000;0.000000;2218.000000;2218.000000;100.000000;0.000000;0.000000;-nan;        23s  47ms 105μs 203ns;            192ms 501μs 809ns
f140;111;0;64;143;8;41;48.000000;0.000000;0.000000;1149.000000;1149.000000;99.826238;0.000000;0.000000;-nan;        19s 342ms 853μs 144ns;            411ms 637μs 489ns
f144;188;0;84;166;13;46;105.000000;0.000000;0.000000;1147.000000;1147.000000;100.262238;0.000000;0.000000;-nan;        27s 215ms 670μs  27ns;         2s 673ms 776μs  36ns
f152;164;0;76;158;10;39;53.000000;0.000000;0.000000;1150.000000;1150.000000;99.826389;0.000000;0.000000;-nan;        23s 116ms 696μs 505ns;         1s 646ms 449μs 881ns
f15e;98;0;45;109;7;27;29.000000;0.000000;0.000000;1150.000000;1150.000000;100.000000;0.000000;0.000000;-nan;        16s  45ms 391μs 723ns;            526ms 437μs 843ns
f16a;115;0;64;127;10;28;37.000000;0.000000;0.000000;1145.000000;1145.000000;99.912740;0.000000;0.000000;-nan;        21s 966ms 817μs 655ns;         1s 463ms  12μs 991ns
f171;73;0;47;88;6;29;30.000000;0.000000;0.000000;1145.000000;1145.000000;100.000000;0.000000;0.000000;-nan;         9s 559ms 537μs 389ns;            359ms 570μs  69ns
f179;60;0;33;101;6;27;28.000000;0.000000;0.000000;1149.000000;1149.000000;100.000000;0.000000;0.000000;-nan;        12s  70ms 757μs 932ns;            123ms  47μs 825ns
f190;117;0;70;97;10;27;42.000000;0.000000;0.000000;1143.000000;1143.000000;100.000000;0.000000;0.000000;-nan;        23s 566ms 242μs 853ns;         1s 177ms 366μs 551ns
f1a4;89;0;36;127;7;27;29.000000;0.000000;0.000000;1149.000000;1149.000000;100.174368;0.000000;0.000000;-nan;        17s 974ms  85μs  72ns;            466ms 196μs 924ns
f1b3;76;0;26;78;7;27;32.000000;0.000000;0.000000;1148.000000;1148.000000;100.000000;0.000000;0.000000;-nan;        15s  60ms 694μs 370ns;            253ms 694μs 262ns
190eba;95;0;118;135;7;45;46.000000;0.000000;0.000000;2223.000000;2223.000000;100.000000;0.000000;0.000000;-nan;        20s 120ms 283μs  32ns;            332ms  57μs 712ns
190ebd;111;0;113;140;7;50;51.000000;0.000000;0.000000;2230.000000;2230.000000;100.179695;0.000000;0.000000;-nan;        22s 558ms 409μs 404ns;         1s 654ms 138μs 480ns
190eca;90;0;118;140;7;45;46.000000;0.000000;0.000000;2214.000000;2214.000000;100.000000;0.000000;0.000000;-nan;        21s 342ms 689μs 330ns;            200ms 891μs 563ns
190ed6;95;0;116;137;7;45;46.000000;0.000000;0.000000;2224.000000;2224.000000;100.000000;0.000000;0.000000;-nan;        21s 164ms 118μs 381ns;            202ms 556μs 392ns
190ee5;126;0;133;183;8;45;47.000000;0.000000;0.000000;2220.000000;2220.000000;100.000000;0.000000;0.000000;-nan;        22s 815ms 319μs 209ns;            805ms 768μs 227ns
190ef7;74;0;113;99;7;45;47.000000;0.000000;0.000000;2218.000000;2218.000000;100.135440;0.000000;0.000000;-nan;        21s 498ms  28μs  62ns;            203ms 823μs 205ns
190f08;102;0;110;132;7;47;48.000000;0.000000;0.000000;2221.000000;2221.000000;100.000000;0.000000;0.000000;-nan;        23s  83ms 444μs 960ns;         1s 325ms 278μs 982ns
190f1a;93;8;113;140;7;46;47.000000;0.000000;0.000000;2219.000000;2219.000000;100.000000;0.000000;0.000000;-nan;        18s 397ms 707μs  34ns;            730ms 471μs 899ns
190f22;87;0;123;138;7;45;46.000000;0.000000;0.000000;2218.000000;2218.000000;100.000000;0.000000;0.000000;-nan;        22s 301ms 563μs 186ns;            333ms 594μs 296ns
190f34;126;0;136;180;8;45;47.000000;0.000000;0.000000;2218.000000;2218.000000;100.090253;0.000000;0.000000;-nan;        23s 283ms 245μs 258ns;         1s  77ms 460μs 742ns
11cb7;161;0;71;204;7;61;62.000000;0.000000;0.000000;1152.000000;1152.000000;100.000000;0.000000;0.000000;-nan;        21s  24ms 481μs 473ns;            612ms 774μs 509ns
11cbd;87;0;16;81;6;30;31.000000;0.000000;0.000000;1212.000000;1212.000000;100.000000;0.000000;0.000000;-nan;        14s 179ms 678μs 699ns;            142ms 739μs 638ns
11ccb;62;0;32;100;6;27;28.000000;0.000000;0.000000;1151.000000;1151.000000;100.000000;0.000000;0.000000;-nan;        14s 630ms 177μs 144ns;            124ms 337μs 396ns
11cd4;135;0;42;145;10;28;42.000000;0.000000;0.000000;1148.000000;1148.000000;100.087184;0.000000;0.000000;-nan;        28s 906ms 116μs 148ns;            757ms 594μs 216ns
11ce0;102;0;65;105;8;30;33.000000;0.000000;0.000000;1151.000000;1151.000000;100.174064;0.000000;0.000000;-nan;        20s 985ms 760μs 775ns;            539ms 506μs 810ns
11ce8;72;0;40;88;6;28;29.000000;0.000000;0.000000;1150.000000;1150.000000;100.000000;0.000000;0.000000;-nan;        17s 294ms 291μs 409ns;            358ms 700μs  76ns
11cf3;281;0;117;258;13;61;133.000000;0.000000;0.000000;1145.000000;1145.000000;99.738676;0.000000;0.000000;-nan;        37s 871ms 292μs 224ns;         2s 934ms 483μs 538ns
11d06;204;0;67;189;10;39;70.000000;0.000000;0.000000;1146.000000;1146.000000;100.174825;0.000000;0.000000;-nan;        29s  93ms 475μs 198ns;         1s 527ms 686μs 899ns
11d15;97;0;45;124;8;35;53.000000;0.000000;0.000000;1146.000000;1146.000000;100.087336;0.000000;0.000000;-nan;        24s 567ms 905μs 411ns;            372ms 489μs 266ns
11d22;169;0;123;98;12;30;42.000000;0.000000;0.000000;1149.000000;1149.000000;100.261780;0.000000;0.000000;-nan;        34s 728ms 772μs 766ns;         2s 727ms 774μs 172ns
3120d3;1950;0;576;1448;40;84;156.000000;0.000000;0.000000;1150.000000;1150.000000;102.495544;0.000000;0.000000;-nan;     7m 26s 937ms 748μs 225ns;     5m 20s 299ms 535μs 683ns
3120da;520;0;165;491;12;96;116.000000;0.000000;0.000000;1148.000000;1148.000000;101.863354;0.000000;0.000000;-nan;     2m 56s 409ms 147μs 323ns;        11s 836ms 624μs 581ns
3120e1;194;0;114;132;18;25;0.000000;0.000000;-nan;783.000000;783.000000;103.984064;0.000000;0.000000;-nan;     3m 50s 524ms 253μs 724ns;                        -36861164937626275ns
3120ee;74;0;268;186;8;94;100.000000;0.000000;0.000000;938.000000;938.000000;110.352941;0.000000;0.000000;-nan;        44s 254ms 387μs 603ns;                        -1992289520342093ns
3120fc;141;0;150;107;15;35;0.000000;0.000000;-nan;783.000000;783.000000;105.668016;0.000000;0.000000;-nan;     3m 22s 693ms 711μs 677ns;                        -39847636600061161ns
31210a;2042;0;672;1324;41;80;158.000000;0.000000;0.000000;1022.000000;1022.000000;100.000000;0.000000;0.000000;-nan;     7m 33s 580ms 908μs 828ns;                        -717402803041181858ns
312117;1229;0;596;669;37;59;0.000000;0.000000;-nan;1151.000000;1151.000000;114.299901;0.000000;0.000000;-nan;     7m 13s 679ms 235μs 583ns;                        -1992231166590239ns
312121;561;0;85;394;10;129;148.000000;0.000000;0.000000;867.000000;867.000000;110.165184;0.000000;0.000000;-nan;     2m 36s 118ms 117μs 177ns;                        -9961740499839775ns
31212e;142;0;53;123;10;28;38.000000;0.000000;0.000000;783.000000;783.000000;119.359756;0.000000;0.000000;-nan;     1m 37s 493ms 134μs 640ns;                        -3984710306680386ns
31213a;28;0;45;41;8;18;145.000000;0.000000;0.000000;783.000000;783.000000;100.000000;0.000000;0.000000;-nan;     1m  9s 700ms 836μs 918ns;                        -4980685378123578ns
193c73;97;0;119;138;7;46;47.000000;0.000000;0.000000;2224.000000;2224.000000;100.000000;0.000000;0.000000;-nan;        21s 594ms 607μs 571ns;            409ms 612μs 164ns
193c77;93;0;120;140;7;46;47.000000;0.000000;0.000000;2225.000000;2225.000000;100.000000;0.000000;0.000000;-nan;        23s 281ms 713μs  59ns;            498ms 452μs 817ns
193c84;90;0;121;137;7;45;46.000000;0.000000;0.000000;2222.000000;2222.000000;100.000000;0.000000;0.000000;-nan;        21s 298ms 648μs  54ns;            206ms 264μs  90ns
193c95;92;0;115;141;7;45;46.000000;0.000000;0.000000;2220.000000;2220.000000;100.000000;0.000000;0.000000;-nan;        22s 672ms 162μs 593ns;            274ms  93μs 295ns
193ca4;135;0;131;176;8;47;49.000000;0.000000;0.000000;2234.000000;2234.000000;100.000000;0.000000;0.000000;-nan;        30s  64ms 154μs 257ns;            714ms 414μs 436ns
193cb3;88;0;119;141;7;45;46.000000;0.000000;0.000000;2216.000000;2216.000000;100.000000;0.000000;0.000000;-nan;        23s  91ms 954μs  66ns;            254ms 559μs 150ns
193cbd;95;0;119;140;7;46;47.000000;0.000000;0.000000;2224.000000;2224.000000;100.270514;0.000000;0.000000;-nan;        22s 940ms 508μs 582ns;            864ms 417μs  34ns
193ccb;126;3;135;178;8;45;47.000000;0.000000;0.000000;2221.000000;2221.000000;100.000000;0.000000;0.000000;-nan;        23s 506ms 492μs  98ns;         1s 153ms 237μs 855ns
193cdf;90;2;112;144;7;45;46.000000;0.000000;0.000000;2223.000000;2223.000000;100.000000;0.000000;0.000000;-nan;        19s 657ms 571μs 524ns;            307ms 411μs 225ns
193cf3;472;0;222;458;11;95;101.000000;0.000000;0.000000;2225.000000;2225.000000;100.360848;0.000000;0.000000;-nan;        47s 127ms 352μs 370ns;        18s 263ms  96μs 796ns
14c4c;154;0;98;108;10;36;44.000000;0.000000;0.000000;1150.000000;1150.000000;99.826389;0.000000;0.000000;-nan;        26s  63ms  28μs 249ns;         3s  67ms 765μs 705ns
14c52;96;0;55;113;9;27;34.000000;0.000000;0.000000;1151.000000;1151.000000;100.348736;0.000000;0.000000;-nan;        21s 469ms 947μs 877ns;            358ms 610μs 677ns
14c5e;147;0;78;113;11;28;39.000000;0.000000;0.000000;1149.000000;1149.000000;99.913043;0.000000;0.000000;-nan;        28s 446ms 752μs  79ns;         1s 186ms 769μs 374ns
14c68;96;0;43;113;7;27;29.000000;0.000000;0.000000;1151.000000;1151.000000;100.000000;0.000000;0.000000;-nan;        18s 218ms 904μs 279ns;            540ms 294μs 996ns
14c73;153;0;74;129;13;29;89.000000;0.000000;0.000000;1145.000000;1145.000000;100.000000;0.000000;0.000000;-nan;        30s 346ms 700μs 104ns;         1s 971ms 213μs 892ns
14c7f;160;0;111;107;12;28;41.000000;0.000000;0.000000;1146.000000;1146.000000;100.000000;0.000000;0.000000;-nan;        28s 460ms 831μs 526ns;         2s 181ms 851μs  11ns
14c8a;94;0;35;107;7;25;27.000000;0.000000;0.000000;1145.000000;1145.000000;100.087413;0.000000;0.000000;-nan;        18s 296ms  34μs 109ns;            451ms 967μs 882ns
14c97;436;0;227;279;30;28;137.000000;0.000000;0.000000;1146.000000;1146.000000;99.825784;0.000000;0.000000;-nan;        47s 841ms 506μs 659ns;        22s 429ms  24μs 420ns
14ca9;254;0;115;199;15;47;105.000000;0.000000;0.000000;1150.000000;1150.000000;100.087032;0.000000;0.000000;-nan;        38s 105ms 507μs 617ns;         8s 536ms 289μs  32ns
14cb6;146;0;74;112;14;32;101.000000;0.000000;0.000000;1144.000000;1144.000000;100.087489;0.000000;0.000000;-nan;        36s  69ms 521μs  86ns;         3s 151ms 117μs 356ns
1970cc;94;0;111;143;7;45;46.000000;0.000000;0.000000;2218.000000;2218.000000;100.000000;0.000000;0.000000;-nan;        20s 470ms  88μs 655ns;            261ms 692μs 929ns
1970d0;97;0;117;140;7;46;47.000000;0.000000;0.000000;2225.000000;2225.000000;100.000000;0.000000;0.000000;-nan;        21s 309ms 113μs 973ns;            661ms 765μs 452ns
1970e0;92;0;122;134;7;45;46.000000;0.000000;0.000000;2214.000000;2214.000000;100.000000;0.000000;0.000000;-nan;        20s 630ms  81μs 420ns;            202ms 936μs 458ns
1970f1;92;0;118;138;7;45;46.000000;0.000000;0.000000;2222.000000;2222.000000;100.000000;0.000000;0.000000;-nan;        21s 109ms 488μs 122ns;            673ms  75μs 245ns
197100;92;0;116;140;7;45;46.000000;0.000000;0.000000;2216.000000;2216.000000;100.000000;0.000000;0.000000;-nan;        20s 803ms 720μs 515ns;            207ms 361μs 337ns
197110;91;0;120;137;7;45;46.000000;0.000000;0.000000;2212.000000;2212.000000;100.000000;0.000000;0.000000;-nan;        20s 960ms  55μs 202ns;            199ms 553μs 682ns
197121;88;0;118;142;7;45;46.000000;0.000000;0.000000;2224.000000;2224.000000;100.000000;0.000000;0.000000;-nan;        21s 442ms 578μs 399ns;            194ms  30μs 799ns
19712f;92;0;118;138;7;45;46.000000;0.000000;0.000000;2219.000000;2219.000000;100.000000;0.000000;0.000000;-nan;        21s 637ms  80μs 657ns;            201ms 581μs 283ns
19713c;92;0;118;138;7;45;46.000000;0.000000;0.000000;2223.000000;2223.000000;100.000000;0.000000;0.000000;-nan;        21s 777ms 891μs 444ns;            199ms 980μs  30ns
19714b;124;0;140;178;8;45;47.000000;0.000000;0.000000;2224.000000;2224.000000;100.135074;0.000000;0.000000;-nan;        22s 794ms 681μs 754ns;         1s 505ms 664μs 885ns
18151;228;0;136;162;18;38;99.000000;0.000000;0.000000;1148.000000;1148.000000;99.826087;0.000000;0.000000;-nan;        44s 757ms 988μs 681ns;        15s 367ms 237μs 992ns
18158;278;0;98;226;22;31;147.000000;0.000000;0.000000;1150.000000;1150.000000;100.524476;0.000000;0.000000;-nan;        48s 402ms 592μs 823ns;         6s 914ms 930μs 397ns
18167;71;0;30;107;6;29;30.000000;0.000000;0.000000;1171.000000;1171.000000;100.000000;0.000000;0.000000;-nan;        13s 947ms 673μs 220ns;            180ms 504μs 934ns
18174;179;0;81;148;14;41;96.000000;0.000000;0.000000;1147.000000;1147.000000;99.825936;0.000000;0.000000;-nan;        38s 251ms  91μs 923ns;         5s 592ms 764μs 873ns
1817a;141;0;27;108;9;24;30.000000;0.000000;0.000000;1146.000000;1146.000000;99.912816;0.000000;0.000000;-nan;        24s 911ms 392μs 315ns;            799ms 611μs 484ns
18188;184;0;87;165;13;28;41.000000;0.000000;0.000000;1151.000000;1151.000000;100.000000;0.000000;0.000000;-nan;        35s 881ms 315μs 266ns;         3s 292ms 919μs  28ns
1818f;56;0;24;100;6;25;26.000000;0.000000;0.000000;1143.000000;1143.000000;100.000000;0.000000;0.000000;-nan;        14s 473ms 603μs 470ns;            116ms 313μs 443ns
1819a;141;0;63;166;8;49;61.000000;0.000000;0.000000;1143.000000;1143.000000;99.738220;0.000000;0.000000;-nan;        24s  56ms 942μs 181ns;            545ms 424μs 648ns
181a4;84;1;31;58;7;28;32.000000;0.000000;0.000000;1145.000000;1145.000000;100.000000;0.000000;0.000000;-nan;        13s 825ms 399μs 786ns;            368ms 893μs 746ns
181ae;397;0;236;227;19;44;83.000000;0.000000;0.000000;1148.000000;1148.000000;100.000000;0.000000;0.000000;-nan;        46s 929ms 655μs  71ns;        19s 389ms 213μs 697ns
199e4f;124;0;141;177;8;45;47.000000;0.000000;0.000000;2222.000000;2222.000000;100.000000;0.000000;0.000000;-nan;        22s 259ms 214μs 581ns;            824ms 954μs 617ns
199e54;91;0;123;134;7;45;46.000000;0.000000;0.000000;2218.000000;2218.000000;100.000000;0.000000;0.000000;-nan;        19s 948ms 324μs 480ns;            431ms  47μs 561ns
199e61;91;0;122;135;7;45;46.000000;0.000000;0.000000;2219.000000;2219.000000;100.000000;0.000000;0.000000;-nan;        21s  26ms 729μs 230ns;            257ms 306μs 327ns
199e71;127;0;138;177;8;45;47.000000;0.000000;0.000000;2225.000000;2225.000000;100.000000;0.000000;0.000000;-nan;        22s 468ms 921μs 685ns;            676ms 350μs 682ns
199e80;94;0;116;138;7;45;46.000000;0.000000;0.000000;2217.000000;2217.000000;100.000000;0.000000;0.000000;-nan;        20s 855ms 362μs 269ns;            340ms 133μs 196ns
199e8e;68;0;95;101;6;47;47.000000;47.000000;100.000000;2212.000000;2212.000000;100.000000;0.000000;0.000000;-nan;        15s 711ms 678μs 377ns;                          0ns
199e9c;96;0;114;138;7;45;46.000000;0.000000;0.000000;2221.000000;2221.000000;100.000000;0.000000;0.000000;-nan;        19s 734ms 678μs 419ns;            279ms 143μs 840ns
199ea8;92;1;116;139;7;45;46.000000;0.000000;0.000000;2223.000000;2223.000000;100.000000;0.000000;0.000000;-nan;        18s 858ms 776μs 199ns;            206ms 533μs 815ns
199eb7;92;0;116;140;7;45;46.000000;0.000000;0.000000;2216.000000;2216.000000;100.000000;0.000000;0.000000;-nan;        21s 905ms 583μs 680ns;            199ms 686μs 286ns
199ec8;87;0;120;141;7;45;46.000000;0.000000;0.000000;2220.000000;2220.000000;100.000000;0.000000;0.000000;-nan;        22s 165ms 846μs  78ns;            209ms 130μs  57ns
1b676;108;0;57;107;7;49;55.000000;0.000000;0.000000;1230.000000;1230.000000;105.128205;0.000000;0.000000;-nan;        19s 703ms 896μs 621ns;                        -964072341941930ns
1b67d;107;0;69;118;6;57;57.000000;57.000000;100.000000;1152.000000;1152.000000;100.000000;0.000000;0.000000;-nan;        16s 311ms 382μs 457ns;                          0ns
1b68a;134;0;75;143;10;31;70.000000;0.000000;0.000000;1230.000000;1230.000000;100.000000;0.000000;0.000000;-nan;        30s  69ms 150μs 657ns;                        -8676752113529333ns
1b695;122;0;21;99;7;29;31.000000;0.000000;0.000000;1171.000000;1171.000000;100.000000;0.000000;0.000000;-nan;        20s 162ms  14μs 802ns;            413ms 430μs 724ns
1b6a4;147;0;65;154;8;48;55.000000;0.000000;0.000000;1150.000000;1150.000000;100.000000;0.000000;0.000000;-nan;        24s 643ms 914μs 400ns;            993ms 553μs 768ns
1b6ac;555;0;230;381;25;37;77.000000;0.000000;0.000000;1146.000000;1146.000000;99.912816;0.000000;0.000000;-nan;        46s 458ms 735μs 605ns;        44s 111ms 579μs 490ns
1b6b8;181;0;100;153;12;32;43.000000;0.000000;0.000000;1151.000000;1151.000000;100.000000;0.000000;0.000000;-nan;        35s 491ms 814μs 698ns;         3s 463ms 619μs 407ns
1b6c5;231;0;67;236;13;36;54.000000;0.000000;0.000000;1150.000000;1150.000000;100.087032;0.000000;0.000000;-nan;        37s  64ms 141μs 997ns;         7s 110ms 470μs  41ns
1b6d3;99;0;48;129;9;33;49.000000;0.000000;0.000000;1149.000000;1149.000000;100.261780;0.000000;0.000000;-nan;        28s 963ms 112μs  23ns;            448ms 503μs 485ns
1b6e2;56;0;24;100;6;25;26.000000;0.000000;0.000000;1148.000000;1148.000000;100.000000;0.000000;0.000000;-nan;        17s 919ms 356μs 152ns;            101ms 449μs 498ns
19cbd0;62;0;99;99;6;46;46.000000;46.000000;100.000000;2224.000000;2224.000000;100.000000;0.000000;0.000000;-nan;        16s 545ms 453μs 856ns;                          0ns
19cbd3;92;0;120;136;7;45;46.000000;0.000000;0.000000;2221.000000;2221.000000;100.000000;0.000000;0.000000;-nan;        20s 420ms 585μs 576ns;            201ms 605μs 917ns
19cbe0;101;0;118;125;7;47;48.000000;0.000000;0.000000;2228.000000;2228.000000;100.000000;0.000000;0.000000;-nan;        20s 905ms  59μs 925ns;            704ms 112μs 181ns
19cbf2;91;0;118;139;7;45;46.000000;0.000000;0.000000;2217.000000;2217.000000;100.000000;0.000000;0.000000;-nan;        19s 308ms 933μs 364ns;            193ms 338μs 451ns
19cc00;91;0;114;143;7;45;46.000000;0.000000;0.000000;2223.000000;2223.000000;100.000000;0.000000;0.000000;-nan;        19s 469ms 658μs 228ns;            496ms  60μs 505ns
19cc11;98;0;116;140;7;46;47.000000;0.000000;0.000000;2223.000000;2223.000000;100.135135;0.000000;0.000000;-nan;        19s 160ms 138μs 209ns;            887ms 755μs 622ns
19cc20;90;0;122;136;7;45;46.000000;0.000000;0.000000;2216.000000;2216.000000;100.000000;0.000000;0.000000;-nan;        20s 542ms 244μs 371ns;            407ms 677μs 191ns
19cc30;90;0;117;141;7;45;46.000000;0.000000;0.000000;2218.000000;2218.000000;100.000000;0.000000;0.000000;-nan;        20s 694ms 602μs  62ns;            267ms 394μs 221ns
19cc3b;99;0;110;135;7;47;48.000000;0.000000;0.000000;2242.000000;2242.000000;100.000000;0.000000;0.000000;-nan;        21s 170ms 527μs 688ns;            223ms 223μs 814ns
19cc4e;87;2;118;141;7;45;46.000000;0.000000;0.000000;2219.000000;2219.000000;100.000000;0.000000;0.000000;-nan;        18s  77ms 357μs 738ns;            254ms 119μs  72ns
1ebc3;181;0;81;162;16;25;74.000000;0.000000;0.000000;1148.000000;1148.000000;100.525394;0.000000;0.000000;-nan;        39s 980ms 327μs 125ns;         2s 266ms 911μs 635ns
1ebc8;67;0;31;90;6;26;27.000000;0.000000;0.000000;1151.000000;1151.000000;100.000000;0.000000;0.000000;-nan;        12s  47ms 623μs 518ns;            208ms 850μs 605ns
1ebd7;158;0;65;109;15;26;83.000000;0.000000;0.000000;1148.000000;1148.000000;99.912968;0.000000;0.000000;-nan;        39s 511ms 457μs 391ns;         2s 199ms 871μs 184ns
1ebe1;154;0;81;137;8;44;47.000000;0.000000;0.000000;1148.000000;1148.000000;100.262009;0.000000;0.000000;-nan;        25s 716ms 236μs 118ns;         2s 824ms 494μs 785ns
1ebed;138;0;44;140;12;27;55.000000;0.000000;0.000000;1147.000000;1147.000000;100.262238;0.000000;0.000000;-nan;        37s 864ms 222μs 649ns;         1s 274ms 151μs 907ns
1ebfc;312;0;56;324;10;47;58.000000;0.000000;0.000000;1151.000000;1151.000000;100.348736;0.000000;0.000000;-nan;        35s 849ms 310μs 597ns;        13s 261ms  35μs 457ns
1ec09;182;0;199;167;11;63;91.000000;0.000000;0.000000;1146.000000;1146.000000;100.262467;0.000000;0.000000;-nan;        37s 215ms 741μs 637ns;        10s 933ms 459μs 274ns
1ec12;178;2;88;162;13;38;89.000000;0.000000;0.000000;1151.000000;1151.000000;100.436300;0.000000;0.000000;-nan;        37s 834ms 994μs 677ns;         3s 917ms 818μs 444ns
1ec21;101;0;48;117;10;25;36.000000;0.000000;0.000000;1148.000000;1148.000000;100.000000;0.000000;0.000000;-nan;        35s 899ms 497μs 160ns;         1s 329ms 488μs 930ns
1ec2c;106;0;36;130;10;26;37.000000;0.000000;0.000000;1148.000000;1148.000000;99.826087;0.000000;0.000000;-nan;        35s 962ms 190μs 583ns;            479ms 326μs  93ns
19f7e7;94;0;117;137;7;45;46.000000;0.000000;0.000000;2216.000000;2216.000000;100.000000;0.000000;0.000000;-nan;        20s 560ms 338μs 813ns;            198ms 117μs 541ns
19f7ec;95;0;115;138;7;45;46.000000;0.000000;0.000000;2217.000000;2217.000000;100.000000;0.000000;0.000000;-nan;        20s 289ms 113μs 776ns;            206ms 624μs 532ns
19f7f9;122;0;137;183;8;45;47.000000;0.000000;0.000000;2225.000000;2225.000000;100.135014;0.000000;0.000000;-nan;        23s 904ms 342μs 998ns;         1s 606ms 619μs 461ns
19f808;90;0;123;135;7;45;46.000000;0.000000;0.000000;2218.000000;2218.000000;100.000000;0.000000;0.000000;-nan;        23s 325ms 400μs 942ns;            196ms  27μs 370ns
19f818;91;0;118;139;7;45;46.000000;0.000000;0.000000;2221.000000;2221.000000;100.000000;0.000000;0.000000;-nan;        20s 725ms 841μs 137ns;            193ms 931μs 441ns
19f825;87;0;120;141;7;45;46.000000;0.000000;0.000000;2223.000000;2223.000000;100.000000;0.000000;0.000000;-nan;        20s 890ms  52μs 588ns;            196ms 612μs 239ns
19f834;90;0;115;143;7;45;46.000000;0.000000;0.000000;2225.000000;2225.000000;100.000000;0.000000;0.000000;-nan;        23s 541ms  86μs 561ns;            202ms  34μs 167ns
19f846;127;0;148;167;8;45;47.000000;0.000000;0.000000;2221.000000;2221.000000;100.090131;0.000000;0.000000;-nan;        24s  48ms 905μs 821ns;            788ms 597μs 843ns
19f854;124;0;146;172;8;45;47.000000;0.000000;0.000000;2224.000000;2224.000000;100.000000;0.000000;0.000000;-nan;        24s 197ms 947μs 663ns;         1s 289ms 886μs 439ns
19f864;90;0;116;142;7;45;46.000000;0.000000;0.000000;2220.000000;2220.000000;100.000000;0.000000;0.000000;-nan;        23s 725ms 744μs 792ns;            340ms 550μs 851ns
21ece;307;0;199;200;11;77;94.000000;0.000000;0.000000;1332.000000;1332.000000;108.292683;0.000000;0.000000;-nan;        43s 411ms 808μs 471ns;                        -16393642857392676ns
21ed5;257;0;168;161;18;33;67.000000;0.000000;0.000000;1230.000000;1230.000000;100.244499;0.000000;0.000000;-nan;        54s 511ms 143μs 331ns;                        -11572190644617429ns
21ee4;102;0;36;114;7;27;29.000000;0.000000;0.000000;1257.000000;1257.000000;105.897220;0.000000;0.000000;-nan;        14s 824ms 700μs 173ns;                        -2892959299515819ns
21ef1;560;0;243;401;24;41;78.000000;0.000000;0.000000;1151.000000;1151.000000;99.913194;0.000000;0.000000;-nan;     1m  1s  27ms 216μs 388ns;        43s 717ms 312μs 437ns
21f06;375;0;163;212;26;31;128.000000;0.000000;0.000000;1148.000000;1148.000000;100.087184;0.000000;0.000000;-nan;     1m  3s  65ms 443μs 853ns;        13s 930ms 691μs 185ns
21f12;109;0;23;76;7;28;31.000000;0.000000;0.000000;1148.000000;1148.000000;99.739357;0.000000;0.000000;-nan;        21s 849ms  74μs 801ns;            583ms 836μs 108ns
21f1d;144;0;20;116;8;26;30.000000;0.000000;0.000000;1147.000000;1147.000000;99.912892;0.000000;0.000000;-nan;        30s 276ms 837μs 126ns;         1s 755ms 693μs 122ns
21f2c;98;0;32;106;7;25;27.000000;0.000000;0.000000;1146.000000;1146.000000;100.000000;0.000000;0.000000;-nan;        24s 715ms 627μs 747ns;            430ms  73μs 759ns
21f37;86;0;35;115;7;25;27.000000;0.000000;0.000000;1148.000000;1148.000000;99.912968;0.000000;0.000000;-nan;        22s 795ms 532μs 104ns;            883ms 245μs 917ns
21f41;190;0;80;170;11;35;50.000000;0.000000;0.000000;1148.000000;1148.000000;99.826087;0.000000;0.000000;-nan;        44s 267ms 998μs 680ns;         1s 317ms 668μs 452ns
1a267a;92;0;123;132;7;45;46.000000;0.000000;0.000000;2222.000000;2222.000000;100.000000;0.000000;0.000000;-nan;        19s 380ms       244ns;            223ms 764μs 925ns
1a267e;90;0;115;143;7;45;46.000000;0.000000;0.000000;2220.000000;2220.000000;100.000000;0.000000;0.000000;-nan;        18s 559ms 611μs 997ns;            473ms 308μs 549ns
1a268c;89;2;118;145;7;46;47.000000;0.000000;0.000000;2224.000000;2224.000000;100.000000;0.000000;0.000000;-nan;        15s 871ms 127μs 229ns;            399ms 428μs 407ns
1a2699;94;0;120;134;7;45;46.000000;0.000000;0.000000;2225.000000;2225.000000;100.000000;0.000000;0.000000;-nan;        18s 399ms 737μs 129ns;            194ms 374μs 535ns
1a26b6;100;0;116;128;7;47;48.000000;0.000000;0.000000;2230.000000;2230.000000;100.000000;0.000000;0.000000;-nan;        22s 694ms 219μs 708ns;            326ms 809μs 290ns
1a26bf;127;0;140;175;8;45;47.000000;0.000000;0.000000;2219.000000;2219.000000;100.000000;0.000000;0.000000;-nan;        22s 455ms 982μs  29ns;         1s 350ms 490μs 281ns
1a26cf;126;0;147;169;8;45;47.000000;0.000000;0.000000;2224.000000;2224.000000;100.135074;0.000000;0.000000;-nan;        23s 737ms 149μs 605ns;         1s 115ms 591μs 238ns
1a26e3;88;0;123;137;7;45;46.000000;0.000000;0.000000;2223.000000;2223.000000;100.000000;0.000000;0.000000;-nan;        22s 224ms 344μs 742ns;            234ms 364μs 932ns
1a26fa;173;0;152;217;9;47;50.000000;0.000000;0.000000;2242.000000;2242.000000;101.127650;0.000000;0.000000;-nan;        24s 911ms 335μs 694ns;         3s  82ms 962μs 630ns
1a270b;71;0;121;94;7;45;47.000000;0.000000;0.000000;2219.000000;2219.000000;100.045086;0.000000;0.000000;-nan;        22s  74ms  99μs 972ns;            341ms 882μs 812ns
1a55cd;90;0;125;133;7;45;46.000000;0.000000;0.000000;2223.000000;2223.000000;100.000000;0.000000;0.000000;-nan;        20s 800ms 535μs 403ns;            202ms 422μs 329ns
1a55d2;125;0;139;178;8;45;47.000000;0.000000;0.000000;2219.000000;2219.000000;100.000000;0.000000;0.000000;-nan;        24s 575ms 177μs 715ns;         1s 165ms  37μs 246ns
1a55df;89;0;125;134;7;45;46.000000;0.000000;0.000000;2221.000000;2221.000000;100.000000;0.000000;0.000000;-nan;        22s 869ms 858μs 409ns;            319ms 684μs 608ns
1a55f0;90;0;125;133;7;45;46.000000;0.000000;0.000000;2215.000000;2215.000000;100.000000;0.000000;0.000000;-nan;        21s 870ms 638μs 511ns;            410ms 908μs  78ns
1a55ff;127;0;132;183;8;45;47.000000;0.000000;0.000000;2221.000000;2221.000000;100.180424;0.000000;0.000000;-nan;        24s 176ms 901μs 608ns;         1s 316ms 183μs 397ns
1a560e;94;0;120;140;7;46;47.000000;0.000000;0.000000;2220.000000;2220.000000;100.000000;0.000000;0.000000;-nan;        22s 974ms   5μs 411ns;            398ms 904μs 130ns
1a561f;106;0;121;137;7;50;51.000000;0.000000;0.000000;2216.000000;2216.000000;100.000000;0.000000;0.000000;-nan;        24s 461ms 539μs 192ns;            447ms  29μs 596ns
1a562e;123;0;145;174;8;45;47.000000;0.000000;0.000000;2218.000000;2218.000000;100.000000;0.000000;0.000000;-nan;        24s 755ms 729μs 900ns;            941ms 342μs 206ns
1a5637;93;2;116;137;7;45;46.000000;0.000000;0.000000;2225.000000;2225.000000;100.000000;0.000000;0.000000;-nan;        19s 994ms 572μs 154ns;            303ms 555μs  48ns
1a5646;96;0;118;134;7;45;46.000000;0.000000;0.000000;2224.000000;2224.000000;100.000000;0.000000;0.000000;-nan;        23s 927ms 761μs 658ns;            203ms 936μs 821ns
25b21;86;0;67;79;9;33;51.000000;0.000000;0.000000;1230.000000;1230.000000;100.000000;0.000000;0.000000;-nan;        26s  39ms 805μs 451ns;                        -3857844221868349ns
25b26;146;0;85;135;8;48;55.000000;0.000000;0.000000;1148.000000;1148.000000;99.739357;0.000000;0.000000;-nan;        25s  63ms 547μs 629ns;         1s 155ms 745μs 987ns
25b35;82;0;45;113;8;28;33.000000;0.000000;0.000000;1148.000000;1148.000000;100.262009;0.000000;0.000000;-nan;        21s  31ms 260μs 593ns;            535ms 756μs 984ns
25b40;177;0;113;154;14;25;40.000000;0.000000;0.000000;1148.000000;1148.000000;99.826087;0.000000;0.000000;-nan;        38s 523ms 621μs 342ns;         3s 897ms 396μs 974ns
25b4f;260;0;123;170;17;34;84.000000;0.000000;0.000000;1146.000000;1146.000000;99.912816;0.000000;0.000000;-nan;        42s 408ms 117μs 197ns;         5s 340ms  22μs 186ns
25b60;42;0;23;103;6;23;24.000000;0.000000;0.000000;1146.000000;1146.000000;100.000000;0.000000;0.000000;-nan;         9s  95ms 475μs 324ns;            109ms 413μs 763ns
25b6b;112;0;49;123;11;25;60.000000;0.000000;0.000000;1151.000000;1151.000000;100.174064;0.000000;0.000000;-nan;        37s  65ms 675μs 128ns;         1s 174ms  11μs  31ns
25b78;368;0;234;308;11;86;93.000000;0.000000;0.000000;1147.000000;1147.000000;100.349956;0.000000;0.000000;-nan;        38s 511ms  27μs 690ns;        33s 459ms 857μs 480ns
25b87;95;0;34;107;7;25;27.000000;0.000000;0.000000;1146.000000;1146.000000;100.174825;0.000000;0.000000;-nan;        21s 396ms 137μs 191ns;            490ms  13μs 483ns
25b93;96;0;58;100;9;26;33.000000;0.000000;0.000000;1148.000000;1148.000000;100.000000;0.000000;0.000000;-nan;        25s 934ms 816μs 329ns;            601ms 138μs 449ns
4a81fe;202;0;147;136;10;65;0.000000;0.000000;-nan;783.000000;783.000000;103.571429;0.000000;0.000000;-nan;        40s 584ms 950μs 692ns;                        -11011269278900813ns
4a8202;28;0;61;57;5;29;29.000000;29.000000;100.000000;553.000000;553.000000;100.000000;0.000000;0.000000;-nan;         6s 693ms 801μs 813ns;                          0ns
4a820a;308;0;178;174;21;40;147.000000;0.000000;0.000000;695.000000;695.000000;105.945122;0.000000;0.000000;-nan;     1m  6s 214ms 771μs 134ns;                        -21022322325758007ns
4a821b;392;0;236;196;26;36;133.000000;0.000000;0.000000;1149.000000;1149.000000;103.794038;0.000000;0.000000;-nan;     1m 10s 856ms 140μs 803ns;        24s 865ms 577μs 981ns
4a8228;182;0;78;176;7;61;0.000000;0.000000;-nan;710.000000;710.000000;107.250755;0.000000;0.000000;-nan;        28s 135ms 562μs  15ns;                        -2002056054827640ns
4a8230;83;0;297;212;7;114;114.000000;114.000000;100.000000;833.000000;833.000000;100.000000;0.000000;0.000000;-nan;        31s 100ms 546μs 734ns;                          0ns
4a823f;193;0;93;170;9;43;47.000000;0.000000;0.000000;721.000000;721.000000;99.585635;0.000000;0.000000;-nan;        40s 437ms 254μs 107ns;         1s 336ms 469μs 830ns
4a8249;167;0;86;165;14;37;100.000000;0.000000;0.000000;1150.000000;1150.000000;102.404274;0.000000;0.000000;-nan;        52s 968ms 946μs 673ns;         4s 621ms 227μs  92ns
4a8257;295;0;177;150;21;44;156.000000;0.000000;0.000000;1007.000000;1007.000000;100.000000;0.000000;0.000000;-nan;     1m  6s 380ms 300μs 525ns;                        -52055031400185683ns
4a8263;23;0;48;39;7;19;0.000000;0.000000;-nan;783.000000;783.000000;100.000000;0.000000;0.000000;-nan;        20s 241ms   8μs 582ns;                        -3003042289342237ns
1a848a;95;0;114;139;7;45;46.000000;0.000000;0.000000;2214.000000;2214.000000;100.000000;0.000000;0.000000;-nan;        19s 122ms  36μs   3ns;            256ms 645μs  16ns
1a848f;166;0;149;207;9;45;48.000000;0.000000;0.000000;2212.000000;2212.000000;99.819495;0.000000;0.000000;-nan;        25s 532ms 854μs 573ns;         3s 175ms 972μs 574ns
1a84a1;93;0;116;139;7;45;46.000000;0.000000;0.000000;2210.000000;2210.000000;100.000000;0.000000;0.000000;-nan;        20s  83ms 205μs  23ns;            402ms 541μs 983ns
1a84a7;162;0;153;207;9;45;48.000000;0.000000;0.000000;2219.000000;2219.000000;100.452694;0.000000;0.000000;-nan;        25s 177ms  53μs 246ns;         1s 849ms 534μs 554ns
1a84ba;99;0;120;125;7;47;48.000000;0.000000;0.000000;2239.000000;2239.000000;100.000000;0.000000;0.000000;-nan;        22s 387ms 725μs 993ns;            515ms 776μs 404ns
1a84c2;94;0;114;140;7;45;46.000000;0.000000;0.000000;2218.000000;2218.000000;100.000000;0.000000;0.000000;-nan;        20s 303ms 908μs 833ns;            256ms 877μs 446ns
1a84ca;91;0;119;138;7;45;46.000000;0.000000;0.000000;2221.000000;2221.000000;100.000000;0.000000;0.000000;-nan;        20s 536ms 244μs 110ns;            497ms 634μs  43ns
1a84db;125;0;140;177;8;45;47.000000;0.000000;0.000000;2225.000000;2225.000000;100.000000;0.000000;0.000000;-nan;        23s 556ms 448μs 889ns;         1s 208ms 937μs 205ns
1a84ea;75;0;104;91;7;45;48.000000;0.000000;0.000000;2223.000000;2223.000000;100.000000;0.000000;0.000000;-nan;        23s 395ms 216μs 197ns;            201ms 720μs 308ns
1a84fc;87;0;120;141;7;45;46.000000;0.000000;0.000000;2219.000000;2219.000000;100.000000;0.000000;0.000000;-nan;        22s 215ms 891μs 734ns;            209ms 676μs 909ns
28cc8;163;0;85;174;9;43;51.000000;0.000000;0.000000;1405.000000;1405.000000;100.000000;0.000000;0.000000;-nan;        32s 458ms 691μs 455ns;                        -3858358894451223ns
28cd1;127;0;65;142;9;41;54.000000;0.000000;0.000000;1149.000000;1149.000000;99.913043;0.000000;0.000000;-nan;        32s 274ms 944μs 792ns;         1s 180ms 844μs 773ns
28cdc;117;0;43;86;9;25;32.000000;0.000000;0.000000;1148.000000;1148.000000;99.739357;0.000000;0.000000;-nan;        29s  54ms 309μs 282ns;            773ms 988μs 640ns
28ce3;422;0;224;230;24;28;90.000000;0.000000;0.000000;1149.000000;1149.000000;100.174368;0.000000;0.000000;-nan;        42s 916ms 854μs 315ns;        34s 211ms 527μs 848ns
28cf3;152;0;72;140;8;44;60.000000;0.000000;0.000000;1146.000000;1146.000000;99.738903;0.000000;0.000000;-nan;        30s 463ms 229μs 744ns;            893ms 298μs 789ns
28d08;98;0;54;132;11;25;48.000000;0.000000;0.000000;1145.000000;1145.000000;100.000000;0.000000;0.000000;-nan;        35s  61ms 315μs   5ns;         1s  46ms 199μs  57ns
28d14;42;3;20;103;6;23;24.000000;0.000000;0.000000;1144.000000;1144.000000;100.000000;0.000000;0.000000;-nan;         6s  93ms 783μs 465ns;             95ms 966μs 669ns
28d1f;155;0;56;161;8;44;47.000000;0.000000;0.000000;1150.000000;1150.000000;100.349040;0.000000;0.000000;-nan;        32s 233ms  57μs  37ns;         2s 836ms 951μs 354ns
28d36;205;0;81;216;8;54;56.000000;0.000000;0.000000;1143.000000;1143.000000;100.000000;0.000000;0.000000;-nan;        32s 191ms 958μs 752ns;         1s 627ms  29μs 316ns
28d43;86;0;59;115;10;29;48.000000;0.000000;0.000000;1147.000000;1147.000000;99.912892;0.000000;0.000000;-nan;        34s 246ms  62μs 919ns;         1s 354ms  14μs 589ns
1ab405;119;0;145;178;8;45;47.000000;0.000000;0.000000;2215.000000;2215.000000;100.000000;0.000000;0.000000;-nan;        26s 536ms 994μs 814ns;         1s 235ms 518μs 825ns
1ab40a;107;0;109;140;7;49;50.000000;0.000000;0.000000;2224.000000;2224.000000;100.000000;0.000000;0.000000;-nan;        26s 163ms 725μs 131ns;            283ms 922μs 193ns
1ab416;127;0;140;175;8;45;47.000000;0.000000;0.000000;2225.000000;2225.000000;100.000000;0.000000;0.000000;-nan;        26s 403ms 770μs 965ns;            704ms 725μs 422ns
1ab422;134;0;144;164;8;47;49.000000;0.000000;0.000000;2248.000000;2248.000000;101.261261;0.000000;0.000000;-nan;        27s 247ms 215μs 776ns;         1s 523ms 695μs 244ns
1ab42f;95;0;116;137;7;45;46.000000;0.000000;0.000000;2216.000000;2216.000000;100.000000;0.000000;0.000000;-nan;        20s 264ms 278μs  31ns;            335ms 303μs 781ns
1ab43c;92;0;124;132;7;45;46.000000;0.000000;0.000000;2218.000000;2218.000000;100.000000;0.000000;0.000000;-nan;        22s 180ms 529μs 908ns;            402ms 588μs 724ns
1ab447;122;0;147;173;8;45;47.000000;0.000000;0.000000;2219.000000;2219.000000;100.090212;0.000000;0.000000;-nan;        26s 797ms  34μs 397ns;            903ms 161μs 649ns
1ab453;90;8;117;133;7;45;46.000000;0.000000;0.000000;2223.000000;2223.000000;100.000000;0.000000;0.000000;-nan;        19s 184ms 129μs 813ns;            336ms 746μs 260ns
1ab462;123;0;146;173;8;45;47.000000;0.000000;0.000000;2220.000000;2220.000000;100.045065;0.000000;0.000000;-nan;        26s 936ms 851μs  70ns;         1s 359ms 674μs 120ns
1ab46f;121;0;139;182;8;45;47.000000;0.000000;0.000000;2223.000000;2223.000000;100.090050;0.000000;0.000000;-nan;        27s  77ms 271μs 708ns;         1s  82ms 384μs 476ns
2bfd9;129;0;71;106;10;28;37.000000;0.000000;0.000000;1148.000000;1148.000000;99.739357;0.000000;0.000000;-nan;        27s 357ms 676μs 824ns;            841ms 191μs 339ns
2bfe0;41;0;30;97;6;23;24.000000;0.000000;0.000000;1142.000000;1142.000000;100.000000;0.000000;0.000000;-nan;         8s 298ms 830μs 905ns;             91ms 252μs   6ns
2bfeb;176;0;101;127;17;25;72.000000;0.000000;0.000000;1147.000000;1147.000000;100.174672;0.000000;0.000000;-nan;        45s 845ms 415μs 221ns;         3s 459ms 330μs 710ns
2bff8;588;0;388;376;18;67;87.000000;0.000000;0.000000;1151.000000;1151.000000;100.086957;0.000000;0.000000;-nan;        51s  98ms 692μs 106ns;        43s 827ms  86μs 218ns
2c007;52;0;31;85;6;22;23.000000;0.000000;0.000000;1144.000000;1144.000000;100.000000;0.000000;0.000000;-nan;        13s 627ms 442μs 427ns;            320ms 855μs 960ns
2c012;96;0;39;109;7;26;28.000000;0.000000;0.000000;1150.000000;1150.000000;100.087032;0.000000;0.000000;-nan;        14s 400ms 780μs 325ns;            532ms 566μs 628ns
2c01f;223;0;106;153;17;29;91.000000;0.000000;0.000000;1148.000000;1148.000000;100.000000;0.000000;0.000000;-nan;        47s 622ms 491μs 472ns;         3s 964ms 904μs 764ns
2c02c;68;0;37;83;6;26;27.000000;0.000000;0.000000;1146.000000;1146.000000;100.000000;0.000000;0.000000;-nan;        13s 975ms 586μs 356ns;            337ms 884μs 296ns
2c03b;277;0;120;225;18;33;75.000000;0.000000;0.000000;1148.000000;1148.000000;100.087184;0.000000;0.000000;-nan;        50s 543ms 840μs 787ns;         6s 499ms 717μs 724ns
2c046;64;0;32;78;6;24;25.000000;0.000000;0.000000;1143.000000;1143.000000;100.000000;0.000000;0.000000;-nan;        10s 825ms 929μs 233ns;            351ms 649μs 282ns
1ae4b6;88;0;122;138;7;45;46.000000;0.000000;0.000000;2216.000000;2216.000000;100.000000;0.000000;0.000000;-nan;        21s  38ms 774μs 296ns;            201ms 216μs 466ns
1ae4ba;171;0;161;222;9;48;51.000000;0.000000;0.000000;2231.000000;2231.000000;100.044843;0.000000;0.000000;-nan;        24s 997ms 431μs 811ns;         1s 940ms  22μs 608ns
1ae4c8;129;0;139;174;8;45;47.000000;0.000000;0.000000;2216.000000;2216.000000;100.045147;0.000000;0.000000;-nan;        23s 526ms  55μs 989ns;            732ms   5μs 344ns
1ae4d3;86;18;111;133;7;45;46.000000;0.000000;0.000000;2210.000000;2210.000000;100.000000;0.000000;0.000000;-nan;         9s 310ms 635μs 242ns;            444ms 216μs  69ns
1ae4e0;95;3;121;134;7;46;47.000000;0.000000;0.000000;2208.000000;2208.000000;100.000000;0.000000;0.000000;-nan;        17s 355ms 214μs 232ns;            484ms 685μs  81ns
1ae50e;122;0;148;172;8;45;47.000000;0.000000;0.000000;2218.000000;2218.000000;100.045106;0.000000;0.000000;-nan;        23s 770ms 172μs 406ns;         1s 195ms 433μs 405ns
1ae514;91;0;121;136;7;45;46.000000;0.000000;0.000000;2225.000000;2225.000000;100.000000;0.000000;0.000000;-nan;        21s 266ms 239μs 318ns;            201ms 584μs 388ns
1ae522;86;0;118;144;7;45;46.000000;0.000000;0.000000;2219.000000;2219.000000;100.000000;0.000000;0.000000;-nan;        22s 370ms 101μs 771ns;            270ms 420μs 202ns
1ae531;90;0;114;144;7;45;46.000000;0.000000;0.000000;2221.000000;2221.000000;100.000000;0.000000;0.000000;-nan;        23s 246ms 518μs 321ns;            203ms  11μs  23ns
1ae541;92;0;116;140;7;45;46.000000;0.000000;0.000000;2222.000000;2222.000000;100.000000;0.000000;0.000000;-nan;        22s 182ms 657μs 595ns;            333ms 865μs 450ns
2f524;99;0;47;98;7;26;28.000000;0.000000;0.000000;1151.000000;1151.000000;100.000000;0.000000;0.000000;-nan;        11s 755ms 620μs 445ns;            323ms 934μs 177ns
2f52b;42;4;30;92;6;23;24.000000;0.000000;0.000000;1142.000000;1142.000000;100.000000;0.000000;0.000000;-nan;         5s 914ms 810μs 813ns;            252ms 212μs 213ns
2f532;168;0;51;179;10;39;53.000000;0.000000;0.000000;1147.000000;1147.000000;99.739130;0.000000;0.000000;-nan;        17s 365ms 276μs 884ns;         1s 187ms 492μs 425ns
2f547;61;0;24;109;6;27;28.000000;0.000000;0.000000;1147.000000;1147.000000;100.000000;0.000000;0.000000;-nan;         7s 580ms 225μs 797ns;            101ms  60μs 218ns
2f557;51;0;21;96;6;22;23.000000;0.000000;0.000000;1143.000000;1143.000000;100.000000;0.000000;0.000000;-nan;         9s 406ms 789μs 586ns;            119ms 152μs 894ns
2f56d;62;0;35;77;6;24;25.000000;0.000000;0.000000;1149.000000;1149.000000;100.000000;0.000000;0.000000;-nan;         7s 719ms 269μs 436ns;            283ms 170μs 858ns
2f585;41;0;26;101;6;23;24.000000;0.000000;0.000000;1146.000000;1146.000000;100.000000;0.000000;0.000000;-nan;         7s 716ms 385μs 915ns;            182ms 408μs  33ns
2f597;117;0;56;145;8;43;58.000000;0.000000;0.000000;1148.000000;1148.000000;100.000000;0.000000;0.000000;-nan;        15s 549ms 760μs 731ns;            501ms 828μs 807ns
2f5aa;194;0;116;78;16;26;57.000000;0.000000;0.000000;1148.000000;1148.000000;100.349650;0.000000;0.000000;-nan;        20s 749ms 225μs 547ns;         3s 985ms 623μs 716ns
2f5b7;188;0;91;135;17;26;82.000000;0.000000;0.000000;1149.000000;1149.000000;100.349345;0.000000;0.000000;-nan;        21s 278ms 872μs 100ns;         3s 952ms  28μs 466ns
1b141a;87;0;120;141;7;45;46.000000;0.000000;0.000000;2222.000000;2222.000000;100.000000;0.000000;0.000000;-nan;        19s 796ms 760μs 928ns;            268ms 777μs 283ns
1b141d;95;0;116;137;7;45;46.000000;0.000000;0.000000;2220.000000;2220.000000;100.000000;0.000000;0.000000;-nan;        19s 290ms 911μs 217ns;            200ms 597μs 736ns
1b142b;91;0;119;138;7;45;46.000000;0.000000;0.000000;2216.000000;2216.000000;100.000000;0.000000;0.000000;-nan;        19s 688ms 749μs 468ns;            443ms 834μs 401ns
1b143a;173;0;152;217;9;47;50.000000;0.000000;0.000000;2247.000000;2247.000000;100.133690;0.000000;0.000000;-nan;        23s 235ms 936μs 396ns;         2s  36ms 409μs 755ns
1b144b;88;0;117;143;7;45;46.000000;0.000000;0.000000;2214.000000;2214.000000;100.000000;0.000000;0.000000;-nan;        19s 549ms 668μs 602ns;            193ms 391μs 256ns
1b1456;63;0;102;95;6;46;46.000000;46.000000;100.000000;2225.000000;2225.000000;100.000000;0.000000;0.000000;-nan;        10s 264ms 557μs  86ns;                          0ns
1b1465;62;0;104;94;6;46;46.000000;46.000000;100.000000;2224.000000;2224.000000;100.000000;0.000000;0.000000;-nan;        16s 640ms 377μs 866ns;                          0ns
1b147b;123;0;149;170;8;45;47.000000;0.000000;0.000000;2221.000000;2221.000000;100.135257;0.000000;0.000000;-nan;        21s 981ms 279μs 331ns;         1s 509ms 491μs  20ns
1b148f;96;0;122;136;7;46;47.000000;0.000000;0.000000;2223.000000;2223.000000;100.000000;0.000000;0.000000;-nan;        21s  69ms 509μs 436ns;            196ms 756μs 182ns
1b14a7;92;0;127;129;7;45;46.000000;0.000000;0.000000;2221.000000;2221.000000;100.000000;0.000000;0.000000;-nan;        20s 810ms 426μs 549ns;            207ms 430μs  34ns
31f1b;187;0;102;145;12;32;43.000000;0.000000;0.000000;1150.000000;1150.000000;99.913119;0.000000;0.000000;-nan;        23s 765ms 897μs  77ns;         5s 339ms 378μs 462ns
31f21;94;0;51;79;10;26;66.000000;0.000000;0.000000;1145.000000;1145.000000;99.651871;0.000000;0.000000;-nan;        19s 247ms 331μs 937ns;            792ms 231μs 584ns
31f2c;98;0;51;117;11;27;49.000000;0.000000;0.000000;1149.000000;1149.000000;100.524934;0.000000;0.000000;-nan;        21s 805ms 377μs 289ns;         1s  18ms 897μs 970ns
31f3b;52;16;35;71;6;24;25.000000;0.000000;0.000000;1142.000000;1142.000000;100.000000;0.000000;0.000000;-nan;         3s 285ms 214μs 568ns;            281ms 764μs 959ns
31f47;202;0;101;155;21;26;129.000000;0.000000;0.000000;1148.000000;1148.000000;100.262009;0.000000;0.000000;-nan;        33s 826ms 826μs 862ns;         8s 785ms  64μs 474ns
31f79;119;0;43;144;8;34;37.000000;0.000000;0.000000;1150.000000;1150.000000;100.000000;0.000000;0.000000;-nan;        16s 265ms 869μs 486ns;            617ms  58μs 583ns
31f89;65;0;43;60;6;22;23.000000;0.000000;0.000000;1148.000000;1148.000000;100.000000;0.000000;0.000000;-nan;         9s 781ms 874μs 636ns;            201ms 919μs 722ns
31f9e;80;0;42;118;10;24;37.000000;0.000000;0.000000;1145.000000;1145.000000;99.912740;0.000000;0.000000;-nan;        19s 156ms  87μs  99ns;            857ms 481μs 427ns
31fb9;42;0;26;100;6;22;23.000000;0.000000;0.000000;1144.000000;1144.000000;100.000000;0.000000;0.000000;-nan;         9s 655ms 424μs 279ns;             90ms  64μs 252ns
31fcf;364;0;196;242;16;53;86.000000;0.000000;0.000000;1150.000000;1150.000000;100.261552;0.000000;0.000000;-nan;        31s 797ms 838μs 679ns;        29s  38ms 465μs 740ns
332fe2;612;0;191;387;22;36;63.000000;0.000000;0.000000;1148.000000;1148.000000;141.553637;0.000000;0.000000;-nan;     2m  9s 539ms 921μs 342ns;                        -996757632531522ns
332fe8;1325;0;549;838;38;62;151.000000;0.000000;0.000000;1148.000000;1148.000000;100.613497;0.000000;0.000000;-nan;     2m 44s 468ms 880μs 723ns;     4m 53s 188ms 311μs 139ns
332fee;14;0;29;25;4;14;14.000000;14.000000;100.000000;728.000000;728.000000;100.000000;0.000000;0.000000;-nan;         6s  81ms 663μs 529ns;                          0ns
332ff5;69;0;245;202;7;98;98.000000;98.000000;100.000000;814.000000;814.000000;100.000000;0.000000;0.000000;-nan;        35s 623ms 746μs  41ns;                          0ns
333008;331;0;164;203;15;54;86.000000;0.000000;0.000000;1150.000000;1150.000000;102.131439;0.000000;0.000000;-nan;     1m 36s 802ms 957μs 976ns;        17s 868ms 869μs 657ns
333013;244;0;118;204;11;72;159.000000;0.000000;0.000000;1149.000000;1149.000000;112.426614;0.000000;0.000000;-nan;     1m  8s 421ms 382μs 702ns;                        -996769647495803ns
333021;331;0;217;184;18;63;152.000000;0.000000;0.000000;1007.000000;1007.000000;100.000000;0.000000;0.000000;-nan;     1m 54s 413ms  32μs 472ns;                        -81740012762635282ns
33302f;141;0;451;282;10;140;160.000000;0.000000;0.000000;697.000000;697.000000;119.965577;0.000000;0.000000;-nan;     1m 12s 944ms  66μs  32ns;                        -1993571068619906ns
33303b;269;0;150;213;16;55;109.000000;0.000000;0.000000;1145.000000;1145.000000;99.738676;0.000000;0.000000;-nan;     1m 43s 377ms 600μs 508ns;         9s 367ms  53μs 388ns
333044;43;0;159;114;6;62;0.000000;0.000000;-nan;783.000000;783.000000;100.000000;0.000000;0.000000;-nan;        21s 993ms 929μs  16ns;                          0ns
1b41af;93;0;119;136;7;45;46.000000;0.000000;0.000000;2224.000000;2224.000000;100.000000;0.000000;0.000000;-nan;        17s 273ms 836μs 421ns;            204ms 398μs 732ns
1b41b2;89;0;121;138;7;45;46.000000;0.000000;0.000000;2222.000000;2222.000000;100.000000;0.000000;0.000000;-nan;        17s 780ms 740μs 446ns;            403ms 636μs 862ns
1b41c2;124;0;135;183;8;45;47.000000;0.000000;0.000000;2225.000000;2225.000000;100.000000;0.000000;0.000000;-nan;        20s 966ms 760μs 592ns;         1s  69ms 240μs 496ns
1b41d2;64;0;96;100;6;46;46.000000;46.000000;100.000000;2215.000000;2215.000000;100.000000;0.000000;0.000000;-nan;        11s 144ms 529μs 821ns;                          0ns
1b41e5;87;0;121;140;7;45;46.000000;0.000000;0.000000;2221.000000;2221.000000;100.000000;0.000000;0.000000;-nan;        17s 885ms 874μs 402ns;            242ms 997μs 161ns
1b41f2;74;0;111;101;7;45;47.000000;0.000000;0.000000;2220.000000;2220.000000;100.180505;0.000000;0.000000;-nan;        18s 983ms 134μs 930ns;            327ms 807μs 533ns
1b4202;159;0;154;209;9;45;48.000000;0.000000;0.000000;2224.000000;2224.000000;100.044984;0.000000;0.000000;-nan;        21s 989ms 706μs 760ns;         2s 852ms 127μs 850ns
1b420f;72;0;114;100;7;45;47.000000;0.000000;0.000000;2220.000000;2220.000000;100.090171;0.000000;0.000000;-nan;        19s 810ms  59μs 166ns;            270ms 620μs 162ns
1b421e;95;0;115;138;7;45;46.000000;0.000000;0.000000;2220.000000;2220.000000;100.000000;0.000000;0.000000;-nan;        17s 508ms 654μs 211ns;            213ms 895μs 609ns
1b422a;72;0;112;102;7;45;47.000000;0.000000;0.000000;2216.000000;2216.000000;99.864804;0.000000;0.000000;-nan;        20s  18ms 132μs 524ns;            195ms 651μs 146ns
34d88;173;0;120;185;12;56;99.000000;0.000000;0.000000;1230.000000;1230.000000;106.401384;0.000000;0.000000;-nan;        28s 993ms 685μs 481ns;                        -3860295855857741ns
34d8d;77;0;29;120;7;24;26.000000;0.000000;0.000000;1149.000000;1149.000000;100.000000;0.000000;0.000000;-nan;        18s 318ms 931μs  55ns;            743ms 521μs 452ns
34d9c;343;0;128;251;17;36;91.000000;0.000000;0.000000;1148.000000;1148.000000;99.826087;0.000000;0.000000;-nan;        36s 329ms 437μs 543ns;         5s 846ms 909μs 928ns
34da4;173;0;90;167;7;60;61.000000;0.000000;0.000000;1147.000000;1147.000000;100.000000;0.000000;0.000000;-nan;        19s 582ms 713μs 934ns;         1s 466ms 147μs  51ns
34db2;96;0;52;148;11;24;35.000000;0.000000;0.000000;1148.000000;1148.000000;99.739357;0.000000;0.000000;-nan;        26s 452ms  40μs 206ns;            752ms 892μs 948ns
34dbf;46;0;27;95;6;22;23.000000;0.000000;0.000000;1145.000000;1145.000000;100.000000;0.000000;0.000000;-nan;        14s 277ms 553μs 314ns;            140ms 254μs 334ns
34dc6;159;0;78;131;15;25;67.000000;0.000000;0.000000;1148.000000;1148.000000;100.349650;0.000000;0.000000;-nan;        34s 264ms   4μs 832ns;         1s 712ms 833μs 926ns
34dd0;69;0;29;102;6;28;29.000000;0.000000;0.000000;1143.000000;1143.000000;100.000000;0.000000;0.000000;-nan;        15s 154ms 916μs 217ns;            234ms 864μs 883ns
34ddd;185;0;93;156;12;32;43.000000;0.000000;0.000000;1150.000000;1150.000000;100.349040;0.000000;0.000000;-nan;        31s  30ms 961μs 885ns;         4s  89ms 883μs 640ns
34de7;82;0;44;84;7;22;24.000000;0.000000;0.000000;1145.000000;1145.000000;99.738676;0.000000;0.000000;-nan;        18s 265ms 438μs 122ns;            452ms 813μs 258ns
1b6e64;73;0;106;91;7;45;48.000000;0.000000;0.000000;2212.000000;2212.000000;100.000000;0.000000;0.000000;-nan;        19s 880ms 673μs 679ns;            199ms 306μs 700ns
1b6e69;91;0;120;137;7;45;46.000000;0.000000;0.000000;2221.000000;2221.000000;100.000000;0.000000;0.000000;-nan;        17s 661ms 330μs 505ns;            659ms 879μs 291ns
1b6e71;90;0;121;137;7;45;46.000000;0.000000;0.000000;2220.000000;2220.000000;100.000000;0.000000;0.000000;-nan;        18s 804ms 913μs 836ns;            301ms 749μs 190ns
1b6e7e;92;0;120;136;7;45;46.000000;0.000000;0.000000;2224.000000;2224.000000;100.000000;0.000000;0.000000;-nan;        17s 836ms 586μs 683ns;            203ms 396μs 637ns
1b6e8e;133;0;142;167;8;47;49.000000;0.000000;0.000000;2223.000000;2223.000000;100.000000;0.000000;0.000000;-nan;        20s 838ms 222μs 114ns;            822ms 222μs 397ns
1b6e9f;72;0;118;96;7;45;47.000000;0.000000;0.000000;2218.000000;2218.000000;100.000000;0.000000;0.000000;-nan;        18s 953ms 883μs 440ns;            318ms 774μs 414ns
1b6eac;95;0;116;137;7;45;46.000000;0.000000;0.000000;2216.000000;2216.000000;100.000000;0.000000;0.000000;-nan;        20s  89ms 143μs 233ns;            271ms 630μs 881ns
1b6eb7;73;0;108;89;7;45;48.000000;0.000000;0.000000;2220.000000;2220.000000;99.909991;0.000000;0.000000;-nan;        20s 621ms 453μs 601ns;            330ms 970μs 565ns
1b6ec4;91;0;119;138;7;45;46.000000;0.000000;0.000000;2225.000000;2225.000000;100.000000;0.000000;0.000000;-nan;        20s 249ms 901μs 791ns;            198ms 359μs 168ns
1b6ed5;89;0;122;137;7;45;46.000000;0.000000;0.000000;2219.000000;2219.000000;100.000000;0.000000;0.000000;-nan;        20s 455ms  29μs 168ns;            199ms 453μs 418ns
37e01;334;0;160;278;15;74;133.000000;0.000000;0.000000;1251.000000;1251.000000;102.962963;0.000000;0.000000;-nan;     1m 18s 421ms 259μs 402ns;                        -4826029290413422ns
37e08;559;0;301;426;20;79;132.000000;0.000000;0.000000;1899.000000;1899.000000;100.000000;0.000000;0.000000;-nan;     1m 41s 849ms 232μs  99ns;                        -19304763859787447ns
37e17;257;0;74;249;13;31;43.000000;0.000000;0.000000;1151.000000;1151.000000;99.913194;0.000000;0.000000;-nan;     1m  3s 507ms 554μs 605ns;         2s  86ms 604μs 839ns
37e23;253;0;124;195;20;27;70.000000;0.000000;0.000000;1148.000000;1148.000000;99.826087;0.000000;0.000000;-nan;     1m 41s 311ms 966μs 511ns;         6s 808ms 258μs 464ns
37e2d;142;0;85;129;12;51;99.000000;0.000000;0.000000;1147.000000;1147.000000;100.000000;0.000000;0.000000;-nan;     1m     565ms 577μs 827ns;         4s 539ms 953μs 804ns
37e3c;101;0;46;125;8;30;33.000000;0.000000;0.000000;1148.000000;1148.000000;99.739357;0.000000;0.000000;-nan;        24s 282ms 130μs 274ns;            482ms 702μs 565ns
37e47;183;0;77;166;14;38;147.000000;0.000000;0.000000;1148.000000;1148.000000;100.174520;0.000000;0.000000;-nan;     1m 20s 320ms  50μs 164ns;         3s 570ms  22μs 905ns
37e5a;283;0;102;227;14;54;121.000000;0.000000;0.000000;1145.000000;1145.000000;100.000000;0.000000;0.000000;-nan;     1m 20s 523ms  90μs 829ns;         5s 448ms  55μs 918ns
37e6d;547;0;249;404;19;59;124.000000;0.000000;0.000000;1148.000000;1148.000000;99.912968;0.000000;0.000000;-nan;     1m 41s 261ms 749μs 377ns;        40s  62ms 953μs 671ns
37e79;147;0;68;151;8;48;55.000000;0.000000;0.000000;1148.000000;1148.000000;100.000000;0.000000;0.000000;-nan;        34s 548ms 754μs 518ns;            777ms 537μs  50ns
1b9a57;128;0;138;176;8;45;47.000000;0.000000;0.000000;2218.000000;2218.000000;100.000000;0.000000;0.000000;-nan;        23s 774ms 585μs 747ns;         1s  83ms 991μs 596ns
1b9a5a;123;0;150;169;8;45;47.000000;0.000000;0.000000;2222.000000;2222.000000;100.135196;0.000000;0.000000;-nan;        25s 987ms  30μs 511ns;         1s 154ms 826μs  61ns
1b9a70;123;0;140;179;8;45;47.000000;0.000000;0.000000;2218.000000;2218.000000;100.045106;0.000000;0.000000;-nan;        25s 775ms 866μs 285ns;         1s 253ms  34μs 632ns
1b9a76;125;0;144;173;8;45;47.000000;0.000000;0.000000;2225.000000;2225.000000;100.000000;0.000000;0.000000;-nan;        26s  80ms 682μs 558ns;         1s 297ms 980μs 478ns
1b9a8a;90;0;118;140;7;45;46.000000;0.000000;0.000000;2214.000000;2214.000000;100.000000;0.000000;0.000000;-nan;        23s 561ms 781μs 952ns;            264ms 977μs 361ns
1b9a94;87;0;119;142;7;45;46.000000;0.000000;0.000000;2224.000000;2224.000000;100.000000;0.000000;0.000000;-nan;        24s 318ms 416μs 216ns;            306ms 876μs 216ns
1b9aa6;93;0;117;138;7;45;46.000000;0.000000;0.000000;2216.000000;2216.000000;100.000000;0.000000;0.000000;-nan;        24s 130ms 345μs 869ns;            282ms 865μs 897ns
1b9ab4;90;0;119;139;7;45;46.000000;0.000000;0.000000;2208.000000;2208.000000;100.000000;0.000000;0.000000;-nan;        23s 948ms 597μs 645ns;            244ms 318μs 259ns
1b9ac6;121;0;138;183;8;45;47.000000;0.000000;0.000000;2221.000000;2221.000000;100.000000;0.000000;0.000000;-nan;        26s 255ms  48μs 367ns;            677ms 859μs 877ns
1b9adb;121;0;146;175;8;45;47.000000;0.000000;0.000000;2223.000000;2223.000000;100.000000;0.000000;0.000000;-nan;        26s 322ms 441μs 906ns;         1s 101ms 171μs 935ns
3c4c6;138;0;65;143;12;27;0.000000;0.000000;-nan;1268.000000;1268.000000;103.089431;0.000000;0.000000;-nan;        37s 569ms 196μs 110ns;                        -12550047145699297ns
3c4cb;292;0;124;216;16;44;85.000000;0.000000;0.000000;1150.000000;1150.000000;100.000000;0.000000;0.000000;-nan;        43s 795ms 828μs  37ns;        12s 414ms 160μs 583ns
3c4da;497;0;242;303;28;25;73.000000;0.000000;0.000000;1149.000000;1149.000000;100.174368;0.000000;0.000000;-nan;        49s 894ms 297μs 319ns;        20s 587ms 270μs 138ns
3c4e9;122;0;56;126;10;27;50.000000;0.000000;0.000000;1148.000000;1148.000000;99.739357;0.000000;0.000000;-nan;        33s 172ms 491μs 152ns;            691ms 286μs 911ns
3c4f5;239;0;89;220;10;46;55.000000;0.000000;0.000000;1145.000000;1145.000000;100.087413;0.000000;0.000000;-nan;        34s 644ms 340μs 582ns;         2s 759ms 735μs 216ns
3c502;42;0;22;104;6;22;23.000000;0.000000;0.000000;1146.000000;1146.000000;100.000000;0.000000;0.000000;-nan;        11s 157ms  25μs 639ns;            150ms 886μs 191ns
3c50e;74;0;56;78;6;29;30.000000;0.000000;0.000000;1148.000000;1148.000000;100.000000;0.000000;0.000000;-nan;         7s 684ms 539μs 418ns;            151ms   5μs 382ns
3c515;98;0;46;86;8;28;69.000000;0.000000;0.000000;1148.000000;1148.000000;100.262009;0.000000;0.000000;-nan;        28s 530ms 925μs 828ns;            524ms 523μs 908ns
3c523;169;0;102;159;7;60;61.000000;0.000000;0.000000;1143.000000;1143.000000;100.000000;0.000000;0.000000;-nan;        24s 240ms 809μs 132ns;            749ms 497μs 747ns
3c53b;179;0;96;145;12;30;41.000000;0.000000;0.000000;1149.000000;1149.000000;100.000000;0.000000;0.000000;-nan;        38s 849ms 583μs 435ns;         3s 512ms 318μs 620ns
1bcaac;92;0;116;140;7;45;46.000000;0.000000;0.000000;2222.000000;2222.000000;100.000000;0.000000;0.000000;-nan;        21s 501ms 630μs 950ns;            261ms 638μs 984ns
1bcab1;135;0;135;171;8;47;49.000000;0.000000;0.000000;2233.000000;2233.000000;100.044803;0.000000;0.000000;-nan;        24s 931ms 951μs  71ns;         1s  61ms  68μs 137ns
1bcac2;161;0;160;201;9;45;48.000000;0.000000;0.000000;2221.000000;2221.000000;100.000000;0.000000;0.000000;-nan;        26s   1ms  25μs 964ns;         2s 402ms 688μs 147ns
1bcacb;122;0;147;173;8;45;47.000000;0.000000;0.000000;2218.000000;2218.000000;100.045106;0.000000;0.000000;-nan;        24s 577ms 588μs 729ns;            649ms 796μs 836ns
1bcad2;109;0;106;141;7;49;50.000000;0.000000;0.000000;2220.000000;2220.000000;100.000000;0.000000;0.000000;-nan;        24s 333ms 510μs 261ns;            493ms 976μs 773ns
1bcae3;127;0;140;175;8;45;47.000000;0.000000;0.000000;2216.000000;2216.000000;100.000000;0.000000;0.000000;-nan;        24s 771ms   1μs 922ns;         1s 178ms 351μs 137ns
1bcaea;91;0;124;133;7;45;46.000000;0.000000;0.000000;2219.000000;2219.000000;100.000000;0.000000;0.000000;-nan;        21s 327ms 741μs 126ns;            198ms 833μs 776ns
1bcaf8;90;1;113;144;7;45;46.000000;0.000000;0.000000;2225.000000;2225.000000;100.000000;0.000000;0.000000;-nan;        17s 777ms 104μs 517ns;            202ms  36μs  29ns
1bcb05;72;0;112;102;7;45;47.000000;0.000000;0.000000;2221.000000;2221.000000;99.910031;0.000000;0.000000;-nan;        22s 382ms 265μs 363ns;            333ms 492μs  23ns
1bcb1d;93;8;109;138;7;45;46.000000;0.000000;0.000000;2218.000000;2218.000000;100.000000;0.000000;0.000000;-nan;        20s 485ms 492μs 262ns;            192ms 889μs 850ns
1bfa47;95;0;117;142;7;46;47.000000;0.000000;0.000000;2221.000000;2221.000000;100.000000;0.000000;0.000000;-nan;        14s 445ms 209μs 645ns;            199ms 311μs 237ns
1bfa4c;159;0;159;204;9;45;48.000000;0.000000;0.000000;2225.000000;2225.000000;100.633198;0.000000;0.000000;-nan;        26s 792ms 902μs 812ns;         2s 358ms 714μs 177ns
1bfa67;91;0;120;137;7;45;46.000000;0.000000;0.000000;2216.000000;2216.000000;100.000000;0.000000;0.000000;-nan;        21s 411ms 314μs 869ns;            416ms 255μs 322ns
1bfa84;120;18;131;173;8;45;47.000000;0.000000;0.000000;2218.000000;2218.000000;100.000000;0.000000;0.000000;-nan;        17s   7ms 845μs 732ns;         1s 308ms 564μs 155ns
1bfa99;62;0;100;98;6;46;46.000000;46.000000;100.000000;2223.000000;2223.000000;100.000000;0.000000;0.000000;-nan;        17s 223ms 399μs 761ns;                          0ns
1bfac2;125;0;138;179;8;45;47.000000;0.000000;0.000000;2216.000000;2216.000000;100.090334;0.000000;0.000000;-nan;        24s 956ms 627μs 455ns;            793ms 899μs 567ns
1bface;161;0;152;209;9;45;48.000000;0.000000;0.000000;2223.000000;2223.000000;100.180261;0.000000;0.000000;-nan;        26s 932ms 893μs 468ns;         1s 920ms 146μs 280ns
1bfade;97;0;117;140;7;46;47.000000;0.000000;0.000000;2220.000000;2220.000000;100.135318;0.000000;0.000000;-nan;        23s  58ms 584μs  37ns;            908ms 380μs 149ns
1bfaf2;91;0;122;135;7;45;46.000000;0.000000;0.000000;2225.000000;2225.000000;100.000000;0.000000;0.000000;-nan;        23s 209ms 516μs 389ns;            208ms  14μs 774ns
1bfb04;127;0;138;177;8;45;47.000000;0.000000;0.000000;2220.000000;2220.000000;100.000000;0.000000;0.000000;-nan;        25s 829ms 432μs  41ns;            602ms 153μs 141ns
3fbc3;432;0;214;330;12;83;92.000000;0.000000;0.000000;1228.000000;1228.000000;104.957265;0.000000;0.000000;-nan;        55s 442ms 995μs 959ns;                        -17379386790328942ns
3fbc9;142;0;109;179;7;60;61.000000;0.000000;0.000000;1151.000000;1151.000000;100.000000;0.000000;0.000000;-nan;        27s 971ms 445μs 384ns;         1s 396ms 915μs 721ns
3fbd6;259;0;165;284;8;97;98.000000;0.000000;0.000000;1265.000000;1265.000000;100.000000;0.000000;0.000000;-nan;        40s 353ms 347μs 519ns;         1s 128ms 168μs 361ns
3fbe6;116;0;34;114;12;25;64.000000;0.000000;0.000000;1149.000000;1149.000000;99.913043;0.000000;0.000000;-nan;        50s 948ms 604μs 391ns;         1s 711ms 449μs  43ns
3fbf4;128;0;71;145;8;45;52.000000;0.000000;0.000000;1150.000000;1150.000000;99.826389;0.000000;0.000000;-nan;        39s 329ms 845μs  28ns;            494ms 605μs 491ns
3fbff;136;0;63;97;11;26;43.000000;0.000000;0.000000;1149.000000;1149.000000;100.000000;0.000000;0.000000;-nan;        50s 947ms 896μs 547ns;         1s 796ms 776μs 664ns
3fc05;104;0;54;88;10;24;49.000000;0.000000;0.000000;1148.000000;1148.000000;100.174520;0.000000;0.000000;-nan;        49s  86ms 497μs 377ns;         1s  46ms 684μs 425ns
3fc16;97;0;54;87;9;26;35.000000;0.000000;0.000000;1147.000000;1147.000000;99.912892;0.000000;0.000000;-nan;        39s 950ms 140μs 992ns;            652ms 139μs 623ns
3fc22;108;0;68;74;11;24;43.000000;0.000000;0.000000;1145.000000;1145.000000;100.000000;0.000000;0.000000;-nan;        55s  35ms  92μs 668ns;         1s 262ms 237μs 573ns
3fc2f;141;0;80;127;12;42;113.000000;0.000000;0.000000;1145.000000;1145.000000;99.825632;0.000000;0.000000;-nan;        55s 970ms 981μs 444ns;         3s 133ms 211μs 640ns
1c2ab7;87;0;120;141;7;45;46.000000;0.000000;0.000000;2219.000000;2219.000000;100.000000;0.000000;0.000000;-nan;        20s 443ms 228μs 306ns;            257ms 718μs 449ns
1c2abd;93;1;119;135;7;45;46.000000;0.000000;0.000000;2216.000000;2216.000000;100.000000;0.000000;0.000000;-nan;        13s 666ms 633μs 603ns;            240ms 494μs 422ns
1c2acf;89;0;121;138;7;45;46.000000;0.000000;0.000000;2223.000000;2223.000000;100.000000;0.000000;0.000000;-nan;        20s 644ms 985μs 201ns;            197ms 655μs 510ns
1c2aec;93;0;113;138;7;47;48.000000;0.000000;0.000000;2229.000000;2229.000000;100.000000;0.000000;0.000000;-nan;        23s 458ms 931μs 894ns;            205ms 910μs 812ns
1c2b03;125;0;138;179;8;45;47.000000;0.000000;0.000000;2222.000000;2222.000000;100.000000;0.000000;0.000000;-nan;        23s 795ms 938μs 378ns;         1s 103ms 317μs 423ns
1c2b0f;122;0;139;181;8;45;47.000000;0.000000;0.000000;2221.000000;2221.000000;100.000000;0.000000;0.000000;-nan;        23s 957ms 264μs 922ns;            924ms 784μs 589ns
1c2b21;95;0;115;138;7;45;46.000000;0.000000;0.000000;2220.000000;2220.000000;100.000000;0.000000;0.000000;-nan;        20s 856ms 847μs  36ns;            237ms 719μs 277ns
1c2b30;94;0;115;139;7;45;46.000000;0.000000;0.000000;2218.000000;2218.000000;100.000000;0.000000;0.000000;-nan;        21s 117ms 174μs 470ns;            335ms  56μs 256ns
1c2b3e;123;0;141;178;8;45;47.000000;0.000000;0.000000;2225.000000;2225.000000;100.000000;0.000000;0.000000;-nan;        24s  80ms  94μs 350ns;         1s 137ms 108μs 196ns
1c2b4e;92;0;122;134;7;45;46.000000;0.000000;0.000000;2217.000000;2217.000000;100.000000;0.000000;0.000000;-nan;        23s 613ms 225μs 854ns;            204ms 373μs 990ns
4308a;85;0;36;105;11;25;79.000000;0.000000;0.000000;1151.000000;1151.000000;100.000000;0.000000;0.000000;-nan;        18s 813ms 121μs 836ns;            572ms 708μs 624ns
4308f;155;0;86;127;15;27;81.000000;0.000000;0.000000;1149.000000;1149.000000;100.174368;0.000000;0.000000;-nan;        24s 194ms 996μs 567ns;         2s 294ms 960μs 202ns
430a1;128;0;89;109;15;29;96.000000;0.000000;0.000000;1146.000000;1146.000000;99.738903;0.000000;0.000000;-nan;        25s 283ms 335μs 592ns;         3s 140ms 187μs 749ns
430aa;185;0;101;146;16;29;68.000000;0.000000;0.000000;1148.000000;1148.000000;99.826087;0.000000;0.000000;-nan;        25s 308ms 947μs 293ns;         2s 940ms 274μs 869ns
430b3;147;0;52;157;9;35;108.000000;0.000000;0.000000;1150.000000;1150.000000;100.612423;0.000000;0.000000;-nan;        17s 839ms 888μs 111ns;         1s 383ms 175μs 939ns
430bc;64;0;32;78;6;24;25.000000;0.000000;0.000000;1142.000000;1142.000000;100.000000;0.000000;0.000000;-nan;         7s 206ms 445μs 375ns;            367ms  97μs 435ns
430c4;81;0;38;97;10;25;50.000000;0.000000;0.000000;1146.000000;1146.000000;100.000000;0.000000;0.000000;-nan;        18s 476ms  63μs 659ns;            684ms 920μs 668ns
430d0;255;0;91;152;17;29;62.000000;0.000000;0.000000;1151.000000;1151.000000;100.524017;0.000000;0.000000;-nan;        27s 327ms 723μs 806ns;         7s 782ms  30μs 538ns
430e1;40;0;24;104;6;23;24.000000;0.000000;0.000000;1144.000000;1144.000000;100.000000;0.000000;0.000000;-nan;         7s 255ms  66μs 648ns;            182ms 939μs 378ns
430ef;71;0;47;92;7;22;24.000000;0.000000;0.000000;1148.000000;1148.000000;100.000000;0.000000;0.000000;-nan;         9s 588ms 302μs 533ns;            321ms 527μs 142ns
4c3d15;558;0;88;372;10;122;127.000000;0.000000;0.000000;903.000000;903.000000;109.454545;0.000000;0.000000;-nan;     2m 19s   7ms 918μs 967ns;                        -6008035772219225ns
4c3d1a;391;0;178;319;13;81;126.000000;0.000000;0.000000;1151.000000;1151.000000;100.174064;0.000000;0.000000;-nan;     3m 30s 521ms 887μs 394ns;        13s 975ms 458μs 473ns
4c3d26;260;0;161;227;11;90;146.000000;0.000000;0.000000;953.000000;953.000000;117.654321;0.000000;0.000000;-nan;     2m 38s 436ms 149μs 680ns;                        -6007964472486276ns
4c3d32;990;0;139;787;14;143;169.000000;0.000000;0.000000;1022.000000;1022.000000;123.429952;0.000000;0.000000;-nan;     4m  8s 436ms 424μs 390ns;                        -17023887540334914ns
4c3d3e;31;0;81;56;8;27;72.000000;0.000000;0.000000;783.000000;783.000000;99.872449;0.000000;0.000000;-nan;     1m  5s 377ms 760μs 163ns;                        -2002534518165571ns
4c3d47;134;0;460;280;10;131;144.000000;0.000000;0.000000;1022.000000;1022.000000;100.988142;0.000000;0.000000;-nan;     1m 46s 299ms 906μs 561ns;                        -18023462880711027ns
4c3d55;1451;208;489;862;28;104;155.000000;0.000000;0.000000;1007.000000;1007.000000;100.000000;0.000000;0.000000;-nan;     5m 26s 218ms 905μs 732ns;                        -563835371312433852ns
4c3d63;206;0;71;183;10;42;50.000000;0.000000;0.000000;1007.000000;1007.000000;127.307206;0.000000;0.000000;-nan;     2m  7s 635ms  57μs 695ns;                        -24031775461820343ns
4c3d72;420;0;180;282;14;88;150.000000;0.000000;0.000000;1113.000000;1113.000000;141.423126;0.000000;0.000000;-nan;     4m  9s 356ms 747μs  94ns;                        -22029257735091763ns
4c3d80;59;0;97;78;11;36;0.000000;0.000000;-nan;783.000000;783.000000;100.000000;0.000000;0.000000;-nan;     2m  7s 903ms 107μs 563ns;                        -6007717010037879ns
1c5960;57;19;88;96;6;46;46.000000;46.000000;100.000000;2218.000000;2218.000000;100.000000;0.000000;0.000000;-nan;         3s 238ms 679μs 905ns;                          0ns
1c5965;91;0;120;137;7;45;46.000000;0.000000;0.000000;2225.000000;2225.000000;100.000000;0.000000;0.000000;-nan;        18s 580ms 493μs 406ns;            211ms 317μs 837ns
1c5991;93;0;115;140;7;45;46.000000;0.000000;0.000000;2220.000000;2220.000000;100.000000;0.000000;0.000000;-nan;        19s 868ms 114μs 389ns;            249ms 908μs 274ns
1c5999;89;0;120;139;7;45;46.000000;0.000000;0.000000;2219.000000;2219.000000;100.000000;0.000000;0.000000;-nan;        18s 852ms 248μs 291ns;            399ms 729μs 488ns
1c59ab;61;0;100;99;6;46;46.000000;46.000000;100.000000;2221.000000;2221.000000;100.000000;0.000000;0.000000;-nan;        15s 902ms 760μs 139ns;                          0ns
1c59bf;65;0;95;100;6;46;46.000000;46.000000;100.000000;2217.000000;2217.000000;100.000000;0.000000;0.000000;-nan;        16s 886ms 165μs 576ns;                          0ns
1c59d7;94;0;117;136;7;45;46.000000;0.000000;0.000000;2222.000000;2222.000000;100.000000;0.000000;0.000000;-nan;        20s  97ms 896μs 584ns;            441ms 195μs 834ns
1c59f1;121;8;135;178;8;45;47.000000;0.000000;0.000000;2224.000000;2224.000000;100.044984;0.000000;0.000000;-nan;        20s 268ms 495μs 414ns;         1s  21ms 348μs 851ns
1c5a00;135;0;133;174;8;47;49.000000;0.000000;0.000000;2230.000000;2230.000000;100.000000;0.000000;0.000000;-nan;        22s 323ms 616μs 971ns;         1s  36ms 219μs 897ns
1c5a18;128;0;137;177;8;45;47.000000;0.000000;0.000000;2216.000000;2216.000000;100.000000;0.000000;0.000000;-nan;        22s  97ms 233μs 301ns;         1s 748ms 680μs 419ns
45d49;113;0;35;82;8;26;31.000000;0.000000;0.000000;1150.000000;1150.000000;100.000000;0.000000;0.000000;-nan;        12s 137ms 536μs 526ns;            412ms 783μs 916ns
45d4e;97;0;39;118;9;26;33.000000;0.000000;0.000000;1148.000000;1148.000000;99.739357;0.000000;0.000000;-nan;        17s 359ms 147μs 504ns;            647ms 480μs 211ns
45d61;122;0;66;108;11;26;41.000000;0.000000;0.000000;1148.000000;1148.000000;99.912968;0.000000;0.000000;-nan;        21s 978ms 869μs 612ns;         1s 977ms 567μs 789ns
45d78;134;0;62;116;11;24;36.000000;0.000000;0.000000;1143.000000;1143.000000;99.738220;0.000000;0.000000;-nan;        22s  13ms 915μs 820ns;         1s 247ms 443μs 270ns
45d85;143;0;111;158;10;38;45.000000;0.000000;0.000000;1148.000000;1148.000000;100.087184;0.000000;0.000000;-nan;        20s 617ms 583μs 830ns;         4s  23ms 118μs   9ns
45d8f;48;0;32;88;6;22;23.000000;0.000000;0.000000;1145.000000;1145.000000;100.000000;0.000000;0.000000;-nan;         9s 387ms 972μs 794ns;            342ms 429μs 876ns
45d9c;111;0;63;98;10;26;37.000000;0.000000;0.000000;1148.000000;1148.000000;100.437445;0.000000;0.000000;-nan;        21s 916ms 416μs 710ns;         1s 430ms 554μs 647ns
45da4;53;0;21;100;6;24;25.000000;0.000000;0.000000;1142.000000;1142.000000;100.000000;0.000000;0.000000;-nan;         8s 505ms  85μs 165ns;            411ms 368μs 910ns
45daa;229;0;78;193;18;25;95.000000;0.000000;0.000000;1148.000000;1148.000000;100.349650;0.000000;0.000000;-nan;        25s 911ms 595μs 580ns;         4s  34ms 275μs 415ns
45db9;159;3;78;142;11;48;129.000000;0.000000;0.000000;1148.000000;1148.000000;100.000000;0.000000;0.000000;-nan;        19s 556ms 516μs 979ns;         4s 172ms 961μs 544ns
1c863c;98;0;124;132;7;46;47.000000;0.000000;0.000000;2218.000000;2218.000000;100.000000;0.000000;0.000000;-nan;        19s 253ms 688μs 668ns;            737ms 561μs  93ns
1c8641;97;0;121;136;7;46;47.000000;0.000000;0.000000;2216.000000;2216.000000;100.000000;0.000000;0.000000;-nan;        20s 378ms 736μs 136ns;            600ms 884μs 735ns
1c8650;77;0;107;102;7;45;47.000000;0.000000;0.000000;2221.000000;2221.000000;100.180424;0.000000;0.000000;-nan;        19s 456ms 330μs 664ns;            403ms 633μs 428ns
1c8661;133;0;129;180;8;47;49.000000;0.000000;0.000000;2245.000000;2245.000000;100.223214;0.000000;0.000000;-nan;        23s 529ms 965μs 830ns;         1s  57ms 602μs 561ns
1c8672;64;0;94;102;6;46;46.000000;46.000000;100.000000;2219.000000;2219.000000;100.000000;0.000000;0.000000;-nan;        12s 328ms 926μs 626ns;                          0ns
1c8679;96;0;118;134;7;45;46.000000;0.000000;0.000000;2222.000000;2222.000000;100.000000;0.000000;0.000000;-nan;        18s 133ms 315μs 979ns;            211ms 245μs 914ns
1c868a;95;0;118;135;7;45;46.000000;0.000000;0.000000;2214.000000;2214.000000;100.000000;0.000000;0.000000;-nan;        20s 632ms 841μs 682ns;            201ms 483μs 984ns
1c8699;125;0;143;174;8;45;47.000000;0.000000;0.000000;2220.000000;2220.000000;100.000000;0.000000;0.000000;-nan;        23s 342ms 745μs 386ns;            615ms 489μs 194ns
1c86a6;192;0;183;245;10;45;49.000000;0.000000;0.000000;2223.000000;2223.000000;100.000000;0.000000;0.000000;-nan;        25s 685ms 282μs 989ns;         2s 590ms 972μs 390ns
1c86b6;92;0;118;138;7;45;46.000000;0.000000;0.000000;2221.000000;2221.000000;100.000000;0.000000;0.000000;-nan;        21s 507ms 119μs 256ns;            207ms 201μs  36ns
48a28;374;0;151;325;12;97;130.000000;0.000000;0.000000;1405.000000;1405.000000;111.419508;0.000000;0.000000;-nan;        51s 794ms 662μs  33ns;                        -3863621822875371ns
48a2e;70;0;41;97;8;25;34.000000;0.000000;0.000000;1147.000000;1147.000000;99.652476;0.000000;0.000000;-nan;        19s  68ms  19μs 595ns;            222ms 341μs 206ns
48a38;347;0;141;288;9;92;95.000000;0.000000;0.000000;1151.000000;1151.000000;100.174064;0.000000;0.000000;-nan;        33s 905ms 454μs  54ns;        14s 106ms 396μs 749ns
48a46;164;0;84;144;16;25;65.000000;0.000000;0.000000;1148.000000;1148.000000;99.826087;0.000000;0.000000;-nan;        52s 388ms 554μs 315ns;         1s 889ms 302μs 948ns
48a52;84;0;50;92;7;24;26.000000;0.000000;0.000000;1143.000000;1143.000000;100.000000;0.000000;0.000000;-nan;        14s 702ms 422μs 766ns;            487ms 165μs 993ns
48a5f;60;0;42;66;6;22;23.000000;0.000000;0.000000;1145.000000;1145.000000;100.000000;0.000000;0.000000;-nan;        15s 188ms 669μs 996ns;            449ms 795μs  57ns
48a67;49;0;29;90;6;22;23.000000;0.000000;0.000000;1148.000000;1148.000000;100.000000;0.000000;0.000000;-nan;        15s 312ms 542μs 485ns;            158ms 522μs 546ns
48a70;108;0;41;147;11;24;35.000000;0.000000;0.000000;1146.000000;1146.000000;100.174825;0.000000;0.000000;-nan;        37s 719ms 542μs 762ns;         1s  55ms 119μs 470ns
48a78;64;0;41;63;6;22;23.000000;0.000000;0.000000;1146.000000;1146.000000;100.000000;0.000000;0.000000;-nan;        15s 394ms 243μs 728ns;            335ms 488μs 803ns
48a83;175;0;88;69;15;26;61.000000;0.000000;0.000000;1145.000000;1145.000000;99.825632;0.000000;0.000000;-nan;        52s 838ms 504μs 850ns;         4s 211ms  91μs 950ns
1cb579;94;0;118;136;7;45;46.000000;0.000000;0.000000;2208.000000;2208.000000;100.000000;0.000000;0.000000;-nan;        21s 753ms 383μs 252ns;            254ms 592μs 994ns
1cb57e;94;1;112;141;7;45;46.000000;0.000000;0.000000;2222.000000;2222.000000;100.000000;0.000000;0.000000;-nan;        17s 819ms 708μs 282ns;            404ms 182μs 735ns
1cb58b;138;0;130;174;8;47;49.000000;0.000000;0.000000;2232.000000;2232.000000;100.585849;0.000000;0.000000;-nan;        25s 258ms 135μs 555ns;         1s 443ms 629μs   5ns
1cb5a7;88;0;125;135;7;45;46.000000;0.000000;0.000000;2210.000000;2210.000000;100.000000;0.000000;0.000000;-nan;        22s 923ms 720μs 153ns;            208ms 624μs 864ns
1cb5b8;123;0;140;179;8;45;47.000000;0.000000;0.000000;2221.000000;2221.000000;100.000000;0.000000;0.000000;-nan;        25s  60ms 413μs 698ns;         1s  51ms 336μs 164ns
1cb5cd;93;0;120;135;7;45;46.000000;0.000000;0.000000;2216.000000;2216.000000;100.000000;0.000000;0.000000;-nan;        21s 987ms 659μs 261ns;            257ms 806μs 318ns
1cb5e3;92;0;120;136;7;45;46.000000;0.000000;0.000000;2220.000000;2220.000000;100.000000;0.000000;0.000000;-nan;        23s 104ms  24μs 608ns;            206ms 979μs 563ns
1cb5f1;144;0;124;156;7;59;60.000000;0.000000;0.000000;2226.000000;2226.000000;100.000000;0.000000;0.000000;-nan;        24s 739ms 240μs 836ns;            752ms 373μs 523ns
1cb600;91;8;108;141;7;45;46.000000;0.000000;0.000000;2218.000000;2218.000000;100.000000;0.000000;0.000000;-nan;        21s 569ms 623μs 271ns;            241ms 128μs 332ns
1cb611;92;0;122;134;7;45;46.000000;0.000000;0.000000;2223.000000;2223.000000;100.000000;0.000000;0.000000;-nan;        24s 837ms  87μs 406ns;            412ms 999μs  64ns
4bb8b;119;0;60;85;13;26;74.000000;0.000000;0.000000;1148.000000;1148.000000;99.826087;0.000000;0.000000;-nan;        50s 248ms 772μs 477ns;         1s 489ms  53μs 749ns
4bb92;192;0;116;164;10;75;119.000000;0.000000;0.000000;1151.000000;1151.000000;100.000000;0.000000;0.000000;-nan;        41s   9ms 234μs  46ns;         3s  17ms 537μs  45ns
4bba2;170;0;88;154;10;38;45.000000;0.000000;0.000000;1150.000000;1150.000000;100.261552;0.000000;0.000000;-nan;        40s 616ms 283μs 529ns;         3s 939ms 898μs 477ns
4bbae;250;0;126;160;16;58;164.000000;0.000000;0.000000;1328.000000;1328.000000;107.967480;0.000000;0.000000;-nan;     1m  1s 769ms 955μs 419ns;                        -7728400861312256ns
4bbb9;272;0;195;203;11;97;137.000000;0.000000;0.000000;1405.000000;1405.000000;100.000000;0.000000;0.000000;-nan;        49s 853ms 170μs 889ns;                        -7728343112245642ns
4bbc3;48;0;17;109;6;24;25.000000;0.000000;0.000000;1146.000000;1146.000000;100.000000;0.000000;0.000000;-nan;        13s 145ms 379μs 133ns;             89ms 954μs 791ns
4bbcd;539;0;236;361;20;50;95.000000;0.000000;0.000000;1148.000000;1148.000000;100.000000;0.000000;0.000000;-nan;     1m  7s 999ms 722μs 959ns;        13s 515ms 387μs 840ns
4bbdd;156;0;78;102;18;26;163.000000;0.000000;0.000000;1148.000000;1148.000000;99.912968;0.000000;0.000000;-nan;     1m  2s 915ms 751μs 584ns;         4s 423ms 285μs 939ns
4bbeb;46;0;26;96;6;22;23.000000;0.000000;0.000000;1145.000000;1145.000000;100.000000;0.000000;0.000000;-nan;        18s 491ms 180μs 803ns;            187ms 321μs 393ns
4bbee;81;0;46;83;7;22;24.000000;0.000000;0.000000;1144.000000;1144.000000;100.000000;0.000000;0.000000;-nan;        19s 146ms 844μs 345ns;            511ms 442μs 570ns
1ce42e;89;0;129;136;7;46;47.000000;0.000000;0.000000;2225.000000;2225.000000;100.000000;0.000000;0.000000;-nan;        21s 312ms 809μs 836ns;            725ms 731μs 302ns
1ce432;89;0;126;133;7;45;46.000000;0.000000;0.000000;2216.000000;2216.000000;100.000000;0.000000;0.000000;-nan;        20s 449ms 988μs 568ns;            201ms 542μs  53ns
1ce446;124;6;135;177;8;45;47.000000;0.000000;0.000000;2219.000000;2219.000000;100.045086;0.000000;0.000000;-nan;        21s 753ms  50μs 871ns;         1s 152ms 548μs 341ns
1ce455;91;0;115;142;7;45;46.000000;0.000000;0.000000;2224.000000;2224.000000;100.000000;0.000000;0.000000;-nan;        21s 572ms 202μs 284ns;            313ms 624μs 310ns
1ce476;92;0;122;134;7;45;46.000000;0.000000;0.000000;2222.000000;2222.000000;100.000000;0.000000;0.000000;-nan;        20s 256ms 649μs 928ns;            193ms 417μs 302ns
1ce48d;93;0;116;139;7;45;46.000000;0.000000;0.000000;2220.000000;2220.000000;100.000000;0.000000;0.000000;-nan;        21s 890ms  27μs 403ns;            200ms 187μs  72ns
1ce49c;90;0;117;141;7;45;46.000000;0.000000;0.000000;2223.000000;2223.000000;100.000000;0.000000;0.000000;-nan;        22s 114ms 125μs 821ns;            203ms 308μs 535ns
1ce4a7;94;0;115;139;7;45;46.000000;0.000000;0.000000;2219.000000;2219.000000;100.000000;0.000000;0.000000;-nan;        20s  31ms 215μs 472ns;            206ms 945μs 454ns
1ce4b8;105;0;107;132;7;47;48.000000;0.000000;0.000000;2230.000000;2230.000000;100.000000;0.000000;0.000000;-nan;        23s 171ms 674μs 563ns;            279ms 550μs 150ns
1ce4c9;125;0;141;176;8;45;47.000000;0.000000;0.000000;2221.000000;2221.000000;100.000000;0.000000;0.000000;-nan;        23s 323ms  51μs 905ns;         1s 162ms 285μs 379ns
4f30c;155;0;91;166;10;38;45.000000;0.000000;0.000000;1149.000000;1149.000000;99.913043;0.000000;0.000000;-nan;        31s 423ms 611μs 138ns;         3s 916ms 547μs 479ns
4f311;118;0;72;106;9;36;49.000000;0.000000;0.000000;1151.000000;1151.000000;100.174064;0.000000;0.000000;-nan;        31s 367ms 176μs 406ns;            965ms 886μs 185ns
4f31e;579;0;226;389;25;26;61.000000;0.000000;0.000000;1152.000000;1152.000000;100.086881;0.000000;0.000000;-nan;        48s 578ms 126μs 411ns;        28s  25ms 469μs 589ns
4f328;323;0;175;250;18;46;97.000000;0.000000;0.000000;1146.000000;1146.000000;99.912816;0.000000;0.000000;-nan;        45s 821ms 698μs 771ns;         9s 764ms 816μs 703ns
4f336;150;0;65;155;11;31;44.000000;0.000000;0.000000;1149.000000;1149.000000;100.437063;0.000000;0.000000;-nan;        34s 934ms 462μs 749ns;         2s 704ms 134μs 574ns
4f343;199;0;73;184;9;43;47.000000;0.000000;0.000000;1152.000000;1152.000000;100.611354;0.000000;0.000000;-nan;        32s 713ms 316μs 870ns;         3s 119ms 375μs 419ns
4f34f;113;0;34;83;8;26;31.000000;0.000000;0.000000;1146.000000;1146.000000;100.350263;0.000000;0.000000;-nan;        30s 458ms 980μs 507ns;         1s 171ms  71μs 176ns
4f359;54;0;24;90;6;23;24.000000;0.000000;0.000000;1143.000000;1143.000000;100.000000;0.000000;0.000000;-nan;        13s 359ms 439μs 224ns;            336ms 981μs 661ns
4f35f;50;0;27;91;6;22;23.000000;0.000000;0.000000;1148.000000;1148.000000;100.000000;0.000000;0.000000;-nan;        19s 270ms 468μs 596ns;            118ms 490μs 805ns
4f369;64;0;41;63;6;22;23.000000;0.000000;0.000000;1148.000000;1148.000000;100.174520;0.000000;0.000000;-nan;        19s 942ms 699μs  16ns;            641ms 660μs 118ns
34fe79;23;0;40;43;5;19;19.000000;19.000000;100.000000;736.000000;736.000000;100.000000;0.000000;0.000000;-nan;         6s 924ms 168μs 625ns;                          0ns
34fe7d;536;0;312;357;23;45;79.000000;0.000000;0.000000;1148.000000;1148.000000;100.000000;0.000000;0.000000;-nan;     1m 46s 915ms 129μs  21ns;        34s 482ms 933μs 914ns
34fe85;1436;0;371;1121;45;43;139.000000;0.000000;0.000000;1146.000000;1146.000000;103.616637;0.000000;0.000000;-nan;     2m 25s 135ms  16μs 656ns;     1m 19s 587ms 367μs  33ns
34fe8a;142;0;18;128;8;27;30.000000;0.000000;0.000000;694.000000;694.000000;105.792683;0.000000;0.000000;-nan;        28s 273ms 290μs  47ns;                        -7976942380247081ns
34fe95;104;0;293;199;12;87;161.000000;0.000000;0.000000;1148.000000;1148.000000;143.320849;0.000000;0.000000;-nan;     1m 11s 945ms 535μs 648ns;                        -1994228718576486ns
34fea0;50;0;147;123;8;53;108.000000;53.000000;49.074074;1143.000000;1143.000000;100.000000;0.000000;0.000000;-nan;        28s 535ms 593μs  84ns;            284ms 806μs 965ns
34feb7;392;0;67;261;11;103;166.000000;0.000000;0.000000;1007.000000;1007.000000;123.558282;0.000000;0.000000;-nan;     1m 10s 767ms 383μs 367ns;                        -3988510696929133ns
34fec7;206;0;65;175;14;40;113.000000;0.000000;0.000000;1141.000000;1141.000000;102.057245;0.000000;0.000000;-nan;     1m 20s 297ms 863μs  54ns;         2s 396ms 232μs 172ns
34fed7;539;0;128;489;14;60;145.000000;0.000000;0.000000;783.000000;783.000000;102.086050;0.000000;0.000000;-nan;     3m  3s 333ms 153μs 701ns;                        -28920865942030481ns
34fee1;86;0;60;72;13;18;152.000000;0.000000;0.000000;783.000000;783.000000;100.000000;0.000000;0.000000;-nan;     1m 11s 739ms 122μs 302ns;                        -12962690594865280ns
1d1233;123;3;136;179;8;45;47.000000;0.000000;0.000000;2223.000000;2223.000000;100.045005;0.000000;0.000000;-nan;        20s   8ms 105μs 359ns;         1s 113ms 708μs 109ns
1d123c;95;0;115;138;7;45;46.000000;0.000000;0.000000;2220.000000;2220.000000;100.000000;0.000000;0.000000;-nan;        20s 279ms 678μs 457ns;            203ms 537μs 343ns
1d1255;126;0;139;177;8;45;47.000000;0.000000;0.000000;2223.000000;2223.000000;100.090050;0.000000;0.000000;-nan;        25s 479ms 704μs 165ns;         1s 748ms 890μs 573ns
1d1270;98;0;122;134;7;46;47.000000;0.000000;0.000000;2224.000000;2224.000000;100.000000;0.000000;0.000000;-nan;        22s 678ms 653μs 144ns;            683ms 888μs 176ns
1d1284;125;0;138;179;8;45;47.000000;0.000000;0.000000;2223.000000;2223.000000;100.451875;0.000000;0.000000;-nan;        25s 715ms 224μs  35ns;         1s 126ms 767μs 652ns
1d1294;125;0;140;177;8;45;47.000000;0.000000;0.000000;2218.000000;2218.000000;100.000000;0.000000;0.000000;-nan;        26s 865ms 393μs 778ns;            782ms 314μs 941ns
1d12a2;96;0;121;127;7;47;48.000000;0.000000;0.000000;2219.000000;2219.000000;100.000000;0.000000;0.000000;-nan;        25s 938ms 776μs  58ns;            496ms  61μs 899ns
1d12b4;101;0;114;139;7;46;47.000000;0.000000;0.000000;2212.000000;2212.000000;100.000000;0.000000;0.000000;-nan;        22s 947ms 325μs 436ns;            203ms  58μs 917ns
1d12bf;127;0;139;176;8;45;47.000000;0.000000;0.000000;2223.000000;2223.000000;100.000000;0.000000;0.000000;-nan;        27s 127ms  91μs 657ns;            840ms 736μs 238ns
1d12d0;135;0;129;170;8;46;48.000000;0.000000;0.000000;2220.000000;2220.000000;100.180505;0.000000;0.000000;-nan;        27s 286ms 666μs 602ns;         1s 868ms 255μs 422ns
52943;206;0;102;180;14;27;41.000000;0.000000;0.000000;1149.000000;1149.000000;100.000000;0.000000;0.000000;-nan;        40s 237ms 571μs 549ns;         3s 129ms 470μs  55ns
52947;246;0;134;224;9;67;70.000000;0.000000;0.000000;1783.000000;1783.000000;103.843914;0.000000;0.000000;-nan;        33s 457ms 739μs 154ns;         2s 334ms 161μs  83ns
52954;396;0;234;240;20;41;83.000000;0.000000;0.000000;1147.000000;1147.000000;99.652476;0.000000;0.000000;-nan;        47s 823ms 208μs 969ns;        25s  80ms 862μs 215ns
5295f;136;0;62;122;11;25;37.000000;0.000000;0.000000;1150.000000;1150.000000;100.261552;0.000000;0.000000;-nan;        35s 827ms 182μs 592ns;         1s 143ms 816μs 639ns
5296c;169;0;96;125;16;26;73.000000;0.000000;0.000000;1148.000000;1148.000000;100.000000;0.000000;0.000000;-nan;        43s 310ms 398μs 871ns;         2s 800ms 526μs 343ns
52977;67;0;30;113;7;22;24.000000;0.000000;0.000000;1145.000000;1145.000000;100.174978;0.000000;0.000000;-nan;        14s 472ms 891μs 300ns;            612ms 310μs 227ns
52981;44;0;26;98;6;22;23.000000;0.000000;0.000000;1144.000000;1144.000000;100.000000;0.000000;0.000000;-nan;        13s 171ms 241μs 166ns;            154ms 854μs 500ns
52994;60;0;42;66;6;22;23.000000;0.000000;0.000000;1145.000000;1145.000000;100.000000;0.000000;0.000000;-nan;        14s 398ms 276μs 501ns;            384ms 922μs 264ns
5299e;215;0;100;151;18;28;149.000000;0.000000;0.000000;1150.000000;1150.000000;100.000000;0.000000;0.000000;-nan;        47s 671ms 201μs 596ns;         8s 848ms 471μs  74ns
529a6;191;0;82;183;9;43;47.000000;0.000000;0.000000;1151.000000;1151.000000;100.436300;0.000000;0.000000;-nan;        32s 955ms 691μs 751ns;         3s 233ms 820μs 131ns
1d42de;105;0;107;132;7;47;48.000000;0.000000;0.000000;2229.000000;2229.000000;100.000000;0.000000;0.000000;-nan;        23s 331ms 436μs 674ns;            322ms 503μs 879ns
1d42e5;91;0;117;140;7;45;46.000000;0.000000;0.000000;2217.000000;2217.000000;100.000000;0.000000;0.000000;-nan;        20s 393ms 599μs 365ns;            204ms 497μs 173ns
1d42ec;133;0;133;176;8;47;49.000000;0.000000;0.000000;2240.000000;2240.000000;100.178891;0.000000;0.000000;-nan;        24s 938ms 328μs 280ns;         1s 821ms 701μs 498ns
1d42fd;123;0;146;173;8;45;47.000000;0.000000;0.000000;2219.000000;2219.000000;100.000000;0.000000;0.000000;-nan;        24s 706ms 607μs 818ns;            741ms 297μs 453ns
1d4304;92;0;119;137;7;45;46.000000;0.000000;0.000000;2225.000000;2225.000000;100.000000;0.000000;0.000000;-nan;        22s 167ms 475μs 803ns;            310ms 235μs 808ns
1d4315;125;0;139;178;8;45;47.000000;0.000000;0.000000;2223.000000;2223.000000;100.225428;0.000000;0.000000;-nan;        24s 524ms 909μs 222ns;            824ms 673μs 454ns
1d4324;138;0;133;171;8;47;49.000000;0.000000;0.000000;2222.000000;2222.000000;100.000000;0.000000;0.000000;-nan;        25s 199ms 854μs 644ns;         1s 524ms 317μs 574ns
1d4333;85;20;108;135;7;45;46.000000;0.000000;0.000000;2224.000000;2224.000000;100.000000;0.000000;0.000000;-nan;        12s 679ms 450μs 905ns;            197ms 238μs 173ns
1d433c;99;0;116;139;7;46;47.000000;0.000000;0.000000;2221.000000;2221.000000;100.045045;0.000000;0.000000;-nan;        22s 366ms  74μs 244ns;            671ms 865μs 148ns
1d436b;91;0;118;139;7;45;46.000000;0.000000;0.000000;2221.000000;2221.000000;100.000000;0.000000;0.000000;-nan;        23s 609ms 726μs 185ns;            258ms  78μs 218ns
55ec2;82;0;54;68;9;28;0.000000;0.000000;-nan;1230.000000;1230.000000;100.000000;0.000000;0.000000;-nan;        19s 129ms 733μs 406ns;                        -3865854283015697ns
55ec7;65;0;26;97;6;26;27.000000;0.000000;0.000000;1150.000000;1150.000000;100.000000;0.000000;0.000000;-nan;         6s 779ms 287μs 214ns;            329ms 870μs 838ns
55ed0;314;0;73;285;17;25;48.000000;0.000000;0.000000;1148.000000;1148.000000;99.739357;0.000000;0.000000;-nan;        26s 950ms 418μs 478ns;         4s  91ms 577μs 573ns
55ee4;127;0;80;115;9;40;53.000000;0.000000;0.000000;1146.000000;1146.000000;99.912816;0.000000;0.000000;-nan;        17s 498ms  28μs 847ns;            965ms 153μs 119ns
55ef4;74;0;44;70;6;26;27.000000;0.000000;0.000000;1149.000000;1149.000000;100.000000;0.000000;0.000000;-nan;         9s  91ms 496μs  97ns;            295ms 944μs 130ns
55f06;47;0;27;94;6;22;23.000000;0.000000;0.000000;1145.000000;1145.000000;100.000000;0.000000;0.000000;-nan;         8s 815ms 232μs 901ns;            328ms 568μs 358ns
55f0c;264;0;108;194;17;34;75.000000;0.000000;0.000000;1151.000000;1151.000000;100.261324;0.000000;0.000000;-nan;        27s 133ms 314μs 512ns;         7s 893ms 709μs 815ns
55f16;99;0;43;136;8;37;50.000000;0.000000;0.000000;1148.000000;1148.000000;100.437445;0.000000;0.000000;-nan;        14s  11ms 723μs 173ns;            487ms 560μs 604ns
55f23;77;3;34;96;7;22;24.000000;0.000000;0.000000;1146.000000;1146.000000;100.000000;0.000000;0.000000;-nan;         8s 686ms 291μs 822ns;            641ms 127μs 619ns
55f2d;132;0;65;115;9;38;55.000000;0.000000;0.000000;1150.000000;1150.000000;100.524476;0.000000;0.000000;-nan;        19s 681ms 223μs 328ns;         1s 514ms 780μs 801ns
1d722a;65;0;95;100;6;46;46.000000;46.000000;100.000000;2225.000000;2225.000000;100.000000;0.000000;0.000000;-nan;        14s 429ms 910μs 465ns;                          0ns
1d722e;92;0;114;142;7;45;46.000000;0.000000;0.000000;2218.000000;2218.000000;100.000000;0.000000;0.000000;-nan;        19s 309ms 322μs 419ns;            455ms 529μs 107ns
1d723c;65;0;97;98;6;46;46.000000;46.000000;100.000000;2223.000000;2223.000000;100.000000;0.000000;0.000000;-nan;        14s 188ms 707μs 554ns;                          0ns
1d724d;97;0;112;135;7;47;48.000000;0.000000;0.000000;2247.000000;2247.000000;100.000000;0.000000;0.000000;-nan;        20s 937ms 166μs 970ns;            204ms 462μs 508ns
1d725e;92;0;124;132;7;45;46.000000;0.000000;0.000000;2222.000000;2222.000000;100.000000;0.000000;0.000000;-nan;        18s 300ms 341μs 679ns;            193ms 484μs 227ns
1d726b;124;0;136;182;8;45;47.000000;0.000000;0.000000;2225.000000;2225.000000;100.044964;0.000000;0.000000;-nan;        21s  87ms 576μs 378ns;         1s 360ms 341μs 204ns
1d7277;93;0;119;136;7;45;46.000000;0.000000;0.000000;2221.000000;2221.000000;100.000000;0.000000;0.000000;-nan;        20s 235ms  82μs 530ns;            206ms 587μs 102ns
1d7284;92;0;117;139;7;45;46.000000;0.000000;0.000000;2220.000000;2220.000000;100.000000;0.000000;0.000000;-nan;        20s 743ms 391μs 799ns;            399ms 750μs 563ns
1d7291;88;0;119;141;7;45;46.000000;0.000000;0.000000;2219.000000;2219.000000;100.000000;0.000000;0.000000;-nan;        20s 545ms 988μs 411ns;            207ms 336μs 363ns
1d72a3;91;0;122;135;7;45;46.000000;0.000000;0.000000;2217.000000;2217.000000;100.000000;0.000000;0.000000;-nan;        20s 414ms 999μs 904ns;            201ms 481μs 934ns
58c9f;175;0;125;174;8;90;120.000000;0.000000;0.000000;1230.000000;1230.000000;100.000000;0.000000;0.000000;-nan;        27s 973ms 669μs 248ns;                        -966580447442350ns
58ca6;274;0;121;179;21;27;112.000000;0.000000;0.000000;1151.000000;1151.000000;100.000000;0.000000;0.000000;-nan;     1m     413ms 495μs  72ns;         7s 117ms 715μs 291ns
58cb3;74;0;39;87;6;28;29.000000;0.000000;0.000000;1147.000000;1147.000000;100.174672;0.000000;0.000000;-nan;        10s 659ms 573μs 660ns;            402ms 725μs 272ns
58cc1;252;0;152;196;13;52;110.000000;0.000000;0.000000;1148.000000;1148.000000;100.087184;0.000000;0.000000;-nan;        44s 532ms 208μs 877ns;        16s 510ms 965μs 759ns
58ccb;133;0;75;106;11;25;36.000000;0.000000;0.000000;1148.000000;1148.000000;100.000000;0.000000;0.000000;-nan;        38s 680ms 220μs 825ns;         1s 930ms 946μs  80ns
58cd6;49;0;18;101;6;22;23.000000;0.000000;0.000000;1143.000000;1143.000000;100.000000;0.000000;0.000000;-nan;        14s 715ms 479μs 690ns;            140ms  51μs 860ns
58ce0;567;0;255;392;21;51;85.000000;0.000000;0.000000;1149.000000;1149.000000;100.000000;0.000000;0.000000;-nan;     1m     256ms 397μs 726ns;        49s 634ms 707μs 878ns
58ce9;139;0;59;128;8;44;59.000000;0.000000;0.000000;1143.000000;1143.000000;99.738220;0.000000;0.000000;-nan;        27s 917ms 537μs 961ns;         1s   7ms 596μs 681ns
58cf5;153;0;72;125;15;26;67.000000;0.000000;0.000000;1151.000000;1151.000000;100.611888;0.000000;0.000000;-nan;        48s  61ms 404μs 319ns;         2s 585ms 208μs 331ns
58d02;196;0;95;155;11;33;41.000000;0.000000;0.000000;1148.000000;1148.000000;99.826087;0.000000;0.000000;-nan;        41s 683ms 716μs 946ns;         2s  64ms 639μs 135ns
1d9e49;134;0;142;166;8;47;49.000000;0.000000;0.000000;2245.000000;2245.000000;100.717811;0.000000;0.000000;-nan;        22s  41ms 488μs 437ns;         1s 486ms 421μs 149ns
1d9e50;88;0;117;143;7;45;46.000000;0.000000;0.000000;2221.000000;2221.000000;100.000000;0.000000;0.000000;-nan;        20s 228ms 224μs 164ns;            249ms 590μs 123ns
1d9e59;98;0;133;139;7;51;52.000000;0.000000;0.000000;2223.000000;2223.000000;100.000000;0.000000;0.000000;-nan;        20s 940ms 225μs 744ns;            291ms 629μs 392ns
1d9e69;91;0;117;140;7;45;46.000000;0.000000;0.000000;2222.000000;2222.000000;100.000000;0.000000;0.000000;-nan;        20s  84ms 487μs 209ns;            203ms 795μs 216ns
1d9e73;93;0;115;140;7;45;46.000000;0.000000;0.000000;2220.000000;2220.000000;100.000000;0.000000;0.000000;-nan;        18s 158ms 801μs 972ns;            222ms 371μs 682ns
1d9e7e;89;8;111;140;7;45;46.000000;0.000000;0.000000;2217.000000;2217.000000;100.000000;0.000000;0.000000;-nan;        17s 102ms 216μs 986ns;            553ms  92μs 261ns
1d9e91;67;0;97;88;6;48;48.000000;48.000000;100.000000;2232.000000;2232.000000;100.000000;0.000000;0.000000;-nan;        19s 865ms 155μs 837ns;                          0ns
1d9ea6;88;0;124;136;7;45;46.000000;0.000000;0.000000;2219.000000;2219.000000;100.000000;0.000000;0.000000;-nan;        17s 305ms 688μs 969ns;            194ms 351μs 114ns
1d9eb8;93;0;116;139;7;45;46.000000;0.000000;0.000000;2218.000000;2218.000000;100.000000;0.000000;0.000000;-nan;        20s 477ms 585μs 391ns;            392ms 831μs  79ns
1d9ed2;92;0;116;146;7;46;47.000000;0.000000;0.000000;2224.000000;2224.000000;100.000000;0.000000;0.000000;-nan;        20s 725ms 246μs 161ns;            719ms 314μs 594ns
5c63a;449;0;44;329;8;114;115.000000;0.000000;0.000000;1152.000000;1152.000000;100.000000;0.000000;0.000000;-nan;        50s 509ms 319μs  41ns;            600ms 224μs 429ns
5c641;57;0;33;90;6;25;26.000000;0.000000;0.000000;1212.000000;1212.000000;100.000000;0.000000;0.000000;-nan;        15s 379ms  82μs 385ns;            141ms   8μs 106ns
5c64e;150;0;102;110;11;31;41.000000;0.000000;0.000000;1230.000000;1230.000000;100.244499;0.000000;0.000000;-nan;        56s 948ms 963μs  46ns;                        -6767215438635754ns
5c658;404;0;140;330;16;51;89.000000;0.000000;0.000000;1147.000000;1147.000000;99.825936;0.000000;0.000000;-nan;     1m  9s  30ms 481μs 294ns;        12s 973ms 466μs 136ns
5c665;176;0;95;157;11;35;44.000000;0.000000;0.000000;1146.000000;1146.000000;99.652174;0.000000;0.000000;-nan;        57s 698ms 585μs 864ns;         2s 311ms 476μs 939ns
5c672;122;0;66;98;12;29;82.000000;0.000000;0.000000;1148.000000;1148.000000;99.739357;0.000000;0.000000;-nan;     1m  1s 567ms 692μs 396ns;         1s 242ms 959μs 627ns
5c67b;131;0;55;136;10;27;35.000000;0.000000;0.000000;1150.000000;1150.000000;100.261552;0.000000;0.000000;-nan;        51s 988ms  80μs 766ns;         1s 272ms 972μs 253ns
5c687;83;0;49;78;7;22;24.000000;0.000000;0.000000;1146.000000;1146.000000;100.000000;0.000000;0.000000;-nan;        25s 912ms 249μs 378ns;            611ms 252μs 894ns
5c68d;389;0;190;265;22;47;157.000000;0.000000;0.000000;1146.000000;1146.000000;100.087336;0.000000;0.000000;-nan;     1m 17s  89ms 369μs 212ns;        13s 956ms 196μs 114ns
5c6a0;52;0;29;87;6;22;23.000000;0.000000;0.000000;1148.000000;1148.000000;100.000000;0.000000;0.000000;-nan;        26s  95ms 387μs  50ns;            190ms 293μs  20ns
1dcb50;280;0;221;289;13;61;91.000000;0.000000;0.000000;2215.000000;2215.000000;100.000000;0.000000;0.000000;-nan;        30s 688ms 662μs 737ns;         9s   7ms 878μs 698ns
1dcb59;93;1;114;140;7;45;46.000000;0.000000;0.000000;2220.000000;2220.000000;100.000000;0.000000;0.000000;-nan;        10s 700ms 764μs 162ns;            197ms 468μs 308ns
1dcb66;93;0;119;136;7;45;46.000000;0.000000;0.000000;2221.000000;2221.000000;100.000000;0.000000;0.000000;-nan;        17s 391ms  71μs 322ns;            427ms 616μs 159ns
1dcb7c;91;0;114;143;7;45;46.000000;0.000000;0.000000;2222.000000;2222.000000;100.000000;0.000000;0.000000;-nan;        19s  79ms 993μs 869ns;            222ms 481μs 608ns
1dcb96;72;0;114;100;7;45;47.000000;0.000000;0.000000;2219.000000;2219.000000;100.000000;0.000000;0.000000;-nan;        20s 106ms 785μs  53ns;            604ms 261μs 358ns
1dcbac;125;0;140;177;8;45;47.000000;0.000000;0.000000;2225.000000;2225.000000;100.000000;0.000000;0.000000;-nan;        21s 517ms 554μs 494ns;         1s 345ms 838μs 532ns
1dcbbd;87;0;124;137;7;45;46.000000;0.000000;0.000000;2217.000000;2217.000000;100.000000;0.000000;0.000000;-nan;        20s 485ms 470μs 612ns;            267ms 949μs 551ns
1dcbca;160;0;155;207;9;45;48.000000;0.000000;0.000000;2218.000000;2218.000000;100.000000;0.000000;0.000000;-nan;        24s 174ms 429μs 900ns;         1s 423ms 290μs  55ns
1dcbda;73;0;106;91;7;45;48.000000;0.000000;0.000000;2216.000000;2216.000000;100.000000;0.000000;0.000000;-nan;        22s 481ms 145μs 364ns;            238ms 831μs 527ns
1dcbe7;93;0;118;137;7;45;46.000000;0.000000;0.000000;2223.000000;2223.000000;100.000000;0.000000;0.000000;-nan;        20s 351ms 208μs  80ns;            205ms 998μs 657ns
5ff3f;287;0;152;293;10;91;107.000000;0.000000;0.000000;1899.000000;1899.000000;100.000000;0.000000;0.000000;-nan;        44s 338ms 477μs 710ns;                        -2900731644899932ns
5ff44;142;0;64;160;8;48;55.000000;0.000000;0.000000;1150.000000;1150.000000;99.913119;0.000000;0.000000;-nan;        26s 279ms 159μs 263ns;         1s 305ms  11μs 938ns
5ff4f;147;0;55;116;11;28;76.000000;0.000000;0.000000;1151.000000;1151.000000;100.174064;0.000000;0.000000;-nan;        44s 987ms 911μs 929ns;         1s 232ms 465μs 517ns
5ff5c;146;0;124;160;7;60;61.000000;0.000000;0.000000;1150.000000;1150.000000;100.000000;0.000000;0.000000;-nan;        22s 985ms 642μs  26ns;         1s 570ms 927μs 264ns
5ff69;48;0;27;93;6;22;23.000000;0.000000;0.000000;1148.000000;1148.000000;100.000000;0.000000;0.000000;-nan;        16s  65ms 559μs 231ns;             92ms 129μs 263ns
5ff74;307;0;100;271;14;61;148.000000;0.000000;0.000000;1148.000000;1148.000000;100.437445;0.000000;0.000000;-nan;        54s  70ms 120μs 689ns;        10s 157ms 162μs 838ns
5ff7d;66;0;32;96;6;27;28.000000;0.000000;0.000000;1147.000000;1147.000000;100.000000;0.000000;0.000000;-nan;        17s 600ms 150μs 595ns;            248ms 380μs 694ns
5ff89;212;0;66;212;10;32;49.000000;0.000000;0.000000;1146.000000;1146.000000;100.174825;0.000000;0.000000;-nan;        42s 874ms 865μs 912ns;         1s 170ms 748μs 503ns
5ff93;98;0;59;79;9;30;45.000000;0.000000;0.000000;1150.000000;1150.000000;100.349040;0.000000;0.000000;-nan;        35s 823ms 617μs  67ns;         1s 544ms 664μs 979ns
5ffa0;154;0;72;142;11;32;46.000000;0.000000;0.000000;1148.000000;1148.000000;100.262009;0.000000;0.000000;-nan;        44s 994ms 236μs 944ns;         2s 520ms 825μs 706ns
63302;68;0;34;92;6;27;28.000000;0.000000;0.000000;1150.000000;1150.000000;100.000000;0.000000;0.000000;-nan;        10s 394ms 728μs 150ns;            393ms 765μs 917ns
63307;145;0;57;168;7;51;52.000000;0.000000;0.000000;1170.000000;1170.000000;100.000000;0.000000;0.000000;-nan;        13s 977ms 243μs 959ns;            391ms 857μs 535ns
63311;39;0;30;99;6;23;24.000000;0.000000;0.000000;1142.000000;1142.000000;100.000000;0.000000;0.000000;-nan;         7s 241ms 521μs 624ns;            157ms 240μs 964ns
6331d;61;0;43;64;6;22;23.000000;0.000000;0.000000;1144.000000;1144.000000;100.000000;0.000000;0.000000;-nan;        10s 293ms 873μs 568ns;            344ms 338μs 444ns
63329;173;0;91;150;13;45;114.000000;0.000000;0.000000;1149.000000;1149.000000;100.524934;0.000000;0.000000;-nan;        23s 700ms 978μs 222ns;         2s 552ms 979μs 755ns
6333a;130;0;55;97;13;25;64.000000;0.000000;0.000000;1145.000000;1145.000000;100.000000;0.000000;0.000000;-nan;        23s 536ms 113μs 338ns;         1s 907ms 825μs 338ns
63346;163;0;71;138;8;44;47.000000;0.000000;0.000000;1148.000000;1148.000000;100.613497;0.000000;0.000000;-nan;        16s 606ms 920μs 320ns;         5s 246ms 545μs 692ns
63351;52;0;21;95;6;22;23.000000;0.000000;0.000000;1146.000000;1146.000000;100.000000;0.000000;0.000000;-nan;        10s 485ms  70μs 228ns;            219ms 463μs 991ns
6335c;107;0;51;98;9;32;51.000000;0.000000;0.000000;1148.000000;1148.000000;100.000000;0.000000;0.000000;-nan;        17s 822ms 533μs 547ns;            709ms 460μs  46ns
63364;168;0;73;131;19;25;128.000000;0.000000;0.000000;1146.000000;1146.000000;99.912816;0.000000;0.000000;-nan;        26s 142ms 564μs 281ns;         3s 905ms  38μs 491ns
65e21;64;0;32;78;6;24;25.000000;0.000000;0.000000;1148.000000;1148.000000;100.525394;0.000000;0.000000;-nan;         6s 743ms 375μs  11ns;            508ms 892μs  92ns
65e26;107;0;62;117;10;33;52.000000;0.000000;0.000000;1148.000000;1148.000000;99.826087;0.000000;0.000000;-nan;        15s 532ms 487μs 659ns;         1s  47ms 717μs 351ns
65e36;154;0;80;174;13;24;40.000000;0.000000;0.000000;1148.000000;1148.000000;99.912968;0.000000;0.000000;-nan;        19s 251ms 532μs 299ns;         2s 486ms 828μs 121ns
65e47;101;0;40;117;9;28;37.000000;0.000000;0.000000;1146.000000;1146.000000;99.912816;0.000000;0.000000;-nan;        15s 420ms 433μs 671ns;         1s  66ms 698μs 723ns
65e53;60;0;41;67;6;22;23.000000;0.000000;0.000000;1144.000000;1144.000000;100.000000;0.000000;0.000000;-nan;         8s 968ms 583μs 112ns;            205ms 416μs 266ns
65e5c;160;0;105;113;13;36;88.000000;0.000000;0.000000;1148.000000;1148.000000;100.262009;0.000000;0.000000;-nan;        19s 259ms 785μs 630ns;         6s 140ms 271μs 215ns
65e65;61;0;43;113;7;23;25.000000;0.000000;0.000000;1149.000000;1149.000000;99.826238;0.000000;0.000000;-nan;         9s 622ms 998μs 427ns;            383ms  12μs 441ns
65e70;133;0;82;91;12;31;64.000000;0.000000;0.000000;1143.000000;1143.000000;100.000000;0.000000;0.000000;-nan;        19s 359ms 775μs 968ns;         1s 408ms  60μs 468ns
65e84;84;0;37;89;7;22;24.000000;0.000000;0.000000;1146.000000;1146.000000;100.000000;0.000000;0.000000;-nan;        10s 409ms 701μs 680ns;            280ms 545μs 113ns
65e8e;64;0;41;63;6;22;23.000000;0.000000;0.000000;1148.000000;1148.000000;100.000000;0.000000;0.000000;-nan;        10s 534ms 769μs 718ns;            392ms 417μs 948ns
6879c;138;0;55;137;10;29;43.000000;0.000000;0.000000;1151.000000;1151.000000;100.000000;0.000000;0.000000;-nan;        28s 372ms 165μs  43ns;         1s 328ms 840μs 171ns
687a1;56;0;30;94;6;25;26.000000;0.000000;0.000000;1174.000000;1174.000000;100.000000;0.000000;0.000000;-nan;        12s  38ms 409μs 808ns;            102ms 465μs 218ns
687af;269;0;156;197;12;60;74.000000;0.000000;0.000000;1224.000000;1224.000000;105.882353;0.000000;0.000000;-nan;        36s   8ms 337μs 144ns;         3s 131ms 733μs 895ns
687bc;131;0;59;120;13;25;75.000000;0.000000;0.000000;1150.000000;1150.000000;100.087032;0.000000;0.000000;-nan;        34s 799ms  39μs 223ns;         2s 953ms 488μs 755ns
687c7;189;0;117;222;8;57;59.000000;0.000000;0.000000;1150.000000;1150.000000;100.000000;0.000000;0.000000;-nan;        20s 163ms 958μs 180ns;         1s 708ms 212μs 238ns
687d3;60;0;42;66;6;23;24.000000;0.000000;0.000000;1146.000000;1146.000000;100.174825;0.000000;0.000000;-nan;         8s 547ms 342μs   1ns;            312ms 499μs 692ns
687dd;129;0;93;98;11;26;36.000000;0.000000;0.000000;1149.000000;1149.000000;100.174368;0.000000;0.000000;-nan;        34s 751ms 328μs 329ns;         2s  78ms 630μs 109ns
687e7;373;0;118;277;19;26;63.000000;0.000000;0.000000;1145.000000;1145.000000;99.738676;0.000000;0.000000;-nan;        42s 545ms 308μs 846ns;         8s 352ms 625μs 122ns
687f8;59;0;43;66;6;22;23.000000;0.000000;0.000000;1145.000000;1145.000000;100.000000;0.000000;0.000000;-nan;        12s 757ms 997μs 474ns;            410ms 817μs 392ns
68803;457;0;207;301;22;28;83.000000;0.000000;0.000000;1145.000000;1145.000000;99.912740;0.000000;0.000000;-nan;        44s 666ms 343μs 203ns;        28s 937ms 214μs 966ns
6bee1;61;0;61;82;7;28;59.000000;0.000000;0.000000;1230.000000;1230.000000;100.000000;0.000000;0.000000;-nan;        10s 365ms 853μs 592ns;                        -1934823230551555ns
6bee6;140;0;44;104;8;27;30.000000;0.000000;0.000000;1272.000000;1272.000000;101.597444;0.000000;0.000000;-nan;        10s 789ms 221μs 915ns;                        -967416517050334ns
6bef2;59;0;37;78;6;24;25.000000;0.000000;0.000000;1149.000000;1149.000000;100.000000;0.000000;0.000000;-nan;         7s 341ms  81μs 469ns;            217ms 218μs 335ns
6beff;114;0;67;117;11;25;42.000000;0.000000;0.000000;1148.000000;1148.000000;100.174520;0.000000;0.000000;-nan;        19s 299ms 502μs 973ns;         1s 161ms 271μs 403ns
6bf0f;109;0;72;91;10;26;41.000000;0.000000;0.000000;1150.000000;1150.000000;100.524476;0.000000;0.000000;-nan;        17s 134ms 319μs 753ns;         1s  84ms 546μs 564ns
6bf21;59;0;24;97;6;25;26.000000;0.000000;0.000000;1150.000000;1150.000000;100.000000;0.000000;0.000000;-nan;         9s 716ms  15μs 126ns;            286ms 550μs 487ns
6bf31;131;0;73;118;9;40;53.000000;0.000000;0.000000;1150.000000;1150.000000;100.261552;0.000000;0.000000;-nan;        17s  50ms  84μs 355ns;            923ms 322μs 573ns
6bf3d;401;0;129;322;18;43;84.000000;0.000000;0.000000;1148.000000;1148.000000;100.000000;0.000000;0.000000;-nan;        29s 436ms 532μs 893ns;         6s 710ms 928μs 687ns
6bf46;116;0;52;122;10;28;43.000000;0.000000;0.000000;1149.000000;1149.000000;100.349345;0.000000;0.000000;-nan;        18s 576ms 635μs 810ns;         1s 132ms 329μs 383ns
6bf4a;53;0;21;100;6;24;25.000000;0.000000;0.000000;1151.000000;1151.000000;100.000000;0.000000;0.000000;-nan;         8s 384ms 740μs 840ns;            146ms 206μs 774ns
36e452;86;0;30;88;7;28;57.000000;0.000000;0.000000;815.000000;815.000000;101.116625;0.000000;0.000000;-nan;        33s 232ms 370μs 592ns;         1s   5ms 889μs 621ns
36e459;78;0;171;119;12;54;138.000000;0.000000;0.000000;656.000000;656.000000;100.000000;0.000000;0.000000;-nan;     2m  1s 365ms 681μs 994ns;         5s 547ms 460μs 689ns
36e465;479;0;176;441;11;95;112.000000;0.000000;0.000000;1147.000000;1147.000000;100.349956;0.000000;0.000000;-nan;     2m  3s 924ms 478μs 542ns;        10s 769ms 263μs 808ns
36e470;427;0;139;362;11;95;0.000000;0.000000;-nan;1149.000000;1149.000000;112.426614;0.000000;0.000000;-nan;     2m  6s 703ms 203μs 220ns;         3s 788ms 255μs 678ns
36e481;360;0;196;274;14;80;0.000000;0.000000;-nan;783.000000;783.000000;119.178082;0.000000;0.000000;-nan;     2m 21s 539ms 522μs 931ns;                        -24938547202945712ns
36e48c;490;0;149;453;10;85;123.000000;0.000000;0.000000;1151.000000;1151.000000;100.261324;0.000000;0.000000;-nan;     2m     771ms 251μs   8ns;        11s 510ms 157μs  27ns
36e496;133;0;510;323;9;151;155.000000;0.000000;0.000000;783.000000;783.000000;111.221591;0.000000;0.000000;-nan;     1m 26s 213ms  98μs 965ns;            896ms 845μs 232ns
36e4a1;60;0;140;108;6;60;60.000000;60.000000;100.000000;532.000000;532.000000;100.000000;0.000000;0.000000;-nan;        23s 836ms 229μs  33ns;                          0ns
36e4a8;566;0;203;372;26;42;154.000000;0.000000;0.000000;783.000000;783.000000;100.000000;0.000000;0.000000;-nan;     2m 38s 181ms 366μs 173ns;                        -250398787516010123ns
36e4b8;87;0;277;186;8;103;156.000000;103.000000;66.025641;1145.000000;1145.000000;113.704071;0.000000;0.000000;-nan;     1m 34s 775ms 561μs 314ns;                        -997478336099194ns
6ec32;264;0;211;289;13;70;102.000000;0.000000;0.000000;1150.000000;1150.000000;100.000000;0.000000;0.000000;-nan;        30s 468ms 510μs 754ns;         5s 808ms 186μs  42ns
6ec39;168;0;67;139;18;25;129.000000;0.000000;0.000000;1148.000000;1148.000000;100.087184;0.000000;0.000000;-nan;        32s 985ms 840μs 412ns;         3s 983ms  96μs 426ns
6ec43;126;0;63;149;10;29;36.000000;0.000000;0.000000;1151.000000;1151.000000;100.000000;0.000000;0.000000;-nan;        19s 950ms 947μs 809ns;            640ms 416μs 362ns
6ec50;188;0;83;163;12;32;43.000000;0.000000;0.000000;1149.000000;1149.000000;100.612960;0.000000;0.000000;-nan;        27s  18ms 474μs 962ns;         3s 933ms  90μs 300ns
6ec5a;198;0;89;177;17;27;67.000000;0.000000;0.000000;1148.000000;1148.000000;100.437445;0.000000;0.000000;-nan;        32s 276ms 250μs 346ns;         3s 885ms 247μs 799ns
6ec66;59;0;37;78;6;24;25.000000;0.000000;0.000000;1149.000000;1149.000000;100.000000;0.000000;0.000000;-nan;         9s 117ms 158μs 177ns;            340ms  81μs 167ns
6ec6c;54;0;33;81;6;22;23.000000;0.000000;0.000000;1146.000000;1146.000000;100.000000;0.000000;0.000000;-nan;        11s 892ms 321μs 609ns;            253ms 621μs 231ns
6ec7e;108;0;49;89;9;25;32.000000;0.000000;0.000000;1150.000000;1150.000000;100.174216;0.000000;0.000000;-nan;        16s 664ms 766μs 583ns;            911ms 613μs 239ns
6ec86;132;0;67;145;10;30;37.000000;0.000000;0.000000;1149.000000;1149.000000;100.349345;0.000000;0.000000;-nan;        20s  92ms 231μs 566ns;         1s 290ms 222μs 505ns
6ec8f;60;0;42;66;6;22;23.000000;0.000000;0.000000;1144.000000;1144.000000;100.000000;0.000000;0.000000;-nan;        11s 966ms 221μs 849ns;            424ms 203μs 454ns
71c13;262;0;146;168;20;27;75.000000;0.000000;0.000000;1148.000000;1148.000000;99.739357;0.000000;0.000000;-nan;        39s 564ms 922μs 282ns;        13s 389ms 329μs 308ns
71c18;121;0;65;120;8;41;62.000000;0.000000;0.000000;1146.000000;1146.000000;99.912816;0.000000;0.000000;-nan;        15s 629ms 312μs 892ns;            498ms 745μs 886ns
71c27;107;0;67;92;10;26;36.000000;0.000000;0.000000;1151.000000;1151.000000;100.086957;0.000000;0.000000;-nan;        19s 501ms 410μs 902ns;            939ms 564μs 406ns
71c32;43;0;31;100;6;24;25.000000;0.000000;0.000000;1149.000000;1149.000000;100.000000;0.000000;0.000000;-nan;         7s 247ms 439μs  87ns;            258ms 826μs 603ns
71c3b;44;0;27;97;6;22;23.000000;0.000000;0.000000;1144.000000;1144.000000;100.000000;0.000000;0.000000;-nan;         8s 198ms 222μs 347ns;             93ms 248μs 823ns
71c4b;51;0;33;84;6;22;23.000000;0.000000;0.000000;1145.000000;1145.000000;100.000000;0.000000;0.000000;-nan;         8s 667ms 919μs  86ns;            405ms 466μs  71ns
71c5c;213;0;83;160;13;30;47.000000;0.000000;0.000000;1148.000000;1148.000000;100.174520;0.000000;0.000000;-nan;        31s 729ms 295μs 181ns;         2s 410ms 405μs 100ns
71c64;576;0;207;439;27;41;154.000000;0.000000;0.000000;1146.000000;1146.000000;100.262467;0.000000;0.000000;-nan;        48s  46ms 464μs 205ns;     1m  8s 309ms 702μs 591ns
71c6f;179;0;63;176;13;38;106.000000;0.000000;0.000000;1150.000000;1150.000000;100.700525;0.000000;0.000000;-nan;        30s  16ms 988μs  52ns;         3s 810ms 771μs 691ns
71c7b;64;0;41;63;6;22;23.000000;0.000000;0.000000;1148.000000;1148.000000;100.000000;0.000000;0.000000;-nan;        11s  64ms 862μs  32ns;            307ms 908μs 603ns
74ffe;88;0;35;109;9;25;34.000000;0.000000;0.000000;1147.000000;1147.000000;100.000000;0.000000;0.000000;-nan;        25s  86ms 488μs 631ns;            476ms 302μs 218ns
75003;557;0;264;383;24;41;78.000000;0.000000;0.000000;1151.000000;1151.000000;100.000000;0.000000;0.000000;-nan;        51s 421ms 407μs 905ns;        24s 741ms  52μs  74ns
7500d;280;0;148;214;23;25;130.000000;0.000000;0.000000;1147.000000;1147.000000;99.739130;0.000000;0.000000;-nan;        51s 181ms 314μs 629ns;        11s 436ms 309μs 905ns
7501a;131;0;67;118;12;25;53.000000;0.000000;0.000000;1145.000000;1145.000000;99.738676;0.000000;0.000000;-nan;        37s 847ms 626μs 479ns;         1s  13ms 930μs 514ns
75026;147;0;54;165;8;48;55.000000;0.000000;0.000000;1148.000000;1148.000000;100.174520;0.000000;0.000000;-nan;        24s 479ms 951μs 222ns;         1s 292ms  99μs   6ns
75035;242;0;141;227;11;76;119.000000;0.000000;0.000000;1148.000000;1148.000000;99.912968;0.000000;0.000000;-nan;        37s 916ms 664μs 561ns;         3s 334ms 541μs 403ns
75043;51;0;32;85;6;22;23.000000;0.000000;0.000000;1144.000000;1144.000000;100.000000;0.000000;0.000000;-nan;        13s 509ms 664μs 924ns;            370ms 163μs 287ns
7504d;80;0;46;84;7;22;24.000000;0.000000;0.000000;1145.000000;1145.000000;100.000000;0.000000;0.000000;-nan;        16s 160ms 834μs 628ns;            463ms 765μs 454ns
75056;51;0;18;99;6;22;23.000000;0.000000;0.000000;1143.000000;1143.000000;100.000000;0.000000;0.000000;-nan;        13s 801ms 891μs 891ns;             92ms 915μs 137ns
75068;159;0;75;162;7;55;56.000000;0.000000;0.000000;1405.000000;1405.000000;110.717100;0.000000;0.000000;-nan;        22s 631ms 960μs 927ns;                        -3871205226235930ns
78681;443;0;210;325;16;62;87.000000;0.000000;0.000000;1150.000000;1150.000000;100.000000;0.000000;0.000000;-nan;     1m 54s 932ms 580μs 425ns;        27s 800ms  16μs 483ns
78687;106;0;57;107;7;40;42.000000;0.000000;0.000000;1151.000000;1151.000000;100.000000;0.000000;0.000000;-nan;        36s 428ms 283μs 362ns;            219ms 577μs 902ns
78699;2095;0;914;1311;56;31;127.000000;0.000000;0.000000;1148.000000;1148.000000;99.912968;0.000000;0.000000;-nan;     3m 11s 977ms 721μs 605ns;     3m 36s 155ms  31μs 277ns
786a6;322;0;67;277;14;36;58.000000;0.000000;0.000000;1515.000000;1515.000000;107.829181;0.000000;0.000000;-nan;     1m 43s 778ms 256μs  22ns;                        -19359961302415160ns
786ae;140;0;94;150;9;38;47.000000;0.000000;0.000000;1227.000000;1227.000000;99.756098;0.000000;0.000000;-nan;        50s 373ms 349μs 981ns;                        -3871766646594663ns
786bd;152;0;52;126;10;25;32.000000;0.000000;0.000000;1145.000000;1145.000000;99.825632;0.000000;0.000000;-nan;     1m     947ms 232μs 590ns;         1s 451ms 679μs 962ns
786c7;418;0;265;215;19;48;85.000000;0.000000;0.000000;1151.000000;1151.000000;100.611888;0.000000;0.000000;-nan;     2m 11s 191ms 482μs 213ns;        38s 550ms 848μs 939ns
786d5;42;0;24;102;6;22;23.000000;0.000000;0.000000;1145.000000;1145.000000;100.000000;0.000000;0.000000;-nan;        19s  41ms 694μs  96ns;            131ms 982μs  23ns
786e2;44;0;32;92;6;22;23.000000;0.000000;0.000000;1146.000000;1146.000000;100.000000;0.000000;0.000000;-nan;        12s 572ms 990μs 234ns;            281ms 630μs 824ns
786f1;381;0;154;371;12;50;56.000000;0.000000;0.000000;1151.000000;1151.000000;100.261324;0.000000;0.000000;-nan;     1m 33s 157ms 287μs 961ns;        14s 408ms 264μs 487ns
7e210;161;0;67;148;11;29;41.000000;0.000000;0.000000;1151.000000;1151.000000;100.611888;0.000000;0.000000;-nan;        24s 939ms 635μs 696ns;         2s  49ms 641μs  70ns
7e216;42;0;25;101;6;22;23.000000;0.000000;0.000000;1145.000000;1145.000000;100.000000;0.000000;0.000000;-nan;        10s 394ms 218μs  83ns;             90ms 354μs 530ns
7e224;100;0;55;117;10;26;37.000000;0.000000;0.000000;1148.000000;1148.000000;100.087184;0.000000;0.000000;-nan;        22s 184ms 320μs 665ns;            519ms 194μs 102ns
7e22b;172;0;82;182;7;61;62.000000;0.000000;0.000000;1146.000000;1146.000000;100.000000;0.000000;0.000000;-nan;        16s 643ms  91μs 129ns;         1s 334ms 400μs  29ns
7e23c;49;0;21;98;6;23;24.000000;0.000000;0.000000;1148.000000;1148.000000;100.000000;0.000000;0.000000;-nan;         7s 708ms 641μs 208ns;            258ms 892μs 695ns
7e24d;200;0;108;162;16;32;83.000000;0.000000;0.000000;1142.000000;1142.000000;100.000000;0.000000;0.000000;-nan;        40s 411ms 443μs  69ns;         7s  10ms 365μs 586ns
7e260;93;0;52;121;8;35;48.000000;0.000000;0.000000;1148.000000;1148.000000;100.437445;0.000000;0.000000;-nan;        21s 237ms 800μs  11ns;            322ms 759μs 684ns
7e26f;38;0;28;108;6;24;25.000000;0.000000;0.000000;1149.000000;1149.000000;100.000000;0.000000;0.000000;-nan;         7s 815ms 114μs 428ns;            157ms 400μs 175ns
7e279;870;0;362;580;32;49;155.000000;0.000000;0.000000;1147.000000;1147.000000;99.652476;0.000000;0.000000;-nan;     1m  8s  95ms 434μs 336ns;     1m 36s  92ms 400μs   4ns
7e289;250;0;106;204;18;27;65.000000;0.000000;0.000000;1150.000000;1150.000000;100.000000;0.000000;0.000000;-nan;        46s 822ms  96μs  97ns;         6s 477ms 225μs 478ns
81b99;267;0;121;240;12;42;57.000000;0.000000;0.000000;1230.000000;1230.000000;100.000000;0.000000;0.000000;-nan;        29s 298ms 740μs 854ns;                        -15494353963522736ns
81b9f;151;0;102;111;13;24;39.000000;0.000000;0.000000;1151.000000;1151.000000;100.086957;0.000000;0.000000;-nan;        29s 432ms 835μs 298ns;         2s  55ms 937μs 695ns
81bac;109;0;62;95;10;30;49.000000;0.000000;0.000000;1147.000000;1147.000000;99.652476;0.000000;0.000000;-nan;        26s 794ms 719μs 892ns;         1s  81ms  59μs 832ns
81bb6;108;0;65;127;10;27;36.000000;0.000000;0.000000;1148.000000;1148.000000;99.652778;0.000000;0.000000;-nan;        26s 804ms  24μs 915ns;            644ms  67μs 757ns
81bc4;159;0;83;162;7;56;57.000000;0.000000;0.000000;1149.000000;1149.000000;100.000000;0.000000;0.000000;-nan;        16s 624ms 179μs  21ns;            362ms 994μs 526ns
81bd1;93;0;48;99;8;28;33.000000;0.000000;0.000000;1151.000000;1151.000000;100.261324;0.000000;0.000000;-nan;        16s 655ms 588μs 154ns;            593ms 436μs 927ns
81bda;173;0;95;155;11;34;43.000000;0.000000;0.000000;1149.000000;1149.000000;100.261780;0.000000;0.000000;-nan;        28s 893ms 775μs 173ns;         3s 686ms 457μs 818ns
81be5;100;0;40;86;9;24;40.000000;0.000000;0.000000;1149.000000;1149.000000;100.174368;0.000000;0.000000;-nan;        24s  66ms  51μs 156ns;            947ms 622μs 319ns
81bf0;106;0;70;90;10;30;49.000000;0.000000;0.000000;1148.000000;1148.000000;100.262009;0.000000;0.000000;-nan;        27s 431ms 144μs 179ns;         1s 485ms 209μs  35ns
81bfd;67;0;56;65;8;32;50.000000;0.000000;0.000000;1146.000000;1146.000000;100.174825;0.000000;0.000000;-nan;        21s 181ms  69μs 406ns;            310ms 302μs 331ns
84a9e;2125;0;1028;1177;58;26;127.000000;0.000000;0.000000;1146.000000;1146.000000;99.652174;0.000000;0.000000;-nan;     3m 19s 920ms  17μs 741ns;     7m 27s 809ms 505μs  90ns
84aa5;334;0;165;277;9;92;95.000000;0.000000;0.000000;1152.000000;1152.000000;100.000000;0.000000;0.000000;-nan;        58s  70ms 937μs  89ns;        12s  77ms 161μs 489ns
84ab3;284;0;121;241;25;25;131.000000;0.000000;0.000000;1150.000000;1150.000000;99.913119;0.000000;0.000000;-nan;     2m 34s 106ms 225μs 965ns;         7s 188ms 109μs 220ns
84abf;348;0;130;266;22;28;85.000000;0.000000;0.000000;1149.000000;1149.000000;100.000000;0.000000;0.000000;-nan;     2m 25s 562ms 122μs 256ns;        13s 195ms 747μs 372ns
84ac8;73;0;51;86;7;22;24.000000;0.000000;0.000000;1148.000000;1148.000000;100.000000;0.000000;0.000000;-nan;        20s 180ms 325μs 444ns;            496ms 504μs 523ns
84ad3;453;0;216;309;16;62;87.000000;0.000000;0.000000;1150.000000;1150.000000;100.261552;0.000000;0.000000;-nan;     1m 57s 266ms 368μs 824ns;        24s 747ms 253μs 440ns
84ae7;135;0;83;148;8;48;55.000000;0.000000;0.000000;1148.000000;1148.000000;100.349650;0.000000;0.000000;-nan;     1m  2s 508ms 773μs 103ns;         1s 706ms 638μs 753ns
84af5;202;0;84;154;15;32;89.000000;0.000000;0.000000;1146.000000;1146.000000;100.262467;0.000000;0.000000;-nan;     1m 46s 768ms 199μs 510ns;         6s 556ms  40μs 704ns
84b00;641;0;189;540;28;28;67.000000;0.000000;0.000000;1148.000000;1148.000000;100.262009;0.000000;0.000000;-nan;     2m 44s 953ms 588μs   2ns;        18s 817ms 231μs 278ns
84b0d;36;3;26;103;6;22;23.000000;0.000000;0.000000;1146.000000;1146.000000;100.000000;0.000000;0.000000;-nan;        10s 883ms 275μs 628ns;             90ms 307μs 405ns
8adaf;54;0;39;87;6;25;26.000000;0.000000;0.000000;1212.000000;1212.000000;100.000000;0.000000;0.000000;-nan;         7s 477ms 478μs 982ns;            100ms 265μs 619ns
8adb6;166;0;75;165;13;25;42.000000;0.000000;0.000000;1149.000000;1149.000000;99.913043;0.000000;0.000000;-nan;        31s  94ms 433μs 435ns;         1s 909ms 755μs  38ns
8adc0;93;0;56;93;9;30;49.000000;0.000000;0.000000;1147.000000;1147.000000;99.652476;0.000000;0.000000;-nan;        27s 419ms 456μs 829ns;            614ms 501μs 205ns
8adcd;104;0;54;130;9;28;33.000000;0.000000;0.000000;1150.000000;1150.000000;100.261552;0.000000;0.000000;-nan;        23s 267ms 662μs 857ns;         1s 586ms 696μs 939ns
8add7;45;0;33;96;6;24;25.000000;0.000000;0.000000;1149.000000;1149.000000;100.000000;0.000000;0.000000;-nan;         7s 769ms 851μs  75ns;            433ms 795μs 478ns
8ade5;278;0;285;380;9;101;103.000000;0.000000;0.000000;1212.000000;1212.000000;99.835255;0.000000;0.000000;-nan;        27s 716ms 323μs 936ns;         1s 576ms  24μs 713ns
8adf3;96;0;65;105;10;25;36.000000;0.000000;0.000000;1144.000000;1144.000000;99.912664;0.000000;0.000000;-nan;        23s 652ms 311μs 746ns;            905ms 596μs 471ns
8ae06;143;0;60;161;13;29;65.000000;0.000000;0.000000;1146.000000;1146.000000;100.000000;0.000000;0.000000;-nan;        31s 272ms 112μs 852ns;         1s 161ms 940μs 478ns
8ae1b;92;0;32;74;8;25;32.000000;0.000000;0.000000;1148.000000;1148.000000;100.349650;0.000000;0.000000;-nan;        22s 560ms 108μs 909ns;            944ms 527μs 673ns
8ae2c;165;0;99;148;10;38;45.000000;0.000000;0.000000;1149.000000;1149.000000;100.087108;0.000000;0.000000;-nan;        29s 315ms 858μs 461ns;         6s 301ms 610μs 733ns
38b7e9;693;0;215;496;26;41;156.000000;0.000000;0.000000;899.000000;899.000000;114.522293;0.000000;0.000000;-nan;     2m 58s 669ms 763μs 224ns;                        -248479905606829168ns
38b7ee;480;0;247;291;29;32;132.000000;0.000000;0.000000;1145.000000;1145.000000;103.339350;0.000000;0.000000;-nan;     3m     184ms 511μs 807ns;        27s  57ms  87μs 234ns
38b7f6;35;0;114;83;8;38;146.000000;0.000000;0.000000;955.000000;955.000000;120.580808;0.000000;0.000000;-nan;        34s 299ms  24μs 750ns;                        -997810912601553ns
38b803;520;0;134;296;10;143;156.000000;0.000000;0.000000;954.000000;954.000000;116.911765;0.000000;0.000000;-nan;     1m 43s 494ms 524μs 409ns;                        -7982714838133347ns
38b810;305;0;127;250;11;82;0.000000;0.000000;-nan;1145.000000;1145.000000;113.704071;0.000000;0.000000;-nan;     1m 53s 476ms 136μs 725ns;                        -2993446601362481ns
38b81c;128;0;446;328;8;153;153.000000;153.000000;100.000000;887.000000;887.000000;100.000000;0.000000;0.000000;-nan;     1m     203ms 879μs  53ns;                          0ns
38b828;411;0;120;329;19;44;83.000000;0.000000;0.000000;1148.000000;1148.000000;100.262009;0.000000;0.000000;-nan;     2m 30s  96ms 537μs 692ns;        15s 126ms 294μs 362ns
38b835;68;0;220;152;10;72;102.000000;0.000000;0.000000;1127.000000;1127.000000;100.266904;0.000000;0.000000;-nan;     1m  5s 165ms 695μs  90ns;         3s 407ms 681μs 947ns
38b846;203;0;110;137;15;48;102.000000;0.000000;0.000000;1022.000000;1022.000000;101.388889;0.000000;0.000000;-nan;     2m  7s 986ms 740μs 113ns;                        -14967749548559389ns
38b852;749;0;345;448;26;67;0.000000;0.000000;-nan;783.000000;783.000000;100.000000;0.000000;0.000000;-nan;     2m 59s 277ms 212μs 996ns;                        -288401611351022670ns
8dcae;151;0;35;140;9;25;29.000000;0.000000;0.000000;1151.000000;1151.000000;100.000000;0.000000;0.000000;-nan;        33s 779ms 514μs 420ns;            830ms 326μs 833ns
8dcb2;154;0;69;137;9;34;48.000000;0.000000;0.000000;1148.000000;1148.000000;100.087184;0.000000;0.000000;-nan;        40s 992ms 144μs 224ns;         2s 297ms 385μs 224ns
8dcbd;241;0;121;170;18;29;117.000000;0.000000;0.000000;1148.000000;1148.000000;99.826087;0.000000;0.000000;-nan;     1m  4s 770ms 261μs 962ns;         7s 235ms 248μs 758ns
8dcca;113;0;64;115;7;37;38.000000;0.000000;0.000000;1206.000000;1206.000000;100.000000;0.000000;0.000000;-nan;        21s 816ms 841μs 743ns;            385ms 102μs 426ns
8dcd9;108;0;60;100;9;34;62.000000;0.000000;0.000000;1230.000000;1230.000000;100.000000;0.000000;0.000000;-nan;        40s 874ms 690μs 487ns;                        -3875711677101926ns
8dce4;548;0;172;372;24;26;95.000000;0.000000;0.000000;1149.000000;1149.000000;100.437063;0.000000;0.000000;-nan;     1m  7s 781ms 844μs 175ns;        24s 135ms 283μs 448ns
8dcf1;410;0;149;399;11;95;110.000000;0.000000;0.000000;1151.000000;1151.000000;100.436300;0.000000;0.000000;-nan;        59s 232ms 813μs 837ns;        15s 333ms 509μs 200ns
8dd00;62;0;46;60;6;22;23.000000;0.000000;0.000000;1148.000000;1148.000000;100.000000;0.000000;0.000000;-nan;        17s 779ms 652μs 575ns;            306ms 555μs 761ns
8dd0c;205;0;103;186;13;31;43.000000;0.000000;0.000000;1149.000000;1149.000000;100.000000;0.000000;0.000000;-nan;     1m     778ms 882μs 741ns;         4s 525ms 415μs 285ns
8dd13;64;0;34;70;6;23;24.000000;0.000000;0.000000;1145.000000;1145.000000;100.000000;0.000000;0.000000;-nan;        14s 167ms  96μs 704ns;            239ms 735μs 495ns
916ab;208;0;112;164;12;59;143.000000;0.000000;0.000000;1810.000000;1810.000000;147.154472;0.000000;0.000000;-nan;     1m 23s 553ms 575μs 240ns;                        -2907316002736088ns
916b1;418;0;197;331;15;65;120.000000;0.000000;0.000000;1151.000000;1151.000000;99.913194;0.000000;0.000000;-nan;     1m 30s 331ms 329μs 441ns;        24s 268ms 359μs 849ns
916be;129;0;51;94;9;28;55.000000;0.000000;0.000000;1147.000000;1147.000000;99.652476;0.000000;0.000000;-nan;        39s 425ms 564μs  83ns;            594ms 955μs 475ns
916cb;59;0;28;92;6;25;26.000000;0.000000;0.000000;1150.000000;1150.000000;100.000000;0.000000;0.000000;-nan;        12s 954ms 600μs 633ns;            104ms 381μs 538ns
916d5;49;0;37;82;6;22;23.000000;0.000000;0.000000;1146.000000;1146.000000;100.000000;0.000000;0.000000;-nan;        10s 204ms 916μs 851ns;            252ms 158μs 227ns
916dd;58;0;46;64;6;22;23.000000;0.000000;0.000000;1144.000000;1144.000000;100.000000;0.000000;0.000000;-nan;        11s  89ms 685μs 187ns;            272ms 867μs 989ns
916e4;209;0;89;196;11;51;105.000000;0.000000;0.000000;1150.000000;1150.000000;100.087032;0.000000;0.000000;-nan;     1m     874ms 462μs 514ns;         2s 167ms 588μs 206ns
916ee;626;0;61;487;11;102;119.000000;0.000000;0.000000;1151.000000;1151.000000;100.261324;0.000000;0.000000;-nan;     1m 22s 523ms 787μs 223ns;        25s 309ms 142μs 495ns
916fb;64;0;32;104;6;28;29.000000;0.000000;0.000000;1147.000000;1147.000000;100.000000;0.000000;0.000000;-nan;        12s  36ms 394μs 698ns;            152ms 365μs 101ns
91708;442;0;258;302;22;36;81.000000;0.000000;0.000000;1148.000000;1148.000000;100.262009;0.000000;0.000000;-nan;     1m 36s 777ms 328μs  40ns;        19s 268ms 435μs 326ns
953ea;98;0;38;72;7;29;32.000000;0.000000;0.000000;1288.000000;1288.000000;100.546448;0.000000;0.000000;-nan;        13s 458ms 963μs 709ns;                        -1938558565836870ns
953ee;179;0;107;104;16;27;72.000000;0.000000;0.000000;1148.000000;1148.000000;99.652778;0.000000;0.000000;-nan;        42s 838ms 539μs 332ns;         3s  55ms 297μs 367ns
953fe;163;0;124;153;9;43;48.000000;0.000000;0.000000;1405.000000;1405.000000;100.000000;0.000000;0.000000;-nan;        27s 813ms 752μs 971ns;                        -10662157722271575ns
9540c;226;0;111;209;10;60;69.000000;0.000000;0.000000;1147.000000;1147.000000;99.739130;0.000000;0.000000;-nan;        30s 358ms 439μs   2ns;         1s 587ms 576μs 263ns
9541a;311;0;178;227;17;43;85.000000;0.000000;0.000000;1151.000000;1151.000000;100.000000;0.000000;0.000000;-nan;        44s 940ms 736μs 203ns;        12s 981ms 353μs 647ns
95427;164;0;58;130;15;28;87.000000;0.000000;0.000000;1147.000000;1147.000000;100.174672;0.000000;0.000000;-nan;        43s 752ms 134μs 228ns;         4s 385ms 578μs 976ns
95432;299;0;141;276;11;64;71.000000;0.000000;0.000000;1149.000000;1149.000000;100.174368;0.000000;0.000000;-nan;        38s 239ms  78μs 162ns;         5s 213ms 916μs 242ns
9543d;117;0;52;125;11;25;38.000000;0.000000;0.000000;1149.000000;1149.000000;100.261780;0.000000;0.000000;-nan;        37s 929ms 459μs 250ns;         1s 976ms 837μs 625ns
9544b;65;0;51;72;6;26;27.000000;0.000000;0.000000;1148.000000;1148.000000;100.000000;0.000000;0.000000;-nan;        11s  74ms 919μs  45ns;            267ms 898μs 364ns
95457;39;0;29;106;6;24;25.000000;0.000000;0.000000;1149.000000;1149.000000;100.000000;0.000000;0.000000;-nan;        11s 399ms 746μs 772ns;             89ms 701μs 473ns
98861;54;0;23;111;6;26;27.000000;0.000000;0.000000;1152.000000;1152.000000;100.000000;0.000000;0.000000;-nan;        10s 529ms 235μs 827ns;            156ms 767μs 244ns
98867;268;0;87;201;18;30;103.000000;0.000000;0.000000;1147.000000;1147.000000;99.652476;0.000000;0.000000;-nan;        37s 426ms 554μs 340ns;         4s 672ms 825μs 923ns
98872;192;0;108;210;13;42;81.000000;0.000000;0.000000;1899.000000;1899.000000;100.000000;0.000000;0.000000;-nan;        28s 267ms 266μs 120ns;                        -10663704216393810ns
9887e;70;0;56;82;6;29;30.000000;0.000000;0.000000;1236.000000;1236.000000;100.000000;0.000000;0.000000;-nan;         6s  74ms 999μs 501ns;            168ms 919μs 669ns
98885;214;0;101;174;15;25;41.000000;0.000000;0.000000;1149.000000;1149.000000;99.913043;0.000000;0.000000;-nan;        29s 186ms 273μs 878ns;         5s 133ms 466μs 316ns
9889c;772;0;270;562;33;43;149.000000;0.000000;0.000000;1149.000000;1149.000000;100.174368;0.000000;0.000000;-nan;        56s 521ms 258μs 965ns;     1m 26s 469ms 776μs 821ns
988a8;143;0;69;126;11;28;39.000000;0.000000;0.000000;1150.000000;1150.000000;100.087032;0.000000;0.000000;-nan;        21s 603ms 104μs 609ns;         1s 187ms 545μs 563ns
988b6;51;0;33;84;6;22;23.000000;0.000000;0.000000;1148.000000;1148.000000;100.000000;0.000000;0.000000;-nan;        11s 436ms 981μs 504ns;            158ms 285μs 303ns
988c3;58;0;46;64;6;22;23.000000;0.000000;0.000000;1146.000000;1146.000000;100.000000;0.000000;0.000000;-nan;        10s  55ms 411μs 967ns;            278ms 623μs 297ns
988ce;73;0;48;97;7;23;25.000000;0.000000;0.000000;1141.000000;1141.000000;99.650655;0.000000;0.000000;-nan;        12s 187ms 951μs 145ns;            445ms 245μs  10ns
9c046;179;0;84;191;12;31;58.000000;0.000000;0.000000;1230.000000;1230.000000;100.000000;0.000000;0.000000;-nan;        38s  58ms 705μs 745ns;                        -24239687169363110ns
9c04d;97;0;83;96;9;35;67.000000;0.000000;0.000000;1405.000000;1405.000000;100.000000;0.000000;0.000000;-nan;        33s  86ms 617μs 420ns;                        -1939132709432616ns
9c056;222;0;166;194;9;98;110.000000;0.000000;0.000000;1149.000000;1149.000000;99.826238;0.000000;0.000000;-nan;        33s 843ms 896μs 904ns;         7s 117ms 272μs 408ns
9c065;116;0;32;82;8;26;31.000000;0.000000;0.000000;1151.000000;1151.000000;100.348736;0.000000;0.000000;-nan;        24s 139ms   6μs 637ns;         1s 395ms 307μs 716ns
9c071;140;0;81;117;13;37;98.000000;0.000000;0.000000;1145.000000;1145.000000;99.912740;0.000000;0.000000;-nan;        43s 800ms 682μs 506ns;         2s 758ms 303μs  31ns
9c07a;211;0;96;117;16;26;55.000000;0.000000;0.000000;1149.000000;1149.000000;100.000000;0.000000;0.000000;-nan;        48s 246ms 714μs 666ns;         5s 713ms 541μs 313ns
9c088;366;0;184;238;26;33;139.000000;0.000000;0.000000;1144.000000;1144.000000;99.912664;0.000000;0.000000;-nan;        57s 315ms 286μs   6ns;        19s 846ms 365μs 484ns
9c08f;57;0;47;64;6;22;23.000000;0.000000;0.000000;1146.000000;1146.000000;100.174825;0.000000;0.000000;-nan;        11s 138ms 525μs 984ns;            374ms 490μs 217ns
9c09b;424;0;262;224;24;32;75.000000;0.000000;0.000000;1150.000000;1150.000000;100.000000;0.000000;0.000000;-nan;        56s 101ms 241μs 198ns;        22s 278ms 296μs 937ns
9c0a8;63;0;42;63;6;22;23.000000;0.000000;0.000000;1148.000000;1148.000000;100.000000;0.000000;0.000000;-nan;        15s 174ms 126μs 828ns;            313ms 408μs  54ns
9f7a9;188;0;114;162;13;39;74.000000;0.000000;0.000000;1899.000000;1899.000000;100.000000;0.000000;0.000000;-nan;        33s  75ms 374μs 801ns;                        -10667095922498053ns
9f7ae;112;0;39;79;8;26;31.000000;0.000000;0.000000;1146.000000;1146.000000;99.652174;0.000000;0.000000;-nan;        23s 345ms 801μs 489ns;            734ms 191μs   2ns
9f7bd;145;0;74;153;8;44;47.000000;0.000000;0.000000;1148.000000;1148.000000;100.087184;0.000000;0.000000;-nan;        21s 107ms 801μs 304ns;         3s 329ms 187μs  65ns
9f7c5;68;0;31;81;6;25;26.000000;0.000000;0.000000;1149.000000;1149.000000;100.000000;0.000000;0.000000;-nan;        13s 362ms 218μs 981ns;            224ms  92μs 113ns
9f7d2;397;0;133;264;30;24;135.000000;0.000000;0.000000;1148.000000;1148.000000;100.437445;0.000000;0.000000;-nan;        46s  76ms 427μs 254ns;        34s 285ms 860μs 386ns
9f7dc;139;0;70;137;13;38;99.000000;0.000000;0.000000;1149.000000;1149.000000;100.437063;0.000000;0.000000;-nan;        33s 235ms 296μs 500ns;         3s 166ms 671μs 264ns
9f7e6;108;0;59;93;8;22;25.000000;0.000000;0.000000;1148.000000;1148.000000;100.000000;0.000000;0.000000;-nan;        20s 992ms 567μs 422ns;            805ms 477μs 126ns
9f7f0;84;0;50;102;7;25;27.000000;0.000000;0.000000;1146.000000;1146.000000;100.000000;0.000000;0.000000;-nan;        19s 752ms 608μs 607ns;            396ms 389μs 560ns
9f7f7;89;8;55;86;9;26;35.000000;0.000000;0.000000;1148.000000;1148.000000;99.739357;0.000000;0.000000;-nan;        19s 617ms  38μs 811ns;            609ms 950μs 978ns
9f801;243;0;120;183;16;48;103.000000;0.000000;0.000000;1146.000000;1146.000000;100.087336;0.000000;0.000000;-nan;        40s  98ms 539μs 473ns;        16s 456ms  60μs 367ns
a2a02;133;0;55;162;7;48;49.000000;0.000000;0.000000;1151.000000;1151.000000;100.000000;0.000000;0.000000;-nan;        16s 152ms 115μs 452ns;            410ms 591μs 616ns
a2a09;54;0;25;115;7;24;30.000000;0.000000;0.000000;1140.000000;1140.000000;99.824869;0.000000;0.000000;-nan;        13s 516ms 886μs  20ns;            184ms 531μs 799ns
a2a14;145;0;51;142;11;25;36.000000;0.000000;0.000000;1148.000000;1148.000000;100.087184;0.000000;0.000000;-nan;        25s 649ms 388μs 463ns;         1s 139ms 248μs 186ns
a2a21;178;0;65;93;17;27;122.000000;0.000000;0.000000;1144.000000;1144.000000;100.087489;0.000000;0.000000;-nan;        39s 411ms  74μs 746ns;         4s 136ms  85μs 812ns
a2a2d;436;0;228;282;15;65;95.000000;0.000000;0.000000;1148.000000;1148.000000;99.826087;0.000000;0.000000;-nan;        38s 107ms 205μs 230ns;        21s 536ms 552μs 404ns
a2a39;59;0;40;75;6;24;25.000000;0.000000;0.000000;1149.000000;1149.000000;100.000000;0.000000;0.000000;-nan;         9s 499ms 916μs 536ns;            303ms  43μs 381ns
a2a44;170;0;92;112;15;29;72.000000;0.000000;0.000000;1147.000000;1147.000000;100.174672;0.000000;0.000000;-nan;        37s 722ms 996μs 779ns;         4s 556ms 205μs 823ns
a2a51;58;0;46;64;6;22;23.000000;0.000000;0.000000;1146.000000;1146.000000;100.000000;0.000000;0.000000;-nan;        10s 225ms  71μs 593ns;            280ms 712μs 620ns
a2a66;135;0;77;114;15;30;97.000000;0.000000;0.000000;1145.000000;1145.000000;99.738676;0.000000;0.000000;-nan;        35s  39ms 660μs  72ns;         4s 124ms 285μs 784ns
a2a6d;47;0;25;96;6;22;23.000000;0.000000;0.000000;1144.000000;1144.000000;100.000000;0.000000;0.000000;-nan;        13s 118ms 887μs 285ns;            265ms 736μs 956ns
a59f3;178;0;71;227;8;51;53.000000;0.000000;0.000000;1150.000000;1150.000000;100.000000;0.000000;0.000000;-nan;        19s  80ms 747μs 659ns;         1s 813ms 812μs 415ns
a59f9;121;0;66;105;10;34;53.000000;0.000000;0.000000;1146.000000;1146.000000;100.350263;0.000000;0.000000;-nan;        30s  42ms  60μs 959ns;         1s 966ms  62μs 587ns
a5a07;92;0;48;84;9;24;33.000000;0.000000;0.000000;1148.000000;1148.000000;100.087184;0.000000;0.000000;-nan;        23s 653ms 287μs 313ns;            716ms 765μs  35ns
a5a12;85;0;39;112;10;23;37.000000;0.000000;0.000000;1146.000000;1146.000000;99.738903;0.000000;0.000000;-nan;        27s 982ms 577μs 410ns;            599ms 402μs 562ns
a5a1c;183;0;86;135;10;38;59.000000;0.000000;0.000000;1149.000000;1149.000000;99.826238;0.000000;0.000000;-nan;        31s 247ms 831μs 806ns;         2s 318ms 641μs 416ns
a5a2d;165;0;100;131;13;26;40.000000;0.000000;0.000000;1145.000000;1145.000000;100.087413;0.000000;0.000000;-nan;        34s 816ms 823μs 109ns;         5s  53ms 487μs 791ns
a5a3c;164;0;79;179;10;56;113.000000;0.000000;0.000000;1148.000000;1148.000000;100.262009;0.000000;0.000000;-nan;        30s  98ms 117μs 950ns;         1s 922ms 474μs 392ns
a5a54;37;0;25;106;6;22;23.000000;0.000000;0.000000;1143.000000;1143.000000;100.000000;0.000000;0.000000;-nan;        10s 378ms 973μs 405ns;            178ms 514μs 643ns
a5a5d;252;0;107;171;17;31;83.000000;0.000000;0.000000;1149.000000;1149.000000;100.087108;0.000000;0.000000;-nan;        40s 648ms 649μs 974ns;         6s 167ms 520μs 358ns
a5a69;607;0;231;430;28;31;76.000000;0.000000;0.000000;1146.000000;1146.000000;100.000000;0.000000;0.000000;-nan;        48s 691ms 331μs 276ns;        45s 261ms 162μs 725ns
a91ac;238;0;117;153;15;27;47.000000;0.000000;0.000000;1146.000000;1146.000000;99.652174;0.000000;0.000000;-nan;        51s 649ms 966μs  81ns;         4s 281ms 164μs 504ns
a91b2;204;0;128;194;10;82;100.000000;0.000000;0.000000;1343.000000;1343.000000;109.632653;0.000000;0.000000;-nan;        36s 957ms 465μs 700ns;                        -2910446577035107ns
a91bd;433;0;320;537;17;57;151.000000;0.000000;0.000000;1899.000000;1899.000000;100.000000;0.000000;0.000000;-nan;        57s 241ms 544μs  93ns;                        -58210669728182297ns
a91ce;111;0;43;76;8;26;31.000000;0.000000;0.000000;1148.000000;1148.000000;100.087184;0.000000;0.000000;-nan;        19s 538ms 818μs 266ns;            742ms 974μs 313ns
a91d7;193;0;115;164;17;28;81.000000;0.000000;0.000000;1149.000000;1149.000000;99.826238;0.000000;0.000000;-nan;        55s 395ms 961μs 975ns;         5s  56ms 103μs 131ns
a91e5;61;0;44;63;6;22;23.000000;0.000000;0.000000;1144.000000;1144.000000;100.000000;0.000000;0.000000;-nan;        15s  94ms 818μs 351ns;            386ms 856μs 482ns
a91f2;102;0;65;93;10;29;48.000000;0.000000;0.000000;1143.000000;1143.000000;99.738220;0.000000;0.000000;-nan;        36s 861ms 629μs 145ns;         1s 151ms 830μs 569ns
a9202;518;0;224;322;24;28;63.000000;0.000000;0.000000;1148.000000;1148.000000;100.000000;0.000000;0.000000;-nan;     1m  1s 892ms 972μs 796ns;        23s 268ms 581μs 135ns
a920e;213;0;89;148;19;32;138.000000;0.000000;0.000000;1148.000000;1148.000000;100.262009;0.000000;0.000000;-nan;        58s 854ms 170μs 971ns;         5s 225ms 970μs 991ns
a921b;93;0;40;137;8;23;26.000000;0.000000;0.000000;1149.000000;1149.000000;100.000000;0.000000;0.000000;-nan;        25s 344ms 866μs 330ns;         1s  51ms 258μs 229ns
17fcc7;88;0;119;141;7;45;46.000000;0.000000;0.000000;2222.000000;2222.000000;100.000000;0.000000;0.000000;-nan;        21s 548ms 177μs 659ns;            316ms 713μs 635ns
17fcd5;71;0;89;100;6;46;46.000000;46.000000;100.000000;2216.000000;2216.000000;100.000000;0.000000;0.000000;-nan;        16s 658ms 789μs 416ns;                          0ns
17fce1;131;8;126;177;8;45;47.000000;0.000000;0.000000;2212.000000;2212.000000;100.000000;0.000000;0.000000;-nan;        22s 558ms 353μs 634ns;            956ms 508μs  73ns
17fcf1;122;0;140;180;8;45;47.000000;0.000000;0.000000;2224.000000;2224.000000;100.044984;0.000000;0.000000;-nan;        24s 182ms 871μs 383ns;         1s 175ms 576μs 216ns
17fc89;100;0;102;142;7;47;48.000000;0.000000;0.000000;2250.000000;2250.000000;100.000000;0.000000;0.000000;-nan;        24s   5ms 950μs 130ns;            208ms 214μs 514ns
17fc8d;94;0;122;132;7;45;46.000000;0.000000;0.000000;2221.000000;2221.000000;100.000000;0.000000;0.000000;-nan;        21s 320ms 309μs 601ns;            554ms 733μs 300ns
17fc97;161;0;157;204;9;45;48.000000;0.000000;0.000000;2219.000000;2219.000000;99.954955;0.000000;0.000000;-nan;        25s 210ms 676μs 572ns;         2s 119ms 332μs 693ns
17fca3;96;0;115;137;7;45;46.000000;0.000000;0.000000;2214.000000;2214.000000;100.000000;0.000000;0.000000;-nan;        18s 426ms 282μs 943ns;            437ms 216μs 245ns
17fcaf;101;0;108;135;7;47;48.000000;0.000000;0.000000;2224.000000;2224.000000;100.000000;0.000000;0.000000;-nan;        23s 688ms 508μs 328ns;            208ms 476μs 924ns
17fcbb;105;0;109;140;7;46;47.000000;0.000000;0.000000;2220.000000;2220.000000;100.090171;0.000000;0.000000;-nan;        20s 430ms 512μs 459ns;            410ms 888μs 317ns
17cf89;104;0;106;138;7;45;46.000000;0.000000;0.000000;2212.000000;2212.000000;100.000000;0.000000;0.000000;-nan;        20s 563ms 254μs  23ns;            632ms 712μs 317ns
17cf90;100;0;103;145;7;45;46.000000;0.000000;0.000000;2214.000000;2214.000000;100.000000;0.000000;0.000000;-nan;        20s 948ms 602μs 358ns;            483ms  38μs 946ns
17cfa2;93;0;116;139;7;45;46.000000;0.000000;0.000000;2219.000000;2219.000000;100.000000;0.000000;0.000000;-nan;        21s  55ms 772μs 221ns;            270ms 475μs 791ns
17cf4f;101;0;106;137;7;47;48.000000;0.000000;0.000000;2242.000000;2242.000000;100.000000;0.000000;0.000000;-nan;        21s 387ms 308μs 463ns;            217ms 721μs 825ns
17cf63;138;0;127;177;8;45;47.000000;0.000000;0.000000;2220.000000;2220.000000;100.000000;0.000000;0.000000;-nan;        22s 647ms  57μs 141ns;            811ms 893μs 457ns
17cf69;106;0;107;131;7;47;48.000000;0.000000;0.000000;2245.000000;2245.000000;100.000000;0.000000;0.000000;-nan;        21s 760ms 241μs 489ns;            422ms 119μs 558ns
17cf7f;134;0;132;176;8;47;49.000000;0.000000;0.000000;2244.000000;2244.000000;100.133869;0.000000;0.000000;-nan;        22s 909ms  94μs 679ns;         1s 419ms 812μs 372ns
17cf1c;72;0;90;98;6;46;46.000000;46.000000;100.000000;2216.000000;2216.000000;100.000000;0.000000;0.000000;-nan;        10s 607ms 478μs 125ns;                          0ns
17cf21;107;0;103;144;7;46;47.000000;0.000000;0.000000;2218.000000;2218.000000;100.000000;0.000000;0.000000;-nan;        18s 686ms 491μs   7ns;            199ms 315μs 112ns
17cf36;68;0;95;97;6;46;46.000000;46.000000;100.000000;2213.000000;2213.000000;100.000000;0.000000;0.000000;-nan;        13s 210ms 126μs  82ns;                          0ns
179c80;136;0;131;175;8;47;49.000000;0.000000;0.000000;2233.000000;2233.000000;100.000000;0.000000;0.000000;-nan;        33s 612ms   3μs 165ns;         1s 340ms 534μs 566ns
179c88;163;0;148;201;8;55;57.000000;0.000000;0.000000;2225.000000;2225.000000;100.089969;0.000000;0.000000;-nan;        34s 191ms 977μs 733ns;         2s 545ms 961μs 603ns
179c90;141;0;125;176;8;47;49.000000;0.000000;0.000000;2246.000000;2246.000000;100.447227;0.000000;0.000000;-nan;        33s 775ms  15μs 348ns;         1s 564ms 634μs 769ns
179c99;122;0;108;140;7;51;52.000000;0.000000;0.000000;2220.000000;2220.000000;100.000000;0.000000;0.000000;-nan;        31s 911ms 123μs 809ns;            317ms 393μs 213ns
179ca2;121;0;138;151;7;57;58.000000;0.000000;0.000000;2221.000000;2221.000000;100.000000;0.000000;0.000000;-nan;        31s 321ms  25μs 794ns;            560ms 252μs 179ns
179cac;120;0;125;151;7;55;56.000000;0.000000;0.000000;2224.000000;2224.000000;100.000000;0.000000;0.000000;-nan;        33s  32ms 879μs  14ns;            614ms 942μs  57ns
179cb4;158;0;133;185;8;51;53.000000;0.000000;0.000000;2222.000000;2222.000000;100.000000;0.000000;0.000000;-nan;        34s 550ms 974μs 874ns;            951ms 502μs  46ns
179c67;151;0;133;192;8;51;53.000000;0.000000;0.000000;2245.000000;2245.000000;100.000000;0.000000;0.000000;-nan;        33s 360ms 484μs 856ns;            808ms  42μs  89ns
179c6b;104;0;98;142;7;47;48.000000;0.000000;0.000000;2239.000000;2239.000000;100.000000;0.000000;0.000000;-nan;        28s 190ms 574μs 790ns;            259ms 701μs 985ns
179c76;116;0;108;146;7;51;52.000000;0.000000;0.000000;2228.000000;2228.000000;100.000000;0.000000;0.000000;-nan;        27s 865ms 792μs 962ns;            317ms 897μs 290ns
2f6545;150;0;95;105;15;27;0.000000;0.000000;-nan;783.000000;783.000000;100.000000;0.000000;0.000000;-nan;     2m 18s 619ms 276μs 357ns;                        -16929459782786177ns
2f6502;63;0;211;146;9;73;0.000000;0.000000;-nan;1007.000000;1007.000000;117.915691;0.000000;0.000000;-nan;     1m  7s 604ms 144μs 607ns;                        -2987453630565632ns
2f6513;312;0;198;230;14;88;160.000000;0.000000;0.000000;1007.000000;1007.000000;157.589984;0.000000;0.000000;-nan;     2m 17s 956ms 389μs 976ns;                        -15933675282994736ns
2f6520;300;0;427;179;19;75;148.000000;0.000000;0.000000;1148.000000;1148.000000;111.781889;0.000000;0.000000;-nan;     2m 23s 544ms 201μs 481ns;        23s 455ms 448μs 253ns
2f652d;80;0;233;179;8;90;0.000000;0.000000;-nan;826.000000;826.000000;100.731707;0.000000;0.000000;-nan;     1m  5s 764ms 456μs 565ns;            706ms 231μs 170ns
2f6538;246;0;147;193;14;80;0.000000;0.000000;-nan;1022.000000;1022.000000;101.489573;0.000000;0.000000;-nan;     2m 18s 825ms 991μs 622ns;                        -8962605132417839ns
2f64d6;525;0;445;390;27;64;142.000000;0.000000;0.000000;1146.000000;1146.000000;100.438212;0.000000;0.000000;-nan;     2m 32s 956ms 920μs 837ns;     2m  4s 184ms 590μs 424ns
2f64dd;416;0;192;306;13;82;118.000000;0.000000;0.000000;1022.000000;1022.000000;155.792683;0.000000;0.000000;-nan;     1m 59s 733ms 117μs 958ns;                        -18921854117507209ns
2f64e4;37;0;117;88;6;43;43.000000;43.000000;100.000000;559.000000;559.000000;100.000000;0.000000;0.000000;-nan;        15s 486ms 580μs 602ns;                          0ns
2f64f6;427;0;67;272;9;127;145.000000;0.000000;0.000000;723.000000;723.000000;117.179903;0.000000;0.000000;-nan;     1m 24s 471ms 920μs 357ns;                        -995813015455942ns
175a83;301;0;179;296;9;92;95.000000;0.000000;0.000000;2173.000000;2173.000000;99.954002;0.000000;0.000000;-nan;        49s 506ms 161μs 526ns;         4s 334ms 461μs 298ns
175a46;240;0;168;248;11;55;63.000000;0.000000;0.000000;2224.000000;2224.000000;100.044984;0.000000;0.000000;-nan;        56s 236ms 550μs 594ns;         5s 613ms 574μs 495ns
175a4d;228;0;181;253;14;47;81.000000;0.000000;0.000000;2199.000000;2199.000000;101.056985;0.000000;0.000000;-nan;     1m  7s  96ms 976μs 930ns;         6s 476ms 233μs 309ns
175a57;130;0;124;142;7;55;56.000000;0.000000;0.000000;2199.000000;2199.000000;100.000000;0.000000;0.000000;-nan;        27s 703ms 703μs 769ns;            538ms  33μs 663ns
175a67;256;0;162;254;12;65;105.000000;0.000000;0.000000;2217.000000;2217.000000;100.271370;0.000000;0.000000;-nan;     1m  3s 416ms 271μs  94ns;         6s 768ms 950μs 787ns
175a77;235;0;230;232;16;45;73.000000;0.000000;0.000000;2209.000000;2209.000000;101.563218;0.000000;0.000000;-nan;     1m  9s 772ms 310μs 342ns;         7s  86ms 927μs 394ns
175a20;172;0;200;224;15;42;99.000000;0.000000;0.000000;2176.000000;2176.000000;99.908173;0.000000;0.000000;-nan;     1m  8s 649ms 952μs 219ns;         5s 186ms 851μs 174ns
175a25;229;0;188;227;12;52;63.000000;0.000000;0.000000;2222.000000;2222.000000;100.045025;0.000000;0.000000;-nan;     1m     912ms 464μs 146ns;         7s 187ms 210μs 809ns
175a32;149;0;97;136;9;45;63.000000;0.000000;0.000000;2214.000000;2214.000000;100.819672;0.000000;0.000000;-nan;        37s 922ms 693μs 240ns;         2s 337ms 584μs 424ns
175a3d;190;0;210;220;14;48;71.000000;0.000000;0.000000;2189.000000;2189.000000;100.228938;0.000000;0.000000;-nan;     1m  6s 808ms 867μs 104ns;         2s 305ms 575μs 898ns
172841;93;0;61;98;7;37;39.000000;0.000000;0.000000;1875.000000;1875.000000;100.860678;0.000000;0.000000;-nan;        15s 202ms 950μs 265ns;                        -979643429387951ns
17284a;124;0;72;126;8;36;39.000000;0.000000;0.000000;1872.000000;1872.000000;100.916442;0.000000;0.000000;-nan;        19s 178ms 417μs 965ns;                        -5877893613508823ns
172853;120;0;82;114;8;35;38.000000;0.000000;0.000000;1861.000000;1861.000000;100.377562;0.000000;0.000000;-nan;        19s 476ms 119μs 236ns;                        -3918600322534312ns
17285c;119;0;94;149;8;36;38.000000;0.000000;0.000000;1874.000000;1874.000000;100.536481;0.000000;0.000000;-nan;        19s 704ms 298μs 608ns;                        -2938946309907827ns
172864;189;0;141;220;13;40;68.000000;0.000000;0.000000;1899.000000;1899.000000;100.000000;0.000000;0.000000;-nan;        26s 690ms 120μs 199ns;                        -18613529903846915ns
172811;152;0;133;159;8;56;60.000000;0.000000;0.000000;2042.000000;2042.000000;106.133056;0.000000;0.000000;-nan;        19s 550ms 159μs 835ns;                        -6857529838333194ns
172816;106;0;81;129;8;35;38.000000;0.000000;0.000000;1858.000000;1858.000000;99.785177;0.000000;0.000000;-nan;        18s 622ms 988μs 242ns;                        -1959291062891562ns
172820;151;0;91;165;9;37;41.000000;0.000000;0.000000;1872.000000;1872.000000;100.645161;0.000000;0.000000;-nan;        19s 716ms 780μs 307ns;                        -2938943425947493ns
17282a;226;0;219;247;15;51;98.000000;0.000000;0.000000;2042.000000;2042.000000;100.000000;0.000000;0.000000;-nan;        29s 737ms  19μs 191ns;                        -32328827369079499ns
172834;108;0;81;127;8;35;38.000000;0.000000;0.000000;1858.000000;1858.000000;100.000000;0.000000;0.000000;-nan;        18s 872ms  70μs 472ns;                        -3918589702617376ns
46f351;353;0;66;243;10;57;0.000000;0.000000;-nan;783.000000;783.000000;127.110390;0.000000;0.000000;-nan;        45s 876ms 776μs 605ns;                        -38019864674596046ns
46f35a;300;17;73;178;15;47;0.000000;0.000000;-nan;1007.000000;1007.000000;100.000000;0.000000;0.000000;-nan;     1m     879ms 930μs 281ns;                        -20010524551075469ns
46f365;94;0;286;222;8;110;117.000000;0.000000;0.000000;1007.000000;1007.000000;118.470588;0.000000;0.000000;-nan;        34s 726ms 153μs 700ns;                        -1000502178768717ns
46f371;292;0;135;195;18;39;0.000000;0.000000;-nan;783.000000;783.000000;100.000000;0.000000;0.000000;-nan;     1m  4s 814ms 663μs 180ns;                        -51027258112243127ns
46f37d;80;0;28;46;7;30;0.000000;0.000000;-nan;783.000000;783.000000;120.092025;0.000000;0.000000;-nan;        31s 604ms 489μs 986ns;                        -3001504201904873ns
46f31a;108;0;271;217;7;115;115.000000;115.000000;100.000000;522.000000;522.000000;100.000000;0.000000;0.000000;-nan;        32s 173ms 718μs 356ns;                          0ns
46f31f;149;0;78;155;9;38;44.000000;0.000000;0.000000;825.000000;825.000000;138.422819;0.000000;0.000000;-nan;        37s 146ms 788μs 617ns;                        -2000999284340548ns
46f326;37;0;87;44;11;22;66.000000;0.000000;0.000000;656.000000;656.000000;100.000000;0.000000;0.000000;-nan;        35s 816ms 884μs 366ns;         1s  60ms 665μs  91ns
46f334;31;1;49;25;7;24;64.000000;0.000000;0.000000;783.000000;783.000000;99.491741;0.000000;0.000000;-nan;        12s 589ms 833μs 791ns;                        -3001489426174877ns
46f343;228;0;134;186;12;74;151.000000;0.000000;0.000000;698.000000;698.000000;130.223881;0.000000;0.000000;-nan;        55s 496ms 648μs 187ns;                        -7003605269164698ns
16d8ce;1692;0;494;1208;35;73;127.000000;0.000000;0.000000;1150.000000;1150.000000;100.087032;0.000000;0.000000;-nan;     2m 48s 535ms 740μs 339ns;     6m  3s 644ms 389μs 227ns
16d8e2;476;0;193;335;20;30;78.000000;0.000000;0.000000;1148.000000;1148.000000;100.437445;0.000000;0.000000;-nan;     2m  1s 425ms 723μs 158ns;        55s 771ms 819μs 148ns
16d882;46;0;35;93;6;24;25.000000;0.000000;0.000000;1151.000000;1151.000000;100.000000;0.000000;0.000000;-nan;        12s 513ms 459μs 696ns;            367ms 853μs 760ns
16d893;60;0;46;62;6;22;23.000000;0.000000;0.000000;1146.000000;1146.000000;100.000000;0.000000;0.000000;-nan;        19s 461ms  51μs 908ns;            244ms 443μs 401ns
16d8a0;103;0;75;94;10;26;41.000000;0.000000;0.000000;1147.000000;1147.000000;100.174672;0.000000;0.000000;-nan;        56s 365ms 792μs 596ns;         1s 172ms  22μs 955ns
16d8af;107;0;39;84;8;26;31.000000;0.000000;0.000000;1146.000000;1146.000000;99.825784;0.000000;0.000000;-nan;        24s 450ms 900μs 914ns;         1s 250ms  33μs 422ns
16d8bb;209;0;90;161;18;27;71.000000;0.000000;0.000000;1145.000000;1145.000000;100.087413;0.000000;0.000000;-nan;     1m 42s 514ms 805μs 545ns;        10s 662ms 885μs 770ns
16d866;65;0;41;94;6;28;29.000000;0.000000;0.000000;1147.000000;1147.000000;100.000000;0.000000;0.000000;-nan;        12s  29ms 266μs 502ns;            117ms 552μs 643ns
16d86b;603;0;216;473;24;44;79.000000;0.000000;0.000000;1149.000000;1149.000000;99.913043;0.000000;0.000000;-nan;     2m 14s 384ms  54μs 620ns;     1m 18s 425ms 864μs  13ns
16d874;90;0;60;74;8;36;51.000000;0.000000;0.000000;1826.000000;1826.000000;100.164564;0.000000;0.000000;-nan;        39s 312ms 828μs 145ns;                        -1958732110998549ns
16ac46;344;0;142;262;16;33;52.000000;0.000000;0.000000;1148.000000;1148.000000;100.000000;0.000000;0.000000;-nan;        26s 300ms 391μs 785ns;         7s 442ms 623μs 862ns
16ac50;166;0;90;142;16;25;67.000000;0.000000;0.000000;1142.000000;1142.000000;99.825175;0.000000;0.000000;-nan;        26s 683ms 288μs 671ns;         3s 330ms 876μs 590ns
16ac5b;73;0;50;87;7;22;24.000000;0.000000;0.000000;1146.000000;1146.000000;100.000000;0.000000;0.000000;-nan;        12s 294ms 734μs 738ns;            576ms 917μs  39ns
16ac61;109;0;81;96;8;36;40.000000;0.000000;0.000000;1230.000000;1230.000000;106.401384;0.000000;0.000000;-nan;        17s 704ms 165μs 174ns;                        -1958466385767555ns
16ac72;43;0;26;99;6;22;23.000000;0.000000;0.000000;1145.000000;1145.000000;100.000000;0.000000;0.000000;-nan;         8s 369ms 682μs 815ns;            279ms 126μs 705ns
16ac0b;37;0;26;111;6;24;25.000000;0.000000;0.000000;1151.000000;1151.000000;100.000000;0.000000;0.000000;-nan;         5s 920ms 264μs 590ns;             91ms 776μs 706ns
16ac10;138;0;63;125;8;44;59.000000;0.000000;0.000000;1151.000000;1151.000000;100.086957;0.000000;0.000000;-nan;        17s 479ms  24μs  78ns;            833ms 971μs 668ns
16ac21;55;0;47;66;6;22;23.000000;0.000000;0.000000;1143.000000;1143.000000;100.000000;0.000000;0.000000;-nan;         6s 388ms 437μs 334ns;            276ms 583μs 848ns
16ac32;58;0;46;66;8;26;41.000000;0.000000;0.000000;1148.000000;1148.000000;99.912968;0.000000;0.000000;-nan;        17s 318ms 768μs 286ns;            300ms 602μs 377ns
16ac3b;119;0;74;145;8;44;51.000000;0.000000;0.000000;1147.000000;1147.000000;100.000000;0.000000;0.000000;-nan;        17s 285ms 208μs 555ns;         1s   1ms 153μs 259ns
168152;99;0;59;106;11;25;52.000000;0.000000;0.000000;1145.000000;1145.000000;100.000000;0.000000;0.000000;-nan;        18s 199ms 678μs 962ns;         1s 768ms 459μs 645ns
168160;136;0;77;123;11;28;43.000000;0.000000;0.000000;1148.000000;1148.000000;100.349650;0.000000;0.000000;-nan;        18s 780ms 822μs  39ns;         2s  24ms 308μs 873ns
16816c;48;0;38;81;6;22;23.000000;0.000000;0.000000;1146.000000;1146.000000;100.000000;0.000000;0.000000;-nan;        10s 499ms 237μs 587ns;            346ms  34μs 119ns
168178;51;0;40;51;6;24;27.000000;0.000000;0.000000;1146.000000;1146.000000;99.825784;0.000000;0.000000;-nan;        10s 596ms 773μs 803ns;             96ms 838μs  95ns
16810c;134;0;98;128;10;35;46.000000;0.000000;0.000000;1545.000000;1545.000000;109.964413;0.000000;0.000000;-nan;        14s 721ms 149μs 572ns;                        -6853712237657127ns
168111;86;0;80;92;7;38;40.000000;0.000000;0.000000;1583.000000;1583.000000;112.269504;0.000000;0.000000;-nan;        10s 982ms 707μs 236ns;                        -2937300617195584ns
168120;128;0;66;102;11;26;43.000000;0.000000;0.000000;1149.000000;1149.000000;99.913043;0.000000;0.000000;-nan;        18s 786ms 377μs  82ns;         1s 474ms 471μs 361ns
168129;60;0;39;75;6;24;25.000000;0.000000;0.000000;1151.000000;1151.000000;100.000000;0.000000;0.000000;-nan;         6s 781ms 687μs 408ns;            406ms 637μs 744ns
168134;185;0;95;154;12;32;43.000000;0.000000;0.000000;1148.000000;1148.000000;100.087184;0.000000;0.000000;-nan;        19s 720ms 905μs 156ns;         5s 530ms 411μs 631ns
16813e;141;0;98;129;16;30;97.000000;0.000000;0.000000;1145.000000;1145.000000;99.651871;0.000000;0.000000;-nan;        21s 569ms 387μs 990ns;         5s 917ms 169μs  42ns
16530d;57;0;49;62;6;22;23.000000;0.000000;0.000000;1143.000000;1143.000000;100.000000;0.000000;0.000000;-nan;         8s 657ms 920μs 989ns;            275ms 337μs 684ns
16531b;363;0;139;312;14;61;91.000000;0.000000;0.000000;1151.000000;1151.000000;100.086957;0.000000;0.000000;-nan;        32s 269ms 419μs 975ns;        15s 304ms 416μs 592ns
165323;208;0;109;161;18;26;119.000000;0.000000;0.000000;1145.000000;1145.000000;100.000000;0.000000;0.000000;-nan;        34s 261ms 662μs 852ns;         6s  84ms 452μs 317ns
16532d;39;0;23;106;6;23;24.000000;0.000000;0.000000;1146.000000;1146.000000;100.000000;0.000000;0.000000;-nan;         6s 597ms 299μs 445ns;            277ms 238μs 737ns
165334;47;0;36;85;6;22;23.000000;0.000000;0.000000;1148.000000;1148.000000;100.000000;0.000000;0.000000;-nan;        11s 421ms 231μs 508ns;            271ms  15μs 978ns
1652db;165;0;86;173;7;59;60.000000;0.000000;0.000000;1251.000000;1251.000000;100.000000;0.000000;0.000000;-nan;        15s  81ms 717μs 511ns;            586ms 476μs 777ns
1652e6;87;0;40;99;7;24;26.000000;0.000000;0.000000;1151.000000;1151.000000;100.000000;0.000000;0.000000;-nan;        14s 347ms 690μs 120ns;            724ms 636μs 226ns
1652ee;61;0;45;62;6;22;23.000000;0.000000;0.000000;1144.000000;1144.000000;100.000000;0.000000;0.000000;-nan;        11s 751ms  79μs  38ns;            554ms 490μs 991ns
1652f8;40;0;22;106;6;23;24.000000;0.000000;0.000000;1149.000000;1149.000000;100.000000;0.000000;0.000000;-nan;         8s 115ms 144μs 453ns;             90ms 286μs 244ns
1652ff;188;0;86;168;14;26;41.000000;0.000000;0.000000;1148.000000;1148.000000;100.087184;0.000000;0.000000;-nan;        32s 161ms 641μs 501ns;         4s 129ms  88μs 270ns
161f43;186;0;58;140;18;28;128.000000;0.000000;0.000000;1148.000000;1148.000000;100.000000;0.000000;0.000000;-nan;        38s 820ms 969μs 987ns;         8s 122ms 704μs 726ns
161f4b;181;2;98;165;14;35;88.000000;0.000000;0.000000;1146.000000;1146.000000;100.000000;0.000000;0.000000;-nan;        27s 571ms 286μs 873ns;         5s 990ms 357μs  55ns
161f54;58;0;39;77;6;24;25.000000;0.000000;0.000000;1151.000000;1151.000000;100.000000;0.000000;0.000000;-nan;         9s   5ms 505μs 386ns;            410ms 626μs 735ns
161f5c;82;0;46;82;7;22;24.000000;0.000000;0.000000;1146.000000;1146.000000;100.174825;0.000000;0.000000;-nan;        12s 385ms 449μs 597ns;            980ms 532μs 152ns
161f6b;183;0;113;142;15;32;81.000000;0.000000;0.000000;1148.000000;1148.000000;100.262009;0.000000;0.000000;-nan;        34s 432ms 942μs 359ns;         5s 538ms 667μs 626ns
161f0c;193;0;56;213;10;39;57.000000;0.000000;0.000000;1149.000000;1149.000000;100.174368;0.000000;0.000000;-nan;        21s 764ms  44μs  23ns;         2s 466ms 544μs 479ns
161f13;259;0;80;183;18;34;128.000000;0.000000;0.000000;1230.000000;1230.000000;100.000000;0.000000;0.000000;-nan;        38s 574ms 610μs 904ns;                        -20555382349914003ns
161f1f;259;0;107;244;16;39;70.000000;0.000000;0.000000;1151.000000;1151.000000;99.913194;0.000000;0.000000;-nan;        35s 354ms 149μs 267ns;         6s 513ms  93μs 522ns
161f29;169;0;105;144;17;34;101.000000;0.000000;0.000000;1149.000000;1149.000000;99.913043;0.000000;0.000000;-nan;        36s 188ms 394μs 931ns;         6s 872ms 621μs 425ns
161f37;76;0;35;115;7;24;26.000000;0.000000;0.000000;1149.000000;1149.000000;100.000000;0.000000;0.000000;-nan;        14s 430ms 423μs 494ns;            304ms 672μs 965ns
15e909;42;0;38;88;6;22;23.000000;0.000000;0.000000;1148.000000;1148.000000;100.000000;0.000000;0.000000;-nan;         9s 183ms  33μs 699ns;             90ms 407μs 309ns
15e917;140;0;76;134;16;26;96.000000;0.000000;0.000000;1145.000000;1145.000000;100.262697;0.000000;0.000000;-nan;        42s 450ms 298μs 197ns;         3s  90ms 573μs 721ns
15e91e;625;0;234;427;20;52;95.000000;0.000000;0.000000;1148.000000;1148.000000;100.262009;0.000000;0.000000;-nan;        54s  22ms 333μs 312ns;     1m 21s 578ms 682μs 470ns
15e92b;57;0;52;59;6;22;23.000000;0.000000;0.000000;1143.000000;1143.000000;100.000000;0.000000;0.000000;-nan;        10s 356ms 352μs 631ns;            279ms 293μs 268ns
15e938;63;0;36;69;6;22;23.000000;0.000000;0.000000;1146.000000;1146.000000;100.000000;0.000000;0.000000;-nan;        14s 302ms 838μs 823ns;            330ms 990μs  18ns
15e8cd;510;0;179;415;20;47;85.000000;0.000000;0.000000;1150.000000;1150.000000;100.000000;0.000000;0.000000;-nan;        53s 758ms 269μs 883ns;        19s 599ms  42μs 435ns
15e8d2;117;0;76;121;11;25;36.000000;0.000000;0.000000;1145.000000;1145.000000;99.651871;0.000000;0.000000;-nan;        24s 440ms  38μs 923ns;         1s 569ms 108μs  93ns
15e8db;86;0;37;103;7;24;26.000000;0.000000;0.000000;1151.000000;1151.000000;100.000000;0.000000;0.000000;-nan;        14s 693ms 730μs 543ns;            371ms  67μs   0ns
15e8ee;98;0;63;103;9;27;34.000000;0.000000;0.000000;1146.000000;1146.000000;99.912816;0.000000;0.000000;-nan;        17s 316ms 366μs 232ns;            708ms 932μs 656ns
15e8f9;58;0;48;62;6;22;23.000000;0.000000;0.000000;1144.000000;1144.000000;100.000000;0.000000;0.000000;-nan;        10s 804ms 525μs 621ns;            409ms 828μs   2ns
2dbc41;4;8;148;88;6;44;44.000000;44.000000;100.000000;2196.000000;2196.000000;100.000000;0.000000;0.000000;-nan;            642ms 839μs 118ns;                          0ns
2dbc45;3;0;154;91;6;44;44.000000;44.000000;100.000000;2195.000000;2195.000000;100.000000;0.000000;0.000000;-nan;            784ms 592μs 307ns;                          0ns
2dbc48;3;0;154;91;6;44;44.000000;44.000000;100.000000;2198.000000;2198.000000;100.000000;0.000000;0.000000;-nan;            721ms 989μs 770ns;                          0ns
2dbc4d;3;90;102;53;6;44;44.000000;44.000000;100.000000;2200.000000;2200.000000;100.000000;0.000000;0.000000;-nan;            449ms 782μs   6ns;                          0ns
2dbc51;3;0;156;89;6;44;44.000000;44.000000;100.000000;2193.000000;2193.000000;100.000000;0.000000;0.000000;-nan;            824ms 125μs 607ns;                          0ns
2dbc59;4;2;159;83;6;44;44.000000;44.000000;100.000000;2197.000000;2197.000000;100.000000;0.000000;0.000000;-nan;            882ms 316μs 534ns;                          0ns
2dbc61;3;45;126;74;6;44;44.000000;44.000000;100.000000;2201.000000;2201.000000;100.000000;0.000000;0.000000;-nan;            763ms 670μs 298ns;                          0ns
2dbc31;3;0;157;88;6;44;44.000000;44.000000;100.000000;2194.000000;2194.000000;100.000000;0.000000;0.000000;-nan;            691ms 487μs 692ns;                          0ns
2dbc38;3;0;153;92;6;44;44.000000;44.000000;100.000000;2192.000000;2192.000000;100.000000;0.000000;0.000000;-nan;            652ms 199μs 886ns;                          0ns
2dbc3c;3;0;156;89;6;44;44.000000;44.000000;100.000000;2199.000000;2199.000000;100.000000;0.000000;0.000000;-nan;            668ms 538μs  16ns;                          0ns
15b245;423;0;84;395;15;37;56.000000;0.000000;0.000000;1148.000000;1148.000000;100.174520;0.000000;0.000000;-nan;     1m  7s 262ms 667μs 701ns;         9s 568ms 971μs 465ns
15b200;433;0;45;312;9;104;111.000000;0.000000;0.000000;1149.000000;1149.000000;99.826238;0.000000;0.000000;-nan;        55s 988ms  95μs 571ns;         3s 194ms 823μs 987ns
15b20e;103;0;65;106;9;30;46.000000;0.000000;0.000000;1230.000000;1230.000000;100.000000;0.000000;0.000000;-nan;        44s 867ms 251μs 228ns;                        -3913913518738357ns
15b219;97;0;54;125;9;33;49.000000;0.000000;0.000000;1151.000000;1151.000000;100.611888;0.000000;0.000000;-nan;        45s 582ms 633μs 318ns;         1s  74ms 313μs 466ns
15b225;71;0;58;71;6;28;29.000000;0.000000;0.000000;1147.000000;1147.000000;100.000000;0.000000;0.000000;-nan;        10s 327ms  78μs 540ns;            465ms 215μs 195ns
15b22f;140;0;42;68;11;26;123.000000;0.000000;0.000000;1148.000000;1148.000000;100.000000;0.000000;0.000000;-nan;     1m      82ms 135μs 537ns;         1s 732ms 293μs 823ns
15b238;58;0;42;68;6;22;23.000000;0.000000;0.000000;1145.000000;1145.000000;100.000000;0.000000;0.000000;-nan;        10s 855ms  53μs 317ns;            185ms 535μs 977ns
15b1de;194;0;109;139;13;41;64.000000;0.000000;0.000000;1899.000000;1899.000000;118.984962;0.000000;0.000000;-nan;     1m  3s 541ms 616μs 547ns;                        -18591184476562936ns
15b1e8;223;0;120;201;16;36;75.000000;0.000000;0.000000;1151.000000;1151.000000;99.913194;0.000000;0.000000;-nan;     1m  7s 486ms 173μs  83ns;         4s 673ms 476μs 685ns
15b1f0;138;0;87;131;10;34;48.000000;0.000000;0.000000;1149.000000;1149.000000;100.000000;0.000000;0.000000;-nan;        47s 108ms 512μs 986ns;         1s 392ms  99μs 930ns
156d8b;61;0;43;64;6;23;24.000000;0.000000;0.000000;1146.000000;1146.000000;100.000000;0.000000;0.000000;-nan;        15s 942ms 195μs 420ns;            298ms 621μs 340ns
156d95;300;0;134;252;19;36;97.000000;0.000000;0.000000;1150.000000;1150.000000;100.174216;0.000000;0.000000;-nan;     1m 58s 613ms 285μs 479ns;        12s 296ms 910μs 206ns
156da8;597;0;128;423;14;53;93.000000;0.000000;0.000000;1151.000000;1151.000000;100.611888;0.000000;0.000000;-nan;     1m 53s 290ms 384μs 932ns;        50s 728ms 742μs 596ns
156d42;170;0;79;163;10;38;45.000000;0.000000;0.000000;1150.000000;1150.000000;100.000000;0.000000;0.000000;-nan;     1m  3s 501ms 255μs  96ns;         1s 574ms 170μs 102ns
156d51;145;0;99;120;13;25;49.000000;0.000000;0.000000;1149.000000;1149.000000;100.000000;0.000000;0.000000;-nan;     1m 36s 768ms 755μs 634ns;         2s 230ms 571μs 516ns
156d5c;214;0;113;197;10;44;53.000000;0.000000;0.000000;1151.000000;1151.000000;99.913194;0.000000;0.000000;-nan;     1m  3s 537ms 577μs 713ns;         4s  31ms 655μs 864ns
156d65;59;0;40;75;6;24;25.000000;0.000000;0.000000;1151.000000;1151.000000;100.000000;0.000000;0.000000;-nan;        12s 429ms 658μs 913ns;            213ms 204μs 568ns
156d6c;502;0;145;363;20;36;62.000000;0.000000;0.000000;1149.000000;1149.000000;100.174368;0.000000;0.000000;-nan;     1m 59s 897ms 122μs 131ns;        29s 581ms 360μs 786ns
156d7b;49;0;30;89;6;22;23.000000;0.000000;0.000000;1145.000000;1145.000000;100.000000;0.000000;0.000000;-nan;        13s 289ms 612μs 896ns;            278ms 774μs 817ns
156d3b;674;0;140;468;12;127;138.000000;0.000000;0.000000;1306.000000;1306.000000;108.202154;0.000000;0.000000;-nan;     1m 47s 337ms 717μs 552ns;                        -3913122792827732ns
152a09;310;0;241;401;10;101;126.000000;0.000000;0.000000;1148.000000;1148.000000;99.826087;0.000000;0.000000;-nan;        57s 577ms 187μs 890ns;         2s 472ms 501μs 366ns
152a12;60;0;39;75;6;24;25.000000;0.000000;0.000000;1151.000000;1151.000000;100.000000;0.000000;0.000000;-nan;        11s 595ms 847μs 115ns;            182ms 268μs 121ns
152a1f;77;0;56;77;7;22;24.000000;0.000000;0.000000;1148.000000;1148.000000;100.000000;0.000000;0.000000;-nan;        12s  45ms 710μs 345ns;            367ms 730μs 481ns
152a30;356;0;202;264;17;50;85.000000;0.000000;0.000000;1150.000000;1150.000000;100.349040;0.000000;0.000000;-nan;     1m 23s 822ms 982μs 241ns;        26s 606ms 451μs 156ns
152a3e;186;0;99;169;11;56;99.000000;0.000000;0.000000;1151.000000;1151.000000;100.524017;0.000000;0.000000;-nan;     1m 12s 487ms 685μs 252ns;         2s 557ms 172μs 915ns
1529d4;102;0;73;89;8;33;37.000000;0.000000;0.000000;1234.000000;1234.000000;101.815182;0.000000;0.000000;-nan;        24s 198ms 502μs 635ns;            443ms 887μs 819ns
1529d9;115;0;98;95;11;33;88.000000;0.000000;0.000000;1482.000000;1482.000000;105.480427;0.000000;0.000000;-nan;        53s 218ms 736μs 564ns;                        -3912145728501309ns
1529e3;437;0;324;443;12;100;122.000000;0.000000;0.000000;1405.000000;1405.000000;114.227642;0.000000;0.000000;-nan;     1m 13s  18ms 990μs 602ns;                        -4890288322333873ns
1529f1;745;0;368;491;33;43;149.000000;0.000000;0.000000;1150.000000;1150.000000;100.261552;0.000000;0.000000;-nan;     1m 41s 550ms 934μs 305ns;     1m  5s  14ms 644μs 151ns
1529ff;83;0;31;112;7;24;26.000000;0.000000;0.000000;1145.000000;1145.000000;99.651871;0.000000;0.000000;-nan;        20s 503ms 858μs 794ns;            732ms 892μs 848ns
450393;757;0;321;484;29;56;154.000000;0.000000;0.000000;783.000000;783.000000;100.000000;0.000000;0.000000;-nan;     3m 47s 301ms 186μs 786ns;                        -310076690314355361ns
450354;657;0;166;393;12;142;156.000000;0.000000;0.000000;1022.000000;1022.000000;100.000000;0.000000;0.000000;-nan;     2m 54s 517ms 568μs 463ns;                        -16002441491306375ns
450362;194;0;102;154;15;42;97.000000;0.000000;0.000000;1139.000000;1139.000000;100.264085;0.000000;0.000000;-nan;     3m      61ms 655μs 699ns;         5s 192ms 988μs 370ns
45036e;24;0;39;39;5;18;18.000000;18.000000;100.000000;821.000000;821.000000;100.000000;0.000000;0.000000;-nan;        15s 205ms 459μs 306ns;                          0ns
45037b;450;0;157;407;11;81;100.000000;0.000000;0.000000;1147.000000;1147.000000;141.430333;0.000000;0.000000;-nan;     2m 19s 242ms 857μs 675ns;                        -16002605419550917ns
450386;250;0;437;199;17;85;149.000000;0.000000;0.000000;1148.000000;1148.000000;100.174520;0.000000;0.000000;-nan;     3m 23s 339ms 199μs  85ns;        13s  76ms 592μs 602ns
450322;22;0;50;54;5;23;23.000000;23.000000;100.000000;1141.000000;1141.000000;100.000000;0.000000;0.000000;-nan;         7s 371ms 226μs 641ns;                          0ns
450327;479;0;68;317;8;120;0.000000;0.000000;-nan;893.000000;893.000000;100.000000;0.000000;0.000000;-nan;     1m 27s  89ms 119μs 722ns;                        -1000118207858570ns
450336;61;0;118;107;7;54;107.000000;0.000000;0.000000;805.000000;805.000000;102.287166;0.000000;0.000000;-nan;     3m 51s 838ms 142μs  34ns;            555ms 825μs 563ns
450344;558;0;284;370;17;99;167.000000;0.000000;0.000000;1007.000000;1007.000000;100.000000;0.000000;0.000000;-nan;     3m 23s 650ms 964μs  56ns;                        -28003871110183130ns
14f086;124;0;50;106;9;25;31.000000;0.000000;0.000000;1147.000000;1147.000000;99.652476;0.000000;0.000000;-nan;        32s  61ms 242μs 847ns;            653ms 114μs 628ns
14f04c;143;0;75;164;8;47;55.000000;0.000000;0.000000;1150.000000;1150.000000;99.826389;0.000000;0.000000;-nan;        31s 540ms 936μs 693ns;         1s 119ms 135μs 771ns
14f05a;68;0;46;96;7;22;24.000000;0.000000;0.000000;1146.000000;1146.000000;100.000000;0.000000;0.000000;-nan;        20s 392ms 262μs 712ns;            492ms 714μs 595ns
14f06a;658;0;262;460;23;50;112.000000;0.000000;0.000000;1148.000000;1148.000000;100.262009;0.000000;0.000000;-nan;     1m 13s 277ms 774μs 315ns;        32s 329ms 375μs 293ns
14f075;56;0;48;64;6;23;24.000000;0.000000;0.000000;1148.000000;1148.000000;100.000000;0.000000;0.000000;-nan;         9s 441ms 950μs 925ns;            274ms  62μs   1ns
14f00b;89;0;31;88;7;29;32.000000;0.000000;0.000000;1150.000000;1150.000000;100.000000;0.000000;0.000000;-nan;        14s 746ms 809μs 694ns;            226ms 398μs 914ns
14f00f;234;0;183;233;12;56;66.000000;0.000000;0.000000;1711.000000;1711.000000;118.490305;0.000000;0.000000;-nan;        55s 666ms 414μs 208ns;                        -12712432047434202ns
14f01f;385;0;233;378;13;69;86.000000;0.000000;0.000000;1765.000000;1765.000000;125.622776;0.000000;0.000000;-nan;     1m     362ms 591μs 813ns;                        -31292467222539116ns
14f02f;151;0;56;109;12;35;64.000000;0.000000;0.000000;1147.000000;1147.000000;100.000000;0.000000;0.000000;-nan;        55s 689ms 231μs 726ns;         3s 260ms 121μs 308ns
14f03e;58;0;41;75;6;24;25.000000;0.000000;0.000000;1149.000000;1149.000000;100.000000;0.000000;0.000000;-nan;        11s  97ms 205μs  66ns;            365ms 874μs  59ns
14c003;76;0;53;81;7;22;24.000000;0.000000;0.000000;1148.000000;1148.000000;100.000000;0.000000;0.000000;-nan;        12s 171ms 961μs 108ns;            512ms 797μs 664ns
14c014;222;0;128;228;11;59;97.000000;0.000000;0.000000;1150.000000;1150.000000;100.436681;0.000000;0.000000;-nan;        26s 740ms 992μs 468ns;         2s 832ms 794μs  94ns
14bfc7;248;0;119;211;16;38;83.000000;0.000000;0.000000;1227.000000;1227.000000;99.756098;0.000000;0.000000;-nan;        31s 964ms 565μs 473ns;                        -15643718848390020ns
14bfd3;92;0;24;154;8;23;26.000000;0.000000;0.000000;1151.000000;1151.000000;100.000000;0.000000;0.000000;-nan;        14s   6ms 844μs  59ns;            809ms 130μs 330ns
14bfe2;173;0;112;149;12;32;43.000000;0.000000;0.000000;1149.000000;1149.000000;100.174368;0.000000;0.000000;-nan;        27s 549ms 578μs 876ns;         4s 972ms 118μs 282ns
14bfef;50;0;44;74;6;22;23.000000;0.000000;0.000000;1146.000000;1146.000000;100.000000;0.000000;0.000000;-nan;        12s 921ms 739μs 503ns;            291ms 135μs 318ns
14bffc;63;0;33;104;6;28;29.000000;0.000000;0.000000;1144.000000;1144.000000;100.000000;0.000000;0.000000;-nan;        11s 656ms 408μs 383ns;            421ms  77μs 617ns
14bfac;288;0;146;192;21;26;75.000000;0.000000;0.000000;1149.000000;1149.000000;99.913043;0.000000;0.000000;-nan;        34s  52ms 687μs 378ns;        10s 659ms 923μs 814ns
14bfb0;108;0;78;112;6;58;58.000000;58.000000;100.000000;1158.000000;1158.000000;100.000000;0.000000;0.000000;-nan;        12s 521ms 787μs 965ns;                          0ns
14bfbc;59;0;37;78;6;24;25.000000;0.000000;0.000000;1149.000000;1149.000000;100.000000;0.000000;0.000000;-nan;         8s 127ms 300μs 274ns;            355ms 499μs  40ns
148c00;104;0;59;107;9;28;35.000000;0.000000;0.000000;1149.000000;1149.000000;100.000000;0.000000;0.000000;-nan;        26s 408ms 713μs 662ns;            980ms 300μs 185ns
148c09;139;0;108;145;7;54;55.000000;0.000000;0.000000;1228.000000;1228.000000;100.000000;0.000000;0.000000;-nan;        24s 535ms 599μs 920ns;            477ms 891μs 976ns
148c13;146;0;82;138;8;48;55.000000;0.000000;0.000000;1148.000000;1148.000000;100.000000;0.000000;0.000000;-nan;        31s  60ms 494μs 894ns;         1s 468ms  97μs 609ns
148c1d;200;0;80;194;10;40;46.000000;0.000000;0.000000;1150.000000;1150.000000;99.913119;0.000000;0.000000;-nan;        35s 830ms 511μs 164ns;         2s 881ms 493μs 211ns
148c29;211;0;99;178;16;35;84.000000;0.000000;0.000000;1151.000000;1151.000000;100.524017;0.000000;0.000000;-nan;        45s 200ms  37μs 214ns;         6s 533ms 742μs 339ns
148c38;45;0;26;97;6;22;23.000000;0.000000;0.000000;1146.000000;1146.000000;100.000000;0.000000;0.000000;-nan;        17s 459ms  88μs  63ns;            247ms 712μs 805ns
148c3e;316;0;172;234;15;47;125.000000;0.000000;0.000000;1150.000000;1150.000000;100.000000;0.000000;0.000000;-nan;        44s 644ms 209μs 523ns;         4s 361ms 340μs 299ns
148be3;162;0;73;89;8;58;64.000000;0.000000;0.000000;1293.000000;1293.000000;107.481297;0.000000;0.000000;-nan;        31s 445ms 113μs 112ns;                        -1955152485907382ns
148be8;112;0;279;177;13;80;155.000000;0.000000;0.000000;1148.000000;1148.000000;100.087184;0.000000;0.000000;-nan;        41s 202ms 388μs 532ns;        10s 448ms 950μs 560ns
148bf3;109;0;67;126;9;37;50.000000;0.000000;0.000000;1151.000000;1151.000000;99.913194;0.000000;0.000000;-nan;        32s 177ms 162μs 191ns;            761ms 457μs 930ns
145b88;41;0;34;93;6;22;23.000000;0.000000;0.000000;1148.000000;1148.000000;100.000000;0.000000;0.000000;-nan;         7s 264ms 380μs 109ns;             90ms 789μs 363ns
145b95;123;0;54;87;13;25;92.000000;0.000000;0.000000;1145.000000;1145.000000;99.651871;0.000000;0.000000;-nan;        33s 264ms 721μs  64ns;         2s 337ms 304μs 213ns
145b9d;106;0;66;124;13;25;67.000000;0.000000;0.000000;1148.000000;1148.000000;100.262009;0.000000;0.000000;-nan;        31s 469ms 246μs 826ns;         1s 221ms 993μs 642ns
145baa;247;0;116;163;17;27;91.000000;0.000000;0.000000;1148.000000;1148.000000;100.174520;0.000000;0.000000;-nan;        36s 909ms 957μs 677ns;         7s 862ms 326μs 714ns
145bb0;405;40;142;299;17;40;87.000000;0.000000;0.000000;1148.000000;1148.000000;99.739357;0.000000;0.000000;-nan;        38s  38ms 649μs 372ns;        51s 330ms 400μs 137ns
145bb7;61;0;45;62;6;22;23.000000;0.000000;0.000000;1144.000000;1144.000000;100.000000;0.000000;0.000000;-nan;        11s 935ms 362μs 729ns;            494ms 687μs  20ns
145b62;139;0;66;99;11;26;104.000000;0.000000;0.000000;1148.000000;1148.000000;99.652778;0.000000;0.000000;-nan;        28s 588ms 869μs 918ns;         3s 198ms 236μs 816ns
145b6a;56;0;24;108;6;26;27.000000;0.000000;0.000000;1176.000000;1176.000000;100.000000;0.000000;0.000000;-nan;         9s  99ms 908μs 379ns;            278ms 710μs  75ns
145b77;129;0;67;116;8;42;58.000000;0.000000;0.000000;1146.000000;1146.000000;99.652174;0.000000;0.000000;-nan;        17s 100ms 744μs 233ns;            786ms 913μs 704ns
145b7f;149;0;73;130;12;26;39.000000;0.000000;0.000000;1151.000000;1151.000000;100.348736;0.000000;0.000000;-nan;        29s 842ms 213μs 677ns;         2s 724ms 521μs 116ns
141f85;140;0;72;118;11;30;50.000000;0.000000;0.000000;1150.000000;1150.000000;100.524476;0.000000;0.000000;-nan;        31s  25ms 182μs 980ns;         1s 862ms 535μs 908ns
141f92;56;0;47;65;6;22;23.000000;0.000000;0.000000;1148.000000;1148.000000;100.000000;0.000000;0.000000;-nan;        11s 818ms 151μs 866ns;            222ms 367μs   9ns
141f52;1101;0;441;750;37;51;150.000000;0.000000;0.000000;1149.000000;1149.000000;100.174368;0.000000;0.000000;-nan;     1m 20s 933ms 106μs 961ns;     3m 40s 379ms 816μs 165ns
141f5e;59;0;38;77;6;24;25.000000;0.000000;0.000000;1149.000000;1149.000000;100.000000;0.000000;0.000000;-nan;        11s   5ms 911μs 126ns;            190ms 499μs 441ns
141f69;45;0;23;100;6;22;23.000000;0.000000;0.000000;1146.000000;1146.000000;100.000000;0.000000;0.000000;-nan;        14s 142ms 239μs 471ns;            249ms 915μs 314ns
141f76;213;0;95;200;15;42;111.000000;0.000000;0.000000;1149.000000;1149.000000;100.349345;0.000000;0.000000;-nan;        43s 506ms 194μs 547ns;         8s 220ms 629μs 305ns
141f1b;226;0;166;178;13;56;86.000000;0.000000;0.000000;1899.000000;1899.000000;100.000000;0.000000;0.000000;-nan;        38s 454ms 607μs 873ns;                        -19544944992645355ns
141f22;99;0;53;100;7;27;29.000000;0.000000;0.000000;1266.000000;1266.000000;101.118211;0.000000;0.000000;-nan;        12s 644ms 312μs  87ns;                        -1954475907035839ns
141f30;85;0;24;75;6;30;31.000000;0.000000;0.000000;1150.000000;1150.000000;100.000000;0.000000;0.000000;-nan;        10s 497ms 441μs 949ns;            129ms 380μs 450ns
141f3a;150;0;53;155;9;37;51.000000;0.000000;0.000000;1151.000000;1151.000000;100.000000;0.000000;0.000000;-nan;        23s 988ms 818μs 249ns;            733ms 422μs 930ns
2c040e;2;1;163;94;6;46;46.000000;46.000000;100.000000;2217.000000;2217.000000;100.000000;0.000000;0.000000;-nan;            395ms 706μs  68ns;                          0ns
2c03da;2;18;154;90;6;47;47.000000;47.000000;100.000000;2218.000000;2218.000000;100.000000;0.000000;0.000000;-nan;            421ms 756μs 465ns;                          0ns
2c03fd;2;0;166;92;6;46;46.000000;46.000000;100.000000;2224.000000;2224.000000;100.000000;0.000000;0.000000;-nan;            407ms 574μs 760ns;                          0ns
2c0385;2;0;168;94;6;47;47.000000;47.000000;100.000000;2220.000000;2220.000000;100.000000;0.000000;0.000000;-nan;            416ms  17μs 515ns;                          0ns
2c03a3;3;8;155;98;6;47;47.000000;47.000000;100.000000;2222.000000;2222.000000;100.000000;0.000000;0.000000;-nan;            619ms 119μs 879ns;                          0ns
2c03b1;2;8;159;95;6;47;47.000000;47.000000;100.000000;2216.000000;2216.000000;100.000000;0.000000;0.000000;-nan;            395ms  66μs   4ns;                          0ns
2c034d;1;0;168;91;6;46;46.000000;46.000000;100.000000;2221.000000;2221.000000;100.000000;0.000000;0.000000;-nan;            293ms  76μs 602ns;                          0ns
2c0352;3;0;164;97;6;47;47.000000;47.000000;100.000000;2223.000000;2223.000000;100.000000;0.000000;0.000000;-nan;            524ms 625μs 257ns;                          0ns
2c035d;1;0;165;94;6;46;46.000000;46.000000;100.000000;2219.000000;2219.000000;100.000000;0.000000;0.000000;-nan;            276ms  77μs 286ns;                          0ns
2c036c;1;0;166;93;6;46;46.000000;46.000000;100.000000;2225.000000;2225.000000;100.000000;0.000000;0.000000;-nan;            291ms 510μs 702ns;                          0ns
13f383;169;0;85;158;10;40;54.000000;0.000000;0.000000;1149.000000;1149.000000;100.087108;0.000000;0.000000;-nan;        17s 526ms 666μs 263ns;         1s 837ms 353μs 413ns
13f348;44;0;33;97;6;24;25.000000;0.000000;0.000000;1149.000000;1149.000000;100.000000;0.000000;0.000000;-nan;         5s 593ms 944μs 757ns;            285ms 905μs 606ns
13f351;60;0;39;75;6;24;25.000000;0.000000;0.000000;1151.000000;1151.000000;100.000000;0.000000;0.000000;-nan;         7s 827ms 547μs 553ns;            188ms 447μs 759ns
13f35e;158;0;71;137;16;26;69.000000;0.000000;0.000000;1149.000000;1149.000000;99.913043;0.000000;0.000000;-nan;        24s 486ms 216μs 216ns;         3s 875ms 583μs 861ns
13f371;179;0;76;95;16;24;123.000000;0.000000;0.000000;1149.000000;1149.000000;100.437063;0.000000;0.000000;-nan;        24s 586ms 959μs 374ns;         4s 344ms 138μs 988ns
13f37d;119;0;71;106;11;29;48.000000;0.000000;0.000000;1145.000000;1145.000000;100.000000;0.000000;0.000000;-nan;        18s 870ms 889μs 472ns;         1s 269ms 117μs 374ns
13f314;70;0;24;56;6;30;32.000000;0.000000;0.000000;1265.000000;1265.000000;99.921011;0.000000;0.000000;-nan;         7s 542ms 192μs 507ns;                        -1954201715206793ns
13f319;216;0;119;137;15;31;74.000000;0.000000;0.000000;1231.000000;1231.000000;100.081301;0.000000;0.000000;-nan;        23s 804ms 102μs 839ns;                        -12702417766412954ns
13f32c;42;0;20;106;6;22;23.000000;0.000000;0.000000;1146.000000;1146.000000;100.000000;0.000000;0.000000;-nan;         8s 148ms 290μs 221ns;            215ms 804μs 859ns
13f33d;131;0;40;93;13;25;64.000000;0.000000;0.000000;1151.000000;1151.000000;100.348736;0.000000;0.000000;-nan;        21s 510ms 818μs 457ns;         1s 767ms 982μs 464ns
13bbcd;57;0;38;79;6;24;25.000000;0.000000;0.000000;1149.000000;1149.000000;100.000000;0.000000;0.000000;-nan;         9s 165ms  25μs 265ns;            372ms 175μs 350ns
13bbdc;99;0;52;93;10;26;72.000000;0.000000;0.000000;1149.000000;1149.000000;100.261780;0.000000;0.000000;-nan;        22s 491ms 529μs 373ns;         1s  69ms 410μs 859ns
13bb80;469;0;160;381;19;48;102.000000;0.000000;0.000000;1149.000000;1149.000000;99.913043;0.000000;0.000000;-nan;        46s  54ms 378μs 403ns;        18s 117ms 601μs 964ns
13bb8d;91;0;58;91;10;24;37.000000;0.000000;0.000000;1146.000000;1146.000000;99.912816;0.000000;0.000000;-nan;        16s 720ms  17μs  66ns;            861ms  27μs 184ns
13bb98;110;0;43;137;14;24;65.000000;0.000000;0.000000;1145.000000;1145.000000;100.087413;0.000000;0.000000;-nan;        31s 936ms  68μs 390ns;         1s 932ms 474μs 306ns
13bba5;539;0;195;412;26;33;76.000000;0.000000;0.000000;1151.000000;1151.000000;100.261324;0.000000;0.000000;-nan;        51s 368ms  19μs  13ns;        21s 775ms 476μs 925ns
13bbb6;112;0;57;103;10;26;37.000000;0.000000;0.000000;1145.000000;1145.000000;100.000000;0.000000;0.000000;-nan;        21s  40ms 938μs 928ns;         1s 311ms 969μs 736ns
13bb65;129;0;45;84;9;38;61.000000;0.000000;0.000000;1508.000000;1508.000000;107.330961;0.000000;0.000000;-nan;        20s 384ms 617μs 427ns;                        -7815612483979714ns
13bb6b;217;0;140;195;14;43;72.000000;0.000000;0.000000;1630.000000;1630.000000;101.116625;0.000000;0.000000;-nan;        35s 571ms 279μs 811ns;                        -1953924538904718ns
13bb77;65;0;47;106;7;23;25.000000;0.000000;0.000000;1151.000000;1151.000000;100.000000;0.000000;0.000000;-nan;         9s 428ms 267μs 412ns;            318ms  49μs 529ns
138f80;71;0;40;83;6;27;28.000000;0.000000;0.000000;1144.000000;1144.000000;100.000000;0.000000;0.000000;-nan;        10s   2ms 918μs 770ns;            266ms 211μs 880ns
138f8f;67;0;39;90;7;25;61.000000;0.000000;0.000000;1149.000000;1149.000000;100.087108;0.000000;0.000000;-nan;        16s 843ms 204μs  32ns;            268ms 900μs 419ns
138f47;192;0;150;220;13;54;112.000000;0.000000;0.000000;1149.000000;1149.000000;99.826238;0.000000;0.000000;-nan;        24s 711ms 373μs 911ns;         5s 357ms 463μs 395ns
138f54;64;0;36;88;6;26;27.000000;0.000000;0.000000;1145.000000;1145.000000;100.000000;0.000000;0.000000;-nan;        10s 953ms 901μs 865ns;            102ms 713μs 251ns
138f5e;45;0;33;96;6;24;25.000000;0.000000;0.000000;1149.000000;1149.000000;100.000000;0.000000;0.000000;-nan;         9s 325ms 542μs 655ns;            346ms 104μs 207ns
138f66;157;0;50;157;12;27;72.000000;0.000000;0.000000;1151.000000;1151.000000;100.699913;0.000000;0.000000;-nan;        22s 820ms   7μs 133ns;         2s 301ms  19μs 238ns
138f71;42;0;23;103;6;22;23.000000;0.000000;0.000000;1146.000000;1146.000000;100.000000;0.000000;0.000000;-nan;        12s  98ms 327μs 973ns;            135ms 293μs  64ns
138f28;120;0;83;123;8;54;72.000000;0.000000;0.000000;1223.000000;1223.000000;103.996599;0.000000;0.000000;-nan;        16s 965ms  62μs 743ns;                        -976810083535633ns
138f2e;152;0;59;161;8;44;47.000000;0.000000;0.000000;1149.000000;1149.000000;100.174368;0.000000;0.000000;-nan;        16s 974ms 683μs 357ns;         3s 487ms 494μs 397ns
138f3b;218;0;78;172;17;31;110.000000;0.000000;0.000000;1147.000000;1147.000000;99.739130;0.000000;0.000000;-nan;        27s 581ms  64μs   1ns;         4s 851ms 614μs 189ns
2b88cc;99;0;113;132;7;47;48.000000;0.000000;0.000000;2230.000000;2230.000000;100.000000;0.000000;0.000000;-nan;        22s 211ms 784μs 312ns;            269ms 699μs 397ns
2b88d8;83;18;114;133;7;45;46.000000;0.000000;0.000000;2220.000000;2220.000000;100.000000;0.000000;0.000000;-nan;        11s 857ms 797μs 209ns;            205ms 458μs 394ns
2b888a;95;0;118;135;7;45;46.000000;0.000000;0.000000;2225.000000;2225.000000;100.000000;0.000000;0.000000;-nan;        19s 865ms 913μs 415ns;            226ms 629μs 666ns
2b8899;105;0;106;133;7;47;48.000000;0.000000;0.000000;2240.000000;2240.000000;100.000000;0.000000;0.000000;-nan;        21s 973ms 840μs 313ns;            288ms 301μs 346ns
2b88a9;92;0;117;139;7;45;46.000000;0.000000;0.000000;2221.000000;2221.000000;100.000000;0.000000;0.000000;-nan;        19s 445ms 961μs 924ns;            508ms 387μs 107ns
2b88b1;64;0;94;102;6;46;46.000000;46.000000;100.000000;2222.000000;2222.000000;100.000000;0.000000;0.000000;-nan;        15s  55ms 306μs 399ns;                          0ns
2b88bd;89;0;123;136;7;45;46.000000;0.000000;0.000000;2223.000000;2223.000000;100.000000;0.000000;0.000000;-nan;        19s 599ms 524μs 679ns;            271ms 702μs 160ns
2b886d;89;0;116;149;7;46;47.000000;0.000000;0.000000;2224.000000;2224.000000;100.000000;0.000000;0.000000;-nan;        19s 267ms 778μs 263ns;            536ms 480μs 972ns
2b8871;140;0;135;175;8;48;50.000000;0.000000;0.000000;2249.000000;2249.000000;100.897263;0.000000;0.000000;-nan;        22s 410ms 361μs 804ns;         2s 385ms 992μs 688ns
2b887f;92;0;116;140;7;45;46.000000;0.000000;0.000000;2219.000000;2219.000000;100.000000;0.000000;0.000000;-nan;        20s 839ms 747μs 442ns;            201ms  55μs 774ns
2b5cca;92;0;121;135;7;45;46.000000;0.000000;0.000000;2222.000000;2222.000000;100.000000;0.000000;0.000000;-nan;        20s 942ms 930μs 174ns;            399ms 145μs 904ns
2b5c80;124;0;144;174;8;45;47.000000;0.000000;0.000000;2221.000000;2221.000000;100.000000;0.000000;0.000000;-nan;        21s 143ms 596μs  11ns;            967ms 522μs 884ns
2b5c88;77;0;105;104;7;45;47.000000;0.000000;0.000000;2213.000000;2213.000000;99.864621;0.000000;0.000000;-nan;        19s  97ms 209μs 898ns;            279ms 473μs  36ns
2b5c8c;123;0;147;172;8;45;47.000000;0.000000;0.000000;2222.000000;2222.000000;100.180343;0.000000;0.000000;-nan;        21s 249ms 111μs 562ns;         1s 970ms 944μs 343ns
2b5c9e;94;2;122;136;7;46;47.000000;0.000000;0.000000;2224.000000;2224.000000;100.000000;0.000000;0.000000;-nan;        18s 621ms 643μs 229ns;            697ms 629μs 917ns
2b5caa;64;0;101;95;6;46;46.000000;46.000000;100.000000;2225.000000;2225.000000;100.000000;0.000000;0.000000;-nan;        15s 450ms 236μs 533ns;                          0ns
2b5cb6;91;0;119;144;7;46;47.000000;0.000000;0.000000;2217.000000;2217.000000;100.000000;0.000000;0.000000;-nan;        20s 801ms 806μs 666ns;            199ms 745μs 128ns
2b5c14;73;64;88;123;7;45;46.000000;0.000000;0.000000;2223.000000;2223.000000;100.000000;0.000000;0.000000;-nan;         3s 982ms 360μs 884ns;            265ms 253μs 634ns
2b5c19;64;0;102;94;6;46;46.000000;46.000000;100.000000;2219.000000;2219.000000;100.000000;0.000000;0.000000;-nan;        13s 741ms 878μs 863ns;                          0ns
2b5c2e;93;0;114;141;7;45;46.000000;0.000000;0.000000;2220.000000;2220.000000;100.000000;0.000000;0.000000;-nan;        18s 804ms 416μs 936ns;            412ms  24μs 215ns
135854;78;8;40;84;7;22;24.000000;0.000000;0.000000;1146.000000;1146.000000;100.000000;0.000000;0.000000;-nan;        14s 444ms 815μs 445ns;            776ms 875μs 684ns
135863;57;0;48;63;6;22;23.000000;0.000000;0.000000;1143.000000;1143.000000;100.000000;0.000000;0.000000;-nan;        14s 485ms 653μs  55ns;            282ms 270μs 726ns
135874;58;0;38;78;6;24;25.000000;0.000000;0.000000;1149.000000;1149.000000;100.000000;0.000000;0.000000;-nan;        15s 284ms 931μs 547ns;            349ms 925μs 356ns
135808;519;0;61;414;10;103;111.000000;0.000000;0.000000;1145.000000;1145.000000;99.825632;0.000000;0.000000;-nan;        59s 674ms 816μs 545ns;         9s 687ms 153μs 882ns
135813;49;18;23;120;7;22;24.000000;0.000000;0.000000;1148.000000;1148.000000;100.000000;0.000000;0.000000;-nan;         2s 590ms 592μs 302ns;            304ms 496μs 719ns
13581e;155;0;31;140;9;25;29.000000;0.000000;0.000000;1148.000000;1148.000000;100.349650;0.000000;0.000000;-nan;        33s 258ms  29μs 867ns;            998ms 822μs 872ns
13582f;176;0;102;136;10;38;46.000000;0.000000;0.000000;1151.000000;1151.000000;100.524017;0.000000;0.000000;-nan;        51s 423ms 261μs 607ns;         7s 509ms  48μs 746ns
1357e5;356;0;196;214;26;32;131.000000;0.000000;0.000000;1148.000000;1148.000000;99.826087;0.000000;0.000000;-nan;     1m 12s  38ms 467μs 202ns;        18s  41ms 250μs 524ns
1357eb;179;0;75;216;11;33;49.000000;0.000000;0.000000;1425.000000;1425.000000;101.423488;0.000000;0.000000;-nan;        59s 204ms 489μs 645ns;                        -24416180495915969ns
1357f7;254;0;117;229;14;46;69.000000;0.000000;0.000000;1148.000000;1148.000000;99.739357;0.000000;0.000000;-nan;     1m  4s 424ms 782μs 406ns;         4s 457ms  55μs 482ns
2b2f4b;89;0;115;144;7;45;46.000000;0.000000;0.000000;2223.000000;2223.000000;100.000000;0.000000;0.000000;-nan;        21s 363ms 643μs 142ns;            205ms 583μs 255ns
2b2f5b;123;0;143;176;8;45;47.000000;0.000000;0.000000;2221.000000;2221.000000;100.225632;0.000000;0.000000;-nan;        22s 401ms 799μs 393ns;         1s 537ms  78μs 655ns
2b2f69;88;0;114;146;7;45;46.000000;0.000000;0.000000;2221.000000;2221.000000;100.000000;0.000000;0.000000;-nan;        22s 149ms 153μs 490ns;            259ms 523μs 909ns
2b2f0f;90;0;117;141;7;45;46.000000;0.000000;0.000000;2220.000000;2220.000000;100.000000;0.000000;0.000000;-nan;        20s 155ms 439μs 112ns;            206ms 456μs 297ns
2b2f22;95;0;121;138;7;46;47.000000;0.000000;0.000000;2223.000000;2223.000000;100.270636;0.000000;0.000000;-nan;        20s 679ms 684μs 902ns;         1s 111ms 703μs 591ns
2b2f38;93;0;116;139;7;45;46.000000;0.000000;0.000000;2225.000000;2225.000000;100.000000;0.000000;0.000000;-nan;        20s 918ms 279μs   3ns;            412ms 646μs 502ns
2b2ed1;88;0;119;141;7;45;46.000000;0.000000;0.000000;2219.000000;2219.000000;100.000000;0.000000;0.000000;-nan;        20s 328ms 229μs 170ns;            263ms 597μs 915ns
2b2eda;90;0;115;143;7;45;46.000000;0.000000;0.000000;2224.000000;2224.000000;100.000000;0.000000;0.000000;-nan;        20s 485ms 369μs 506ns;            327ms 964μs 690ns
2b2ee5;95;1;116;142;7;46;47.000000;0.000000;0.000000;2220.000000;2220.000000;100.090171;0.000000;0.000000;-nan;        17s 902ms 862μs 961ns;         1s 223ms 869μs 956ns
2b2ef8;89;0;117;142;7;45;46.000000;0.000000;0.000000;2222.000000;2222.000000;100.000000;0.000000;0.000000;-nan;        21s 139ms 113μs 147ns;            260ms 445μs 267ns
432c91;53;0;227;176;7;78;78.000000;78.000000;100.000000;1148.000000;1148.000000;100.000000;0.000000;0.000000;-nan;        17s 750ms 618μs 352ns;                          0ns
432c9d;555;0;302;397;27;30;73.000000;0.000000;0.000000;1148.000000;1148.000000;100.437445;0.000000;0.000000;-nan;     1m     820ms 747μs  36ns;        50s 302ms 200μs 903ns
432cab;46;0;228;146;8;78;104.000000;0.000000;0.000000;1148.000000;1148.000000;100.174520;0.000000;0.000000;-nan;        19s 224ms 795μs 338ns;            499ms 458μs 905ns
432cb5;48;0;227;199;7;83;83.000000;83.000000;100.000000;1151.000000;1151.000000;100.000000;0.000000;0.000000;-nan;        17s 918ms 771μs 297ns;                          0ns
432cc8;165;0;194;225;8;62;115.000000;0.000000;0.000000;1148.000000;1148.000000;100.087184;0.000000;0.000000;-nan;        30s 987ms 187μs 180ns;         3s 110ms 772μs 196ns
432c65;50;0;214;164;8;80;106.000000;0.000000;0.000000;1146.000000;1146.000000;99.738903;0.000000;0.000000;-nan;        24s 736ms 265μs 262ns;            480ms 580μs 722ns
432c6c;36;0;117;103;6;49;49.000000;49.000000;100.000000;1142.000000;1142.000000;100.000000;0.000000;0.000000;-nan;        10s 778ms 364μs 249ns;                          0ns
432c72;52;0;257;180;8;93;123.000000;0.000000;0.000000;1141.000000;1141.000000;99.650655;0.000000;0.000000;-nan;        20s 782ms 493μs  33ns;            630ms  45μs 605ns
432c7f;613;0;350;443;22;53;86.000000;0.000000;0.000000;1152.000000;1152.000000;100.173913;0.000000;0.000000;-nan;        57s 430ms 940μs  86ns;        47s 557ms 997μs 269ns
432c86;126;0;111;161;9;46;93.000000;0.000000;0.000000;1148.000000;1148.000000;100.349650;0.000000;0.000000;-nan;        25s 706ms  96μs 245ns;         2s 440ms   5μs 833ns
132845;59;0;37;78;6;24;25.000000;0.000000;0.000000;1149.000000;1149.000000;100.000000;0.000000;0.000000;-nan;        12s 878ms  48μs 876ns;            402ms 733μs 303ns
13284a;36;0;27;105;6;22;23.000000;0.000000;0.000000;1148.000000;1148.000000;100.000000;0.000000;0.000000;-nan;         6s 199ms 483μs 447ns;             91ms 368μs 306ns
132853;48;0;34;86;6;22;23.000000;0.000000;0.000000;1144.000000;1144.000000;100.000000;0.000000;0.000000;-nan;        17s 536ms 791μs 878ns;            534ms 118μs 474ns
132800;156;0;73;175;7;56;57.000000;0.000000;0.000000;1150.000000;1150.000000;100.000000;0.000000;0.000000;-nan;        18s 855ms 122μs 804ns;            260ms 592μs 379ns
13280b;191;0;135;154;9;69;77.000000;0.000000;0.000000;1255.000000;1255.000000;102.281989;0.000000;0.000000;-nan;        26s 604ms 257μs 891ns;                        -976499186272785ns
132817;146;0;69;157;8;44;47.000000;0.000000;0.000000;1148.000000;1148.000000;99.739357;0.000000;0.000000;-nan;        22s 296ms 548μs 243ns;            913ms 504μs 237ns
132823;49;0;30;89;6;22;23.000000;0.000000;0.000000;1145.000000;1145.000000;100.000000;0.000000;0.000000;-nan;        11s 808ms 233μs 753ns;            299ms 202μs 747ns
13282e;196;0;72;158;17;24;83.000000;0.000000;0.000000;1148.000000;1148.000000;100.174520;0.000000;0.000000;-nan;        34s 844ms 741μs 170ns;         4s 215ms  93μs 198ns
132839;243;0;159;176;18;32;67.000000;0.000000;0.000000;1147.000000;1147.000000;100.000000;0.000000;0.000000;-nan;        35s 570ms 381μs 779ns;         8s  73ms 971μs 246ns
1327f8;215;0;110;237;14;41;65.000000;0.000000;0.000000;1150.000000;1150.000000;99.826389;0.000000;0.000000;-nan;        32s 182ms 702μs 530ns;         4s 265ms 186μs 371ns
2b01c5;70;0;109;91;7;45;48.000000;0.000000;0.000000;2218.000000;2218.000000;100.090253;0.000000;0.000000;-nan;        22s  18ms 787μs 712ns;            199ms  24μs 258ns
2b01d5;93;0;118;137;7;45;46.000000;0.000000;0.000000;2221.000000;2221.000000;100.000000;0.000000;0.000000;-nan;        22s 235ms 872μs 251ns;            282ms 179μs 311ns
2b0189;123;0;142;177;8;45;47.000000;0.000000;0.000000;2220.000000;2220.000000;100.000000;0.000000;0.000000;-nan;        22s 437ms 105μs 314ns;         1s 100ms 801μs  31ns
2b019a;89;0;118;141;7;45;46.000000;0.000000;0.000000;2225.000000;2225.000000;100.000000;0.000000;0.000000;-nan;        19s 404ms 105μs 955ns;            260ms 273μs  89ns
2b01aa;91;0;118;139;7;45;46.000000;0.000000;0.000000;2223.000000;2223.000000;100.000000;0.000000;0.000000;-nan;        20s 829ms 319μs 764ns;            204ms 459μs 204ns
2b01b6;92;0;125;131;7;45;46.000000;0.000000;0.000000;2217.000000;2217.000000;100.000000;0.000000;0.000000;-nan;        21s 847ms 399μs 804ns;            409ms 490μs 447ns
2b0158;90;0;121;137;7;45;46.000000;0.000000;0.000000;2224.000000;2224.000000;100.000000;0.000000;0.000000;-nan;        20s 477ms 944μs 443ns;            207ms 620μs 934ns
2b015c;90;0;122;136;7;45;46.000000;0.000000;0.000000;2219.000000;2219.000000;100.000000;0.000000;0.000000;-nan;        20s 678ms 870μs 848ns;            408ms 685μs 629ns
2b0168;95;0;113;140;7;45;46.000000;0.000000;0.000000;2222.000000;2222.000000;100.000000;0.000000;0.000000;-nan;        20s 312ms  43μs 246ns;            229ms 378μs 941ns
2b0178;124;0;138;180;8;45;47.000000;0.000000;0.000000;2222.000000;2222.000000;100.180343;0.000000;0.000000;-nan;        22s 590ms 895μs 390ns;         1s 688ms 682μs 309ns
12e540;63;0;36;101;6;28;29.000000;0.000000;0.000000;1151.000000;1151.000000;100.000000;0.000000;0.000000;-nan;        10s 824ms 679μs 148ns;            126ms  12μs 474ns
12e54f;151;0;44;173;11;27;39.000000;0.000000;0.000000;1149.000000;1149.000000;100.349345;0.000000;0.000000;-nan;        48s   6ms   7μs 602ns;         2s 497ms 671μs 330ns
12e55f;100;0;44;114;10;24;36.000000;0.000000;0.000000;1146.000000;1146.000000;100.174825;0.000000;0.000000;-nan;        41s 550ms 767μs 396ns;         1s 200ms 593μs 733ns
12e508;82;0;70;134;8;38;54.000000;0.000000;0.000000;1230.000000;1230.000000;100.000000;0.000000;0.000000;-nan;        21s 540ms 545μs 228ns;                        -1952595776026146ns
12e516;1105;0;572;1115;22;78;125.000000;0.000000;0.000000;1151.000000;1151.000000;100.261324;0.000000;0.000000;-nan;     1m 37s 459ms 873μs 976ns;        50s 531ms 922μs  13ns
12e528;45;0;24;99;6;23;24.000000;0.000000;0.000000;1146.000000;1146.000000;100.000000;0.000000;0.000000;-nan;        10s 799ms 821μs  15ns;            246ms 129μs 642ns
12e533;147;0;67;142;11;33;53.000000;0.000000;0.000000;1146.000000;1146.000000;99.738903;0.000000;0.000000;-nan;        46s 953ms 678μs 533ns;         2s 224ms 883μs 474ns
12e4ed;195;0;101;146;14;46;114.000000;0.000000;0.000000;1150.000000;1150.000000;99.826389;0.000000;0.000000;-nan;     1m  6s 618ms 890μs 865ns;         7s 634ms 280μs 331ns
12e4f4;192;0;83;161;14;38;116.000000;0.000000;0.000000;1150.000000;1150.000000;100.000000;0.000000;0.000000;-nan;     1m  6s 544ms 832μs 603ns;         5s 328ms 928μs 393ns
12e4fa;393;0;93;360;14;38;47.000000;0.000000;0.000000;1149.000000;1149.000000;100.174368;0.000000;0.000000;-nan;     1m  6s 477ms  26μs 975ns;         7s 768ms 753μs 863ns
2ad509;90;0;121;137;7;45;46.000000;0.000000;0.000000;2222.000000;2222.000000;100.000000;0.000000;0.000000;-nan;        20s 519ms 613μs 633ns;            295ms 774μs 419ns
2ad519;122;0;135;185;8;45;47.000000;0.000000;0.000000;2216.000000;2216.000000;100.000000;0.000000;0.000000;-nan;        22s 314ms 143μs 156ns;            524ms 261μs 410ns
2ad524;95;0;121;132;7;45;46.000000;0.000000;0.000000;2223.000000;2223.000000;100.000000;0.000000;0.000000;-nan;        21s 675ms 129μs 891ns;            209ms 202μs 148ns
2ad4c3;61;0;99;100;6;46;46.000000;46.000000;100.000000;2218.000000;2218.000000;100.000000;0.000000;0.000000;-nan;        15s 639ms  15μs 670ns;                          0ns
2ad4d8;95;0;118;135;7;45;46.000000;0.000000;0.000000;2213.000000;2213.000000;100.000000;0.000000;0.000000;-nan;        21s 447ms 610μs 164ns;            262ms 647μs  16ns
2ad4f0;91;0;117;140;7;45;46.000000;0.000000;0.000000;2220.000000;2220.000000;100.000000;0.000000;0.000000;-nan;        21s 962ms  46μs 918ns;            194ms 126μs 725ns
2ad492;64;8;86;102;6;46;46.000000;46.000000;100.000000;2219.000000;2219.000000;100.000000;0.000000;0.000000;-nan;         9s   8ms 538μs 557ns;                          0ns
2ad4ac;93;0;115;140;7;45;46.000000;0.000000;0.000000;2225.000000;2225.000000;100.000000;0.000000;0.000000;-nan;        20s 324ms  80μs 155ns;            260ms 836μs 369ns
2ad471;98;6;111;139;7;46;47.000000;0.000000;0.000000;2217.000000;2217.000000;100.000000;0.000000;0.000000;-nan;        15s 484ms 315μs 422ns;            459ms 694μs 833ns
2ad47a;124;0;150;168;8;45;47.000000;0.000000;0.000000;2223.000000;2223.000000;100.361174;0.000000;0.000000;-nan;        22s 165ms 140μs 299ns;         1s 537ms 420μs 388ns
12af8b;47;0;23;98;6;22;23.000000;0.000000;0.000000;1146.000000;1146.000000;100.000000;0.000000;0.000000;-nan;        17s 639ms 578μs 389ns;            394ms 644μs 816ns
12af94;63;0;37;74;6;24;25.000000;0.000000;0.000000;1149.000000;1149.000000;100.000000;0.000000;0.000000;-nan;        12s 845ms 120μs  54ns;            415ms 448μs 488ns
12af9c;93;0;24;153;8;23;26.000000;0.000000;0.000000;1151.000000;1151.000000;100.000000;0.000000;0.000000;-nan;        28s 691ms 883μs 768ns;            654ms 672μs 892ns
12af46;569;0;174;501;13;84;93.000000;0.000000;0.000000;1149.000000;1149.000000;99.913043;0.000000;0.000000;-nan;        53s 252ms 621μs 265ns;        53s 333ms 728μs  59ns
12af54;133;0;66;151;11;25;33.000000;0.000000;0.000000;1149.000000;1149.000000;99.739583;0.000000;0.000000;-nan;        29s 822ms 913μs 180ns;            901ms 710μs 747ns
12af60;194;0;93;147;12;32;43.000000;0.000000;0.000000;1148.000000;1148.000000;100.087184;0.000000;0.000000;-nan;        53s  98ms 249μs 935ns;         2s 538ms 169μs 978ns
12af6e;162;0;83;141;10;31;37.000000;0.000000;0.000000;1146.000000;1146.000000;99.825784;0.000000;0.000000;-nan;        41s 682ms  10μs 486ns;         1s 616ms  37μs 913ns
12af7f;180;0;95;155;12;28;42.000000;0.000000;0.000000;1230.000000;1230.000000;99.918765;0.000000;0.000000;-nan;        53s 109ms 265μs 928ns;                        -12690018937682118ns
12af34;121;0;74;109;10;34;92.000000;0.000000;0.000000;1405.000000;1405.000000;100.000000;0.000000;0.000000;-nan;        36s 155ms 921μs 810ns;                        -4880700068482118ns
12af39;171;0;91;168;9;44;52.000000;0.000000;0.000000;2042.000000;2042.000000;124.284845;0.000000;0.000000;-nan;        29s 579ms 656μs 395ns;                        -3904576693602040ns
2aa74c;93;0;118;137;7;45;46.000000;0.000000;0.000000;2219.000000;2219.000000;100.000000;0.000000;0.000000;-nan;        22s 340ms 989μs 340ns;            284ms 506μs 933ns
2aa75c;91;3;118;136;7;45;46.000000;0.000000;0.000000;2217.000000;2217.000000;100.000000;0.000000;0.000000;-nan;        19s 238ms 670μs 729ns;            206ms 542μs 193ns
2aa770;96;0;117;141;7;46;47.000000;0.000000;0.000000;2223.000000;2223.000000;100.000000;0.000000;0.000000;-nan;        22s 514ms 537μs 165ns;         1s 298ms 280μs 280ns
2aa702;90;0;122;136;7;45;46.000000;0.000000;0.000000;2216.000000;2216.000000;100.000000;0.000000;0.000000;-nan;        21s 210ms  60μs 311ns;            306ms 896μs  50ns
2aa710;92;0;118;138;7;45;46.000000;0.000000;0.000000;2220.000000;2220.000000;100.000000;0.000000;0.000000;-nan;        21s 631ms 883μs 734ns;            261ms 961μs 566ns
2aa71c;94;0;115;139;7;45;46.000000;0.000000;0.000000;2222.000000;2222.000000;100.000000;0.000000;0.000000;-nan;        20s 331ms 828μs 633ns;            204ms 628μs 448ns
2aa72e;92;0;119;137;7;45;46.000000;0.000000;0.000000;2224.000000;2224.000000;100.000000;0.000000;0.000000;-nan;        21s 848ms  57μs 299ns;            307ms 337μs 901ns
2aa73d;89;0;114;145;7;45;46.000000;0.000000;0.000000;2215.000000;2215.000000;100.000000;0.000000;0.000000;-nan;        21s 421ms 276μs 605ns;            195ms 593μs 440ns
2aa6f2;126;0;140;176;8;45;47.000000;0.000000;0.000000;2225.000000;2225.000000;100.000000;0.000000;0.000000;-nan;        22s 722ms 789μs 901ns;            667ms 647μs 316ns
2aa6f6;93;0;117;138;7;45;46.000000;0.000000;0.000000;2221.000000;2221.000000;100.000000;0.000000;0.000000;-nan;        22s 117ms 196μs 594ns;            199ms 629μs 662ns
1277c1;168;0;51;135;17;25;128.000000;0.000000;0.000000;1148.000000;1148.000000;100.262009;0.000000;0.000000;-nan;        54s 516ms 156μs 419ns;         4s 691ms 888μs 695ns
1277d1;44;0;33;91;6;22;23.000000;0.000000;0.000000;1148.000000;1148.000000;100.000000;0.000000;0.000000;-nan;         9s 879ms 656μs 745ns;             95ms 428μs 372ns
12778a;61;0;37;70;6;22;23.000000;0.000000;0.000000;1146.000000;1146.000000;100.000000;0.000000;0.000000;-nan;        11s 477ms 160μs 499ns;            372ms 138μs 383ns
127793;44;0;41;89;6;24;25.000000;0.000000;0.000000;1149.000000;1149.000000;100.000000;0.000000;0.000000;-nan;         8s 708ms 875μs 488ns;            327ms 999μs 922ns
12779a;190;0;85;169;17;25;82.000000;0.000000;0.000000;1149.000000;1149.000000;99.913043;0.000000;0.000000;-nan;        53s 973ms 347μs 151ns;         2s 730ms 954μs 938ns
1277a7;252;0;127;153;20;26;71.000000;0.000000;0.000000;1148.000000;1148.000000;100.349650;0.000000;0.000000;-nan;     1m     848ms 574μs 143ns;        10s 963ms  49μs 140ns
1277b5;44;0;35;95;6;24;25.000000;0.000000;0.000000;1151.000000;1151.000000;100.000000;0.000000;0.000000;-nan;         9s 426ms 230μs 559ns;            144ms 326μs  62ns
127769;593;0;620;795;17;96;122.000000;0.000000;0.000000;1899.000000;1899.000000;117.803970;0.000000;0.000000;-nan;        59s 628ms 617μs 857ns;                        -68320255712196864ns
127770;92;0;58;88;9;25;38.000000;0.000000;0.000000;1148.000000;1148.000000;100.087184;0.000000;0.000000;-nan;        22s 508ms 878μs 116ns;            567ms 925μs 910ns
12777d;215;0;128;193;9;74;82.000000;0.000000;0.000000;2042.000000;2042.000000;123.086197;0.000000;0.000000;-nan;        30s 167ms 136μs 970ns;                        -3903901191888834ns
2a7682;126;0;144;172;8;45;47.000000;0.000000;0.000000;2221.000000;2221.000000;100.045045;0.000000;0.000000;-nan;        26s 752ms 581μs 681ns;         1s 265ms 711μs 405ns
2a7641;163;0;154;205;9;45;48.000000;0.000000;0.000000;2222.000000;2222.000000;100.000000;0.000000;0.000000;-nan;        27s 828ms 934μs 746ns;         2s 614ms 774μs 286ns
2a7653;126;0;137;179;8;45;47.000000;0.000000;0.000000;2223.000000;2223.000000;100.000000;0.000000;0.000000;-nan;        26s  80ms  92μs 304ns;         1s 392ms 445μs 728ns
2a765a;75;2;106;103;7;45;47.000000;0.000000;0.000000;2217.000000;2217.000000;100.000000;0.000000;0.000000;-nan;        16s 587ms 389μs 553ns;            483ms 160μs 986ns
2a7669;123;0;141;178;8;45;47.000000;0.000000;0.000000;2218.000000;2218.000000;100.000000;0.000000;0.000000;-nan;        26s 532ms 679μs 924ns;         1s  59ms 752μs 517ns
2a760d;137;0;127;178;8;47;49.000000;0.000000;0.000000;2229.000000;2229.000000;100.000000;0.000000;0.000000;-nan;        26s 281ms 503μs 398ns;            680ms 360μs 503ns
2a7614;103;0;103;138;7;47;48.000000;0.000000;0.000000;2216.000000;2216.000000;100.000000;0.000000;0.000000;-nan;        25s 710ms  24μs 738ns;            311ms 372μs 494ns
2a761d;124;0;146;172;8;45;47.000000;0.000000;0.000000;2221.000000;2221.000000;100.000000;0.000000;0.000000;-nan;        25s 883ms 288μs 825ns;            811ms 820μs 127ns
2a7624;90;0;120;138;7;45;46.000000;0.000000;0.000000;2219.000000;2219.000000;100.000000;0.000000;0.000000;-nan;        20s 908ms 381μs 606ns;            413ms 196μs  31ns
2a7633;94;0;119;135;7;45;46.000000;0.000000;0.000000;2224.000000;2224.000000;100.000000;0.000000;0.000000;-nan;        19s 991ms 129μs 650ns;            536ms 182μs 281ns
124a04;50;0;38;80;6;22;23.000000;0.000000;0.000000;1146.000000;1146.000000;100.000000;0.000000;0.000000;-nan;        11s 449ms 802μs 129ns;            389ms 560μs 317ns
124a13;61;0;40;67;6;22;23.000000;0.000000;0.000000;1146.000000;1146.000000;100.174825;0.000000;0.000000;-nan;         9s 970ms 989μs 507ns;            236ms 238μs 622ns
1249cc;114;0;48;144;8;41;65.000000;0.000000;0.000000;1148.000000;1148.000000;99.826087;0.000000;0.000000;-nan;        14s 370ms 935μs 938ns;            614ms 940μs  50ns
1249d4;185;0;89;168;13;26;38.000000;0.000000;0.000000;1149.000000;1149.000000;100.000000;0.000000;0.000000;-nan;        24s 669ms 709μs 919ns;         2s 469ms 735μs 234ns
1249e2;174;0;95;143;10;38;45.000000;0.000000;0.000000;1139.000000;1139.000000;99.650044;0.000000;0.000000;-nan;        21s 122ms 547μs 520ns;         2s 111ms 280μs 551ns
1249ec;112;0;61;97;9;28;53.000000;0.000000;0.000000;1150.000000;1150.000000;100.436681;0.000000;0.000000;-nan;        19s 753ms 869μs 609ns;         1s 181ms 527μs 274ns
1249f8;129;0;68;121;12;31;66.000000;0.000000;0.000000;1148.000000;1148.000000;100.000000;0.000000;0.000000;-nan;        24s 448ms 273μs 121ns;         1s 259ms  92μs 307ns
1249aa;180;0;79;175;15;27;82.000000;0.000000;0.000000;1151.000000;1151.000000;100.348736;0.000000;0.000000;-nan;        25s 947ms 590μs 177ns;         4s 255ms 168μs 229ns
1249b1;166;0;106;116;17;25;74.000000;0.000000;0.000000;1148.000000;1148.000000;100.525394;0.000000;0.000000;-nan;        26s 682ms 871μs 836ns;         6s 475ms 574μs  94ns
1249be;87;0;38;101;7;24;26.000000;0.000000;0.000000;1151.000000;1151.000000;100.000000;0.000000;0.000000;-nan;        12s 117ms  66μs 807ns;            369ms 350μs 141ns
2a4788;92;0;116;140;7;45;46.000000;0.000000;0.000000;2215.000000;2215.000000;100.000000;0.000000;0.000000;-nan;        21s 242ms 796μs 801ns;            334ms 698μs 995ns
2a4795;93;0;124;131;7;45;46.000000;0.000000;0.000000;2219.000000;2219.000000;100.000000;0.000000;0.000000;-nan;        21s 935ms 463μs 131ns;            498ms 415μs 684ns
2a47a5;127;0;136;179;8;45;47.000000;0.000000;0.000000;2218.000000;2218.000000;100.000000;0.000000;0.000000;-nan;        24s 143ms 807μs 290ns;         1s 120ms 961μs 153ns
2a4746;91;0;122;135;7;45;46.000000;0.000000;0.000000;2222.000000;2222.000000;100.000000;0.000000;0.000000;-nan;        20s 287ms 316μs 683ns;            269ms 402μs 959ns
2a4751;101;0;111;132;7;47;48.000000;0.000000;0.000000;2248.000000;2248.000000;100.000000;0.000000;0.000000;-nan;        22s 164ms 589μs 203ns;            209ms 754μs 536ns
2a4762;90;0;117;141;7;45;46.000000;0.000000;0.000000;2223.000000;2223.000000;100.000000;0.000000;0.000000;-nan;        21s 688ms 680μs 660ns;            409ms 890μs 134ns
2a4770;131;0;133;170;8;46;48.000000;0.000000;0.000000;2221.000000;2221.000000;100.000000;0.000000;0.000000;-nan;        24s 343ms 277μs 757ns;         1s 936ms 994μs 535ns
2a477e;91;0;124;133;7;45;46.000000;0.000000;0.000000;2217.000000;2217.000000;100.000000;0.000000;0.000000;-nan;        21s 479ms 689μs 700ns;            407ms 768μs 712ns
2a4736;127;0;139;176;8;45;47.000000;0.000000;0.000000;2225.000000;2225.000000;100.000000;0.000000;0.000000;-nan;        23s 957ms  94μs 782ns;            726ms 270μs 401ns
2a473b;91;0;118;139;7;45;46.000000;0.000000;0.000000;2220.000000;2220.000000;100.000000;0.000000;0.000000;-nan;        19s 396ms 302μs 297ns;            209ms 937μs 385ns
121800;67;0;28;131;7;24;26.000000;0.000000;0.000000;1151.000000;1151.000000;100.000000;0.000000;0.000000;-nan;        14s 834ms 985μs 691ns;            594ms  97μs 880ns
12180d;36;0;27;105;6;22;23.000000;0.000000;0.000000;1148.000000;1148.000000;100.000000;0.000000;0.000000;-nan;         6s 406ms 104μs 130ns;             92ms  47μs 866ns
121816;251;0;138;197;19;29;67.000000;0.000000;0.000000;1148.000000;1148.000000;99.912968;0.000000;0.000000;-nan;        40s 222ms 275μs 728ns;         6s 272ms 136μs 779ns
121820;47;0;27;94;6;22;23.000000;0.000000;0.000000;1146.000000;1146.000000;100.000000;0.000000;0.000000;-nan;        12s 952ms 939μs 863ns;            258ms 276μs 823ns
12182c;112;0;53;127;10;29;86.000000;0.000000;0.000000;1150.000000;1150.000000;100.436681;0.000000;0.000000;-nan;        28s 216ms 148μs 718ns;         1s 682ms 532μs 451ns
1217c5;100;0;80;88;9;39;54.000000;0.000000;0.000000;1899.000000;1899.000000;100.000000;0.000000;0.000000;-nan;        19s 756ms 813μs 732ns;                        -4878507515275260ns
1217ce;147;0;94;131;10;36;70.000000;0.000000;0.000000;1834.000000;1834.000000;130.533808;0.000000;0.000000;-nan;        26s 831ms 293μs 335ns;                        -9757095472815031ns
1217da;162;0;56;144;10;31;89.000000;0.000000;0.000000;1148.000000;1148.000000;99.826087;0.000000;0.000000;-nan;        26s 886ms 520μs 332ns;         1s 127ms 947μs 274ns
1217e9;139;0;78;139;7;49;50.000000;0.000000;0.000000;1230.000000;1230.000000;100.000000;0.000000;0.000000;-nan;        15s 201ms 978μs 657ns;            647ms 448μs 754ns
1217f5;427;0;199;314;19;46;123.000000;0.000000;0.000000;1144.000000;1144.000000;99.738448;0.000000;0.000000;-nan;        39s 583ms 108μs 518ns;        19s  66ms 689μs 172ns
2a1784;92;0;124;132;7;45;46.000000;0.000000;0.000000;2221.000000;2221.000000;100.000000;0.000000;0.000000;-nan;        20s 666ms 274μs 660ns;            208ms 351μs 671ns
2a1791;100;0;108;136;7;47;48.000000;0.000000;0.000000;2228.000000;2228.000000;100.000000;0.000000;0.000000;-nan;        24s 856ms 448μs 517ns;            259ms 290μs 500ns
2a17a3;127;0;140;175;8;45;47.000000;0.000000;0.000000;2217.000000;2217.000000;100.000000;0.000000;0.000000;-nan;        25s 520ms 410μs 143ns;         3s 516ms 274μs 830ns
2a1743;95;0;116;137;7;45;46.000000;0.000000;0.000000;2218.000000;2218.000000;100.000000;0.000000;0.000000;-nan;        20s 354ms 757μs 437ns;            193ms 872μs 541ns
2a1752;127;0;135;172;8;46;48.000000;0.000000;0.000000;2223.000000;2223.000000;100.000000;0.000000;0.000000;-nan;        25s 284ms 128μs 890ns;         1s 146ms 134μs 431ns
2a1763;128;0;136;178;8;45;47.000000;0.000000;0.000000;2225.000000;2225.000000;100.000000;0.000000;0.000000;-nan;        25s 142ms 187μs  41ns;         1s  74ms 419μs 486ns
2a176a;91;0;115;142;7;45;46.000000;0.000000;0.000000;2219.000000;2219.000000;100.000000;0.000000;0.000000;-nan;        20s 113ms 250μs  60ns;            201ms 620μs   2ns
2a1772;162;0;156;204;9;45;48.000000;0.000000;0.000000;2220.000000;2220.000000;100.000000;0.000000;0.000000;-nan;        26s 575ms  95μs 830ns;         2s 830ms 776μs 772ns
2a172f;92;0;119;137;7;45;46.000000;0.000000;0.000000;2224.000000;2224.000000;100.000000;0.000000;0.000000;-nan;        19s 139ms 325μs 575ns;            204ms 882μs 706ns
2a1733;96;0;118;140;7;46;47.000000;0.000000;0.000000;2222.000000;2222.000000;100.000000;0.000000;0.000000;-nan;        21s 712ms 390μs 497ns;         1s 667ms 387μs 874ns
420c4b;398;0;181;258;27;30;0.000000;0.000000;-nan;1145.000000;1145.000000;208.941606;0.000000;0.000000;-nan;     1m 46s 423ms 476μs 660ns;                        -80970989058428059ns
420c59;611;0;393;318;30;42;152.000000;0.000000;0.000000;783.000000;783.000000;99.872449;0.000000;0.000000;-nan;     1m 50s 887ms 897μs  97ns;                        -272904716993500379ns
420c6a;83;0;197;130;10;70;0.000000;0.000000;-nan;1007.000000;1007.000000;100.000000;0.000000;0.000000;-nan;        42s 484ms 888μs 536ns;                        -5997548789682886ns
420c75;641;0;340;425;29;43;160.000000;0.000000;0.000000;1179.000000;1179.000000;115.362035;0.000000;0.000000;-nan;     1m 50s 242ms 964μs 190ns;                        -3998343349144364ns
420c8a;600;0;298;370;27;48;155.000000;0.000000;0.000000;1022.000000;1022.000000;130.523627;0.000000;0.000000;-nan;     1m 50s  33ms 859μs 275ns;                        -13995080939407817ns
420c1c;118;0;402;282;10;119;131.000000;0.000000;0.000000;783.000000;783.000000;125.079872;0.000000;0.000000;-nan;        37s 328ms 209μs 518ns;                        -10995614399699097ns
420c22;96;0;49;85;7;43;0.000000;0.000000;-nan;620.000000;620.000000;119.460501;0.000000;0.000000;-nan;        24s 129ms  36μs  95ns;                        -999583002002688ns
420c26;68;0;154;102;10;45;94.000000;0.000000;0.000000;786.000000;786.000000;99.746193;0.000000;0.000000;-nan;        31s 423ms 697μs  20ns;         1s 426ms 369μs 576ns
420c32;114;128;140;50;14;64;128.000000;0.000000;0.000000;1148.000000;1148.000000;102.959641;0.000000;0.000000;-nan;        47s 262ms 623μs 781ns;        11s 871ms 698μs 331ns
420c3e;67;0;50;75;8;15;18.000000;0.000000;0.000000;812.000000;812.000000;100.995025;0.000000;0.000000;-nan;        28s 340ms 107μs 585ns;            536ms 706μs 451ns
29ea06;92;0;110;146;7;45;46.000000;0.000000;0.000000;2218.000000;2218.000000;100.000000;0.000000;0.000000;-nan;        21s 991ms 208μs 984ns;            200ms 452μs 534ns
29ea20;92;0;115;141;7;45;46.000000;0.000000;0.000000;2219.000000;2219.000000;100.000000;0.000000;0.000000;-nan;        22s 286ms 686μs 494ns;            387ms 481μs 856ns
29e9c2;87;0;121;140;7;45;46.000000;0.000000;0.000000;2222.000000;2222.000000;100.000000;0.000000;0.000000;-nan;        20s 879ms 114μs 785ns;            258ms   2μs 870ns
29e9d0;91;0;122;135;7;45;46.000000;0.000000;0.000000;2223.000000;2223.000000;100.000000;0.000000;0.000000;-nan;        20s  46ms 282μs 773ns;            208ms 945μs  17ns
29e9df;126;0;132;184;8;45;47.000000;0.000000;0.000000;2225.000000;2225.000000;100.406137;0.000000;0.000000;-nan;        22s 620ms 726μs 796ns;         2s 298ms 126μs 729ns
29e9ed;65;0;96;99;6;46;46.000000;46.000000;100.000000;2224.000000;2224.000000;100.000000;0.000000;0.000000;-nan;        15s 214ms 573μs 864ns;                          0ns
29e9f7;94;8;114;138;7;46;47.000000;0.000000;0.000000;2224.000000;2224.000000;100.315742;0.000000;0.000000;-nan;        19s 708ms  76μs 866ns;         1s 236ms 289μs 676ns
29e9a4;91;0;116;141;7;45;46.000000;0.000000;0.000000;2220.000000;2220.000000;100.000000;0.000000;0.000000;-nan;        19s 819ms 113μs 613ns;            474ms 257μs 577ns
29e9a7;122;0;139;181;8;45;47.000000;0.000000;0.000000;2223.000000;2223.000000;100.090050;0.000000;0.000000;-nan;        22s 398ms 590μs 570ns;         1s 521ms 594μs 765ns
29e9b4;100;0;112;132;7;47;48.000000;0.000000;0.000000;2232.000000;2232.000000;100.000000;0.000000;0.000000;-nan;        21s 785ms 207μs 386ns;            413ms 158μs 555ns
11de49;59;0;43;66;6;22;23.000000;0.000000;0.000000;1146.000000;1146.000000;100.174825;0.000000;0.000000;-nan;        12s 906ms  42μs 546ns;            444ms 237μs 910ns
11de5a;119;0;52;113;15;26;99.000000;0.000000;0.000000;1145.000000;1145.000000;99.738676;0.000000;0.000000;-nan;        42s 963ms 399μs 399ns;         2s 110ms 435μs 319ns
11de6a;189;0;156;219;11;59;121.000000;0.000000;0.000000;1148.000000;1148.000000;99.912968;0.000000;0.000000;-nan;        34s 484ms 655μs 903ns;         2s 479ms 756μs 162ns
11de74;928;0;430;552;39;41;142.000000;0.000000;0.000000;1146.000000;1146.000000;100.087336;0.000000;0.000000;-nan;     1m 17s 560ms  81μs 582ns;     2m 36s 438ms 675μs 582ns
11de02;241;0;98;195;18;28;87.000000;0.000000;0.000000;1144.000000;1144.000000;99.825480;0.000000;0.000000;-nan;        48s 872ms 742μs 137ns;         4s 202ms 705μs 886ns
11de0e;126;0;63;111;11;27;40.000000;0.000000;0.000000;1148.000000;1148.000000;100.087184;0.000000;0.000000;-nan;        34s 809ms 579μs 590ns;         1s 926ms 522μs 981ns
11de20;72;0;53;77;7;37;79.000000;37.000000;46.835443;1151.000000;1151.000000;100.086957;0.000000;0.000000;-nan;        16s 944ms 743μs 924ns;            162ms 481μs 919ns
11de2b;86;0;41;99;7;24;26.000000;0.000000;0.000000;1151.000000;1151.000000;100.000000;0.000000;0.000000;-nan;        16s 134ms 657μs 904ns;            491ms 354μs 643ns
11de3e;130;0;47;103;9;25;31.000000;0.000000;0.000000;1145.000000;1145.000000;100.174978;0.000000;0.000000;-nan;        24s 837ms 162μs 360ns;         1s  71ms 301μs 363ns
11ddfe;78;0;34;72;7;27;31.000000;0.000000;0.000000;1148.000000;1148.000000;99.652778;0.000000;0.000000;-nan;        12s 343ms 667μs 974ns;            336ms 140μs 262ns
29bb53;74;0;109;103;7;45;47.000000;0.000000;0.000000;2218.000000;2218.000000;99.909910;0.000000;0.000000;-nan;        24s 532ms 128μs 709ns;         1s 106ms 529μs 119ns
29bb65;128;0;136;178;8;45;47.000000;0.000000;0.000000;2217.000000;2217.000000;100.000000;0.000000;0.000000;-nan;        25s 365ms 698μs 695ns;         1s  22ms 891μs 871ns
29bb78;74;0;110;102;7;45;47.000000;0.000000;0.000000;2218.000000;2218.000000;100.090253;0.000000;0.000000;-nan;        24s 691ms 826μs  31ns;            474ms 165μs 247ns
29bb0c;124;2;139;177;8;45;47.000000;0.000000;0.000000;2222.000000;2222.000000;100.135196;0.000000;0.000000;-nan;        22s 666ms  10μs 261ns;         1s 672ms 421μs 756ns
29bb21;122;0;137;183;8;45;47.000000;0.000000;0.000000;2224.000000;2224.000000;100.000000;0.000000;0.000000;-nan;        25s 155ms  60μs 975ns;         1s 769ms 708μs 728ns
29bb3f;91;0;117;140;7;45;46.000000;0.000000;0.000000;2221.000000;2221.000000;100.000000;0.000000;0.000000;-nan;        22s 903ms 364μs 949ns;            206ms 762μs 110ns
29bac3;88;0;116;144;7;45;46.000000;0.000000;0.000000;2223.000000;2223.000000;100.000000;0.000000;0.000000;-nan;        21s 739ms 105μs 172ns;            202ms 393μs  15ns
29bac8;127;2;125;156;7;57;58.000000;0.000000;0.000000;2218.000000;2218.000000;100.000000;0.000000;0.000000;-nan;        18s 188ms  91μs 167ns;            373ms 313μs 299ns
29bad6;129;0;139;174;8;45;47.000000;0.000000;0.000000;2223.000000;2223.000000;99.910112;0.000000;0.000000;-nan;        24s 960ms 767μs 818ns;         1s 538ms 615μs 456ns
29baf8;89;0;121;138;7;45;46.000000;0.000000;0.000000;2222.000000;2222.000000;100.000000;0.000000;0.000000;-nan;        21s 522ms 892μs 466ns;            208ms 830μs 460ns
11a3c4;114;0;44;110;9;34;63.000000;0.000000;0.000000;1148.000000;1148.000000;100.000000;0.000000;0.000000;-nan;        23s 341ms 109μs 670ns;            926ms 609μs 913ns
11a389;261;0;120;177;17;31;80.000000;0.000000;0.000000;1405.000000;1405.000000;100.000000;0.000000;0.000000;-nan;        40s 137ms 263μs 231ns;                        -30236813603367424ns
11a397;278;0;158;184;20;28;75.000000;0.000000;0.000000;1148.000000;1148.000000;100.349650;0.000000;0.000000;-nan;        43s 327ms 468μs 414ns;        13s 751ms 682μs 384ns
11a3a1;46;0;35;93;6;24;25.000000;0.000000;0.000000;1151.000000;1151.000000;100.000000;0.000000;0.000000;-nan;         9s 258ms 485μs 430ns;            395ms  81μs 210ns
11a3ab;98;0;49;87;12;25;64.000000;0.000000;0.000000;1148.000000;1148.000000;100.174520;0.000000;0.000000;-nan;        30s 949ms 816μs 259ns;         1s 465ms 914μs 880ns
11a3b5;148;0;72;132;12;26;39.000000;0.000000;0.000000;1145.000000;1145.000000;100.000000;0.000000;0.000000;-nan;        30s 599ms 115μs 791ns;         2s 681ms 480μs 757ns
11a361;61;0;36;95;7;26;55.000000;0.000000;0.000000;1230.000000;1230.000000;100.000000;0.000000;0.000000;-nan;        14s 812ms 594μs 452ns;                        -2926087030597123ns
11a366;637;0;194;503;32;24;75.000000;0.000000;0.000000;1148.000000;1148.000000;99.826087;0.000000;0.000000;-nan;        50s 296ms 645μs 938ns;        31s 663ms 513μs 751ns
11a373;160;0;76;166;16;26;68.000000;0.000000;0.000000;1149.000000;1149.000000;100.174368;0.000000;0.000000;-nan;        37s 317ms 844μs 474ns;         3s 111ms  61μs 201ns
11a37f;287;0;120;203;21;27;127.000000;0.000000;0.000000;1148.000000;1148.000000;99.912968;0.000000;0.000000;-nan;        43s 965ms 831μs 133ns;        13s 293ms 818μs  63ns
298cc3;94;0;117;137;7;45;46.000000;0.000000;0.000000;2217.000000;2217.000000;100.000000;0.000000;0.000000;-nan;        22s 793ms 732μs 847ns;            203ms 397μs 191ns
298cd3;95;3;116;140;7;46;47.000000;0.000000;0.000000;2222.000000;2222.000000;100.000000;0.000000;0.000000;-nan;        19s 990ms 974μs 498ns;            706ms 579μs 443ns
298c88;129;0;137;176;8;45;47.000000;0.000000;0.000000;2219.000000;2219.000000;100.045086;0.000000;0.000000;-nan;        23s 840ms 140μs 782ns;         1s 863ms  47μs 924ns
298c97;89;0;119;140;7;45;46.000000;0.000000;0.000000;2224.000000;2224.000000;100.000000;0.000000;0.000000;-nan;        20s 923ms 695μs 554ns;            217ms 128μs 586ns
298ca6;97;0;116;141;7;46;47.000000;0.000000;0.000000;2223.000000;2223.000000;100.000000;0.000000;0.000000;-nan;        21s 162ms 145μs 400ns;            521ms 461μs 894ns
298cb5;135;0;131;168;8;46;48.000000;0.000000;0.000000;2224.000000;2224.000000;100.135074;0.000000;0.000000;-nan;        24s 196ms 641μs 695ns;         2s  74ms 457μs 940ns
298c56;126;0;142;174;8;45;47.000000;0.000000;0.000000;2222.000000;2222.000000;100.135196;0.000000;0.000000;-nan;        24s  36ms 141μs 867ns;         1s 959ms 635μs 856ns
298c59;97;0;119;138;7;46;47.000000;0.000000;0.000000;2217.000000;2217.000000;100.045126;0.000000;0.000000;-nan;        22s 550ms  82μs 932ns;            993ms 579μs 926ns
298c66;93;0;118;143;7;46;47.000000;0.000000;0.000000;2225.000000;2225.000000;100.000000;0.000000;0.000000;-nan;        22s 312ms 575μs 304ns;         1s  40ms  28μs  40ns
298c77;70;0;114;102;7;45;47.000000;0.000000;0.000000;2222.000000;2222.000000;100.090090;0.000000;0.000000;-nan;        22s 109ms 232μs  94ns;            732ms 288μs 394ns
116648;532;0;196;332;22;28;87.000000;0.000000;0.000000;1148.000000;1148.000000;99.739357;0.000000;0.000000;-nan;     1m  3s 888ms 883μs 559ns;        39s 617ms 229μs  34ns
116651;37;0;26;105;6;22;23.000000;0.000000;0.000000;1143.000000;1143.000000;100.000000;0.000000;0.000000;-nan;        12s 537ms 588μs 737ns;             90ms 546μs 429ns
11665d;114;0;65;101;10;32;56.000000;0.000000;0.000000;1144.000000;1144.000000;99.912664;0.000000;0.000000;-nan;        36s 855ms 424μs  39ns;         1s 187ms 843μs 911ns
116666;213;0;97;178;16;35;84.000000;0.000000;0.000000;1147.000000;1147.000000;99.912892;0.000000;0.000000;-nan;     1m     182ms 986μs 758ns;         8s 672ms 966μs 145ns
11660b;307;0;97;292;12;40;47.000000;0.000000;0.000000;1148.000000;1148.000000;99.912968;0.000000;0.000000;-nan;        49s 560ms 399μs 507ns;         6s 907ms 556μs 604ns
116619;473;0;89;398;17;33;63.000000;0.000000;0.000000;1146.000000;1146.000000;100.000000;0.000000;0.000000;-nan;     1m     244ms 491μs  64ns;        15s  75ms 504μs  66ns
116626;99;0;45;108;7;27;29.000000;0.000000;0.000000;1144.000000;1144.000000;100.000000;0.000000;0.000000;-nan;        17s 931ms 451μs 146ns;            552ms 761μs 441ns
116631;186;0;96;152;12;32;43.000000;0.000000;0.000000;1149.000000;1149.000000;99.913043;0.000000;0.000000;-nan;        49s 605ms 927μs 736ns;         5s  53ms 739μs 138ns
1165f8;116;0;69;145;8;43;50.000000;0.000000;0.000000;1159.000000;1159.000000;100.086356;0.000000;0.000000;-nan;        27s 789ms 222μs  87ns;                        -1950397957274646ns
1165fd;187;0;81;188;9;43;47.000000;0.000000;0.000000;1149.000000;1149.000000;100.174368;0.000000;0.000000;-nan;        34s 505ms 390μs 409ns;         4s 176ms  59μs 401ns
295e0d;90;0;115;143;7;45;46.000000;0.000000;0.000000;2214.000000;2214.000000;100.000000;0.000000;0.000000;-nan;        22s 995ms 602μs 153ns;            379ms 787μs  67ns
295e1b;127;0;142;173;8;45;47.000000;0.000000;0.000000;2217.000000;2217.000000;100.000000;0.000000;0.000000;-nan;        24s 282ms 553μs 728ns;         3s 886ms 416μs 534ns
295e31;92;8;108;140;7;45;46.000000;0.000000;0.000000;2221.000000;2221.000000;100.000000;0.000000;0.000000;-nan;        20s 354ms 460μs 534ns;            196ms 601μs 500ns
295dc2;90;0;117;141;7;45;46.000000;0.000000;0.000000;2223.000000;2223.000000;100.000000;0.000000;0.000000;-nan;        20s 614ms 229μs 856ns;            259ms 430μs 237ns
295dcd;98;0;119;137;7;46;47.000000;0.000000;0.000000;2218.000000;2218.000000;100.000000;0.000000;0.000000;-nan;        20s 814ms 342μs 819ns;            631ms 974μs 458ns
295dde;90;8;105;145;7;45;46.000000;0.000000;0.000000;2222.000000;2222.000000;100.000000;0.000000;0.000000;-nan;        18s 743ms  19μs 590ns;            206ms   5μs 127ns
295dec;95;0;113;140;7;45;46.000000;0.000000;0.000000;2216.000000;2216.000000;100.000000;0.000000;0.000000;-nan;        21s 222ms 878μs 615ns;            415ms 237μs 923ns
295df8;126;0;146;170;8;45;47.000000;0.000000;0.000000;2221.000000;2221.000000;100.090131;0.000000;0.000000;-nan;        24s  73ms 269μs 961ns;         2s  24ms 934μs 396ns
295db5;89;0;122;137;7;45;46.000000;0.000000;0.000000;2224.000000;2224.000000;100.000000;0.000000;0.000000;-nan;        21s   9ms 258μs 474ns;            483ms 156μs 659ns
295db8;123;0;140;179;8;45;47.000000;0.000000;0.000000;2224.000000;2224.000000;99.955056;0.000000;0.000000;-nan;        23s 897ms 900μs 200ns;         1s 399ms 683μs 142ns
29300e;93;0;124;131;7;45;46.000000;0.000000;0.000000;2225.000000;2225.000000;100.000000;0.000000;0.000000;-nan;        23s 583ms 571μs 969ns;            247ms 601μs 570ns
292fc5;92;0;116;140;7;45;46.000000;0.000000;0.000000;2219.000000;2219.000000;100.000000;0.000000;0.000000;-nan;        22s 238ms   4μs 633ns;            339ms 881μs 688ns
292fdf;93;0;115;140;7;45;46.000000;0.000000;0.000000;2221.000000;2221.000000;100.045045;0.000000;0.000000;-nan;        20s 834ms 491μs 353ns;            863ms 427μs 486ns
292ffe;65;0;96;99;6;46;46.000000;46.000000;100.000000;2224.000000;2224.000000;100.000000;0.000000;0.000000;-nan;        20s 697ms 349μs 660ns;                          0ns
292f86;125;2;136;179;8;45;47.000000;0.000000;0.000000;2222.000000;2222.000000;100.180343;0.000000;0.000000;-nan;        22s  43ms 311μs 169ns;         2s 425ms  35μs 394ns
292f93;126;0;140;176;8;45;47.000000;0.000000;0.000000;2222.000000;2222.000000;100.000000;0.000000;0.000000;-nan;        23s 694ms 283μs 903ns;         1s 263ms 749μs 986ns
292faa;135;0;134;173;8;47;49.000000;0.000000;0.000000;2246.000000;2246.000000;100.000000;0.000000;0.000000;-nan;        23s 907ms  38μs 223ns;         1s 324ms 884μs  37ns
292fb7;125;8;133;176;8;45;47.000000;0.000000;0.000000;2223.000000;2223.000000;100.090050;0.000000;0.000000;-nan;        22s 457ms 634μs 313ns;         1s  15ms  67μs 277ns
292f76;95;0;119;134;7;45;46.000000;0.000000;0.000000;2223.000000;2223.000000;100.000000;0.000000;0.000000;-nan;        21s 140ms 449μs 830ns;            197ms 593μs 695ns
292f7a;62;0;98;100;6;46;46.000000;46.000000;100.000000;2217.000000;2217.000000;100.000000;0.000000;0.000000;-nan;        16s 919ms 688μs 881ns;                          0ns
111607;365;0;178;247;23;26;93.000000;0.000000;0.000000;1150.000000;1150.000000;100.000000;0.000000;0.000000;-nan;     1m 38s 993ms 102μs 198ns;        19s 774ms 336μs 851ns
111612;60;0;41;67;6;22;23.000000;0.000000;0.000000;1144.000000;1144.000000;100.000000;0.000000;0.000000;-nan;        10s 401ms 289μs 687ns;            375ms 246μs 932ns
1115c7;140;0;84;102;15;25;68.000000;0.000000;0.000000;1145.000000;1145.000000;100.000000;0.000000;0.000000;-nan;     1m  3s 514ms 352μs 973ns;         4s 481ms 443μs  99ns
1115d4;42;0;25;101;6;22;23.000000;0.000000;0.000000;1146.000000;1146.000000;100.000000;0.000000;0.000000;-nan;         9s 576ms 186μs 783ns;            113ms 543μs 748ns
1115e5;303;0;65;266;14;37;62.000000;0.000000;0.000000;1151.000000;1151.000000;100.174064;0.000000;0.000000;-nan;        58s 486ms  49μs 494ns;         6s 918ms 932μs  38ns
1115ec;337;0;222;241;25;27;100.000000;0.000000;0.000000;1146.000000;1146.000000;100.262467;0.000000;0.000000;-nan;     1m 46s 914ms 546μs 331ns;         8s 942ms 707μs 354ns
1115f3;56;0;48;64;6;23;24.000000;0.000000;0.000000;1148.000000;1148.000000;100.000000;0.000000;0.000000;-nan;         6s 270ms 993μs 968ns;            223ms 259μs 964ns
1115fd;58;0;39;77;6;24;25.000000;0.000000;0.000000;1151.000000;1151.000000;100.000000;0.000000;0.000000;-nan;         9s 578ms 502μs 170ns;            188ms 626μs  30ns
1115b9;1631;0;515;1320;38;48;117.000000;0.000000;0.000000;1150.000000;1150.000000;99.826389;0.000000;0.000000;-nan;     2m  6s 435ms 796μs 628ns;     1m  5s 460ms  28μs 237ns
1115be;425;0;207;306;26;35;160.000000;0.000000;0.000000;1150.000000;1150.000000;100.261552;0.000000;0.000000;-nan;     1m 50s 969ms 943μs 704ns;        17s 278ms 623μs 313ns
290040;91;0;116;141;7;45;46.000000;0.000000;0.000000;2216.000000;2216.000000;100.000000;0.000000;0.000000;-nan;        21s 954ms 791μs 573ns;            264ms 360μs 686ns
290053;124;0;139;179;8;45;47.000000;0.000000;0.000000;2221.000000;2221.000000;100.090131;0.000000;0.000000;-nan;        24s 114ms 672μs 156ns;         1s 623ms 279μs 702ns
290066;95;0;118;135;7;45;46.000000;0.000000;0.000000;2220.000000;2220.000000;100.000000;0.000000;0.000000;-nan;        22s 953ms  30μs 552ns;            260ms 964μs 284ns
29007c;96;0;117;141;7;46;47.000000;0.000000;0.000000;2225.000000;2225.000000;100.000000;0.000000;0.000000;-nan;        23s 164ms  73μs 528ns;            416ms 587μs 706ns
29002c;126;0;143;173;8;45;47.000000;0.000000;0.000000;2224.000000;2224.000000;100.000000;0.000000;0.000000;-nan;        24s 249ms  28μs 949ns;         1s 566ms 967μs 712ns
28ff80;96;0;112;140;7;45;46.000000;0.000000;0.000000;2218.000000;2218.000000;100.000000;0.000000;0.000000;-nan;        20s 989ms 939μs 348ns;            540ms 858μs 139ns
28ffbf;207;0;184;255;10;47;51.000000;0.000000;0.000000;2248.000000;2248.000000;100.988320;0.000000;0.000000;-nan;        26s 411ms 854μs 216ns;         5s 442ms 912μs 132ns
28ff57;92;0;122;134;7;45;46.000000;0.000000;0.000000;2215.000000;2215.000000;100.000000;0.000000;0.000000;-nan;        15s 763ms 296μs 268ns;            212ms 549μs 242ns
28ff5c;94;75;71;110;7;45;46.000000;0.000000;0.000000;2217.000000;2217.000000;100.000000;0.000000;0.000000;-nan;         3s  24ms 565μs 256ns;            465ms 148μs 556ns
28ff71;93;0;112;143;7;45;46.000000;0.000000;0.000000;2221.000000;2221.000000;100.000000;0.000000;0.000000;-nan;        19s 831ms 744μs  65ns;            195ms 708μs 863ns
10de03;129;0;66;101;11;26;43.000000;0.000000;0.000000;1148.000000;1148.000000;100.087184;0.000000;0.000000;-nan;        32s 289ms 338μs 462ns;         1s 832ms 456μs 564ns
10de16;137;0;42;89;12;32;79.000000;0.000000;0.000000;1146.000000;1146.000000;100.087336;0.000000;0.000000;-nan;        37s 354ms 974μs 834ns;         2s 497ms 401μs 268ns
10ddc7;82;0;44;84;7;22;24.000000;0.000000;0.000000;1146.000000;1146.000000;100.174825;0.000000;0.000000;-nan;        16s  30ms 293μs 422ns;            680ms 663μs 898ns
10ddd8;616;0;201;475;24;44;79.000000;0.000000;0.000000;1148.000000;1148.000000;100.000000;0.000000;0.000000;-nan;        53s 452ms 288μs 513ns;     1m  5s 551ms 866μs 988ns
10dde4;126;0;31;125;9;25;32.000000;0.000000;0.000000;1149.000000;1149.000000;99.913043;0.000000;0.000000;-nan;        24s 644ms 455μs 212ns;            857ms 358μs 323ns
10ddf1;291;0;120;231;21;28;71.000000;0.000000;0.000000;1148.000000;1148.000000;100.174520;0.000000;0.000000;-nan;        48s 698ms 910μs 843ns;        11s  48ms 549μs 572ns
10dd94;117;0;33;84;7;28;30.000000;0.000000;0.000000;1276.000000;1276.000000;101.916933;0.000000;0.000000;-nan;        15s 680ms 485μs 625ns;                        -5848839748466878ns
10dd98;117;0;117;170;7;56;57.000000;0.000000;0.000000;1227.000000;1227.000000;100.000000;0.000000;0.000000;-nan;        20s 364ms 681μs 614ns;            417ms 597μs 542ns
10dda2;148;0;32;134;9;24;28.000000;0.000000;0.000000;1151.000000;1151.000000;100.000000;0.000000;0.000000;-nan;        23s 822ms 248μs 868ns;            663ms 798μs 319ns
10ddb4;185;0;100;153;15;30;81.000000;0.000000;0.000000;1148.000000;1148.000000;99.912968;0.000000;0.000000;-nan;        37s 976ms 821μs 978ns;         4s 235ms 446μs 375ns
28d00b;121;0;156;165;8;45;47.000000;0.000000;0.000000;2225.000000;2225.000000;100.000000;0.000000;0.000000;-nan;        25s 765ms 723μs 770ns;            795ms 695μs 744ns
28cfc5;135;0;132;175;8;47;49.000000;0.000000;0.000000;2229.000000;2229.000000;99.820869;0.000000;0.000000;-nan;        25s 103ms 809μs 865ns;         1s 559ms 364μs 291ns
28cfd8;126;0;142;174;8;45;47.000000;0.000000;0.000000;2223.000000;2223.000000;100.000000;0.000000;0.000000;-nan;        25s 282ms 507μs 917ns;         3s 120ms 107μs 124ns
28cfdf;92;0;110;146;7;45;46.000000;0.000000;0.000000;2220.000000;2220.000000;100.000000;0.000000;0.000000;-nan;        21s 558ms 951μs 603ns;            382ms 177μs 847ns
28cfee;87;0;117;144;7;45;46.000000;0.000000;0.000000;2219.000000;2219.000000;100.000000;0.000000;0.000000;-nan;        21s 319ms  28μs 738ns;            264ms 216μs 609ns
28cffb;125;0;135;182;8;45;47.000000;0.000000;0.000000;2218.000000;2218.000000;100.000000;0.000000;0.000000;-nan;        25s 528ms 179μs 144ns;         1s  29ms 378μs 297ns
28cf96;89;0;117;142;7;45;46.000000;0.000000;0.000000;2224.000000;2224.000000;100.000000;0.000000;0.000000;-nan;        20s  78ms 643μs 632ns;            263ms 763μs 142ns
28cf9a;92;0;119;137;7;45;46.000000;0.000000;0.000000;2222.000000;2222.000000;100.000000;0.000000;0.000000;-nan;        20s 394ms 640μs 966ns;            400ms 158μs 773ns
28cfa6;127;0;143;172;8;45;47.000000;0.000000;0.000000;2217.000000;2217.000000;100.000000;0.000000;0.000000;-nan;        24s 871ms 245μs 276ns;         1s 225ms 111μs 552ns
28cfb2;93;0;122;133;7;45;46.000000;0.000000;0.000000;2221.000000;2221.000000;100.000000;0.000000;0.000000;-nan;        20s 268ms 215μs 683ns;            197ms 898μs 441ns
10b20e;52;0;15;113;6;25;26.000000;0.000000;0.000000;1149.000000;1149.000000;100.000000;0.000000;0.000000;-nan;         9s 819ms 325μs 615ns;            295ms 607μs 424ns
10b219;44;0;26;98;6;22;23.000000;0.000000;0.000000;1144.000000;1144.000000;100.000000;0.000000;0.000000;-nan;         9s  89ms 558μs 413ns;            190ms 590μs 509ns
10b223;56;0;49;63;6;22;23.000000;0.000000;0.000000;1143.000000;1143.000000;100.000000;0.000000;0.000000;-nan;         8s 591ms 978μs 332ns;            280ms 793μs 964ns
10b22b;91;0;38;109;9;26;35.000000;0.000000;0.000000;1145.000000;1145.000000;100.000000;0.000000;0.000000;-nan;        15s 750ms 308μs 518ns;            665ms 290μs 895ns
10b1c7;192;0;125;213;11;55;113.000000;0.000000;0.000000;1176.000000;1176.000000;99.915038;0.000000;0.000000;-nan;        22s 429ms 493μs 259ns;         1s 906ms 390μs 668ns
10b1cf;107;0;41;134;9;29;41.000000;0.000000;0.000000;1148.000000;1148.000000;100.087184;0.000000;0.000000;-nan;        13s   8ms 606μs 757ns;            504ms 515μs 454ns
10b1dd;245;0;138;179;20;25;74.000000;0.000000;0.000000;1149.000000;1149.000000;99.913043;0.000000;0.000000;-nan;        28s 253ms 660μs 672ns;        10s 807ms 312μs 588ns
10b1e9;40;0;27;107;6;24;25.000000;0.000000;0.000000;1151.000000;1151.000000;100.000000;0.000000;0.000000;-nan;         6s 511ms 846μs 982ns;            247ms 135μs  70ns
10b1ef;71;0;37;80;6;26;27.000000;0.000000;0.000000;1148.000000;1148.000000;100.000000;0.000000;0.000000;-nan;         9s 708ms 575μs 651ns;            353ms 556μs 890ns
10b1fe;198;0;98;168;12;56;125.000000;0.000000;0.000000;1148.000000;1148.000000;100.174520;0.000000;0.000000;-nan;        25s 102ms 265μs 982ns;         3s 471ms 492μs  11ns
289f42;96;0;119;139;7;46;47.000000;0.000000;0.000000;2221.000000;2221.000000;100.000000;0.000000;0.000000;-nan;        21s 927ms 305μs 963ns;         1s 767ms 460μs 613ns
289f58;227;0;205;256;13;59;86.000000;0.000000;0.000000;2223.000000;2223.000000;99.910112;0.000000;0.000000;-nan;        30s 440ms 762μs 337ns;         4s 186ms 629μs 591ns
289f0e;121;0;146;175;8;45;47.000000;0.000000;0.000000;2220.000000;2220.000000;100.000000;0.000000;0.000000;-nan;        23s 286ms 146μs 319ns;         2s 893ms 951μs 698ns
289f1c;89;0;114;145;7;45;46.000000;0.000000;0.000000;2223.000000;2223.000000;100.000000;0.000000;0.000000;-nan;        21s 546ms 254μs 452ns;            208ms 430μs 902ns
289f35;91;0;119;138;7;45;46.000000;0.000000;0.000000;2219.000000;2219.000000;100.000000;0.000000;0.000000;-nan;        21s 716ms 489μs 107ns;            204ms 700μs 200ns
289ed3;92;0;110;146;7;45;46.000000;0.000000;0.000000;2218.000000;2218.000000;100.000000;0.000000;0.000000;-nan;        21s 314ms 847μs  89ns;            201ms 366μs 531ns
289ef1;140;0;144;166;8;48;50.000000;0.000000;0.000000;2227.000000;2227.000000;100.451060;0.000000;0.000000;-nan;        23s 539ms 370μs  81ns;         3s 408ms 706μs 896ns
289eff;88;0;119;141;7;45;46.000000;0.000000;0.000000;2224.000000;2224.000000;100.000000;0.000000;0.000000;-nan;        20s 119ms 355μs 183ns;            206ms 661μs 507ns
289eba;119;18;126;179;8;45;47.000000;0.000000;0.000000;2216.000000;2216.000000;100.000000;0.000000;0.000000;-nan;        13s 962ms 796μs 566ns;         1s 313ms 500μs 548ns
289ebe;90;0;118;140;7;45;46.000000;0.000000;0.000000;2222.000000;2222.000000;100.000000;0.000000;0.000000;-nan;        20s 363ms 463μs 481ns;            202ms 875μs 512ns
108486;168;0;67;177;10;38;45.000000;0.000000;0.000000;1150.000000;1150.000000;100.000000;0.000000;0.000000;-nan;        20s 156ms 950μs 829ns;         3s 632ms 256μs 108ns
108492;127;0;62;107;11;26;43.000000;0.000000;0.000000;1151.000000;1151.000000;100.174064;0.000000;0.000000;-nan;        20s 924ms 713μs 355ns;         1s 734ms 352μs  84ns
10849b;38;0;19;111;6;22;23.000000;0.000000;0.000000;1145.000000;1145.000000;100.000000;0.000000;0.000000;-nan;         7s 851ms  83μs 238ns;             99ms 925μs 151ns
1084a7;360;0;146;282;23;28;71.000000;0.000000;0.000000;1148.000000;1148.000000;100.000000;0.000000;0.000000;-nan;        28s 544ms 142μs  60ns;        10s 669ms 435μs 294ns
1084b1;74;0;41;73;6;26;27.000000;0.000000;0.000000;1147.000000;1147.000000;100.000000;0.000000;0.000000;-nan;        11s 589ms 471μs 776ns;            332ms  89μs 506ns
10844a;126;0;112;156;10;34;43.000000;0.000000;0.000000;1425.000000;1425.000000;115.853659;0.000000;0.000000;-nan;        19s 747ms 235μs 315ns;                        -974540457014680ns
10844f;65;0;25;128;7;23;25.000000;0.000000;0.000000;1151.000000;1151.000000;100.000000;0.000000;0.000000;-nan;         9s  68ms 230μs 110ns;            467ms 953μs 460ns
10845c;76;0;56;90;7;32;34.000000;0.000000;0.000000;1224.000000;1224.000000;104.615385;0.000000;0.000000;-nan;         9s 709ms 368μs 410ns;            190ms 668μs  54ns
10846b;121;0;90;123;9;36;44.000000;0.000000;0.000000;1601.000000;1601.000000;113.950178;0.000000;0.000000;-nan;        17s 683ms 610μs 900ns;                        -10720048951140842ns
108477;44;0;21;103;6;22;23.000000;0.000000;0.000000;1146.000000;1146.000000;100.000000;0.000000;0.000000;-nan;         9s 584ms 563μs 747ns;             98ms 669μs 632ns
287106;94;0;120;140;7;46;47.000000;0.000000;0.000000;2222.000000;2222.000000;100.000000;0.000000;0.000000;-nan;        23s 388ms 461μs 138ns;            971ms 953μs 694ns
287116;90;20;109;129;7;45;46.000000;0.000000;0.000000;2219.000000;2219.000000;100.000000;0.000000;0.000000;-nan;        14s 166ms 221μs 271ns;            404ms 148μs 176ns
2870c0;101;0;119;130;7;48;49.000000;0.000000;0.000000;2248.000000;2248.000000;100.000000;0.000000;0.000000;-nan;        24s  21ms 651μs 650ns;            263ms 480μs 343ns
2870d9;92;3;116;137;7;45;46.000000;0.000000;0.000000;2223.000000;2223.000000;100.000000;0.000000;0.000000;-nan;        20s  20ms 306μs 259ns;            196ms 130μs  84ns
2870eb;95;0;119;140;7;46;47.000000;0.000000;0.000000;2222.000000;2222.000000;100.090090;0.000000;0.000000;-nan;        23s 224ms 275μs 890ns;            809ms 914μs 413ns
287087;128;3;146;165;8;45;47.000000;0.000000;0.000000;2225.000000;2225.000000;100.000000;0.000000;0.000000;-nan;        22s 982ms 469μs 135ns;         1s 222ms 144μs 227ns
2870a3;100;0;111;139;7;48;49.000000;0.000000;0.000000;2242.000000;2242.000000;100.000000;0.000000;0.000000;-nan;        23s 879ms 874μs 777ns;            207ms 316μs 303ns
287066;93;0;118;137;7;45;46.000000;0.000000;0.000000;2224.000000;2224.000000;100.000000;0.000000;0.000000;-nan;        22s 565ms 628μs 151ns;            200ms  28μs 842ns
28706b;101;0;104;139;7;47;48.000000;0.000000;0.000000;2233.000000;2233.000000;100.000000;0.000000;0.000000;-nan;        23s 624ms 775μs 266ns;            298ms 918μs 655ns
28707c;123;8;138;173;8;45;47.000000;0.000000;0.000000;2222.000000;2222.000000;100.045025;0.000000;0.000000;-nan;        22s 772ms  10μs 108ns;         1s 149ms 902μs 534ns
104bc2;877;88;420;425;37;44;142.000000;0.000000;0.000000;1148.000000;1148.000000;100.262009;0.000000;0.000000;-nan;     1m 10s 852ms 172μs 319ns;     3m 16s 218ms 829μs 816ns
104b84;37;0;28;103;6;22;23.000000;0.000000;0.000000;1148.000000;1148.000000;100.000000;0.000000;0.000000;-nan;         8s 208ms 493μs 228ns;             96ms 910μs 679ns
104b98;46;0;18;104;6;22;23.000000;0.000000;0.000000;1146.000000;1146.000000;100.000000;0.000000;0.000000;-nan;        13s 441ms 755μs 288ns;             92ms 432μs 174ns
104ba4;36;0;27;105;6;22;23.000000;0.000000;0.000000;1143.000000;1143.000000;100.000000;0.000000;0.000000;-nan;         7s 205ms 107μs 482ns;             93ms 567μs 519ns
104bad;174;0;81;121;16;25;69.000000;0.000000;0.000000;1146.000000;1146.000000;99.912816;0.000000;0.000000;-nan;        44s 208ms 458μs 348ns;         5s 765ms 819μs 132ns
104bb6;69;0;49;100;7;23;25.000000;0.000000;0.000000;1151.000000;1151.000000;100.000000;0.000000;0.000000;-nan;        16s  91ms 998μs 599ns;            340ms 797μs 823ns
104b5b;354;0;198;204;24;26;73.000000;0.000000;0.000000;1148.000000;1148.000000;99.826087;0.000000;0.000000;-nan;        53s  79ms 106μs 177ns;        19s 816ms 372μs  72ns
104b61;124;0;56;130;10;27;37.000000;0.000000;0.000000;1147.000000;1147.000000;100.437828;0.000000;0.000000;-nan;        25s 231ms 525μs  33ns;            923ms 594μs 585ns
104b6e;154;0;35;125;9;26;31.000000;0.000000;0.000000;1151.000000;1151.000000;100.174064;0.000000;0.000000;-nan;        21s 530ms 493μs  63ns;         1s 992ms 727μs  60ns
104b79;108;0;60;138;8;41;56.000000;0.000000;0.000000;1141.000000;1141.000000;99.737762;0.000000;0.000000;-nan;        20s 423ms 227μs 563ns;            357ms 999μs 522ns
28414b;102;0;106;136;7;47;48.000000;0.000000;0.000000;2227.000000;2227.000000;100.000000;0.000000;0.000000;-nan;        25s 575ms 724μs 758ns;            240ms 368μs  76ns
284165;91;0;119;138;7;45;46.000000;0.000000;0.000000;2223.000000;2223.000000;100.000000;0.000000;0.000000;-nan;        23s 612ms 527μs 856ns;            217ms 637μs  25ns
284101;124;3;136;179;8;45;47.000000;0.000000;0.000000;2224.000000;2224.000000;100.000000;0.000000;0.000000;-nan;        22s 960ms 777μs 278ns;         1s 573ms 529μs 956ns
28410f;96;0;113;145;7;46;47.000000;0.000000;0.000000;2220.000000;2220.000000;100.000000;0.000000;0.000000;-nan;        23s 423ms 413μs 154ns;            222ms 700μs 621ns
284127;90;0;114;144;7;45;46.000000;0.000000;0.000000;2225.000000;2225.000000;100.000000;0.000000;0.000000;-nan;        23s 151ms 773μs 583ns;            421ms 800μs 895ns
284135;123;0;140;179;8;45;47.000000;0.000000;0.000000;2219.000000;2219.000000;100.000000;0.000000;0.000000;-nan;        25s 774ms 838μs 189ns;         1s 224ms 830μs 806ns
2840d7;144;0;137;177;8;48;53.000000;0.000000;0.000000;2246.000000;2246.000000;100.537153;0.000000;0.000000;-nan;        25s 929ms 658μs 821ns;         3s 639ms 390μs 689ns
2840db;91;0;117;140;7;45;46.000000;0.000000;0.000000;2221.000000;2221.000000;100.000000;0.000000;0.000000;-nan;        21s 733ms 209μs 387ns;            328ms 918μs 585ns
2840e3;92;0;116;146;7;46;47.000000;0.000000;0.000000;2222.000000;2222.000000;100.000000;0.000000;0.000000;-nan;        22s 774ms 372μs 490ns;            414ms 728μs 627ns
2840f1;129;0;134;179;8;45;47.000000;0.000000;0.000000;2218.000000;2218.000000;100.000000;0.000000;0.000000;-nan;        24s 518ms 999μs 967ns;            918ms 603μs 448ns
4020d4;449;0;251;220;28;40;166.000000;0.000000;0.000000;1007.000000;1007.000000;100.000000;0.000000;0.000000;-nan;     3m 52s 493ms 749μs 132ns;                        -102929343970344896ns
4020df;1157;0;170;929;15;122;146.000000;0.000000;0.000000;1148.000000;1148.000000;139.320388;0.000000;0.000000;-nan;     3m 21s  58ms 491μs 738ns;                        -16987372466782884ns
4020ec;582;0;390;184;30;34;158.000000;0.000000;0.000000;1145.000000;1145.000000;146.232439;0.000000;0.000000;-nan;     3m 55s 470ms 858μs 403ns;                        -181866009641306374ns
4020fc;309;0;152;195;25;28;133.000000;0.000000;0.000000;1148.000000;1148.000000;100.613497;0.000000;0.000000;-nan;     3m 45s 884ms  94μs 171ns;        15s 762ms 172μs 838ns
402093;85;0;285;210;11;87;145.000000;0.000000;0.000000;1111.000000;1111.000000;100.000000;0.000000;0.000000;-nan;     1m 47s 368ms 514μs 519ns;         6s  64ms 179μs 576ns
40209a;57;0;125;104;9;45;0.000000;0.000000;-nan;783.000000;783.000000;126.904376;0.000000;0.000000;-nan;     1m  4s 823ms 214μs 818ns;                        -2997501434663764ns
40209e;115;0;59;94;9;34;54.000000;0.000000;0.000000;896.000000;896.000000;112.140175;0.000000;0.000000;-nan;     1m  4s 778ms 769μs 451ns;                        -1998358648507802ns
4020ad;401;0;104;227;9;111;117.000000;0.000000;0.000000;968.000000;968.000000;115.928144;0.000000;0.000000;-nan;     1m 31s   8ms 274μs 662ns;                        -12989443891108044ns
4020bc;106;0;96;112;8;40;44.000000;0.000000;0.000000;878.000000;878.000000;108.261406;0.000000;0.000000;-nan;        38s 589ms 372μs 375ns;                        -2997525053482812ns
4020c7;915;0;357;620;34;45;146.000000;0.000000;0.000000;1142.000000;1142.000000;101.964286;0.000000;0.000000;-nan;     3m 59s 340ms  75μs 801ns;        57s 670ms   4μs 709ns
101c4e;61;0;40;67;6;22;23.000000;0.000000;0.000000;1146.000000;1146.000000;100.000000;0.000000;0.000000;-nan;        10s 662ms 628μs 989ns;            197ms 801μs 412ns
101c5c;60;0;41;67;6;22;23.000000;0.000000;0.000000;1144.000000;1144.000000;100.000000;0.000000;0.000000;-nan;        10s 691ms 321μs  82ns;            308ms 884μs 317ns
101c6a;56;0;28;126;7;22;24.000000;0.000000;0.000000;1148.000000;1148.000000;100.000000;0.000000;0.000000;-nan;         6s 768ms 201μs 509ns;            362ms 637μs 291ns
101c71;58;0;42;68;6;22;23.000000;0.000000;0.000000;1145.000000;1145.000000;100.000000;0.000000;0.000000;-nan;         9s 873ms   3μs 941ns;            277ms 619μs 589ns
101c0a;343;0;120;239;13;80;128.000000;0.000000;0.000000;1564.000000;1564.000000;111.316726;0.000000;0.000000;-nan;        34s 337ms 963μs 802ns;                        -8768144599806302ns
101c10;138;0;104;118;10;36;44.000000;0.000000;0.000000;1230.000000;1230.000000;100.000000;0.000000;0.000000;-nan;        19s 299ms 120μs  42ns;                        -13639255424077297ns
101c20;186;0;103;101;16;25;59.000000;0.000000;0.000000;1147.000000;1147.000000;99.739130;0.000000;0.000000;-nan;        35s 634ms 776μs 377ns;         5s 245ms 510μs 526ns
101c2b;285;0;115;256;18;35;82.000000;0.000000;0.000000;1148.000000;1148.000000;100.087184;0.000000;0.000000;-nan;        37s 575ms 850μs  14ns;        12s 626ms 612μs 296ns
101c34;40;0;22;106;6;23;24.000000;0.000000;0.000000;1151.000000;1151.000000;100.000000;0.000000;0.000000;-nan;         7s 643ms 133μs 951ns;             90ms 731μs  61ns
101c3f;128;0;82;110;11;26;37.000000;0.000000;0.000000;1148.000000;1148.000000;99.912968;0.000000;0.000000;-nan;        21s 225ms 452μs 534ns;         2s 285ms  43μs 953ns
2810c5;100;0;109;135;7;47;48.000000;0.000000;0.000000;2227.000000;2227.000000;100.000000;0.000000;0.000000;-nan;        25s 152ms  97μs 111ns;            316ms 280μs 233ns
2810ce;125;0;138;179;8;45;47.000000;0.000000;0.000000;2225.000000;2225.000000;100.089969;0.000000;0.000000;-nan;        26s 507ms 356μs 593ns;         1s 165ms  96μs  57ns
2810e6;122;0;140;180;8;45;47.000000;0.000000;0.000000;2222.000000;2222.000000;100.180343;0.000000;0.000000;-nan;        26s 333ms 820μs 996ns;            951ms 851μs 672ns
2810f2;87;0;117;143;7;45;46.000000;0.000000;0.000000;2219.000000;2219.000000;100.000000;0.000000;0.000000;-nan;        24s 898ms 482μs 470ns;            205ms  29μs 819ns
281089;129;1;133;179;8;45;47.000000;0.000000;0.000000;2221.000000;2221.000000;100.000000;0.000000;0.000000;-nan;        22s 155ms 420μs   9ns;            910ms 804μs 122ns
28109e;125;0;139;178;8;45;47.000000;0.000000;0.000000;2224.000000;2224.000000;100.090009;0.000000;0.000000;-nan;        26s 170ms 406μs 834ns;         1s 362ms 258μs 572ns
2810b2;147;0;133;180;8;49;51.000000;0.000000;0.000000;2245.000000;2245.000000;100.492390;0.000000;0.000000;-nan;        26s 687ms 660μs 509ns;         1s  17ms 106μs 999ns
28106c;93;0;120;135;7;45;46.000000;0.000000;0.000000;2224.000000;2224.000000;100.000000;0.000000;0.000000;-nan;        21s 938ms 398μs  83ns;            201ms 252μs 511ns
28106f;105;0;106;133;7;47;48.000000;0.000000;0.000000;2229.000000;2229.000000;100.000000;0.000000;0.000000;-nan;        22s 448ms 631μs 484ns;            324ms 600μs 639ns
28107c;96;0;114;138;7;45;46.000000;0.000000;0.000000;2220.000000;2220.000000;100.000000;0.000000;0.000000;-nan;        21s 744ms 101μs 649ns;            256ms 455μs 187ns
ff0c0;215;0;129;192;9;72;78.000000;0.000000;0.000000;1405.000000;1405.000000;111.331220;0.000000;0.000000;-nan;        26s  23ms 155μs 679ns;                        -1948212549491119ns
ff0d0;71;0;33;103;6;29;30.000000;0.000000;0.000000;1221.000000;1221.000000;100.000000;0.000000;0.000000;-nan;        10s 815ms  74μs 485ns;            192ms 403μs 464ns
ff0dd;180;0;100;176;9;47;58.000000;0.000000;0.000000;1899.000000;1899.000000;100.000000;0.000000;0.000000;-nan;        25s 972ms 811μs 385ns;                        -9741093555839042ns
ff0e8;57;0;39;78;6;24;25.000000;0.000000;0.000000;1149.000000;1149.000000;100.000000;0.000000;0.000000;-nan;        11s 441ms 344μs 523ns;            372ms 546μs 113ns
ff0fa;55;0;49;64;6;23;24.000000;0.000000;0.000000;1148.000000;1148.000000;100.000000;0.000000;0.000000;-nan;         8s 728ms 426μs 822ns;            181ms 991μs  84ns
ff08f;97;0;58;127;8;31;34.000000;0.000000;0.000000;1267.000000;1267.000000;105.232558;0.000000;0.000000;-nan;        20s 706ms 747μs 806ns;            254ms 455μs 991ns
ff095;90;0;50;104;7;26;28.000000;0.000000;0.000000;1149.000000;1149.000000;99.739583;0.000000;0.000000;-nan;        17s 227ms 267μs 906ns;            773ms 651μs  33ns
ff0a4;146;0;69;137;15;28;69.000000;0.000000;0.000000;1148.000000;1148.000000;99.826087;0.000000;0.000000;-nan;        28s 133ms 718μs 882ns;         4s 284ms 794μs 558ns
ff0ad;116;0;96;132;7;47;48.000000;0.000000;0.000000;1762.000000;1762.000000;100.000000;0.000000;0.000000;-nan;        17s 779ms  89μs 681ns;            921ms 675μs 112ns
ff0b6;40;0;24;104;6;23;24.000000;0.000000;0.000000;1151.000000;1151.000000;100.000000;0.000000;0.000000;-nan;        10s 497ms 830μs 522ns;             96ms 317μs  18ns
27e283;93;0;120;135;7;45;46.000000;0.000000;0.000000;2225.000000;2225.000000;100.000000;0.000000;0.000000;-nan;        21s 436ms 124μs 171ns;            219ms 527μs 634ns
27e296;93;0;114;141;7;45;46.000000;0.000000;0.000000;2217.000000;2217.000000;100.000000;0.000000;0.000000;-nan;        23s 456ms 826μs 329ns;            333ms 167μs  96ns
27e2a3;103;0;109;132;7;47;48.000000;0.000000;0.000000;2222.000000;2222.000000;100.000000;0.000000;0.000000;-nan;        23s 876ms 910μs 347ns;            262ms 879μs 121ns
27e2b8;98;0;115;141;7;46;47.000000;0.000000;0.000000;2218.000000;2218.000000;100.000000;0.000000;0.000000;-nan;        23s 241ms 150μs 201ns;            719ms 774μs 336ns
27e24e;122;0;140;180;8;45;47.000000;0.000000;0.000000;2225.000000;2225.000000;100.044964;0.000000;0.000000;-nan;        24s  90ms 381μs 253ns;         1s 396ms 461μs 191ns
27e26a;120;0;140;182;8;45;47.000000;0.000000;0.000000;2219.000000;2219.000000;100.000000;0.000000;0.000000;-nan;        24s 235ms 876μs 769ns;            817ms  87μs 324ns
27e21e;89;0;115;144;7;45;46.000000;0.000000;0.000000;2223.000000;2223.000000;100.000000;0.000000;0.000000;-nan;        20s 327ms 872μs 398ns;            264ms 777μs 707ns
27e234;120;8;131;182;8;45;47.000000;0.000000;0.000000;2221.000000;2221.000000;100.000000;0.000000;0.000000;-nan;        22s 353ms 330μs  90ns;            758ms  42μs  19ns
27e1ec;86;18;104;140;7;45;46.000000;0.000000;0.000000;2220.000000;2220.000000;100.000000;0.000000;0.000000;-nan;         7s 597ms 803μs 655ns;            255ms 429μs 667ns
27e1f4;97;0;110;137;7;47;48.000000;0.000000;0.000000;2232.000000;2232.000000;100.000000;0.000000;0.000000;-nan;        23s 707ms 542μs 473ns;            515ms 584μs 614ns
fc742;36;0;25;107;6;22;23.000000;0.000000;0.000000;1148.000000;1148.000000;100.000000;0.000000;0.000000;-nan;         7s 524ms 404μs 448ns;             90ms 550μs 538ns
fc74e;58;0;39;71;6;22;23.000000;0.000000;0.000000;1145.000000;1145.000000;100.000000;0.000000;0.000000;-nan;        10s 547ms 387μs 313ns;            312ms 637μs 782ns
fc759;55;7;38;74;6;24;25.000000;0.000000;0.000000;1151.000000;1151.000000;100.000000;0.000000;0.000000;-nan;         8s  18ms 706μs 963ns;            354ms 579μs 968ns
fc711;128;0;58;132;12;31;74.000000;0.000000;0.000000;1151.000000;1151.000000;100.348736;0.000000;0.000000;-nan;        17s  31ms 400μs 337ns;         2s 174ms 103μs 309ns
fc720;137;0;62;129;15;26;67.000000;0.000000;0.000000;1148.000000;1148.000000;99.826087;0.000000;0.000000;-nan;        19s 138ms 139μs 927ns;         1s 752ms 937μs 288ns
fc72f;60;0;42;66;6;22;23.000000;0.000000;0.000000;1144.000000;1144.000000;100.000000;0.000000;0.000000;-nan;        10s 653ms 148μs 250ns;            376ms 919μs 617ns
fc73b;80;0;50;80;7;22;24.000000;0.000000;0.000000;1146.000000;1146.000000;100.000000;0.000000;0.000000;-nan;        11s 586ms  94μs 355ns;            588ms 902μs 871ns
fc6f1;72;0;55;72;6;28;29.000000;0.000000;0.000000;1278.000000;1278.000000;101.832669;0.000000;0.000000;-nan;         8s 713ms 336μs 204ns;                        -1947954354204492ns
fc6f6;115;0;36;83;7;28;30.000000;0.000000;0.000000;1280.000000;1280.000000;100.866824;0.000000;0.000000;-nan;        11s 227ms 583μs  30ns;                        -3895903303761562ns
fc6ff;268;0;140;186;20;28;68.000000;0.000000;0.000000;1148.000000;1148.000000;99.912968;0.000000;0.000000;-nan;        21s  63ms 894μs 456ns;         9s 989ms 119μs 134ns
27b2cf;95;0;120;139;7;46;47.000000;0.000000;0.000000;2222.000000;2222.000000;100.000000;0.000000;0.000000;-nan;        22s 544ms 130μs 709ns;         1s 176ms 187μs 294ns
27b2e0;163;0;154;205;9;45;48.000000;0.000000;0.000000;2221.000000;2221.000000;100.000000;0.000000;0.000000;-nan;        25s 928ms 223μs 622ns;         2s 333ms 163μs  45ns
27b2f5;92;0;110;146;7;45;46.000000;0.000000;0.000000;2220.000000;2220.000000;100.000000;0.000000;0.000000;-nan;        22s 754ms  91μs 305ns;            209ms 313μs 418ns
27b28c;100;0;107;137;7;47;48.000000;0.000000;0.000000;2241.000000;2241.000000;100.000000;0.000000;0.000000;-nan;        23s 251ms  25μs 339ns;            346ms 958μs 816ns
27b2a0;128;0;137;177;8;45;47.000000;0.000000;0.000000;2224.000000;2224.000000;100.000000;0.000000;0.000000;-nan;        23s 896ms 503μs 894ns;         2s 420ms 351μs 322ns
27b2a6;89;2;114;142;7;45;46.000000;0.000000;0.000000;2225.000000;2225.000000;100.000000;0.000000;0.000000;-nan;        16s 160ms 576μs 806ns;            247ms 271μs 248ns
27b2b3;104;0;107;133;7;47;48.000000;0.000000;0.000000;2229.000000;2229.000000;100.000000;0.000000;0.000000;-nan;        23s 479ms 558μs 691ns;            293ms 846μs 532ns
27b271;103;0;107;133;7;47;48.000000;0.000000;0.000000;2243.000000;2243.000000;100.000000;0.000000;0.000000;-nan;        23s  32ms 611μs 975ns;            200ms 210μs 568ns
27b276;122;0;137;183;8;45;47.000000;0.000000;0.000000;2224.000000;2224.000000;100.270514;0.000000;0.000000;-nan;        23s 660ms  66μs 412ns;         2s   7ms 636μs 757ns
27b27f;91;0;116;141;7;45;46.000000;0.000000;0.000000;2219.000000;2219.000000;100.000000;0.000000;0.000000;-nan;        20s 155ms 662μs 809ns;            258ms 313μs 748ns
f9483;142;0;70;140;12;26;39.000000;0.000000;0.000000;1145.000000;1145.000000;100.000000;0.000000;0.000000;-nan;        58s 414ms 143μs  12ns;         2s 856ms 111μs  37ns
f9490;43;0;22;103;6;22;23.000000;0.000000;0.000000;1144.000000;1144.000000;100.000000;0.000000;0.000000;-nan;        11s   5ms 490μs 874ns;             95ms 507μs 347ns
f9499;168;0;83;147;13;25;40.000000;0.000000;0.000000;1146.000000;1146.000000;100.262467;0.000000;0.000000;-nan;     1m      17ms 668μs 517ns;         2s 605ms 972μs 144ns
f94a4;64;2;38;96;6;28;29.000000;0.000000;0.000000;1148.000000;1148.000000;100.000000;0.000000;0.000000;-nan;         8s 910ms 742μs 228ns;            114ms 866μs 131ns
f94b1;297;0;169;228;21;27;73.000000;0.000000;0.000000;1148.000000;1148.000000;99.826087;0.000000;0.000000;-nan;     1m  5s 533ms 975μs 235ns;         6s 832ms 207μs 882ns
f9441;144;0;34;104;15;25;122.000000;0.000000;0.000000;1146.000000;1146.000000;99.912816;0.000000;0.000000;-nan;     1m  1s 899ms 399μs 459ns;         2s 829ms  47μs 856ns
f9451;36;0;28;110;6;24;25.000000;0.000000;0.000000;1149.000000;1149.000000;100.000000;0.000000;0.000000;-nan;         9s 400ms 671μs 721ns;             92ms 779μs 523ns
f9462;151;0;87;148;11;48;97.000000;0.000000;0.000000;1149.000000;1149.000000;99.739583;0.000000;0.000000;-nan;        57s 928ms 202μs 462ns;         1s 215ms 268μs 491ns
f9471;484;0;66;340;8;124;125.000000;0.000000;0.000000;1146.000000;1146.000000;100.000000;0.000000;0.000000;-nan;        54s 430ms 971μs 245ns;         1s 314ms 680μs  36ns
f943e;60;0;40;74;6;24;25.000000;0.000000;0.000000;1151.000000;1151.000000;100.000000;0.000000;0.000000;-nan;         9s 343ms 572μs 931ns;            322ms  54μs 733ns
2783c8;88;0;123;137;7;45;46.000000;0.000000;0.000000;2219.000000;2219.000000;100.000000;0.000000;0.000000;-nan;        22s 146ms 286μs  13ns;            203ms 387μs 529ns
2783d6;96;0;119;135;7;48;49.000000;0.000000;0.000000;2244.000000;2244.000000;100.000000;0.000000;0.000000;-nan;        24s 175ms 329μs 934ns;            462ms  16μs 796ns
2783e5;119;0;145;177;8;45;47.000000;0.000000;0.000000;2225.000000;2225.000000;100.000000;0.000000;0.000000;-nan;        24s 420ms 771μs 387ns;            598ms 553μs 370ns
2783ef;95;1;114;138;7;45;46.000000;0.000000;0.000000;2218.000000;2218.000000;100.000000;0.000000;0.000000;-nan;        19s 733ms 609μs 829ns;            250ms 250μs 415ns
27838c;129;0;134;179;8;45;47.000000;0.000000;0.000000;2222.000000;2222.000000;100.000000;0.000000;0.000000;-nan;        23s 907ms 696μs 862ns;            769ms 966μs 232ns
27839d;96;0;113;139;7;45;46.000000;0.000000;0.000000;2224.000000;2224.000000;100.000000;0.000000;0.000000;-nan;        21s 153ms 890μs 342ns;            204ms 335μs 258ns
2783ab;138;0;130;174;8;47;49.000000;0.000000;0.000000;2244.000000;2244.000000;100.492611;0.000000;0.000000;-nan;        24s 654ms 316μs 473ns;         1s 225ms 520μs 806ns
2783bb;95;0;113;140;7;45;46.000000;0.000000;0.000000;2220.000000;2220.000000;100.000000;0.000000;0.000000;-nan;        20s 899ms 794μs 876ns;            340ms 643μs 643ns
27837c;92;0;125;131;7;45;46.000000;0.000000;0.000000;2221.000000;2221.000000;100.000000;0.000000;0.000000;-nan;        19s 967ms 888μs 145ns;            405ms 218μs 623ns
27837f;92;0;117;139;7;45;46.000000;0.000000;0.000000;2223.000000;2223.000000;100.000000;0.000000;0.000000;-nan;        21s 402ms 510μs 942ns;            304ms 799μs  76ns
275743;126;0;137;179;8;45;47.000000;0.000000;0.000000;2220.000000;2220.000000;100.000000;0.000000;0.000000;-nan;        21s 773ms 305μs 749ns;            912ms 693μs  25ns
275752;72;0;110;104;7;45;47.000000;0.000000;0.000000;2216.000000;2216.000000;100.000000;0.000000;0.000000;-nan;        19s 618ms 706μs 739ns;            294ms  84μs 205ns
275761;89;0;115;144;7;45;46.000000;0.000000;0.000000;2225.000000;2225.000000;100.000000;0.000000;0.000000;-nan;        20s 692ms 133μs 897ns;            209ms 404μs 895ns
27570a;95;0;115;138;7;45;46.000000;0.000000;0.000000;2223.000000;2223.000000;100.000000;0.000000;0.000000;-nan;        20s 504ms 189μs 443ns;            204ms 662μs 254ns
275717;91;0;116;141;7;45;46.000000;0.000000;0.000000;2217.000000;2217.000000;100.000000;0.000000;0.000000;-nan;        19s 406ms 716μs 776ns;            262ms 570μs 113ns
275725;95;0;113;140;7;45;46.000000;0.000000;0.000000;2222.000000;2222.000000;100.000000;0.000000;0.000000;-nan;        19s 243ms  51μs 673ns;            412ms 330μs  60ns
275734;93;0;115;140;7;45;46.000000;0.000000;0.000000;2218.000000;2218.000000;100.000000;0.000000;0.000000;-nan;        20s 249ms  38μs 172ns;            214ms 195μs 180ns
2756e7;62;0;96;102;6;46;46.000000;46.000000;100.000000;2219.000000;2219.000000;100.000000;0.000000;0.000000;-nan;        15s 404ms 664μs 318ns;                          0ns
2756ec;96;0;113;139;7;45;46.000000;0.000000;0.000000;2221.000000;2221.000000;100.000000;0.000000;0.000000;-nan;        19s 984ms 510μs 561ns;            208ms 209μs 474ns
2756fa;88;0;121;145;7;46;47.000000;0.000000;0.000000;2224.000000;2224.000000;100.000000;0.000000;0.000000;-nan;        19s 795ms 158μs 459ns;            939ms 789μs 670ns
f4584;183;0;71;180;16;26;81.000000;0.000000;0.000000;1149.000000;1149.000000;100.000000;0.000000;0.000000;-nan;     1m 15s 376ms  16μs 647ns;         2s 283ms  12μs 902ns
f4590;64;0;48;62;6;24;25.000000;0.000000;0.000000;1148.000000;1148.000000;100.000000;0.000000;0.000000;-nan;        17s 267ms 468μs 881ns;            282ms 860μs 620ns
f454c;193;0;105;124;12;32;45.000000;0.000000;0.000000;1152.000000;1152.000000;100.173913;0.000000;0.000000;-nan;        48s 421ms 590μs 334ns;         3s 320ms 667μs 457ns
f4555;78;0;40;108;7;24;26.000000;0.000000;0.000000;1151.000000;1151.000000;100.000000;0.000000;0.000000;-nan;        17s 816ms 672μs 476ns;            435ms 892μs 499ns
f4561;198;0;104;176;18;26;81.000000;0.000000;0.000000;1149.000000;1149.000000;100.174368;0.000000;0.000000;-nan;     1m 21s 405ms 329μs 682ns;         6s 949ms 317μs 563ns
f456a;151;0;69;124;12;24;43.000000;0.000000;0.000000;1148.000000;1148.000000;100.262009;0.000000;0.000000;-nan;        48s 488ms 135μs 483ns;         1s 650ms  52μs 264ns
f4578;2004;0;753;1380;41;83;156.000000;0.000000;0.000000;1149.000000;1149.000000;100.261780;0.000000;0.000000;-nan;     2m 58s 588ms 378μs  41ns;     5m  7s 191ms 569μs 218ns
f452f;211;0;196;175;17;33;0.000000;0.000000;-nan;1405.000000;1405.000000;100.000000;0.000000;0.000000;-nan;     1m 20s 641ms 656μs 768ns;                        -21418254881098599ns
f4534;98;0;52;101;7;27;29.000000;0.000000;0.000000;1284.000000;1284.000000;102.637890;0.000000;0.000000;-nan;        12s 135ms 450μs 740ns;                        -3894116621519318ns
f453d;155;0;120;144;12;41;102.000000;0.000000;0.000000;1899.000000;1899.000000;112.234043;0.000000;0.000000;-nan;        54s 729ms 881μs 844ns;                        -9735491162608605ns
272909;93;3;114;138;7;45;46.000000;0.000000;0.000000;2216.000000;2216.000000;100.000000;0.000000;0.000000;-nan;        19s 340ms 836μs 279ns;            259ms 708μs  69ns
2728c0;126;0;136;180;8;45;47.000000;0.000000;0.000000;2220.000000;2220.000000;100.000000;0.000000;0.000000;-nan;        23s 997ms 499μs 288ns;            605ms 863μs 866ns
2728cb;75;0;112;99;7;45;47.000000;0.000000;0.000000;2213.000000;2213.000000;99.819576;0.000000;0.000000;-nan;        19s 819ms 396μs   3ns;            332ms 684μs 762ns
2728dc;125;0;151;166;8;45;47.000000;0.000000;0.000000;2225.000000;2225.000000;100.089969;0.000000;0.000000;-nan;        23s 556ms 815μs 193ns;         1s 651ms 670μs 280ns
2728eb;63;0;98;99;6;46;46.000000;46.000000;100.000000;2224.000000;2224.000000;100.000000;0.000000;0.000000;-nan;        18s 456ms  12μs 818ns;                          0ns
2728fa;93;0;119;136;7;45;46.000000;0.000000;0.000000;2218.000000;2218.000000;100.000000;0.000000;0.000000;-nan;        20s 784ms 719μs 611ns;            208ms 811μs 914ns
27288a;92;0;117;139;7;45;46.000000;0.000000;0.000000;2222.000000;2222.000000;100.000000;0.000000;0.000000;-nan;        19s 543ms 829μs 736ns;            343ms 391μs 793ns
27288f;125;0;144;173;8;45;47.000000;0.000000;0.000000;2217.000000;2217.000000;100.090293;0.000000;0.000000;-nan;        23s 372ms  47μs 746ns;         1s 299ms 428μs 890ns
27289e;90;0;118;140;7;45;46.000000;0.000000;0.000000;2219.000000;2219.000000;100.000000;0.000000;0.000000;-nan;        20s 979ms 129μs  25ns;            209ms 527μs 416ns
2728b1;128;0;136;178;8;45;47.000000;0.000000;0.000000;2221.000000;2221.000000;100.000000;0.000000;0.000000;-nan;        23s 781ms 781μs 109ns;            694ms 163μs 566ns
f15c8;202;0;95;141;14;26;63.000000;0.000000;0.000000;1148.000000;1148.000000;100.262009;0.000000;0.000000;-nan;        31s 611ms 447μs 327ns;         2s 852ms 668μs  87ns
f15d6;238;0;97;195;15;25;41.000000;0.000000;0.000000;1151.000000;1151.000000;100.611888;0.000000;0.000000;-nan;        32s 796ms 711μs 405ns;         4s 880ms 621μs 588ns
f15e8;44;0;38;86;6;22;23.000000;0.000000;0.000000;1148.000000;1148.000000;100.000000;0.000000;0.000000;-nan;         9s 808ms   8μs 606ns;            183ms 325μs 906ns
f15f5;156;0;72;118;15;32;99.000000;0.000000;0.000000;1149.000000;1149.000000;100.261780;0.000000;0.000000;-nan;        32s 993ms 903μs 788ns;         4s 659ms 896μs 538ns
f1588;91;0;32;61;8;27;65.000000;0.000000;0.000000;1230.000000;1230.000000;100.000000;0.000000;0.000000;-nan;        16s 165ms 923μs 455ns;                        -5840364523536664ns
f158f;165;0;75;160;11;36;55.000000;0.000000;0.000000;1150.000000;1150.000000;100.000000;0.000000;0.000000;-nan;        27s 243ms 654μs 320ns;         2s 450ms 234μs 726ns
f159e;65;2;21;40;6;32;64.000000;0.000000;0.000000;1405.000000;1405.000000;100.000000;0.000000;0.000000;-nan;         5s 963ms 800μs 821ns;                        -973389537696032ns
f15af;171;0;97;120;13;23;42.000000;0.000000;0.000000;1148.000000;1148.000000;100.087184;0.000000;0.000000;-nan;        29s 596ms 469μs 123ns;         1s 292ms 198μs 253ns
f15b4;48;0;31;89;6;23;24.000000;0.000000;0.000000;1151.000000;1151.000000;100.000000;0.000000;0.000000;-nan;         9s 472ms 698μs 851ns;            238ms 347μs 502ns
f15bd;231;0;90;231;9;55;60.000000;0.000000;0.000000;1148.000000;1148.000000;99.912968;0.000000;0.000000;-nan;        24s 730ms  15μs 539ns;         1s 586ms 470μs 886ns
26fa8d;123;0;141;178;8;45;47.000000;0.000000;0.000000;2221.000000;2221.000000;100.090131;0.000000;0.000000;-nan;        24s 124ms 536μs 144ns;         1s 443ms 163μs 200ns
26fa99;95;0;118;135;7;45;46.000000;0.000000;0.000000;2223.000000;2223.000000;100.000000;0.000000;0.000000;-nan;        22s 506ms  93μs 545ns;            212ms 946μs  67ns
26faa8;93;0;119;142;7;46;47.000000;0.000000;0.000000;2221.000000;2221.000000;100.000000;0.000000;0.000000;-nan;        22s 716ms 780μs 379ns;            606ms 850μs 587ns
26fab9;95;0;113;140;7;45;46.000000;0.000000;0.000000;2218.000000;2218.000000;100.045106;0.000000;0.000000;-nan;        23s 690ms 680μs 986ns;            417ms 641μs 272ns
26fa43;125;0;144;173;8;45;47.000000;0.000000;0.000000;2224.000000;2224.000000;100.090009;0.000000;0.000000;-nan;        23s 938ms 645μs 140ns;         2s 102ms 473μs 188ns
26fa47;102;0;115;127;7;47;48.000000;0.000000;0.000000;2230.000000;2230.000000;100.000000;0.000000;0.000000;-nan;        23s 267ms 867μs 802ns;            334ms 685μs  51ns
26fa58;96;0;110;148;7;46;47.000000;0.000000;0.000000;2220.000000;2220.000000;100.000000;0.000000;0.000000;-nan;        23s 453ms 871μs 344ns;            460ms 445μs 352ns
26fa60;95;0;118;141;7;46;47.000000;0.000000;0.000000;2224.000000;2224.000000;100.000000;0.000000;0.000000;-nan;        22s 108ms 685μs 409ns;            400ms 572μs 689ns
26fa6e;96;0;120;138;7;46;47.000000;0.000000;0.000000;2225.000000;2225.000000;100.000000;0.000000;0.000000;-nan;        22s 282ms 204μs 311ns;         1s 249ms  23μs 304ns
26fa7e;92;0;113;143;7;45;46.000000;0.000000;0.000000;2218.000000;2218.000000;100.000000;0.000000;0.000000;-nan;        22s 962ms 159μs 456ns;            205ms 148μs 209ns
eed0c;83;0;49;116;9;31;50.000000;0.000000;0.000000;1142.000000;1142.000000;99.737991;0.000000;0.000000;-nan;        16s 844ms 332μs  80ns;            497ms 213μs 659ns
eed10;42;0;26;100;6;22;23.000000;0.000000;0.000000;1146.000000;1146.000000;100.000000;0.000000;0.000000;-nan;        10s 112ms 157μs 443ns;            180ms 453μs 919ns
eed29;130;0;54;122;10;30;50.000000;0.000000;0.000000;1151.000000;1151.000000;100.699913;0.000000;0.000000;-nan;        18s 937ms 687μs  18ns;         1s 916ms 514μs 374ns
eecc9;125;0;61;134;14;26;67.000000;0.000000;0.000000;1147.000000;1147.000000;99.739130;0.000000;0.000000;-nan;        20s 271ms 219μs 931ns;         1s 838ms 994μs  90ns
eecd9;164;0;102;164;7;60;61.000000;0.000000;0.000000;1149.000000;1149.000000;100.000000;0.000000;0.000000;-nan;        13s 805ms 958μs 308ns;            753ms 144μs 592ns
eece7;91;0;56;77;10;26;51.000000;0.000000;0.000000;1149.000000;1149.000000;100.174368;0.000000;0.000000;-nan;        18s 622ms  99μs 493ns;         1s 163ms  53μs 178ns
eecf3;64;0;24;42;6;28;31.000000;0.000000;0.000000;1148.000000;1148.000000;100.000000;0.000000;0.000000;-nan;         9s 894ms 235μs 900ns;            186ms 565μs 256ns
eecff;42;0;23;103;6;22;23.000000;0.000000;0.000000;1144.000000;1144.000000;100.000000;0.000000;0.000000;-nan;        10s  90ms 758μs 777ns;            130ms 716μs 319ns
eecb7;117;0;51;132;9;31;38.000000;0.000000;0.000000;1226.000000;1226.000000;101.071723;0.000000;0.000000;-nan;        17s 278ms 350μs 628ns;            798ms  12μs 718ns
eecbd;69;0;45;104;7;23;25.000000;0.000000;0.000000;1151.000000;1151.000000;100.000000;0.000000;0.000000;-nan;         9s 784ms 762μs 214ns;            478ms 666μs 846ns
26cc40;91;0;114;143;7;45;46.000000;0.000000;0.000000;2225.000000;2225.000000;100.000000;0.000000;0.000000;-nan;        22s 109ms 850μs 666ns;            264ms 892μs 693ns
26cc4d;124;0;144;174;8;45;47.000000;0.000000;0.000000;2223.000000;2223.000000;100.000000;0.000000;0.000000;-nan;        24s  33ms 276μs 538ns;            605ms 224μs 165ns
26cc5e;78;0;106;102;7;45;47.000000;0.000000;0.000000;2217.000000;2217.000000;100.000000;0.000000;0.000000;-nan;        23s 809ms 186μs 320ns;            211ms 771μs 461ns
26cc06;125;8;131;178;8;45;47.000000;0.000000;0.000000;2222.000000;2222.000000;100.000000;0.000000;0.000000;-nan;        22s 445ms 652μs 470ns;         2s  60ms 952μs 640ns
26cc14;89;0;117;142;7;45;46.000000;0.000000;0.000000;2221.000000;2221.000000;100.000000;0.000000;0.000000;-nan;        22s 283ms 259μs 390ns;            265ms 419μs 336ns
26cc24;121;8;141;171;8;45;47.000000;0.000000;0.000000;2220.000000;2220.000000;100.000000;0.000000;0.000000;-nan;        22s 836ms  55μs 644ns;         1s 624ms 878μs  53ns
26cbd2;94;0;120;134;7;45;46.000000;0.000000;0.000000;2219.000000;2219.000000;100.000000;0.000000;0.000000;-nan;        21s 640ms 826μs 777ns;            198ms 210μs 394ns
26cbd5;93;3;112;146;7;46;47.000000;0.000000;0.000000;2224.000000;2224.000000;100.000000;0.000000;0.000000;-nan;        16s 452ms 319μs 123ns;         1s 421ms 681μs  58ns
26cbe2;98;0;117;129;7;47;48.000000;0.000000;0.000000;2249.000000;2249.000000;100.000000;0.000000;0.000000;-nan;        22s 697ms 240μs 934ns;            261ms  22μs 996ns
26cbfb;99;0;117;138;7;46;47.000000;0.000000;0.000000;2218.000000;2218.000000;100.000000;0.000000;0.000000;-nan;        21s 859ms 898μs 119ns;            677ms 265μs 470ns
eb947;143;0;79;122;15;26;65.000000;0.000000;0.000000;1148.000000;1148.000000;99.826087;0.000000;0.000000;-nan;        33s  16ms 834μs  85ns;         3s 478ms 764μs 714ns
eb955;80;0;43;87;7;22;24.000000;0.000000;0.000000;1145.000000;1145.000000;100.087413;0.000000;0.000000;-nan;        11s 588ms  37μs  98ns;            650ms 329μs 456ns
eb966;197;0;112;167;14;48;105.000000;0.000000;0.000000;1148.000000;1148.000000;100.000000;0.000000;0.000000;-nan;        33s 569ms 407μs  30ns;        12s 227ms 168μs  69ns
eb903;138;0;76;136;8;46;53.000000;0.000000;0.000000;1150.000000;1150.000000;100.261552;0.000000;0.000000;-nan;        19s 670ms 382μs 460ns;            982ms 358μs 335ns
eb90f;564;0;194;432;29;27;75.000000;0.000000;0.000000;1151.000000;1151.000000;100.000000;0.000000;0.000000;-nan;        42s 533ms 452μs 787ns;        23s 783ms 952μs 988ns
eb91a;75;0;25;108;6;29;30.000000;0.000000;0.000000;1149.000000;1149.000000;100.000000;0.000000;0.000000;-nan;        14s  75ms 998μs 210ns;            178ms 702μs 775ns
eb922;156;0;87;115;15;30;85.000000;0.000000;0.000000;1147.000000;1147.000000;100.087260;0.000000;0.000000;-nan;        32s 554ms 458μs 736ns;         3s 943ms 743μs 908ns
eb92b;79;0;34;59;8;24;31.000000;0.000000;0.000000;1149.000000;1149.000000;100.524934;0.000000;0.000000;-nan;        18s 382ms 460μs  99ns;            452ms 535μs 654ns
eb936;83;0;44;91;7;23;25.000000;0.000000;0.000000;1145.000000;1145.000000;100.000000;0.000000;0.000000;-nan;        15s 316ms  57μs 335ns;            373ms 857μs 996ns
eb8fc;136;0;85;123;9;38;44.000000;0.000000;0.000000;1227.000000;1227.000000;104.782237;0.000000;0.000000;-nan;        21s 810ms 813μs 748ns;                        -1946266821964482ns
269f8d;62;0;96;102;6;46;46.000000;46.000000;100.000000;2225.000000;2225.000000;100.000000;0.000000;0.000000;-nan;        19s 813ms  56μs 460ns;                          0ns
269fa0;89;0;120;139;7;45;46.000000;0.000000;0.000000;2224.000000;2224.000000;100.000000;0.000000;0.000000;-nan;        21s 853ms 491μs 746ns;            198ms 972μs 184ns
269f53;119;8;133;182;8;45;47.000000;0.000000;0.000000;2223.000000;2223.000000;100.000000;0.000000;0.000000;-nan;        21s 466ms 272μs 176ns;         1s 324ms  88μs 805ns
269f62;62;0;96;102;6;46;46.000000;46.000000;100.000000;2216.000000;2216.000000;100.000000;0.000000;0.000000;-nan;        17s 615ms 355μs 956ns;                          0ns
269f72;93;0;117;138;7;45;46.000000;0.000000;0.000000;2218.000000;2218.000000;100.000000;0.000000;0.000000;-nan;        21s 685ms 735μs 777ns;            194ms 262μs 496ns
269f0b;126;0;143;173;8;45;47.000000;0.000000;0.000000;2222.000000;2222.000000;100.000000;0.000000;0.000000;-nan;        21s 970ms 562μs 764ns;         2s 632ms 336μs 266ns
269f10;96;0;117;135;7;45;46.000000;0.000000;0.000000;2221.000000;2221.000000;100.000000;0.000000;0.000000;-nan;        20s  36ms 740μs 402ns;            402ms   4μs 446ns
269f1d;92;0;117;139;7;45;46.000000;0.000000;0.000000;2219.000000;2219.000000;100.000000;0.000000;0.000000;-nan;        20s 264ms 738μs 547ns;            280ms 963μs 144ns
269f2c;94;2;113;139;7;45;46.000000;0.000000;0.000000;2220.000000;2220.000000;100.000000;0.000000;0.000000;-nan;        17s 407ms 206μs 635ns;            401ms 898μs 357ns
269f3c;90;0;125;133;7;45;46.000000;0.000000;0.000000;2217.000000;2217.000000;100.000000;0.000000;0.000000;-nan;        21s 254ms 998μs 841ns;            315ms 966μs  85ns
e8807;43;0;22;103;6;22;23.000000;0.000000;0.000000;1146.000000;1146.000000;100.000000;0.000000;0.000000;-nan;         9s 280ms 588μs 328ns;            111ms 437μs 100ns
e87c6;217;0;125;162;20;28;129.000000;0.000000;0.000000;1150.000000;1150.000000;100.000000;0.000000;0.000000;-nan;        37s 563ms 462μs  43ns;         7s 478ms 513μs 393ns
e87d4;88;0;39;99;7;24;26.000000;0.000000;0.000000;1151.000000;1151.000000;100.000000;0.000000;0.000000;-nan;        10s 623ms 618μs 951ns;            749ms 466μs 311ns
e87df;152;0;73;129;11;28;50.000000;0.000000;0.000000;1145.000000;1145.000000;99.825632;0.000000;0.000000;-nan;        22s 795ms 133μs 167ns;         2s 707ms  97μs 729ns
e87ed;58;0;36;80;6;24;25.000000;0.000000;0.000000;1149.000000;1149.000000;100.000000;0.000000;0.000000;-nan;         7s 523ms 847μs 399ns;            439ms 561μs 599ns
e87f3;203;0;68;189;14;32;67.000000;0.000000;0.000000;1150.000000;1150.000000;100.174216;0.000000;0.000000;-nan;        30s 354ms 937μs  28ns;         4s 413ms 936μs 257ns
e87fc;369;0;170;263;16;53;86.000000;0.000000;0.000000;1149.000000;1149.000000;100.349345;0.000000;0.000000;-nan;        35s 564ms 825μs 428ns;        23s 132ms 364μs 254ns
e87a9;49;0;27;104;6;25;26.000000;0.000000;0.000000;1176.000000;1176.000000;100.000000;0.000000;0.000000;-nan;         7s 773ms 713μs 937ns;             95ms 507μs 364ns
e87af;194;0;123;151;14;39;73.000000;0.000000;0.000000;1268.000000;1268.000000;104.793388;0.000000;0.000000;-nan;        30s 284ms 464μs 559ns;                        -973002488133926ns
e87b9;100;0;92;90;11;28;80.000000;0.000000;0.000000;1230.000000;1230.000000;100.000000;0.000000;0.000000;-nan;        20s 950ms 207μs 232ns;                        -9729945369507761ns
26700a;90;0;120;138;7;45;46.000000;0.000000;0.000000;2219.000000;2219.000000;100.000000;0.000000;0.000000;-nan;        22s 557ms 619μs 576ns;            207ms 400μs 199ns
266fd4;117;0;120;141;8;47;51.000000;0.000000;0.000000;2224.000000;2224.000000;99.865290;0.000000;0.000000;-nan;        25s 436ms 243μs 768ns;            754ms 752μs  62ns
266fe0;130;0;134;178;8;45;47.000000;0.000000;0.000000;2224.000000;2224.000000;100.000000;0.000000;0.000000;-nan;        24s 346ms 411μs 144ns;            758ms 391μs 151ns
266ffa;133;0;136;173;8;47;49.000000;0.000000;0.000000;2250.000000;2250.000000;100.401606;0.000000;0.000000;-nan;        25s 664ms  74μs 777ns;         2s 135ms 355μs 642ns
266f80;165;0;148;209;9;45;48.000000;0.000000;0.000000;2225.000000;2225.000000;100.089969;0.000000;0.000000;-nan;        25s 772ms 531μs 174ns;         2s 148ms 465μs 291ns
266f91;92;2;113;141;7;45;46.000000;0.000000;0.000000;2218.000000;2218.000000;100.000000;0.000000;0.000000;-nan;        14s 199ms 331μs  64ns;            331ms 503μs 289ns
266f98;90;1;113;144;7;45;46.000000;0.000000;0.000000;2221.000000;2221.000000;100.000000;0.000000;0.000000;-nan;        14s 562ms 682μs 366ns;            479ms 882μs 975ns
266fb5;92;0;120;136;7;45;46.000000;0.000000;0.000000;2225.000000;2225.000000;100.000000;0.000000;0.000000;-nan;        20s 909ms 868μs 539ns;            269ms 605μs 908ns
266f6c;95;0;116;137;7;45;46.000000;0.000000;0.000000;2222.000000;2222.000000;100.000000;0.000000;0.000000;-nan;        18s 782ms 534μs 585ns;            201ms 161μs 815ns
266f75;93;0;114;141;7;45;46.000000;0.000000;0.000000;2220.000000;2220.000000;100.000000;0.000000;0.000000;-nan;        19s  39ms 356μs 866ns;            281ms 842μs 652ns
3e680d;51;0;149;110;9;50;79.000000;0.000000;0.000000;1144.000000;1144.000000;100.881834;0.000000;0.000000;-nan;        34s 889ms 293μs 539ns;            721ms 382μs 259ns
3e681a;301;0;92;261;13;68;103.000000;0.000000;0.000000;1148.000000;1148.000000;102.959641;0.000000;0.000000;-nan;     1m 40s 683ms 325μs 929ns;         8s   3ms 804μs 386ns
3e6824;277;0;144;147;23;26;128.000000;0.000000;0.000000;1148.000000;1148.000000;102.408564;0.000000;0.000000;-nan;     2m  1s 369ms 689μs 758ns;        10s 429ms 343μs 166ns
3e6832;131;0;80;133;10;30;0.000000;0.000000;-nan;783.000000;783.000000;128.360656;0.000000;0.000000;-nan;        45s 256ms 437μs 135ns;                        -6992137002035315ns
3e683b;46;0;90;62;11;30;98.000000;0.000000;0.000000;783.000000;783.000000;100.000000;0.000000;0.000000;-nan;        45s 100ms 999μs 932ns;                        -5993245429360004ns
3e67d4;28;0;60;48;6;26;52.000000;0.000000;0.000000;656.000000;656.000000;100.000000;0.000000;0.000000;-nan;        14s 942ms 758μs 546ns;            256ms 701μs  62ns
3e67db;325;0;229;160;26;27;0.000000;0.000000;-nan;1007.000000;1007.000000;100.000000;0.000000;0.000000;-nan;     2m  1s 973ms 615μs 425ns;                        -77916956265106244ns
3e67e2;104;0;412;304;9;132;140.000000;0.000000;0.000000;634.000000;634.000000;113.416816;0.000000;0.000000;-nan;        46s 340ms 417μs 626ns;                        -998867054342429ns
3e67ef;849;0;248;477;14;142;158.000000;0.000000;0.000000;815.000000;815.000000;116.428571;0.000000;0.000000;-nan;     1m 54s 848ms 538μs 885ns;                        -1997766076140990ns
3e67ff;71;0;258;199;7;93;93.000000;93.000000;100.000000;820.000000;820.000000;100.000000;0.000000;0.000000;-nan;        28s 893ms 668μs 105ns;                          0ns
e5804;38;0;25;111;6;24;25.000000;0.000000;0.000000;1151.000000;1151.000000;100.000000;0.000000;0.000000;-nan;         7s 744ms 823μs 758ns;             92ms 558μs 848ns
e580f;153;0;82;121;14;35;96.000000;0.000000;0.000000;1146.000000;1146.000000;100.000000;0.000000;0.000000;-nan;        29s 376ms 565μs 218ns;         3s 511ms 991μs 997ns
e5819;47;0;38;83;6;22;23.000000;0.000000;0.000000;1148.000000;1148.000000;100.000000;0.000000;0.000000;-nan;        11s 191ms 273μs 197ns;            185ms 601μs 545ns
e57c0;275;0;154;221;17;44;149.000000;0.000000;0.000000;1899.000000;1899.000000;100.000000;0.000000;0.000000;-nan;        34s 367ms 650μs 705ns;                        -24322046707771248ns
e57cb;104;0;64;98;10;30;49.000000;0.000000;0.000000;1147.000000;1147.000000;99.739130;0.000000;0.000000;-nan;        20s 374ms 107μs 492ns;            947ms  84μs 307ns
e57d9;254;0;116;206;16;33;88.000000;0.000000;0.000000;1149.000000;1149.000000;100.437063;0.000000;0.000000;-nan;        28s 982ms 110μs 668ns;         7s 525ms 397μs 363ns
e57e4;85;0;28;123;7;25;27.000000;0.000000;0.000000;1149.000000;1149.000000;100.174368;0.000000;0.000000;-nan;        14s 528ms 845μs 152ns;            691ms 638μs 900ns
e57ed;147;0;64;175;7;53;54.000000;0.000000;0.000000;1149.000000;1149.000000;100.000000;0.000000;0.000000;-nan;        16s  34ms 112μs 162ns;            244ms 391μs 726ns
e57f8;214;0;77;195;15;25;51.000000;0.000000;0.000000;1148.000000;1148.000000;100.262009;0.000000;0.000000;-nan;        30s 651ms 816μs 421ns;         5s 125ms 958μs 402ns
e57bc;56;0;37;87;6;25;26.000000;0.000000;0.000000;1176.000000;1176.000000;100.000000;0.000000;0.000000;-nan;        11s 148ms 217μs 588ns;            192ms  91μs 915ns
26414e;97;8;109;140;7;46;47.000000;0.000000;0.000000;2220.000000;2220.000000;100.090171;0.000000;0.000000;-nan;        17s 891ms 234μs 454ns;            662ms 198μs 920ns
264165;175;0;148;219;9;47;50.000000;0.000000;0.000000;2235.000000;2235.000000;100.585059;0.000000;0.000000;-nan;        24s 491ms 276μs 906ns;         2s 550ms 987μs 155ns
264176;92;0;118;138;7;45;46.000000;0.000000;0.000000;2217.000000;2217.000000;100.000000;0.000000;0.000000;-nan;        21s 919ms 484μs 384ns;            204ms 909μs 415ns
264107;91;0;117;140;7;45;46.000000;0.000000;0.000000;2221.000000;2221.000000;100.000000;0.000000;0.000000;-nan;        19s 808ms 439μs  51ns;            199ms 398μs 997ns
264116;102;0;112;130;7;47;48.000000;0.000000;0.000000;2216.000000;2216.000000;100.000000;0.000000;0.000000;-nan;        22s 142ms 980μs 654ns;            562ms 171μs 710ns
264124;125;0;135;182;8;45;47.000000;0.000000;0.000000;2223.000000;2223.000000;100.000000;0.000000;0.000000;-nan;        22s 372ms 100μs 646ns;         1s  38ms  44μs  20ns
26412a;72;0;113;101;7;45;47.000000;0.000000;0.000000;2221.000000;2221.000000;100.045045;0.000000;0.000000;-nan;        20s 204ms 605μs 512ns;            253ms 104μs 558ns
26413b;92;3;118;135;7;45;46.000000;0.000000;0.000000;2219.000000;2219.000000;100.000000;0.000000;0.000000;-nan;        17s 727ms 498μs 185ns;            631ms 531μs 960ns
2640ef;92;0;117;139;7;45;46.000000;0.000000;0.000000;2224.000000;2224.000000;100.000000;0.000000;0.000000;-nan;        18s 838ms 405μs 988ns;            418ms 857μs  57ns
2640f4;89;0;122;137;7;45;46.000000;0.000000;0.000000;2225.000000;2225.000000;100.000000;0.000000;0.000000;-nan;        20s  42ms 177μs 537ns;            265ms 754μs 333ns
2612c0;83;21;105;139;7;45;46.000000;0.000000;0.000000;2222.000000;2222.000000;100.000000;0.000000;0.000000;-nan;        12s 360ms 491μs 957ns;            277ms 375μs 780ns
261289;127;0;135;180;8;45;47.000000;0.000000;0.000000;2220.000000;2220.000000;100.000000;0.000000;0.000000;-nan;        22s 829ms 624μs 295ns;         2s  30ms 436μs 942ns
261290;90;0;114;144;7;45;46.000000;0.000000;0.000000;2218.000000;2218.000000;100.000000;0.000000;0.000000;-nan;        19s 739ms 564μs 747ns;            200ms 534μs 968ns
26129c;71;0;114;101;7;45;47.000000;0.000000;0.000000;2217.000000;2217.000000;99.819901;0.000000;0.000000;-nan;        19s 887ms 236μs 384ns;            221ms 703μs 423ns
2612aa;126;0;137;179;8;45;47.000000;0.000000;0.000000;2224.000000;2224.000000;100.044984;0.000000;0.000000;-nan;        23s  53ms 705μs 410ns;            945ms 115μs 603ns
2612b6;74;0;109;103;7;45;47.000000;0.000000;0.000000;2213.000000;2213.000000;99.819576;0.000000;0.000000;-nan;        21s 477ms 332μs 608ns;            286ms 882μs 373ns
26125b;93;0;115;140;7;45;46.000000;0.000000;0.000000;2225.000000;2225.000000;100.000000;0.000000;0.000000;-nan;        19s 378ms 355μs  38ns;            611ms 929μs 106ns
261260;103;0;111;130;7;47;48.000000;0.000000;0.000000;2238.000000;2238.000000;100.000000;0.000000;0.000000;-nan;        21s 744ms 317μs 675ns;            344ms 534μs 560ns
26126d;90;0;124;134;7;45;46.000000;0.000000;0.000000;2219.000000;2219.000000;100.000000;0.000000;0.000000;-nan;        19s 525ms 702μs 646ns;            546ms 113μs 140ns
261278;170;0;156;216;9;47;50.000000;0.000000;0.000000;2224.000000;2224.000000;100.000000;0.000000;0.000000;-nan;        24s 204ms 352μs 399ns;         2s 424ms 676μs  17ns
e1148;211;0;110;141;21;26;131.000000;0.000000;0.000000;1148.000000;1148.000000;100.000000;0.000000;0.000000;-nan;     1m 27s 265ms 671μs 910ns;         5s 891ms 729μs 858ns
e1102;521;0;239;392;21;46;80.000000;0.000000;0.000000;1150.000000;1150.000000;100.000000;0.000000;0.000000;-nan;     1m 27s 445ms 473μs 155ns;        23s 361ms 999μs 207ns
e110d;98;0;34;150;8;24;27.000000;0.000000;0.000000;1149.000000;1149.000000;100.000000;0.000000;0.000000;-nan;        28s 820ms 884μs 289ns;            896ms 605μs 289ns
e1119;59;0;46;63;6;22;23.000000;0.000000;0.000000;1145.000000;1145.000000;100.000000;0.000000;0.000000;-nan;        16s 753ms 162μs  73ns;            328ms  46μs  60ns
e1124;124;0;64;126;12;36;103.000000;0.000000;0.000000;1148.000000;1148.000000;100.349650;0.000000;0.000000;-nan;        53s 676ms 741μs 493ns;         2s 267ms 996μs 837ns
e112e;121;0;60;125;8;34;37.000000;0.000000;0.000000;1230.000000;1230.000000;100.000000;0.000000;0.000000;-nan;        30s 387ms 933μs 435ns;            500ms 810μs 236ns
e113b;306;0;125;243;14;52;90.000000;0.000000;0.000000;1151.000000;1151.000000;100.436300;0.000000;0.000000;-nan;     1m 12s 162ms 420μs 856ns;         8s 776ms 679μs 623ns
e10e1;129;0;90;143;8;41;44.000000;0.000000;0.000000;1472.000000;1472.000000;103.298246;0.000000;0.000000;-nan;        28s 936ms 530μs 386ns;            762ms 706μs 422ns
e10e6;753;0;263;562;29;31;77.000000;0.000000;0.000000;1148.000000;1148.000000;99.739357;0.000000;0.000000;-nan;     1m 34s 617ms 947μs 275ns;        31s 292ms 884μs 673ns
e10f3;503;0;281;338;15;71;86.000000;0.000000;0.000000;1150.000000;1150.000000;100.261552;0.000000;0.000000;-nan;     1m 11s 531ms 365μs 292ns;        16s 451ms 174μs 785ns
25e30c;126;0;137;179;8;45;47.000000;0.000000;0.000000;2217.000000;2217.000000;100.090293;0.000000;0.000000;-nan;        24s 474ms 378μs 224ns;         1s 308ms 121μs 699ns
25e31b;127;0;137;178;8;45;47.000000;0.000000;0.000000;2220.000000;2220.000000;100.045065;0.000000;0.000000;-nan;        24s 277ms 454μs 625ns;         1s 110ms 375μs 237ns
25e32b;91;0;112;145;7;45;46.000000;0.000000;0.000000;2218.000000;2218.000000;100.000000;0.000000;0.000000;-nan;        20s  24ms  62μs 497ns;            200ms 911μs 689ns
25e338;94;3;114;137;7;45;46.000000;0.000000;0.000000;2221.000000;2221.000000;100.000000;0.000000;0.000000;-nan;        19s 572ms 112μs 429ns;            258ms 321μs 565ns
25e2c4;89;0;115;144;7;45;46.000000;0.000000;0.000000;2217.000000;2217.000000;100.000000;0.000000;0.000000;-nan;        22s  18ms 160μs 554ns;            209ms 673μs 155ns
25e2c8;98;0;119;137;7;46;47.000000;0.000000;0.000000;2220.000000;2220.000000;100.000000;0.000000;0.000000;-nan;        19s 826ms 711μs 832ns;            599ms 253μs 752ns
25e2d8;163;0;150;209;9;45;48.000000;0.000000;0.000000;2223.000000;2223.000000;100.000000;0.000000;0.000000;-nan;        25s 424ms 782μs  38ns;         1s 501ms 189μs 685ns
25e2e9;93;0;119;136;7;45;46.000000;0.000000;0.000000;2225.000000;2225.000000;100.000000;0.000000;0.000000;-nan;        22s 224ms 404μs 659ns;            340ms 414μs 891ns
25e2f1;92;0;111;145;7;45;46.000000;0.000000;0.000000;2216.000000;2216.000000;100.000000;0.000000;0.000000;-nan;        21s 123ms 466μs 541ns;            202ms 180μs 561ns
25e2ff;95;0;113;140;7;45;46.000000;0.000000;0.000000;2224.000000;2224.000000;100.000000;0.000000;0.000000;-nan;        23s 307ms 469μs 148ns;            268ms 206μs 350ns
dce45;231;0;129;227;10;65;74.000000;0.000000;0.000000;1704.000000;1704.000000;104.411765;0.000000;0.000000;-nan;        48s 580ms 446μs 384ns;                        -1944969984998533ns
dce59;164;0;83;137;11;48;112.000000;0.000000;0.000000;1146.000000;1146.000000;100.174825;0.000000;0.000000;-nan;        52s 767ms 446μs 736ns;         2s 310ms 759μs 976ns
dce69;36;0;27;105;6;22;23.000000;0.000000;0.000000;1148.000000;1148.000000;100.000000;0.000000;0.000000;-nan;         7s 341ms 282μs  88ns;             90ms 449μs 174ns
dce6c;266;0;79;261;12;37;56.000000;0.000000;0.000000;1150.000000;1150.000000;100.261552;0.000000;0.000000;-nan;        55s 775ms 112μs 756ns;         9s 936ms 451μs 900ns
dce7d;693;0;383;336;36;32;135.000000;0.000000;0.000000;1150.000000;1150.000000;99.913119;0.000000;0.000000;-nan;     1m 35s  65ms 765μs 840ns;        44s 420ms 380μs  79ns
dce02;39;2;26;107;6;24;25.000000;0.000000;0.000000;1149.000000;1149.000000;100.000000;0.000000;0.000000;-nan;         5s 249ms  83μs 582ns;            122ms 448μs 348ns
dce10;80;0;47;83;7;22;24.000000;0.000000;0.000000;1145.000000;1145.000000;100.000000;0.000000;0.000000;-nan;        14s 787ms 518μs 173ns;            332ms 762μs 727ns
dce22;101;0;46;143;11;25;40.000000;0.000000;0.000000;1143.000000;1143.000000;100.000000;0.000000;0.000000;-nan;        48s 382ms 241μs 362ns;         1s 498ms 914μs 180ns
dce35;149;0;76;121;11;36;68.000000;0.000000;0.000000;1151.000000;1151.000000;100.436300;0.000000;0.000000;-nan;        51s 696ms 421μs  44ns;         3s 369ms  16μs 162ns
dcdfa;829;0;415;462;38;38;141.000000;0.000000;0.000000;1148.000000;1148.000000;99.826087;0.000000;0.000000;-nan;     1m 36s 502ms 188μs 670ns;     1m 45s 128ms 877μs 865ns
25b5ca;99;0;115;140;7;46;47.000000;0.000000;0.000000;2216.000000;2216.000000;100.000000;0.000000;0.000000;-nan;        20s 288ms 696μs 767ns;            667ms 317μs 397ns
25b5d9;127;0;134;181;8;45;47.000000;0.000000;0.000000;2222.000000;2222.000000;100.090090;0.000000;0.000000;-nan;        21s 935ms 409μs 595ns;         1s 218ms 315μs 982ns
25b5ea;125;0;140;177;8;45;47.000000;0.000000;0.000000;2219.000000;2219.000000;100.000000;0.000000;0.000000;-nan;        22s 167ms 449μs 307ns;         1s 317ms  30μs 554ns
25b58e;61;0;99;100;6;46;46.000000;46.000000;100.000000;2222.000000;2222.000000;100.000000;0.000000;0.000000;-nan;        13s  41ms 784μs 752ns;                          0ns
25b5a1;91;0;112;145;7;45;46.000000;0.000000;0.000000;2218.000000;2218.000000;100.000000;0.000000;0.000000;-nan;        20s  63ms 745μs 164ns;            545ms 652μs 951ns
25b5b0;94;0;116;138;7;45;46.000000;0.000000;0.000000;2225.000000;2225.000000;100.000000;0.000000;0.000000;-nan;        19s 795ms 983μs  13ns;            532ms 623μs 351ns
25b5bf;75;0;108;103;7;45;47.000000;0.000000;0.000000;2219.000000;2219.000000;100.090212;0.000000;0.000000;-nan;        19s 186ms 385μs  58ns;            747ms 695μs 690ns
25b56b;92;0;117;139;7;45;46.000000;0.000000;0.000000;2223.000000;2223.000000;100.000000;0.000000;0.000000;-nan;        19s 384ms 599μs 623ns;            271ms 590μs 707ns
25b570;93;0;115;140;7;45;46.000000;0.000000;0.000000;2221.000000;2221.000000;100.000000;0.000000;0.000000;-nan;        18s 990ms 923μs 945ns;            205ms 677μs 746ns
25b57f;89;0;121;138;7;45;46.000000;0.000000;0.000000;2224.000000;2224.000000;100.000000;0.000000;0.000000;-nan;        19s 587ms 303μs  50ns;            254ms 416μs 434ns
d94c5;366;0;183;273;17;50;85.000000;0.000000;0.000000;1150.000000;1150.000000;100.261552;0.000000;0.000000;-nan;        50s 509ms 686μs 920ns;        26s 961ms 237μs 318ns
d94d7;273;0;135;224;16;44;85.000000;0.000000;0.000000;1148.000000;1148.000000;100.262009;0.000000;0.000000;-nan;        48s 504ms 121μs 443ns;        17s  43ms 951μs 941ns
d94eb;81;0;49;80;7;22;24.000000;0.000000;0.000000;1146.000000;1146.000000;100.000000;0.000000;0.000000;-nan;        13s 550ms 657μs 799ns;            309ms 562μs 305ns
d94f8;64;0;33;77;6;24;25.000000;0.000000;0.000000;1148.000000;1148.000000;100.000000;0.000000;0.000000;-nan;        11s 499ms 141μs 824ns;            296ms 812μs 126ns
d9481;225;0;143;226;9;66;0.000000;0.000000;-nan;1774.000000;1774.000000;109.371147;0.000000;0.000000;-nan;        25s 857ms 341μs 717ns;                        -9723215313660543ns
d9487;253;0;396;399;13;84;124.000000;0.000000;0.000000;1405.000000;1405.000000;100.000000;0.000000;0.000000;-nan;        41s 688ms 311μs 655ns;                        -10695675101134350ns
d9497;211;0;109;210;15;28;92.000000;0.000000;0.000000;1230.000000;1230.000000;100.000000;0.000000;0.000000;-nan;        45s 345ms 234μs 105ns;                        -24308334640629576ns
d94a1;270;0;138;192;22;33;130.000000;0.000000;0.000000;1148.000000;1148.000000;99.826087;0.000000;0.000000;-nan;        53s  97ms 828μs  14ns;        10s 591ms 267μs 885ns
d94af;41;0;32;101;6;24;25.000000;0.000000;0.000000;1149.000000;1149.000000;100.000000;0.000000;0.000000;-nan;         9s 588ms 848μs 763ns;            217ms 150μs 300ns
d94ba;60;0;39;75;6;24;25.000000;0.000000;0.000000;1151.000000;1151.000000;100.000000;0.000000;0.000000;-nan;        10s 480ms 359μs 419ns;            343ms 533μs 270ns
25868a;128;0;141;173;8;45;47.000000;0.000000;0.000000;2221.000000;2221.000000;100.090131;0.000000;0.000000;-nan;        25s 107ms 236μs  15ns;         1s 843ms 587μs 533ns
258647;122;0;137;183;8;45;47.000000;0.000000;0.000000;2224.000000;2224.000000;100.135074;0.000000;0.000000;-nan;        24s 834ms 471μs  50ns;            948ms 603μs 862ns
258656;108;0;128;132;8;46;50.000000;0.000000;0.000000;2219.000000;2219.000000;99.820063;0.000000;0.000000;-nan;        25s 244ms 754μs 155ns;            674ms 810μs 112ns
258667;89;8;107;104;7;52;55.000000;0.000000;0.000000;2225.000000;2225.000000;100.044964;0.000000;0.000000;-nan;        18s  47ms 335μs  96ns;            215ms 186μs 449ns
258674;93;0;117;138;7;45;46.000000;0.000000;0.000000;2217.000000;2217.000000;100.000000;0.000000;0.000000;-nan;        22s 442ms 455μs 160ns;            406ms 770μs 766ns
25860c;89;0;115;143;7;45;46.000000;0.000000;0.000000;2222.000000;2222.000000;100.000000;0.000000;0.000000;-nan;        21s 318ms 860μs 528ns;            196ms 678μs 294ns
258610;126;0;143;173;8;45;47.000000;0.000000;0.000000;2219.000000;2219.000000;100.045086;0.000000;0.000000;-nan;        23s 875ms 489μs 252ns;         1s 113ms  51μs 104ns
25861c;103;0;104;137;7;47;48.000000;0.000000;0.000000;2236.000000;2236.000000;100.000000;0.000000;0.000000;-nan;        23s 471ms 380μs 320ns;            210ms 991μs 601ns
25862d;92;0;120;136;7;45;46.000000;0.000000;0.000000;2225.000000;2225.000000;100.000000;0.000000;0.000000;-nan;        21s 556ms 615μs 987ns;            273ms 904μs 767ns
258638;125;0;134;183;8;45;47.000000;0.000000;0.000000;2220.000000;2220.000000;100.000000;0.000000;0.000000;-nan;        23s 701ms 856μs  23ns;         1s 386ms 429μs 476ns
d5788;130;0;71;125;8;44;59.000000;0.000000;0.000000;1150.000000;1150.000000;100.174216;0.000000;0.000000;-nan;        30s 362ms 225μs 743ns;         1s  30ms 207μs 826ns
d5797;555;0;255;393;24;41;78.000000;0.000000;0.000000;1151.000000;1151.000000;100.174064;0.000000;0.000000;-nan;     1m 19s 826ms 970μs 202ns;        37s 207ms 184μs 574ns
d574b;656;0;425;701;18;93;128.000000;0.000000;0.000000;2042.000000;2042.000000;107.530279;0.000000;0.000000;-nan;     1m 14s 832ms 850μs 337ns;                        -41803620712285024ns
d5759;59;0;40;75;6;24;25.000000;0.000000;0.000000;1151.000000;1151.000000;100.000000;0.000000;0.000000;-nan;        10s 546ms  49μs 329ns;            287ms 449μs 799ns
d576c;133;0;94;137;8;62;82.000000;0.000000;0.000000;1400.000000;1400.000000;105.980318;0.000000;0.000000;-nan;        31s 463ms 601μs 963ns;                        -972129797792270ns
d577a;119;0;72;121;8;42;57.000000;0.000000;0.000000;1150.000000;1150.000000;100.000000;0.000000;0.000000;-nan;        30s 294ms  23μs 914ns;            970ms 896μs 641ns
d571c;159;0;116;145;12;40;71.000000;0.000000;0.000000;1899.000000;1899.000000;135.160142;0.000000;0.000000;-nan;        44s 880ms 422μs 501ns;                        -6805029412255113ns
d5723;145;0;94;139;9;45;55.000000;0.000000;0.000000;1439.000000;1439.000000;116.991870;0.000000;0.000000;-nan;        31s 410ms 561μs 965ns;                        -7777128979769271ns
d572f;86;2;72;102;7;33;34.000000;0.000000;0.000000;1424.000000;1424.000000;100.000000;0.000000;0.000000;-nan;         6s 914ms 379μs 407ns;            153ms 990μs 345ns
d5737;74;0;43;77;6;27;28.000000;0.000000;0.000000;1261.000000;1261.000000;107.227891;0.000000;0.000000;-nan;        13s 339ms 308μs 689ns;                        -972133391687558ns
255658;125;0;141;176;8;45;47.000000;0.000000;0.000000;2221.000000;2221.000000;100.000000;0.000000;0.000000;-nan;        26s  24ms 689μs 791ns;            570ms 615μs 139ns
25566e;129;0;134;179;8;45;47.000000;0.000000;0.000000;2218.000000;2218.000000;100.000000;0.000000;0.000000;-nan;        26s 219ms 798μs 344ns;         1s 116ms 193μs 169ns
255607;91;1;119;137;7;45;46.000000;0.000000;0.000000;2223.000000;2223.000000;100.000000;0.000000;0.000000;-nan;        17s 941ms 287μs 583ns;            212ms 767μs 355ns
255616;91;0;117;140;7;45;46.000000;0.000000;0.000000;2216.000000;2216.000000;100.000000;0.000000;0.000000;-nan;        21s 977ms 640μs 719ns;            204ms  28μs 489ns
25562c;125;0;146;171;8;45;47.000000;0.000000;0.000000;2223.000000;2223.000000;100.180261;0.000000;0.000000;-nan;        25s 772ms 150μs 388ns;         2s  11ms 334μs 174ns
25563e;94;0;114;140;7;45;46.000000;0.000000;0.000000;2222.000000;2222.000000;100.000000;0.000000;0.000000;-nan;        22s 956ms  80μs 257ns;            216ms 431μs 328ns
2555db;138;0;133;170;8;47;49.000000;0.000000;0.000000;2242.000000;2242.000000;100.044623;0.000000;0.000000;-nan;        26s 473ms 273μs 369ns;         1s  30ms 850μs   2ns
2555e0;127;0;142;173;8;45;47.000000;0.000000;0.000000;2225.000000;2225.000000;100.000000;0.000000;0.000000;-nan;        25s 638ms 375μs 902ns;         1s 526ms 930μs 730ns
2555e9;66;0;94;100;6;46;46.000000;46.000000;100.000000;2220.000000;2220.000000;100.000000;0.000000;0.000000;-nan;        14s 736ms 151μs 846ns;                          0ns
2555f6;123;0;139;180;8;45;47.000000;0.000000;0.000000;2223.000000;2223.000000;100.270636;0.000000;0.000000;-nan;        25s 376ms 673μs 369ns;         1s 799ms 328μs 539ns
2526c3;76;8;98;104;7;45;47.000000;0.000000;0.000000;2216.000000;2216.000000;99.819820;0.000000;0.000000;-nan;        17s 853ms 936μs 478ns;            330ms 221μs 504ns
2526ca;122;0;136;184;8;45;47.000000;0.000000;0.000000;2223.000000;2223.000000;100.000000;0.000000;0.000000;-nan;        24s 264ms 199μs 788ns;         1s 226ms 544μs 800ns
2526df;92;0;119;137;7;45;46.000000;0.000000;0.000000;2219.000000;2219.000000;100.000000;0.000000;0.000000;-nan;        22s 446ms 196μs 629ns;            251ms 944μs  31ns
252680;135;0;127;172;8;46;48.000000;0.000000;0.000000;2225.000000;2225.000000;100.180099;0.000000;0.000000;-nan;        24s  38ms 209μs 788ns;         1s 546ms 964μs 461ns
25268d;75;0;107;104;7;45;47.000000;0.000000;0.000000;2221.000000;2221.000000;99.954995;0.000000;0.000000;-nan;        19s 888ms 142μs 792ns;            402ms  15μs 303ns
252694;88;0;115;145;7;45;46.000000;0.000000;0.000000;2224.000000;2224.000000;100.000000;0.000000;0.000000;-nan;        19s 680ms 560μs 773ns;            261ms 643μs 196ns
2526a2;94;0;114;140;7;45;46.000000;0.000000;0.000000;2225.000000;2225.000000;100.000000;0.000000;0.000000;-nan;        21s 603ms 293μs 538ns;            196ms 864μs 505ns
2526b2;107;0;103;134;7;47;48.000000;0.000000;0.000000;2227.000000;2227.000000;100.000000;0.000000;0.000000;-nan;        23s 494ms 315μs  77ns;            451ms 366μs 380ns
25266e;126;0;133;183;8;45;47.000000;0.000000;0.000000;2218.000000;2218.000000;100.000000;0.000000;0.000000;-nan;        23s 775ms 616μs 311ns;            868ms 818μs 427ns
252673;165;0;150;207;9;45;48.000000;0.000000;0.000000;2223.000000;2223.000000;100.270636;0.000000;0.000000;-nan;        25s 337ms 591μs 735ns;         2s 601ms 731μs 215ns
d2283;695;0;395;328;34;35;144.000000;0.000000;0.000000;1150.000000;1150.000000;100.261552;0.000000;0.000000;-nan;        58s 470ms 522μs 216ns;     1m 11s 904ms 654μs 696ns
d2290;60;0;43;65;6;22;23.000000;0.000000;0.000000;1145.000000;1145.000000;100.000000;0.000000;0.000000;-nan;        11s 318ms 218μs 423ns;            394ms 493μs 510ns
d2299;36;0;27;105;6;22;23.000000;0.000000;0.000000;1148.000000;1148.000000;100.000000;0.000000;0.000000;-nan;         6s 626ms 105μs 527ns;             97ms 207μs 245ns
d22a1;43;0;27;98;6;22;23.000000;0.000000;0.000000;1146.000000;1146.000000;100.000000;0.000000;0.000000;-nan;        11s 388ms 366μs 720ns;            233ms 444μs  91ns
d22ac;61;0;39;74;6;24;25.000000;0.000000;0.000000;1144.000000;1144.000000;100.000000;0.000000;0.000000;-nan;        10s  36ms 589μs 293ns;            537ms  82μs 929ns
d2247;266;0;125;303;11;70;104.000000;0.000000;0.000000;1230.000000;1230.000000;100.000000;0.000000;0.000000;-nan;        34s 632ms 335μs 845ns;                        -7775928592575670ns
d224e;115;0;99;98;9;39;49.000000;0.000000;0.000000;1491.000000;1491.000000;113.556740;0.000000;0.000000;-nan;        25s 288ms 456μs  35ns;                        -3887916833778587ns
d225a;60;0;39;75;6;24;25.000000;0.000000;0.000000;1151.000000;1151.000000;100.000000;0.000000;0.000000;-nan;         8s 635ms 729μs 288ns;            346ms 292μs  58ns
d2264;167;0;76;149;8;49;92.000000;0.000000;0.000000;1148.000000;1148.000000;99.912968;0.000000;0.000000;-nan;        21s 674ms 107μs 409ns;            679ms 739μs 159ns
d2277;184;0;85;145;17;26;92.000000;0.000000;0.000000;1150.000000;1150.000000;100.000000;0.000000;0.000000;-nan;        42s 491ms 688μs 282ns;         3s 981ms 698μs   9ns
24f9c9;91;0;120;137;7;45;46.000000;0.000000;0.000000;2224.000000;2224.000000;100.000000;0.000000;0.000000;-nan;        21s 576ms 567μs 254ns;            211ms 363μs 815ns
24f98f;92;0;118;138;7;45;46.000000;0.000000;0.000000;2222.000000;2222.000000;100.000000;0.000000;0.000000;-nan;        21s 849ms 949μs 901ns;            247ms 398μs 768ns
24f9a1;95;0;116;137;7;45;46.000000;0.000000;0.000000;2220.000000;2220.000000;100.090171;0.000000;0.000000;-nan;        19s 652ms 736μs 651ns;            419ms 132μs 221ns
24f9ba;92;0;117;139;7;45;46.000000;0.000000;0.000000;2220.000000;2220.000000;100.000000;0.000000;0.000000;-nan;        22s  12ms   8μs 899ns;            195ms 633μs 102ns
24f951;88;0;116;144;7;45;46.000000;0.000000;0.000000;2219.000000;2219.000000;100.000000;0.000000;0.000000;-nan;        22s 238ms 854μs 443ns;            259ms 979μs  41ns
24f95e;68;0;89;95;6;48;48.000000;48.000000;100.000000;2241.000000;2241.000000;100.000000;0.000000;0.000000;-nan;        16s 773ms 639μs 150ns;                          0ns
24f974;130;0;136;176;8;45;47.000000;0.000000;0.000000;2225.000000;2225.000000;100.000000;0.000000;0.000000;-nan;        22s 451ms 783μs 824ns;         1s 146ms 470μs 455ns
24f90b;93;2;108;145;7;45;46.000000;0.000000;0.000000;2217.000000;2217.000000;100.000000;0.000000;0.000000;-nan;         6s 379ms 497μs 353ns;            503ms 204μs 735ns
24f914;87;0;121;140;7;45;46.000000;0.000000;0.000000;2223.000000;2223.000000;100.000000;0.000000;0.000000;-nan;        20s 602ms 389μs 111ns;            209ms 618μs 398ns
24f93d;126;0;147;169;8;45;47.000000;0.000000;0.000000;2221.000000;2221.000000;100.000000;0.000000;0.000000;-nan;        22s 599ms 878μs 553ns;         2s  26ms  58μs 501ns
cf18c;384;0;117;319;22;28;156.000000;0.000000;0.000000;1150.000000;1150.000000;100.612423;0.000000;0.000000;-nan;        36s 527ms 264μs 968ns;        15s 728ms 467μs 648ns
cf19d;42;0;22;104;6;22;23.000000;0.000000;0.000000;1145.000000;1145.000000;100.000000;0.000000;0.000000;-nan;         9s 593ms 938μs 668ns;            137ms 236μs  85ns
cf1a8;60;0;40;74;6;24;25.000000;0.000000;0.000000;1151.000000;1151.000000;100.000000;0.000000;0.000000;-nan;         9s 189ms 656μs 985ns;            294ms 875μs  74ns
cf1b3;77;0;53;80;7;22;24.000000;0.000000;0.000000;1148.000000;1148.000000;100.000000;0.000000;0.000000;-nan;         9s 663ms 304μs 505ns;            361ms 349μs 976ns
cf142;88;0;61;89;9;26;35.000000;0.000000;0.000000;1151.000000;1151.000000;100.788091;0.000000;0.000000;-nan;        15s 297ms 621μs 172ns;            799ms 845μs 516ns
cf145;141;0;73;144;16;25;82.000000;0.000000;0.000000;1147.000000;1147.000000;100.262238;0.000000;0.000000;-nan;        32s 533ms 937μs 114ns;         2s 483ms 421μs 302ns
cf14c;100;0;31;77;7;29;32.000000;0.000000;0.000000;1150.000000;1150.000000;100.000000;0.000000;0.000000;-nan;        11s 395ms 219μs 634ns;            490ms 459μs 281ns
cf156;272;0;150;192;15;47;89.000000;0.000000;0.000000;1148.000000;1148.000000;100.087184;0.000000;0.000000;-nan;        32s 751ms 612μs 750ns;         8s 862ms 742μs 260ns
cf168;177;0;89;196;10;60;97.000000;0.000000;0.000000;1151.000000;1151.000000;100.436300;0.000000;0.000000;-nan;        25s 110ms 390μs 723ns;         1s 745ms 704μs 921ns
cf17a;122;0;55;115;9;27;33.000000;0.000000;0.000000;1145.000000;1145.000000;99.651871;0.000000;0.000000;-nan;        17s 252ms 160μs 679ns;            642ms 725μs  14ns
24cc4f;94;0;120;134;7;45;46.000000;0.000000;0.000000;2216.000000;2216.000000;100.000000;0.000000;0.000000;-nan;        21s 620ms 144μs 323ns;            405ms  13μs 815ns
24cc5c;92;0;119;137;7;45;46.000000;0.000000;0.000000;2225.000000;2225.000000;100.000000;0.000000;0.000000;-nan;        21s 856ms 286μs 727ns;            208ms 635μs  67ns
24cc6f;74;0;112;100;7;45;47.000000;0.000000;0.000000;2220.000000;2220.000000;99.954975;0.000000;0.000000;-nan;        22s  89ms 854μs 308ns;            597ms 187μs  85ns
24cc0b;92;8;117;131;7;45;46.000000;0.000000;0.000000;2219.000000;2219.000000;100.000000;0.000000;0.000000;-nan;        18s 341ms   8μs   4ns;            204ms 976μs 643ns
24cc21;98;0;116;140;7;46;47.000000;0.000000;0.000000;2218.000000;2218.000000;100.000000;0.000000;0.000000;-nan;        21s 228ms 982μs 458ns;            731ms  22μs 707ns
24cc3b;92;0;117;139;7;45;46.000000;0.000000;0.000000;2217.000000;2217.000000;100.000000;0.000000;0.000000;-nan;        21s 466ms 416μs 850ns;            208ms  86μs 177ns
24cbce;94;2;114;138;7;45;46.000000;0.000000;0.000000;2215.000000;2215.000000;100.000000;0.000000;0.000000;-nan;        15s 860ms 972μs 152ns;            474ms 601μs  11ns
24cbd3;96;0;125;133;7;46;47.000000;0.000000;0.000000;2222.000000;2222.000000;100.000000;0.000000;0.000000;-nan;        19s 995ms 552μs 457ns;         1s 233ms 802μs 579ns
24cbe8;92;0;121;135;7;45;46.000000;0.000000;0.000000;2223.000000;2223.000000;100.000000;0.000000;0.000000;-nan;        20s 234ms 494μs 102ns;            475ms 679μs 352ns
24cbfb;128;0;136;178;8;45;47.000000;0.000000;0.000000;2221.000000;2221.000000;100.045045;0.000000;0.000000;-nan;        22s 291ms  93μs 214ns;            971ms 624μs   5ns
cbe05;57;0;47;64;6;22;23.000000;0.000000;0.000000;1143.000000;1143.000000;100.000000;0.000000;0.000000;-nan;         7s 389ms 129μs 399ns;            345ms 571μs 713ns
cbe12;111;0;61;100;10;26;41.000000;0.000000;0.000000;1148.000000;1148.000000;100.000000;0.000000;0.000000;-nan;        24s 845ms 226μs 450ns;            931ms 565μs 126ns
cbe1a;49;0;18;113;6;25;26.000000;0.000000;0.000000;1151.000000;1151.000000;100.000000;0.000000;0.000000;-nan;        11s 508ms 633μs  93ns;             94ms 906μs 810ns
cbdc4;309;0;126;277;13;59;90.000000;0.000000;0.000000;1150.000000;1150.000000;100.261552;0.000000;0.000000;-nan;        36s  99ms 979μs 371ns;        28s 410ms 781μs 489ns
cbdd1;518;0;231;351;34;25;131.000000;0.000000;0.000000;1149.000000;1149.000000;99.913043;0.000000;0.000000;-nan;        50s 955ms  79μs 234ns;        44s 701ms 841μs 278ns
cbdde;83;0;38;77;8;25;32.000000;0.000000;0.000000;1148.000000;1148.000000;99.912968;0.000000;0.000000;-nan;        12s 268ms 468μs 873ns;            729ms 411μs 197ns
cbde6;144;0;75;149;14;26;72.000000;0.000000;0.000000;1148.000000;1148.000000;100.262009;0.000000;0.000000;-nan;        34s 967ms 297μs 723ns;         2s  29ms 438μs 982ns
cbdf4;43;0;23;102;6;22;23.000000;0.000000;0.000000;1146.000000;1146.000000;100.000000;0.000000;0.000000;-nan;         8s 686ms 391μs 260ns;            122ms 672μs 986ns
cbdb1;192;0;149;155;16;34;68.000000;0.000000;0.000000;1405.000000;1405.000000;100.000000;0.000000;0.000000;-nan;        38s 290ms  42μs 606ns;                        -12632169681728905ns
cbdb7;102;0;43;113;10;24;40.000000;0.000000;0.000000;1146.000000;1146.000000;100.174825;0.000000;0.000000;-nan;        23s 139ms 810μs 350ns;         1s 229ms 746μs 254ns
249f89;90;8;110;140;7;45;46.000000;0.000000;0.000000;2225.000000;2225.000000;100.000000;0.000000;0.000000;-nan;        20s 590ms 224μs 161ns;            273ms 714μs 309ns
249f51;91;0;118;139;7;45;46.000000;0.000000;0.000000;2224.000000;2224.000000;100.000000;0.000000;0.000000;-nan;        21s  43ms 887μs 749ns;            384ms 367μs 219ns
249f61;94;0;118;142;7;46;47.000000;0.000000;0.000000;2216.000000;2216.000000;100.000000;0.000000;0.000000;-nan;        21s 544ms 931μs 621ns;            435ms 481μs 806ns
249f73;92;8;108;140;7;45;46.000000;0.000000;0.000000;2218.000000;2218.000000;100.000000;0.000000;0.000000;-nan;        19s 860ms 682μs 258ns;            192ms   7μs 566ns
249f06;127;8;135;172;8;45;47.000000;0.000000;0.000000;2221.000000;2221.000000;100.000000;0.000000;0.000000;-nan;        21s 315ms 784μs  91ns;            584ms 777μs 668ns
249f10;92;0;114;142;7;45;46.000000;0.000000;0.000000;2222.000000;2222.000000;100.000000;0.000000;0.000000;-nan;        20s 789ms 798μs 818ns;            202ms 985μs 120ns
249f22;94;3;112;139;7;45;46.000000;0.000000;0.000000;2217.000000;2217.000000;100.000000;0.000000;0.000000;-nan;        19s 675ms 994μs 753ns;            335ms 574μs 777ns
249f35;90;0;121;137;7;45;46.000000;0.000000;0.000000;2219.000000;2219.000000;100.000000;0.000000;0.000000;-nan;        21s 733ms 494μs 500ns;            203ms 933μs 318ns
249ef3;92;0;123;133;7;45;46.000000;0.000000;0.000000;2223.000000;2223.000000;100.000000;0.000000;0.000000;-nan;        20s  96ms 495μs 231ns;            197ms 171μs 370ns
249ef6;69;0;89;94;6;48;48.000000;48.000000;100.000000;2220.000000;2220.000000;100.000000;0.000000;0.000000;-nan;        20s 334ms 498μs 437ns;                          0ns
c88c5;157;0;30;127;9;24;28.000000;0.000000;0.000000;1142.000000;1142.000000;99.650960;0.000000;0.000000;-nan;        25s 372ms 955μs 112ns;         1s 662ms 113μs 308ns
c88d3;101;0;56;103;8;22;25.000000;0.000000;0.000000;1148.000000;1148.000000;100.000000;0.000000;0.000000;-nan;        14s 736ms 550μs 904ns;            372ms 460μs  19ns
c888b;179;0;95;168;13;26;38.000000;0.000000;0.000000;1147.000000;1147.000000;99.825936;0.000000;0.000000;-nan;        41s 151ms 460μs 663ns;         2s 955ms 412μs 365ns
c8899;45;0;27;96;6;23;24.000000;0.000000;0.000000;1151.000000;1151.000000;100.000000;0.000000;0.000000;-nan;         9s  52ms 726μs 983ns;            145ms 611μs 879ns
c88a4;185;0;83;156;11;34;43.000000;0.000000;0.000000;1230.000000;1230.000000;105.128205;0.000000;0.000000;-nan;        40s 166ms  74μs  72ns;                        -4857818063843377ns
c88b6;294;0;119;229;19;32;95.000000;0.000000;0.000000;1149.000000;1149.000000;100.174368;0.000000;0.000000;-nan;        46s  96ms 192μs 934ns;        11s  98ms 661μs 538ns
c885e;266;0;102;280;12;64;128.000000;0.000000;0.000000;1230.000000;1230.000000;100.000000;0.000000;0.000000;-nan;        40s 295ms 251μs 163ns;                        -3886206861427504ns
c8864;153;0;102;139;10;52;70.000000;0.000000;0.000000;1405.000000;1405.000000;118.265993;0.000000;0.000000;-nan;        24s 940ms 773μs  50ns;                        -3886210661922520ns
c8871;155;0;94;171;11;33;52.000000;0.000000;0.000000;1405.000000;1405.000000;100.000000;0.000000;0.000000;-nan;        35s 973ms 621μs 770ns;                        -16516549776976918ns
c887f;180;0;93;167;13;39;72.000000;0.000000;0.000000;1150.000000;1150.000000;100.000000;0.000000;0.000000;-nan;        42s 193ms 845μs 486ns;         2s 530ms 599μs  10ns
3c83ce;123;0;83;118;6;63;0.000000;0.000000;-nan;814.000000;814.000000;100.000000;0.000000;0.000000;-nan;        19s 743ms 440μs 882ns;                          0ns
3c83d7;174;0;101;153;10;58;0.000000;0.000000;-nan;783.000000;783.000000;111.221591;0.000000;0.000000;-nan;     1m 12s 831ms 840μs 538ns;                        -4992701809418620ns
3c83e2;121;0;283;236;7;124;124.000000;124.000000;100.000000;790.000000;790.000000;100.000000;0.000000;0.000000;-nan;        47s 327ms 920μs 675ns;                          0ns
3c83f5;146;0;93;109;17;24;160.000000;0.000000;0.000000;1007.000000;1007.000000;128.607918;0.000000;0.000000;-nan;     2m 11s 543ms 119μs 578ns;                        -15977084423206353ns
3c83fe;66;0;140;110;9;58;0.000000;0.000000;-nan;1022.000000;1022.000000;101.489573;0.000000;0.000000;-nan;        59s 704ms   7μs 621ns;                        -1997032080330620ns
3c839d;715;0;320;439;23;72;168.000000;0.000000;0.000000;1150.000000;1150.000000;112.524462;0.000000;0.000000;-nan;     2m 47s 431ms  20μs 188ns;        44s 546ms 957μs 736ns
3c83a2;359;0;137;304;12;80;117.000000;0.000000;0.000000;1149.000000;1149.000000;102.042629;0.000000;0.000000;-nan;     1m 45s 813ms 222μs 393ns;         6s 145ms  86μs 911ns
3c83a8;601;0;94;437;13;120;163.000000;0.000000;0.000000;1007.000000;1007.000000;103.600823;0.000000;0.000000;-nan;     2m 10s 158ms 892μs 695ns;                        -8986897941553347ns
3c83b5;326;0;47;211;8;105;0.000000;0.000000;-nan;783.000000;783.000000;110.437236;0.000000;0.000000;-nan;        56s 927ms 180μs 835ns;                        -2995564090784894ns
3c83bf;593;0;340;405;26;57;163.000000;0.000000;0.000000;1149.000000;1149.000000;100.261780;0.000000;0.000000;-nan;     2m 48s 796ms 544μs 522ns;        54s  69ms 595μs 866ns
247041;103;0;115;126;7;47;48.000000;0.000000;0.000000;2241.000000;2241.000000;100.000000;0.000000;0.000000;-nan;        24s 104ms 916μs 913ns;            476ms  43μs  66ns
24700b;92;0;117;139;7;45;46.000000;0.000000;0.000000;2218.000000;2218.000000;100.000000;0.000000;0.000000;-nan;        22s 293ms 953μs 803ns;            254ms 923μs 459ns
247020;163;0;148;211;9;45;48.000000;0.000000;0.000000;2224.000000;2224.000000;100.225327;0.000000;0.000000;-nan;        25s 395ms 631μs 718ns;         3s 111ms 361μs 336ns
246fc7;94;0;120;134;7;45;46.000000;0.000000;0.000000;2221.000000;2221.000000;100.000000;0.000000;0.000000;-nan;        20s 238ms 496μs 238ns;            276ms 630μs 454ns
246fd3;128;8;133;173;8;45;47.000000;0.000000;0.000000;2221.000000;2221.000000;100.045045;0.000000;0.000000;-nan;        21s 306ms 931μs 903ns;         1s  76ms 866μs 985ns
246fec;91;0;122;135;7;45;46.000000;0.000000;0.000000;2224.000000;2224.000000;100.000000;0.000000;0.000000;-nan;        18s 716ms 939μs 621ns;            193ms 152μs 582ns
246f94;138;0;132;172;8;47;49.000000;0.000000;0.000000;2243.000000;2243.000000;100.133929;0.000000;0.000000;-nan;        24s 369ms  56μs 120ns;         1s 367ms 976μs 603ns
246f98;94;0;121;133;7;45;46.000000;0.000000;0.000000;2225.000000;2225.000000;100.000000;0.000000;0.000000;-nan;        19s 749ms 672μs 947ns;            204ms 706μs 822ns
246fa2;93;3;115;136;7;45;46.000000;0.000000;0.000000;2223.000000;2223.000000;100.000000;0.000000;0.000000;-nan;        15s 370ms 893μs 452ns;            254ms 114μs 703ns
246fb0;94;0;114;140;7;45;46.000000;0.000000;0.000000;2222.000000;2222.000000;100.000000;0.000000;0.000000;-nan;        20s  21ms 347μs 827ns;            325ms 305μs 409ns
c5956;68;0;48;92;6;29;30.000000;0.000000;0.000000;1147.000000;1147.000000;100.000000;0.000000;0.000000;-nan;        16s 196ms 900μs 128ns;            226ms 388μs 450ns
c5967;232;0;90;216;13;29;39.000000;0.000000;0.000000;1151.000000;1151.000000;100.086957;0.000000;0.000000;-nan;        35s 568ms 273μs 343ns;         3s 493ms 371μs 720ns
c5907;231;0;159;192;10;72;86.000000;0.000000;0.000000;1219.000000;1219.000000;103.305085;0.000000;0.000000;-nan;        33s 587ms  40μs 939ns;                        -971410722035210ns
c5913;148;0;88;124;9;36;41.000000;0.000000;0.000000;1230.000000;1230.000000;101.485149;0.000000;0.000000;-nan;        29s 615ms 642μs 717ns;                        -2914294132624758ns
c5921;117;0;71;114;10;26;33.000000;0.000000;0.000000;1148.000000;1148.000000;99.912968;0.000000;0.000000;-nan;        29s 581ms 234μs 973ns;         1s 119ms 130μs 159ns
c592b;45;0;27;96;6;22;23.000000;0.000000;0.000000;1146.000000;1146.000000;100.000000;0.000000;0.000000;-nan;        16s 605ms 742μs 685ns;            195ms 844μs 243ns
c5935;166;0;85;165;7;58;59.000000;0.000000;0.000000;1151.000000;1151.000000;100.000000;0.000000;0.000000;-nan;        25s 936ms 565μs  56ns;         1s 921ms 996μs 115ns
c593f;105;0;46;109;8;22;25.000000;0.000000;0.000000;1144.000000;1144.000000;99.651568;0.000000;0.000000;-nan;        25s 759ms 836μs 383ns;            604ms 555μs 302ns
c58f7;84;0;40;96;6;38;0.000000;0.000000;-nan;1769.000000;1769.000000;100.000000;0.000000;0.000000;-nan;        18s 316ms  54μs 642ns;                          0ns
c58fb;124;0;105;135;7;50;51.000000;0.000000;0.000000;1863.000000;1863.000000;100.053706;0.000000;0.000000;-nan;        18s 331ms 618μs 153ns;            483ms  65μs  12ns
244043;92;0;121;135;7;45;46.000000;0.000000;0.000000;2224.000000;2224.000000;100.000000;0.000000;0.000000;-nan;        24s 437ms 224μs 240ns;            205ms 140μs 478ns
24400b;94;0;120;134;7;45;46.000000;0.000000;0.000000;2221.000000;2221.000000;100.000000;0.000000;0.000000;-nan;        23s 252ms 569μs 384ns;            205ms 261μs 838ns
244018;128;0;140;174;8;45;47.000000;0.000000;0.000000;2216.000000;2216.000000;100.000000;0.000000;0.000000;-nan;        24s 656ms 192μs 563ns;            646ms 381μs 497ns
244027;92;0;119;137;7;45;46.000000;0.000000;0.000000;2223.000000;2223.000000;100.000000;0.000000;0.000000;-nan;        22s 950ms 461μs 520ns;            259ms 610μs 106ns
244031;111;67;107;157;8;45;47.000000;0.000000;0.000000;2225.000000;2225.000000;100.000000;0.000000;0.000000;-nan;        13s 974ms 364μs  24ns;            876ms  98μs 404ns
243fcb;92;0;115;141;7;45;46.000000;0.000000;0.000000;2218.000000;2218.000000;100.000000;0.000000;0.000000;-nan;        24s 181ms 870μs 196ns;            227ms 644μs 260ns
243fcf;129;0;140;173;8;45;47.000000;0.000000;0.000000;2222.000000;2222.000000;100.000000;0.000000;0.000000;-nan;        25s 153ms 656μs 317ns;         1s 229ms 116μs 293ns
243fdc;127;0;140;175;8;45;47.000000;0.000000;0.000000;2220.000000;2220.000000;100.000000;0.000000;0.000000;-nan;        25s 359ms 254μs 137ns;            812ms 953μs 416ns
243fe9;95;0;119;134;7;45;46.000000;0.000000;0.000000;2217.000000;2217.000000;100.000000;0.000000;0.000000;-nan;        21s 269ms 474μs 920ns;            272ms 253μs 419ns
243ff6;123;0;144;175;8;45;47.000000;0.000000;0.000000;2223.000000;2223.000000;100.180261;0.000000;0.000000;-nan;        24s 921ms 222μs 658ns;         1s 107ms 256μs 679ns
c2180;118;0;51;105;9;30;43.000000;0.000000;0.000000;1146.000000;1146.000000;99.825784;0.000000;0.000000;-nan;        37s 836ms 399μs  89ns;            462ms 421μs 458ns
c218c;177;0;78;159;17;25;69.000000;0.000000;0.000000;1149.000000;1149.000000;100.000000;0.000000;0.000000;-nan;     1m  1s 890ms 938μs 992ns;         4s 934ms 837μs 225ns
c2199;110;0;52;102;9;27;34.000000;0.000000;0.000000;1150.000000;1150.000000;100.261552;0.000000;0.000000;-nan;        37s 947ms  28μs 935ns;            800ms 113μs 204ns
c2148;291;0;149;214;17;41;84.000000;0.000000;0.000000;1151.000000;1151.000000;99.913194;0.000000;0.000000;-nan;     1m  1s 524ms 256μs 446ns;        11s 599ms 630μs 734ns
c2156;112;0;77;119;9;37;88.000000;0.000000;0.000000;1769.000000;1769.000000;125.907473;0.000000;0.000000;-nan;        37s 635ms 850μs  79ns;                        -2913738818936709ns
c2162;74;0;44;76;6;27;28.000000;0.000000;0.000000;1224.000000;1224.000000;100.000000;0.000000;0.000000;-nan;        14s 653ms 832μs 937ns;            102ms 803μs 193ns
c216f;157;0;61;174;11;28;36.000000;0.000000;0.000000;1147.000000;1147.000000;99.652476;0.000000;0.000000;-nan;        46s 973ms  76μs 235ns;            873ms 417μs 397ns
c2178;365;0;190;255;14;64;93.000000;0.000000;0.000000;1150.000000;1150.000000;100.349040;0.000000;0.000000;-nan;        57s 998ms 223μs 587ns;        12s 248ms 530μs 958ns
c2138;77;0;43;80;6;28;29.000000;0.000000;0.000000;1150.000000;1150.000000;100.000000;0.000000;0.000000;-nan;        14s 584ms 528μs 197ns;            245ms 134μs 993ns
c213f;412;0;189;309;11;86;93.000000;0.000000;0.000000;1230.000000;1230.000000;100.000000;0.000000;0.000000;-nan;        47s 151ms 883μs 188ns;                        -14568769749699800ns
24134c;93;0;122;133;7;45;46.000000;0.000000;0.000000;2220.000000;2220.000000;100.000000;0.000000;0.000000;-nan;        21s 534ms 718μs 580ns;            200ms 177μs  67ns
241309;128;0;135;179;8;45;47.000000;0.000000;0.000000;2221.000000;2221.000000;100.000000;0.000000;0.000000;-nan;        22s  61ms 394μs 353ns;         1s 737ms 898μs 135ns
241316;65;3;91;101;6;46;46.000000;46.000000;100.000000;2216.000000;2216.000000;100.000000;0.000000;0.000000;-nan;        12s  15ms 772μs 749ns;                          0ns
241321;93;0;122;133;7;45;46.000000;0.000000;0.000000;2215.000000;2215.000000;100.000000;0.000000;0.000000;-nan;        21s 120ms 570μs 442ns;            416ms 893μs 172ns
241338;90;0;118;140;7;45;46.000000;0.000000;0.000000;2223.000000;2223.000000;100.000000;0.000000;0.000000;-nan;        21s 268ms 274μs  77ns;            205ms 699μs 175ns
2412c6;91;0;112;145;7;45;46.000000;0.000000;0.000000;2219.000000;2219.000000;100.000000;0.000000;0.000000;-nan;        20s 625ms 754μs 302ns;            403ms  45μs  15ns
2412cb;92;0;115;141;7;45;46.000000;0.000000;0.000000;2218.000000;2218.000000;100.000000;0.000000;0.000000;-nan;        20s 880ms 121μs 966ns;            238ms 578μs 316ns
2412d7;94;0;119;135;7;45;46.000000;0.000000;0.000000;2217.000000;2217.000000;100.000000;0.000000;0.000000;-nan;        20s 417ms 382μs 650ns;            337ms 840μs 164ns
2412ea;95;0;121;132;7;45;46.000000;0.000000;0.000000;2222.000000;2222.000000;100.000000;0.000000;0.000000;-nan;        18s 718ms 233μs 529ns;            422ms 205μs 535ns
2412f9;108;0;108;140;7;49;50.000000;0.000000;0.000000;2214.000000;2214.000000;100.000000;0.000000;0.000000;-nan;        21s 800ms 152μs 358ns;            214ms 169μs 368ns
bf043;78;0;51;81;7;22;24.000000;0.000000;0.000000;1148.000000;1148.000000;100.000000;0.000000;0.000000;-nan;        11s 306ms  21μs 791ns;            525ms 370μs 450ns
bf04e;133;0;32;121;9;25;31.000000;0.000000;0.000000;1148.000000;1148.000000;100.437445;0.000000;0.000000;-nan;        23s 795ms 502μs 184ns;         1s  35ms 960μs 641ns
bf055;41;0;25;102;6;23;24.000000;0.000000;0.000000;1146.000000;1146.000000;100.000000;0.000000;0.000000;-nan;        10s 804ms 512μs 676ns;            186ms 290μs 671ns
bf00f;124;0;88;118;8;43;50.000000;0.000000;0.000000;1150.000000;1150.000000;100.261552;0.000000;0.000000;-nan;        18s 295ms 628μs 216ns;            928ms 501μs 764ns
bf01b;332;0;69;335;11;46;51.000000;0.000000;0.000000;1151.000000;1151.000000;100.000000;0.000000;0.000000;-nan;        28s 722ms 447μs 329ns;         8s 726ms 879μs 434ns
bf026;87;0;36;103;7;24;26.000000;0.000000;0.000000;1149.000000;1149.000000;100.000000;0.000000;0.000000;-nan;        18s 166ms 891μs 796ns;         1s   1ms 899μs 181ns
bf031;45;0;25;98;6;22;23.000000;0.000000;0.000000;1144.000000;1144.000000;100.000000;0.000000;0.000000;-nan;        11s 584ms 355μs 583ns;            219ms 105μs 971ns
bf03d;341;0;65;252;20;26;106.000000;0.000000;0.000000;1148.000000;1148.000000;100.262009;0.000000;0.000000;-nan;        36s  76ms 299μs 945ns;         7s 700ms 449μs 259ns
beff7;146;0;65;65;18;24;141.000000;0.000000;0.000000;1148.000000;1148.000000;99.826087;0.000000;0.000000;-nan;        34s 852ms 400μs 496ns;         6s 347ms 918μs 106ns
beffe;189;0;111;146;13;29;42.000000;0.000000;0.000000;1140.000000;1140.000000;99.824869;0.000000;0.000000;-nan;        30s 386ms 477μs 919ns;         5s  37ms   9μs 104ns
23e3ca;96;0;115;137;7;45;46.000000;0.000000;0.000000;2220.000000;2220.000000;100.180505;0.000000;0.000000;-nan;        23s 620ms 694μs 921ns;            530ms 679μs 718ns
23e3e7;94;0;116;138;7;45;46.000000;0.000000;0.000000;2217.000000;2217.000000;100.000000;0.000000;0.000000;-nan;        23s 841ms 179μs 941ns;            207ms 660μs 746ns
23e381;128;0;140;174;8;45;47.000000;0.000000;0.000000;2218.000000;2218.000000;100.000000;0.000000;0.000000;-nan;        24s  59ms 947μs 633ns;         1s 217ms 746μs  84ns
23e391;89;8;107;144;7;45;46.000000;0.000000;0.000000;2223.000000;2223.000000;100.000000;0.000000;0.000000;-nan;        18s 357ms 415μs 898ns;            208ms 941μs 615ns
23e3a5;123;0;148;171;8;45;47.000000;0.000000;0.000000;2224.000000;2224.000000;100.000000;0.000000;0.000000;-nan;        24s 876ms  46μs 486ns;         1s 468ms 957μs 778ns
23e3b4;92;0;117;139;7;45;46.000000;0.000000;0.000000;2221.000000;2221.000000;100.000000;0.000000;0.000000;-nan;        20s 186ms 730μs 924ns;            201ms 748μs 278ns
23e351;99;0;115;140;7;46;47.000000;0.000000;0.000000;2222.000000;2222.000000;100.000000;0.000000;0.000000;-nan;        22s 715ms 258μs 956ns;            711ms 931μs 449ns
23e356;93;0;121;134;7;45;46.000000;0.000000;0.000000;2219.000000;2219.000000;100.000000;0.000000;0.000000;-nan;        22s 534ms 876μs 856ns;            203ms 249μs  18ns
23e362;126;0;141;175;8;45;47.000000;0.000000;0.000000;2225.000000;2225.000000;100.000000;0.000000;0.000000;-nan;        24s 625ms  92μs 927ns;         1s 110ms 806μs 200ns
23e372;128;0;137;177;8;45;47.000000;0.000000;0.000000;2220.000000;2220.000000;100.000000;0.000000;0.000000;-nan;        24s 344ms 131μs 421ns;         1s  17ms 281μs 473ns
bbe44;294;0;160;224;20;32;81.000000;0.000000;0.000000;1148.000000;1148.000000;99.912968;0.000000;0.000000;-nan;        48s  83ms 444μs 672ns;         9s 945ms 532μs 297ns
bbe4d;317;0;179;262;11;90;109.000000;0.000000;0.000000;1150.000000;1150.000000;100.349040;0.000000;0.000000;-nan;        40s 572ms 854μs 387ns;        14s 378ms 239μs 336ns
bbe08;94;0;52;86;9;25;34.000000;0.000000;0.000000;1143.000000;1143.000000;100.087566;0.000000;0.000000;-nan;        19s 282ms 876μs 789ns;            630ms 353μs 793ns
bbe15;190;0;95;143;11;35;44.000000;0.000000;0.000000;1148.000000;1148.000000;100.613497;0.000000;0.000000;-nan;        32s 757ms 936μs 127ns;         6s 675ms 574μs 635ns
bbe21;60;0;45;63;6;22;23.000000;0.000000;0.000000;1144.000000;1144.000000;100.000000;0.000000;0.000000;-nan;        12s 375ms 691μs 499ns;            222ms  83μs 588ns
bbe29;58;0;46;64;6;22;23.000000;0.000000;0.000000;1143.000000;1143.000000;100.000000;0.000000;0.000000;-nan;        10s 293ms 705μs 867ns;            192ms 572μs 421ns
bbe30;56;0;32;92;6;25;26.000000;0.000000;0.000000;1148.000000;1148.000000;100.000000;0.000000;0.000000;-nan;        14s 126ms 789μs 816ns;            104ms 196μs 415ns
bbe3c;61;0;44;63;6;22;23.000000;0.000000;0.000000;1145.000000;1145.000000;100.000000;0.000000;0.000000;-nan;        13s 648ms 260μs 201ns;            348ms 377μs 883ns
bbdf6;180;0;102;160;14;26;41.000000;0.000000;0.000000;1151.000000;1151.000000;100.086957;0.000000;0.000000;-nan;        42s 838ms  49μs  12ns;         4s  53ms 199μs  19ns
bbdfd;207;0;129;140;14;48;105.000000;0.000000;0.000000;1150.000000;1150.000000;100.261552;0.000000;0.000000;-nan;        45s 108ms 652μs 968ns;         7s 358ms 846μs 130ns
23b503;162;0;152;208;9;45;48.000000;0.000000;0.000000;2220.000000;2220.000000;100.180505;0.000000;0.000000;-nan;        23s 714ms 423μs 601ns;         2s 668ms 514μs 150ns
23b50e;161;0;151;210;9;45;48.000000;0.000000;0.000000;2224.000000;2224.000000;100.270514;0.000000;0.000000;-nan;        23s 915ms 713μs  11ns;         3s 415ms 300μs 821ns
23b51a;87;20;113;128;7;45;46.000000;0.000000;0.000000;2219.000000;2219.000000;100.000000;0.000000;0.000000;-nan;        10s 633ms 656μs 732ns;            341ms 608μs 820ns
23b4c4;92;0;116;146;7;46;47.000000;0.000000;0.000000;2225.000000;2225.000000;100.000000;0.000000;0.000000;-nan;        19s 931ms 827μs 101ns;            966ms 111μs 797ns
23b4d7;98;0;115;141;7;46;47.000000;0.000000;0.000000;2221.000000;2221.000000;100.000000;0.000000;0.000000;-nan;        18s 133ms 441μs 201ns;            542ms 403μs 696ns
23b4e7;95;0;117;136;7;45;46.000000;0.000000;0.000000;2220.000000;2220.000000;100.000000;0.000000;0.000000;-nan;        17s 628ms 165μs 168ns;            243ms 324μs 367ns
23b4f6;75;0;111;100;7;45;47.000000;0.000000;0.000000;2219.000000;2219.000000;100.090212;0.000000;0.000000;-nan;        20s 580ms  73μs 762ns;            209ms 263μs  59ns
23b4a7;94;0;117;137;7;45;46.000000;0.000000;0.000000;2223.000000;2223.000000;100.000000;0.000000;0.000000;-nan;        17s 878ms 497μs 273ns;            201ms 337μs 261ns
23b4ab;73;0;112;101;7;45;47.000000;0.000000;0.000000;2215.000000;2215.000000;100.000000;0.000000;0.000000;-nan;        20s  77ms 887μs 239ns;            241ms 326μs 317ns
23b4b8;95;0;119;134;7;45;46.000000;0.000000;0.000000;2222.000000;2222.000000;100.000000;0.000000;0.000000;-nan;        20s 321ms 726μs 265ns;            197ms 643μs 253ns
b8706;38;0;25;105;6;22;23.000000;0.000000;0.000000;1148.000000;1148.000000;100.000000;0.000000;0.000000;-nan;        10s  80ms 711μs 307ns;             92ms 968μs 804ns
b86c3;413;0;246;319;16;62;110.000000;0.000000;0.000000;1150.000000;1150.000000;99.826389;0.000000;0.000000;-nan;        52s 405ms   5μs 693ns;        11s 542ms 215μs 507ns
b86cd;347;0;92;309;15;31;51.000000;0.000000;0.000000;1150.000000;1150.000000;99.913119;0.000000;0.000000;-nan;        51s 272ms 207μs 203ns;         4s 809ms  95μs 795ns
b86d9;259;0;97;250;9;53;56.000000;0.000000;0.000000;1150.000000;1150.000000;100.000000;0.000000;0.000000;-nan;        36s 824ms  93μs 548ns;         3s 229ms 381μs  14ns
b86e6;117;0;32;93;7;29;31.000000;0.000000;0.000000;1279.000000;1279.000000;102.075020;0.000000;0.000000;-nan;        20s 122ms 746μs 545ns;                        -3883284400488438ns
b86ed;122;0;50;122;11;25;38.000000;0.000000;0.000000;1149.000000;1149.000000;100.174368;0.000000;0.000000;-nan;        42s  28ms 701μs 630ns;         1s 512ms 954μs 126ns
b86f9;110;0;42;78;8;26;31.000000;0.000000;0.000000;1146.000000;1146.000000;99.738903;0.000000;0.000000;-nan;        27s 675ms 761μs 668ns;            918ms 994μs 922ns
2386c9;127;0;142;173;8;45;47.000000;0.000000;0.000000;2219.000000;2219.000000;100.000000;0.000000;0.000000;-nan;        24s 117ms 830μs 181ns;            803ms 645μs 310ns
b86ab;131;0;89;146;9;38;61.000000;0.000000;0.000000;1827.000000;1827.000000;117.115385;0.000000;0.000000;-nan;        34s   3ms 897μs 250ns;                        -970831313284613ns
b86af;109;0;70;99;8;35;39.000000;0.000000;0.000000;1230.000000;1230.000000;101.485149;0.000000;0.000000;-nan;        27s 789ms 729μs 774ns;                        -3883269932570813ns
b86ba;193;0;152;157;13;51;110.000000;0.000000;0.000000;1899.000000;1899.000000;100.000000;0.000000;0.000000;-nan;        48s 347ms 674μs 366ns;                        -6795841274741625ns
238693;125;0;140;177;8;45;47.000000;0.000000;0.000000;2223.000000;2223.000000;100.000000;0.000000;0.000000;-nan;        23s 937ms 965μs 958ns;            886ms 130μs 649ns
2386ab;95;0;116;137;7;45;46.000000;0.000000;0.000000;2224.000000;2224.000000;100.000000;0.000000;0.000000;-nan;        22s 227ms  87μs 857ns;            247ms 648μs 930ns
2386ba;92;0;115;141;7;45;46.000000;0.000000;0.000000;2221.000000;2221.000000;100.000000;0.000000;0.000000;-nan;        22s 801ms 829μs 422ns;            262ms 476μs 511ns
238645;102;0;108;134;7;47;48.000000;0.000000;0.000000;2231.000000;2231.000000;100.000000;0.000000;0.000000;-nan;        22s 525ms 377μs 518ns;            300ms 171μs 542ns
23865e;76;0;109;101;7;45;47.000000;0.000000;0.000000;2220.000000;2220.000000;100.000000;0.000000;0.000000;-nan;        20s 524ms 407μs 935ns;            211ms 230μs 550ns
23866c;95;0;117;136;7;45;46.000000;0.000000;0.000000;2222.000000;2222.000000;100.000000;0.000000;0.000000;-nan;        20s 276ms 835μs 917ns;            203ms 991μs 930ns
23867e;126;0;138;178;8;45;47.000000;0.000000;0.000000;2220.000000;2220.000000;100.135318;0.000000;0.000000;-nan;        23s 710ms 112μs 385ns;         1s 928ms 188μs 928ns
238634;92;0;122;134;7;45;46.000000;0.000000;0.000000;2225.000000;2225.000000;100.000000;0.000000;0.000000;-nan;        19s 976ms  65μs 551ns;            209ms 123μs 729ns
238638;96;3;112;137;7;45;46.000000;0.000000;0.000000;2218.000000;2218.000000;100.000000;0.000000;0.000000;-nan;        16s  54ms 452μs 585ns;            506ms 134μs 255ns
b5b11;45;0;25;98;6;22;23.000000;0.000000;0.000000;1144.000000;1144.000000;100.000000;0.000000;0.000000;-nan;        14s 803ms 950μs 950ns;             91ms 808μs 527ns
b5b1e;44;0;22;102;6;22;23.000000;0.000000;0.000000;1146.000000;1146.000000;100.000000;0.000000;0.000000;-nan;        14s 868ms 363μs 140ns;            133ms 795μs 426ns
b5b2d;166;0;53;161;8;33;57.000000;0.000000;0.000000;1148.000000;1148.000000;100.262009;0.000000;0.000000;-nan;        23s 509ms 430μs 966ns;            897ms 640μs 820ns
b5ad0;58;0;38;78;6;24;25.000000;0.000000;0.000000;1149.000000;1149.000000;100.000000;0.000000;0.000000;-nan;        11s 651ms 215μs 850ns;            246ms 510μs 954ns
b5aeb;204;0;81;171;15;33;94.000000;0.000000;0.000000;1148.000000;1148.000000;99.826087;0.000000;0.000000;-nan;        27s 122ms 236μs 676ns;         4s 717ms  19μs 857ns
b5af6;158;0;78;160;8;49;60.000000;0.000000;0.000000;1146.000000;1146.000000;99.912816;0.000000;0.000000;-nan;        23s 320ms 360μs 307ns;         1s 389ms 913μs 745ns
b5a98;109;0;25;100;6;28;30.000000;0.000000;0.000000;1151.000000;1151.000000;100.000000;0.000000;0.000000;-nan;        10s 315ms 548μs 310ns;            845ms 730μs  33ns
b5a9c;139;0;44;143;9;23;27.000000;0.000000;0.000000;1151.000000;1151.000000;100.788091;0.000000;0.000000;-nan;        23s 390ms 200μs 649ns;            941ms 408μs 783ns
b5ab0;102;0;56;102;8;22;25.000000;0.000000;0.000000;1143.000000;1143.000000;100.000000;0.000000;0.000000;-nan;        14s 856ms 829μs 612ns;            548ms  71μs 373ns
b5abd;129;0;59;138;8;44;59.000000;0.000000;0.000000;1145.000000;1145.000000;99.738676;0.000000;0.000000;-nan;        20s 892ms  16μs 711ns;            917ms 314μs 630ns
235843;101;0;111;132;7;47;48.000000;0.000000;0.000000;2222.000000;2222.000000;100.090090;0.000000;0.000000;-nan;        23s 904ms 757μs 188ns;            996ms 522μs 358ns
235859;93;0;117;138;7;45;46.000000;0.000000;0.000000;2223.000000;2223.000000;100.000000;0.000000;0.000000;-nan;        23s 479ms 837μs  25ns;            315ms 420μs 898ns
23580a;94;0;118;142;7;46;47.000000;0.000000;0.000000;2221.000000;2221.000000;100.000000;0.000000;0.000000;-nan;        21s 777ms 102μs 527ns;            719ms  59μs 180ns
235822;94;0;119;134;7;45;46.000000;0.000000;0.000000;2219.000000;2219.000000;100.000000;0.000000;0.000000;-nan;        22s  88ms  43μs 663ns;            201ms 648μs 373ns
235835;91;0;121;136;7;45;46.000000;0.000000;0.000000;2222.000000;2222.000000;100.000000;0.000000;0.000000;-nan;        23s  39ms  93μs 140ns;            200ms 556μs 586ns
2357d5;106;0;119;131;7;49;50.000000;0.000000;0.000000;2242.000000;2242.000000;100.000000;0.000000;0.000000;-nan;        23s 267ms 568μs 890ns;            550ms 588μs 510ns
2357db;93;0;118;137;7;45;46.000000;0.000000;0.000000;2224.000000;2224.000000;100.000000;0.000000;0.000000;-nan;        21s 189ms 603μs  67ns;            204ms 977μs 774ns
2357e3;96;0;114;134;7;47;48.000000;0.000000;0.000000;2228.000000;2228.000000;100.000000;0.000000;0.000000;-nan;        21s 564ms 315μs 780ns;            301ms 815μs 244ns
2357f5;128;0;134;180;8;45;47.000000;0.000000;0.000000;2225.000000;2225.000000;100.000000;0.000000;0.000000;-nan;        23s 752ms 185μs 782ns;         1s 497ms 835μs  17ns
2357ff;125;3;146;168;8;45;47.000000;0.000000;0.000000;2218.000000;2218.000000;100.000000;0.000000;0.000000;-nan;        21s 415ms 821μs 932ns;            702ms 271μs 187ns
b2fc5;63;0;40;65;6;22;23.000000;0.000000;0.000000;1148.000000;1148.000000;100.000000;0.000000;0.000000;-nan;        15s 170ms  51μs 203ns;            461ms 327μs 786ns
b2fd0;45;0;25;98;6;22;23.000000;0.000000;0.000000;1144.000000;1144.000000;100.000000;0.000000;0.000000;-nan;        15s  55ms 801μs 614ns;             90ms  11μs 543ns
b2f82;165;0;85;146;11;31;41.000000;0.000000;0.000000;1147.000000;1147.000000;99.739130;0.000000;0.000000;-nan;        19s 999ms 240μs 103ns;         1s 276ms 438μs 928ns
b2f95;206;0;107;165;18;26;81.000000;0.000000;0.000000;1146.000000;1146.000000;99.912816;0.000000;0.000000;-nan;        24s 200ms 400μs 368ns;         7s 612ms 768μs 952ns
b2f9f;37;0;25;112;6;24;25.000000;0.000000;0.000000;1149.000000;1149.000000;100.000000;0.000000;0.000000;-nan;        11s 524ms 273μs 500ns;            151ms  54μs  23ns
b2fab;197;0;106;167;16;32;83.000000;0.000000;0.000000;1148.000000;1148.000000;100.262009;0.000000;0.000000;-nan;        23s 702ms 964μs 198ns;         6s 911ms 112μs 437ns
b2fb9;64;0;41;63;6;22;23.000000;0.000000;0.000000;1148.000000;1148.000000;100.174520;0.000000;0.000000;-nan;        15s 136ms 597μs 349ns;            338ms 194μs 108ns
b2f61;58;0;43;93;6;27;28.000000;0.000000;0.000000;1236.000000;1236.000000;100.000000;0.000000;0.000000;-nan;         7s 370ms 539μs  48ns;            271ms 772μs 651ns
b2f68;78;0;32;70;7;27;32.000000;0.000000;0.000000;1151.000000;1151.000000;99.653680;0.000000;0.000000;-nan;        12s 620ms 394μs 865ns;            290ms 346μs 645ns
b2f71;170;0;72;194;7;61;62.000000;0.000000;0.000000;1151.000000;1151.000000;100.000000;0.000000;0.000000;-nan;        15s 422ms  62μs 158ns;            412ms 630μs 180ns
232b08;96;0;112;140;7;45;46.000000;0.000000;0.000000;2222.000000;2222.000000;100.000000;0.000000;0.000000;-nan;        21s  51ms 347μs 839ns;            201ms 879μs  49ns
232ac7;93;0;115;140;7;45;46.000000;0.000000;0.000000;2220.000000;2220.000000;100.000000;0.000000;0.000000;-nan;        20s 113ms  70μs 562ns;            312ms  94μs 211ns
232ad2;93;0;122;133;7;45;46.000000;0.000000;0.000000;2217.000000;2217.000000;100.000000;0.000000;0.000000;-nan;        20s 334ms 582μs 328ns;            200ms 744μs 403ns
232ae1;93;8;106;141;7;45;46.000000;0.000000;0.000000;2214.000000;2214.000000;100.000000;0.000000;0.000000;-nan;        17s 350ms 972μs 482ns;            209ms 376μs 359ns
232af0;95;0;114;139;7;45;46.000000;0.000000;0.000000;2218.000000;2218.000000;100.000000;0.000000;0.000000;-nan;        20s 748ms 236μs 127ns;            260ms  45μs 525ns
232a8e;92;0;119;137;7;45;46.000000;0.000000;0.000000;2225.000000;2225.000000;100.000000;0.000000;0.000000;-nan;        19s 848ms  98μs 799ns;            258ms 470μs 255ns
232a92;123;0;149;170;8;45;47.000000;0.000000;0.000000;2223.000000;2223.000000;100.000000;0.000000;0.000000;-nan;        21s 987ms 383μs 410ns;            688ms 975μs 294ns
232a9e;73;0;110;103;7;45;47.000000;0.000000;0.000000;2218.000000;2218.000000;100.135440;0.000000;0.000000;-nan;        20s 530ms 965μs 127ns;            625ms 575μs 432ns
232aab;140;0;129;173;8;47;49.000000;0.000000;0.000000;2216.000000;2216.000000;100.000000;0.000000;0.000000;-nan;        22s 302ms 569μs 837ns;         1s 680ms 355μs 837ns
232abc;63;0;96;101;6;46;46.000000;46.000000;100.000000;2221.000000;2221.000000;100.000000;0.000000;0.000000;-nan;        15s 615ms 416μs 799ns;                          0ns
22f88e;95;0;115;138;7;45;46.000000;0.000000;0.000000;2218.000000;2218.000000;100.000000;0.000000;0.000000;-nan;        20s 892ms 814μs 642ns;            224ms 313μs 762ns
22f89b;90;0;115;143;7;45;46.000000;0.000000;0.000000;2222.000000;2222.000000;100.000000;0.000000;0.000000;-nan;        21s 381ms 880μs 912ns;            202ms  97μs 453ns
22f851;133;0;129;180;8;47;49.000000;0.000000;0.000000;2230.000000;2230.000000;100.000000;0.000000;0.000000;-nan;        25s 723ms 688μs 854ns;         1s 395ms 960μs 945ns
22f861;93;8;107;140;7;45;46.000000;0.000000;0.000000;2219.000000;2219.000000;100.000000;0.000000;0.000000;-nan;        15s 740ms 172μs 501ns;            209ms 280μs 844ns
22f869;229;0;204;261;13;51;65.000000;0.000000;0.000000;2231.000000;2231.000000;100.269663;0.000000;0.000000;-nan;        30s 606ms 829μs 797ns;         4s 790ms 156μs 493ns
22f87b;125;0;140;177;8;45;47.000000;0.000000;0.000000;2223.000000;2223.000000;100.090050;0.000000;0.000000;-nan;        24s 613ms 526μs 229ns;            782ms 804μs 970ns
22f825;162;0;156;204;9;45;48.000000;0.000000;0.000000;2224.000000;2224.000000;100.000000;0.000000;0.000000;-nan;        26s 373ms 429μs 962ns;         2s  21ms 645μs 191ns
22f82a;127;0;137;178;8;45;47.000000;0.000000;0.000000;2219.000000;2219.000000;100.090212;0.000000;0.000000;-nan;        23s 809ms 225μs 419ns;         1s 169ms 102μs 455ns
22f833;65;0;94;100;6;46;46.000000;46.000000;100.000000;2223.000000;2223.000000;100.000000;0.000000;0.000000;-nan;        13s 221ms 563μs 744ns;                          0ns
22f83f;127;0;139;176;8;45;47.000000;0.000000;0.000000;2222.000000;2222.000000;100.090090;0.000000;0.000000;-nan;        24s   9ms  16μs 667ns;            943ms  34μs 844ns
af7c6;337;0;198;305;10;107;122.000000;0.000000;0.000000;1251.000000;1251.000000;103.731343;0.000000;0.000000;-nan;        48s 314ms 537μs   0ns;         1s 942ms 135μs 110ns
af7ce;124;0;80;110;16;26;99.000000;0.000000;0.000000;1148.000000;1148.000000;99.912968;0.000000;0.000000;-nan;        55s 900ms 610μs 325ns;         2s 989ms 264μs 122ns
af7da;179;0;113;128;12;30;41.000000;0.000000;0.000000;1148.000000;1148.000000;100.349650;0.000000;0.000000;-nan;        52s 316ms 789μs 598ns;         3s 625ms 853μs 505ns
af7e4;151;0;68;136;11;33;53.000000;0.000000;0.000000;1146.000000;1146.000000;100.087336;0.000000;0.000000;-nan;        49s 158ms 667μs 905ns;         1s 818ms 459μs 841ns
af7ec;65;0;51;94;7;22;24.000000;0.000000;0.000000;1146.000000;1146.000000;100.000000;0.000000;0.000000;-nan;        13s 824ms 833μs 439ns;            486ms 727μs 773ns
af7f5;132;0;52;110;13;27;64.000000;0.000000;0.000000;1148.000000;1148.000000;100.000000;0.000000;0.000000;-nan;        54s 159ms 142μs 267ns;         1s 900ms 610μs 438ns
af7a0;114;0;62;110;10;25;35.000000;0.000000;0.000000;1148.000000;1148.000000;99.739357;0.000000;0.000000;-nan;        36s 964ms 135μs 592ns;            815ms 428μs 754ns
af7a5;518;0;171;375;24;28;63.000000;0.000000;0.000000;1150.000000;1150.000000;99.826389;0.000000;0.000000;-nan;     1m     563ms 805μs 957ns;        22s 164ms 972μs 394ns
af7b1;196;0;102;166;12;56;113.000000;0.000000;0.000000;1144.000000;1144.000000;99.738448;0.000000;0.000000;-nan;        52s 355ms 421μs 440ns;         3s 450ms 859μs  12ns
af7bb;71;0;43;74;6;26;27.000000;0.000000;0.000000;1150.000000;1150.000000;100.000000;0.000000;0.000000;-nan;        13s 919ms 391μs 151ns;            352ms 364μs 360ns
acf07;58;0;52;58;6;22;23.000000;0.000000;0.000000;1148.000000;1148.000000;100.174520;0.000000;0.000000;-nan;         7s 522ms 265μs 455ns;            276ms 946μs 836ns
acf12;37;0;25;106;6;22;23.000000;0.000000;0.000000;1143.000000;1143.000000;100.000000;0.000000;0.000000;-nan;         7s  37ms 897μs 204ns;             90ms 339μs  76ns
acf19;42;0;24;102;6;22;23.000000;0.000000;0.000000;1144.000000;1144.000000;100.000000;0.000000;0.000000;-nan;        10s 412ms 686μs 611ns;             91ms 268μs 821ns
acf28;40;0;25;103;6;23;24.000000;0.000000;0.000000;1145.000000;1145.000000;100.000000;0.000000;0.000000;-nan;         5s 293ms 678μs 166ns;            142ms 127μs 994ns
acecd;149;0;65;146;11;26;41.000000;0.000000;0.000000;1148.000000;1148.000000;100.525394;0.000000;0.000000;-nan;        17s 455ms 480μs 753ns;            992ms 710μs  53ns
aced1;129;0;72;103;10;33;44.000000;0.000000;0.000000;1146.000000;1146.000000;99.652174;0.000000;0.000000;-nan;        17s 357ms 229μs 716ns;         2s 272ms 833μs 623ns
acede;105;0;57;86;10;26;52.000000;0.000000;0.000000;1146.000000;1146.000000;99.738903;0.000000;0.000000;-nan;        17s 444ms 103μs 397ns;            810ms 285μs 611ns
acee7;51;0;35;82;6;22;23.000000;0.000000;0.000000;1148.000000;1148.000000;100.000000;0.000000;0.000000;-nan;         9s 565ms 960μs 538ns;            347ms 647μs 869ns
acef1;163;0;86;125;16;29;88.000000;0.000000;0.000000;1149.000000;1149.000000;100.174368;0.000000;0.000000;-nan;        19s 716ms 698μs  61ns;         6s 179ms 926μs 237ns
acefc;136;0;115;179;7;60;61.000000;0.000000;0.000000;1151.000000;1151.000000;100.000000;0.000000;0.000000;-nan;        11s 938ms 272μs 240ns;            745ms 590μs 476ns
22c912;91;0;118;139;7;45;46.000000;0.000000;0.000000;2222.000000;2222.000000;100.000000;0.000000;0.000000;-nan;        20s 373ms 484μs 159ns;            202ms 206μs 707ns
22c922;91;0;118;139;7;45;46.000000;0.000000;0.000000;2217.000000;2217.000000;100.000000;0.000000;0.000000;-nan;        22s 554ms 125μs 136ns;            271ms 468μs 216ns
22c8d8;95;0;116;137;7;45;46.000000;0.000000;0.000000;2220.000000;2220.000000;100.000000;0.000000;0.000000;-nan;        21s 405ms  23μs  32ns;            202ms 920μs 958ns
22c8e6;88;0;121;139;7;45;46.000000;0.000000;0.000000;2224.000000;2224.000000;100.000000;0.000000;0.000000;-nan;        21s 526ms 469μs  48ns;            407ms 911μs 443ns
22c8f7;161;0;151;210;9;45;48.000000;0.000000;0.000000;2225.000000;2225.000000;100.089969;0.000000;0.000000;-nan;        25s 474ms 696μs 391ns;         2s 497ms 389μs 477ns
22c882;95;0;118;135;7;45;46.000000;0.000000;0.000000;2218.000000;2218.000000;100.000000;0.000000;0.000000;-nan;        19s 320ms 698μs 445ns;            199ms  28μs 353ns
22c896;92;8;112;136;7;45;46.000000;0.000000;0.000000;2221.000000;2221.000000;100.000000;0.000000;0.000000;-nan;        16s 940ms  63μs 250ns;            241ms 235μs  38ns
22c8a4;161;0;162;199;9;45;48.000000;0.000000;0.000000;2216.000000;2216.000000;100.090334;0.000000;0.000000;-nan;        25s 229ms 420μs 424ns;         3s 814ms 841μs 132ns
22c8b8;128;0;135;179;8;45;47.000000;0.000000;0.000000;2219.000000;2219.000000;100.000000;0.000000;0.000000;-nan;        23s 635ms 367μs 841ns;         1s 268ms 984μs  62ns
22c87e;78;0;108;100;7;45;47.000000;0.000000;0.000000;2213.000000;2213.000000;99.909707;0.000000;0.000000;-nan;        14s 485ms 180μs 693ns;            332ms 741μs 447ns
3aa24c;31;0;81;80;6;33;33.000000;33.000000;100.000000;800.000000;800.000000;100.000000;0.000000;0.000000;-nan;        17s 333ms 885μs 489ns;                          0ns
3aa258;127;0;520;333;9;153;157.000000;0.000000;0.000000;1147.000000;1147.000000;100.437828;0.000000;0.000000;-nan;        53s 617ms 319μs 473ns;        25s 175ms 261μs 179ns
3aa263;324;0;194;232;13;98;166.000000;0.000000;0.000000;1007.000000;1007.000000;100.000000;0.000000;0.000000;-nan;     1m 59s 314ms 903μs 330ns;                        -9982003261254748ns
3aa26d;169;0;88;149;12;42;147.000000;0.000000;0.000000;783.000000;783.000000;100.000000;0.000000;0.000000;-nan;     1m 31s 419ms 612μs 775ns;                        -19964126660118095ns
3aa210;883;0;336;565;31;56;148.000000;0.000000;0.000000;1141.000000;1141.000000;101.875000;0.000000;0.000000;-nan;     2m 39s 635ms 652μs 110ns;     1m 17s 494ms 700μs 370ns
3aa219;642;0;358;350;33;36;144.000000;0.000000;0.000000;1145.000000;1145.000000;100.000000;0.000000;0.000000;-nan;     2m 39s 823ms 870μs 907ns;     1m 40s 782ms 752μs 308ns
3aa224;60;0;265;141;8;73;0.000000;0.000000;-nan;783.000000;783.000000;100.642674;0.000000;0.000000;-nan;        32s 153ms 675μs 864ns;                        -8983615376332208ns
3aa22f;261;0;146;199;12;58;72.000000;0.000000;0.000000;836.000000;836.000000;104.761905;0.000000;0.000000;-nan;     1m 45s 275ms  24μs 681ns;                        -2994637251607360ns
3aa23f;96;0;313;185;11;89;167.000000;0.000000;0.000000;1148.000000;1148.000000;112.328767;0.000000;0.000000;-nan;     1m 14s 653ms 876μs 882ns;         5s 851ms 958μs  36ns
3aa20a;450;0;171;377;13;101;144.000000;0.000000;0.000000;783.000000;783.000000;104.122340;0.000000;0.000000;-nan;     1m 56s 684ms 217μs 210ns;                        -22958872098806544ns
229a89;95;1;118;140;7;46;47.000000;0.000000;0.000000;2222.000000;2222.000000;100.000000;0.000000;0.000000;-nan;        18s 463ms 587μs  22ns;            467ms 262μs 393ns
229a91;127;0;147;168;8;45;47.000000;0.000000;0.000000;2222.000000;2222.000000;100.090090;0.000000;0.000000;-nan;        23s 465ms 729μs 158ns;         1s 461ms 113μs 295ns
229aa6;94;0;115;139;7;45;46.000000;0.000000;0.000000;2223.000000;2223.000000;100.000000;0.000000;0.000000;-nan;        21s 796ms 837μs 201ns;            202ms 527μs 516ns
229aac;87;8;109;144;7;45;46.000000;0.000000;0.000000;2224.000000;2224.000000;100.000000;0.000000;0.000000;-nan;        18s 658ms  84μs 204ns;            342ms 197μs 146ns
229abe;124;8;131;179;8;45;47.000000;0.000000;0.000000;2221.000000;2221.000000;100.000000;0.000000;0.000000;-nan;        22s 844ms 878μs 884ns;         1s  76ms 197μs 159ns
229a4b;93;0;114;141;7;45;46.000000;0.000000;0.000000;2225.000000;2225.000000;100.000000;0.000000;0.000000;-nan;        20s 847ms 492μs 951ns;            327ms 713μs 684ns
229a4f;69;0;89;94;6;48;48.000000;48.000000;100.000000;2233.000000;2233.000000;100.000000;0.000000;0.000000;-nan;        19s 860ms 234μs 487ns;                          0ns
229a5b;94;0;117;137;7;45;46.000000;0.000000;0.000000;2218.000000;2218.000000;100.000000;0.000000;0.000000;-nan;        19s 626ms 274μs 784ns;            246ms 479μs  47ns
229a69;129;0;135;178;8;45;47.000000;0.000000;0.000000;2219.000000;2219.000000;100.000000;0.000000;0.000000;-nan;        23s 253ms 786μs 350ns;         1s 104ms 842μs 437ns
229a7d;98;0;113;133;7;47;48.000000;0.000000;0.000000;2228.000000;2228.000000;100.000000;0.000000;0.000000;-nan;        23s 111ms 751μs 995ns;            203ms  55μs 176ns
226bc6;103;0;113;128;7;47;48.000000;0.000000;0.000000;2239.000000;2239.000000;100.000000;0.000000;0.000000;-nan;        22s 756ms 960μs 192ns;            194ms 900μs 437ns
226bdc;91;0;121;136;7;45;46.000000;0.000000;0.000000;2222.000000;2222.000000;100.000000;0.000000;0.000000;-nan;        23s 127ms 722μs 454ns;            495ms 304μs 441ns
226bea;95;0;114;139;7;45;46.000000;0.000000;0.000000;2216.000000;2216.000000;100.000000;0.000000;0.000000;-nan;        22s 510ms  93μs 605ns;            303ms 351μs 347ns
226bf9;126;0;138;178;8;45;47.000000;0.000000;0.000000;2223.000000;2223.000000;100.000000;0.000000;0.000000;-nan;        23s 927ms 679μs 737ns;            607ms 186μs  20ns
226bff;91;0;116;141;7;45;46.000000;0.000000;0.000000;2221.000000;2221.000000;100.000000;0.000000;0.000000;-nan;        23s 285ms  70μs 247ns;            199ms 837μs 290ns
226b89;93;2;116;137;7;45;46.000000;0.000000;0.000000;2220.000000;2220.000000;100.000000;0.000000;0.000000;-nan;        16s 337ms 584μs 119ns;            194ms 139μs 382ns
226b99;93;0;116;139;7;45;46.000000;0.000000;0.000000;2217.000000;2217.000000;100.000000;0.000000;0.000000;-nan;        20s 939ms 848μs 164ns;            313ms 577μs 938ns
226bb6;90;0;119;139;7;45;46.000000;0.000000;0.000000;2218.000000;2218.000000;100.000000;0.000000;0.000000;-nan;        23s   7ms 854μs 630ns;            419ms 704μs 455ns
226b76;127;0;142;173;8;45;47.000000;0.000000;0.000000;2219.000000;2219.000000;100.000000;0.000000;0.000000;-nan;        23s 540ms 259μs 138ns;            989ms 781μs 236ns
226b7a;127;0;135;180;8;45;47.000000;0.000000;0.000000;2225.000000;2225.000000;100.000000;0.000000;0.000000;-nan;        23s 737ms 699μs  76ns;         1s 211ms 568μs 474ns
223d43;92;0;115;141;7;45;46.000000;0.000000;0.000000;2220.000000;2220.000000;100.000000;0.000000;0.000000;-nan;        21s 656ms 625μs 586ns;            205ms 814μs 260ns
223d59;91;0;116;141;7;45;46.000000;0.000000;0.000000;2221.000000;2221.000000;100.000000;0.000000;0.000000;-nan;        21s 842ms 675μs 282ns;            272ms 379μs 346ns
223d07;154;0;141;181;9;47;53.000000;0.000000;0.000000;2249.000000;2249.000000;101.215122;0.000000;0.000000;-nan;        24s 257ms 738μs  62ns;         2s 677ms 704μs 682ns
223d17;91;0;119;137;7;45;46.000000;0.000000;0.000000;2223.000000;2223.000000;100.000000;0.000000;0.000000;-nan;        21s 455ms 662μs 633ns;            206ms 280μs 355ns
223d22;94;0;114;140;7;45;46.000000;0.000000;0.000000;2215.000000;2215.000000;100.000000;0.000000;0.000000;-nan;        20s 952ms 975μs 563ns;            241ms 363μs 977ns
223d35;95;1;116;136;7;45;46.000000;0.000000;0.000000;2216.000000;2216.000000;100.000000;0.000000;0.000000;-nan;        18s 641ms 617μs 337ns;            204ms 490μs 258ns
223cd9;96;0;118;134;7;45;46.000000;0.000000;0.000000;2218.000000;2218.000000;100.000000;0.000000;0.000000;-nan;        19s 175ms  48μs 406ns;            202ms 186μs 480ns
223cdd;93;0;123;132;7;45;46.000000;0.000000;0.000000;2219.000000;2219.000000;100.000000;0.000000;0.000000;-nan;        18s 908ms 421μs 445ns;            201ms 633μs 143ns
223cea;127;0;139;175;8;45;47.000000;0.000000;0.000000;2218.000000;2218.000000;100.045106;0.000000;0.000000;-nan;        22s  78ms 843μs 385ns;         1s   7ms 927μs  86ns
223cf9;95;0;115;138;7;45;46.000000;0.000000;0.000000;2225.000000;2225.000000;100.000000;0.000000;0.000000;-nan;        21s 223ms 275μs 274ns;            510ms 503μs 275ns
220e09;163;0;149;210;9;45;48.000000;0.000000;0.000000;2221.000000;2221.000000;100.000000;0.000000;0.000000;-nan;        25s 300ms 274μs 847ns;         3s  76ms 141μs 399ns
220dc5;124;0;140;178;8;45;47.000000;0.000000;0.000000;2223.000000;2223.000000;100.000000;0.000000;0.000000;-nan;        23s   1ms 910μs 197ns;         1s 560ms 118μs  43ns
220dd8;63;2;93;102;6;46;46.000000;46.000000;100.000000;2224.000000;2224.000000;100.000000;0.000000;0.000000;-nan;        10s 955ms 609μs 417ns;                          0ns
220dec;127;0;136;179;8;45;47.000000;0.000000;0.000000;2220.000000;2220.000000;100.000000;0.000000;0.000000;-nan;        24s       694μs 644ns;            966ms 251μs 823ns
220df5;93;8;109;138;7;45;46.000000;0.000000;0.000000;2217.000000;2217.000000;100.000000;0.000000;0.000000;-nan;        19s 193ms 183μs 472ns;            326ms  42μs 312ns
220d84;93;0;117;138;7;45;46.000000;0.000000;0.000000;2222.000000;2222.000000;100.000000;0.000000;0.000000;-nan;        19s 652ms 183μs 915ns;            200ms 815μs 523ns
220d89;132;0;135;175;8;47;49.000000;0.000000;0.000000;2242.000000;2242.000000;100.044623;0.000000;0.000000;-nan;        24s 296ms 423μs 189ns;         1s 168ms 974μs  12ns
220d94;103;0;111;130;7;47;48.000000;0.000000;0.000000;2219.000000;2219.000000;100.000000;0.000000;0.000000;-nan;        22s 801ms 724μs 663ns;            336ms 387μs 368ns
220da3;96;3;111;138;7;45;46.000000;0.000000;0.000000;2216.000000;2216.000000;100.000000;0.000000;0.000000;-nan;        15s 672ms 829μs  87ns;            417ms 178μs 514ns
220dae;94;0;114;140;7;45;46.000000;0.000000;0.000000;2218.000000;2218.000000;100.000000;0.000000;0.000000;-nan;        19s 434ms 870μs  40ns;            256ms 166μs 431ns
21df40;96;0;116;136;7;45;46.000000;0.000000;0.000000;2220.000000;2220.000000;100.000000;0.000000;0.000000;-nan;        22s 161ms 947μs 483ns;            252ms 463μs 780ns
21df50;98;0;117;139;7;46;47.000000;0.000000;0.000000;2218.000000;2218.000000;100.000000;0.000000;0.000000;-nan;        23s 240ms 962μs 148ns;            849ms 422μs 754ns
21df06;91;0;117;140;7;45;46.000000;0.000000;0.000000;2221.000000;2221.000000;100.000000;0.000000;0.000000;-nan;        21s 730ms 571μs 673ns;            208ms 829μs 628ns
21df1d;127;0;138;177;8;45;47.000000;0.000000;0.000000;2222.000000;2222.000000;100.135196;0.000000;0.000000;-nan;        24s 283ms 259μs 530ns;         1s 521ms 487μs 308ns
21df31;125;0;137;180;8;45;47.000000;0.000000;0.000000;2223.000000;2223.000000;100.000000;0.000000;0.000000;-nan;        24s 446ms 564μs 314ns;            606ms 279μs 334ns
21ded0;123;0;135;184;8;45;47.000000;0.000000;0.000000;2225.000000;2225.000000;100.000000;0.000000;0.000000;-nan;        24s  68ms 325μs 877ns;         1s  98ms 654μs 436ns
21dedd;90;0;121;137;7;45;46.000000;0.000000;0.000000;2222.000000;2222.000000;100.000000;0.000000;0.000000;-nan;        20s 807ms 141μs 345ns;            208ms 119μs  18ns
21def0;63;0;96;101;6;46;46.000000;46.000000;100.000000;2216.000000;2216.000000;100.000000;0.000000;0.000000;-nan;        14s 444ms 574μs 654ns;                          0ns
21deb7;126;0;139;177;8;45;47.000000;0.000000;0.000000;2219.000000;2219.000000;100.090212;0.000000;0.000000;-nan;        21s 912ms 222μs 954ns;            668ms 379μs  97ns
21deba;94;0;116;138;7;45;46.000000;0.000000;0.000000;2215.000000;2215.000000;100.000000;0.000000;0.000000;-nan;        20s 601ms 276μs 604ns;            333ms 317μs 775ns
21b044;93;0;119;136;7;45;46.000000;0.000000;0.000000;2217.000000;2217.000000;100.000000;0.000000;0.000000;-nan;        22s 657ms 378μs 297ns;            205ms 299μs  16ns
21b002;94;0;115;139;7;45;46.000000;0.000000;0.000000;2218.000000;2218.000000;100.000000;0.000000;0.000000;-nan;        20s 461ms 552μs   6ns;            321ms 246μs  56ns
21b00a;122;1;139;180;8;45;47.000000;0.000000;0.000000;2224.000000;2224.000000;100.000000;0.000000;0.000000;-nan;        22s 843ms 376μs 589ns;         1s 113ms 863μs 142ns
21b016;135;0;131;176;8;47;49.000000;0.000000;0.000000;2222.000000;2222.000000;100.090090;0.000000;0.000000;-nan;        25s 288ms 666μs 621ns;         1s 333ms 719μs 102ns
21b02f;62;0;98;100;6;46;46.000000;46.000000;100.000000;2221.000000;2221.000000;100.000000;0.000000;0.000000;-nan;        17s  96ms 969μs 451ns;                          0ns
21afc4;94;0;115;139;7;45;46.000000;0.000000;0.000000;2219.000000;2219.000000;100.000000;0.000000;0.000000;-nan;        21s 728ms 902μs 570ns;            513ms 875μs 946ns
21afc9;99;0;109;136;7;47;48.000000;0.000000;0.000000;2244.000000;2244.000000;100.000000;0.000000;0.000000;-nan;        23s  90ms  48μs 775ns;            618ms 899μs 466ns
21afd5;125;0;141;176;8;45;47.000000;0.000000;0.000000;2223.000000;2223.000000;100.000000;0.000000;0.000000;-nan;        24s 820ms 715μs 762ns;         1s 132ms  59μs   2ns
21afe1;97;0;117;140;7;46;47.000000;0.000000;0.000000;2222.000000;2222.000000;100.000000;0.000000;0.000000;-nan;        20s 668ms 271μs 722ns;            438ms 362μs 497ns
21aff2;144;0;128;178;8;48;50.000000;0.000000;0.000000;2229.000000;2229.000000;100.179775;0.000000;0.000000;-nan;        25s  80ms 647μs 200ns;         2s 249ms 257μs 144ns
218149;125;2;139;176;8;45;47.000000;0.000000;0.000000;2225.000000;2225.000000;100.000000;0.000000;0.000000;-nan;        23s 951ms 818μs 710ns;         1s 917ms 924μs 334ns
218112;127;0;142;173;8;45;47.000000;0.000000;0.000000;2220.000000;2220.000000;100.090171;0.000000;0.000000;-nan;        24s 347ms 287μs 377ns;         1s 120ms 941μs 151ns
218128;93;0;120;135;7;45;46.000000;0.000000;0.000000;2219.000000;2219.000000;100.000000;0.000000;0.000000;-nan;        23s 524ms 588μs 880ns;            300ms 248μs 586ns
218138;95;0;125;128;7;45;46.000000;0.000000;0.000000;2223.000000;2223.000000;100.000000;0.000000;0.000000;-nan;        23s 211ms 388μs 804ns;            342ms 651μs 366ns
2180cd;127;0;138;177;8;45;47.000000;0.000000;0.000000;2216.000000;2216.000000;100.090334;0.000000;0.000000;-nan;        24s 177ms 247μs 383ns;         2s   3ms 309μs 976ns
2180d8;128;1;134;179;8;45;47.000000;0.000000;0.000000;2218.000000;2218.000000;100.090253;0.000000;0.000000;-nan;        21s 937ms 923μs 724ns;         1s 148ms 637μs 918ns
2180e6;94;0;119;135;7;45;46.000000;0.000000;0.000000;2213.000000;2213.000000;100.000000;0.000000;0.000000;-nan;        21s 680ms 412μs 359ns;            205ms 851μs 334ns
2180fd;95;0;117;136;7;45;46.000000;0.000000;0.000000;2221.000000;2221.000000;100.000000;0.000000;0.000000;-nan;        22s 991ms 335μs 464ns;            292ms  44μs 104ns
2180b7;91;0;118;139;7;45;46.000000;0.000000;0.000000;2217.000000;2217.000000;100.000000;0.000000;0.000000;-nan;        21s 448ms  96μs 153ns;            200ms   6μs  15ns
2180bc;77;0;99;94;7;45;48.000000;0.000000;0.000000;2219.000000;2219.000000;100.180587;0.000000;0.000000;-nan;        23s 711ms 101μs 681ns;            239ms 888μs 343ns
21508a;101;0;110;133;7;47;48.000000;0.000000;0.000000;2234.000000;2234.000000;100.000000;0.000000;0.000000;-nan;        23s 236ms 248μs 655ns;            205ms 766μs 758ns
21509c;90;8;113;137;7;45;46.000000;0.000000;0.000000;2218.000000;2218.000000;100.000000;0.000000;0.000000;-nan;        17s 811ms 974μs 327ns;            193ms 121μs 715ns
2150a7;90;0;122;136;7;45;46.000000;0.000000;0.000000;2222.000000;2222.000000;100.000000;0.000000;0.000000;-nan;        21s 407ms 228μs 477ns;            208ms 408μs 658ns
215047;164;0;148;210;9;45;48.000000;0.000000;0.000000;2220.000000;2220.000000;100.045065;0.000000;0.000000;-nan;        28s 100ms 920μs 459ns;         3s 343ms 482μs 965ns
215059;249;0;162;253;9;91;122.000000;0.000000;0.000000;2225.000000;2225.000000;100.000000;0.000000;0.000000;-nan;        33s 880ms 379μs 864ns;         1s  40ms 647μs 681ns
215063;132;0;137;173;8;45;47.000000;0.000000;0.000000;2224.000000;2224.000000;100.000000;0.000000;0.000000;-nan;        22s 882ms 584μs 982ns;         1s 174ms 786μs 806ns
21506f;63;0;95;102;6;46;46.000000;46.000000;100.000000;2220.000000;2220.000000;100.000000;0.000000;0.000000;-nan;        14s 525ms 431μs 488ns;                          0ns
21507c;90;0;122;136;7;45;46.000000;0.000000;0.000000;2223.000000;2223.000000;100.000000;0.000000;0.000000;-nan;        20s 498ms 677μs 609ns;            309ms 871μs 984ns
215036;89;0;114;145;7;45;46.000000;0.000000;0.000000;2221.000000;2221.000000;100.000000;0.000000;0.000000;-nan;        18s 855ms 377μs 598ns;            197ms 627μs 240ns
21503a;93;0;123;132;7;45;46.000000;0.000000;0.000000;2218.000000;2218.000000;100.045106;0.000000;0.000000;-nan;        18s 661ms 139μs 417ns;            782ms 324μs 133ns
2121cc;124;0;142;176;8;45;47.000000;0.000000;0.000000;2224.000000;2224.000000;100.000000;0.000000;0.000000;-nan;        24s 576ms 462μs 304ns;         1s 505ms 261μs 275ns
2121ee;97;0;120;137;7;46;47.000000;0.000000;0.000000;2225.000000;2225.000000;100.135014;0.000000;0.000000;-nan;        22s 732ms 956μs 828ns;            813ms 453μs 399ns
21218d;94;3;118;139;7;46;47.000000;0.000000;0.000000;2221.000000;2221.000000;100.135257;0.000000;0.000000;-nan;        18s 478ms 299μs 548ns;         1s   2ms 198μs 733ns
2121a3;125;8;136;173;8;45;47.000000;0.000000;0.000000;2221.000000;2221.000000;100.000000;0.000000;0.000000;-nan;        22s 953ms 781μs 627ns;            758ms 249μs 116ns
2121bc;126;0;136;172;8;46;48.000000;0.000000;0.000000;2217.000000;2217.000000;100.000000;0.000000;0.000000;-nan;        24s 754ms 594μs  44ns;            971ms 576μs   8ns
21214d;89;0;118;141;7;45;46.000000;0.000000;0.000000;2220.000000;2220.000000;100.000000;0.000000;0.000000;-nan;        21s 181ms  27μs 882ns;            256ms 220μs 974ns
212152;99;0;117;138;7;46;47.000000;0.000000;0.000000;2216.000000;2216.000000;100.000000;0.000000;0.000000;-nan;        21s  29ms  82μs 210ns;            788ms 943μs 740ns
212165;92;0;120;136;7;45;46.000000;0.000000;0.000000;2225.000000;2225.000000;100.000000;0.000000;0.000000;-nan;        22s 500ms 575μs 619ns;            203ms 625μs 866ns
212174;92;0;122;134;7;45;46.000000;0.000000;0.000000;2219.000000;2219.000000;100.000000;0.000000;0.000000;-nan;        21s 346ms 774μs 392ns;            412ms 595μs 996ns
21217f;94;0;116;138;7;45;46.000000;0.000000;0.000000;2223.000000;2223.000000;100.000000;0.000000;0.000000;-nan;        21s 571ms 930μs 817ns;            411ms 218μs  22ns
20f30c;92;0;119;137;7;45;46.000000;0.000000;0.000000;2218.000000;2218.000000;100.000000;0.000000;0.000000;-nan;        23s 309ms 673μs 814ns;            204ms 937μs 426ns
20f323;120;4;140;178;8;45;47.000000;0.000000;0.000000;2223.000000;2223.000000;100.090050;0.000000;0.000000;-nan;        23s 485ms 601μs  15ns;         1s 297ms 495μs 967ns
20f2d3;90;1;121;136;7;45;46.000000;0.000000;0.000000;2220.000000;2220.000000;100.000000;0.000000;0.000000;-nan;        19s 738ms 981μs 440ns;            207ms 189μs 837ns
20f2e9;94;0;116;144;7;46;47.000000;0.000000;0.000000;2214.000000;2214.000000;100.000000;0.000000;0.000000;-nan;        23s 145ms 330μs 661ns;            467ms 456μs 178ns
20f2ff;127;0;137;178;8;45;47.000000;0.000000;0.000000;2222.000000;2222.000000;100.000000;0.000000;0.000000;-nan;        24s 107ms 563μs 940ns;            736ms 250μs 585ns
20f284;91;0;118;139;7;45;46.000000;0.000000;0.000000;2225.000000;2225.000000;100.000000;0.000000;0.000000;-nan;        20s 555ms 582μs 837ns;            223ms 488μs 488ns
20f289;95;0;120;139;7;46;47.000000;0.000000;0.000000;2220.000000;2220.000000;100.180505;0.000000;0.000000;-nan;        22s 278ms 693μs 299ns;         1s  67ms 960μs 958ns
20f297;123;0;140;179;8;45;47.000000;0.000000;0.000000;2224.000000;2224.000000;100.044984;0.000000;0.000000;-nan;        23s 858ms 648μs 171ns;         1s 222ms 584μs 609ns
20f2ab;90;2;117;139;7;45;46.000000;0.000000;0.000000;2217.000000;2217.000000;100.000000;0.000000;0.000000;-nan;        17s 335ms 893μs 872ns;            211ms 615μs 336ns
20f2b6;102;0;113;129;7;47;48.000000;0.000000;0.000000;2224.000000;2224.000000;100.000000;0.000000;0.000000;-nan;        23s 721ms 877μs 561ns;            468ms 824μs 523ns
20c146;95;0;110;143;7;45;46.000000;0.000000;0.000000;2219.000000;2219.000000;100.000000;0.000000;0.000000;-nan;        20s 613ms 755μs 601ns;            473ms 695μs 639ns
20c104;125;0;139;178;8;45;47.000000;0.000000;0.000000;2223.000000;2223.000000;100.000000;0.000000;0.000000;-nan;        22s 417ms 370μs 419ns;            988ms  13μs 570ns
20c113;93;0;117;137;7;45;46.000000;0.000000;0.000000;2218.000000;2218.000000;100.000000;0.000000;0.000000;-nan;        20s 417ms 954μs 738ns;            340ms 472μs 375ns
20c125;92;0;118;138;7;45;46.000000;0.000000;0.000000;2221.000000;2221.000000;100.000000;0.000000;0.000000;-nan;        20s 891ms 343μs 507ns;            198ms 113μs 269ns
20c132;93;0;117;138;7;45;46.000000;0.000000;0.000000;2224.000000;2224.000000;100.000000;0.000000;0.000000;-nan;        21s  58ms 493μs 182ns;            458ms 737μs  99ns
20c0c0;92;3;118;135;7;45;46.000000;0.000000;0.000000;2225.000000;2225.000000;100.000000;0.000000;0.000000;-nan;        15s 913ms 358μs 972ns;            209ms 505μs 736ns
20c0cf;326;0;341;321;18;51;80.000000;0.000000;0.000000;2217.000000;2217.000000;100.180750;0.000000;0.000000;-nan;        32s 293ms 300μs 743ns;        14s 713ms 929μs 956ns
20c0ed;95;0;119;134;7;45;46.000000;0.000000;0.000000;2220.000000;2220.000000;100.000000;0.000000;0.000000;-nan;        19s 494ms 270μs 678ns;            198ms 510μs 852ns
20c0ab;63;0;99;98;6;46;46.000000;46.000000;100.000000;2216.000000;2216.000000;100.000000;0.000000;0.000000;-nan;        12s 759ms 820μs 185ns;                          0ns
20c0b0;126;0;144;172;8;45;47.000000;0.000000;0.000000;2222.000000;2222.000000;100.000000;0.000000;0.000000;-nan;        22s 155ms 594μs 619ns;            673ms 254μs 886ns
209046;126;0;138;178;8;45;47.000000;0.000000;0.000000;2223.000000;2223.000000;100.270636;0.000000;0.000000;-nan;        25s 215ms 995μs 274ns;         1s  90ms 990μs 301ns
209055;126;0;139;177;8;45;47.000000;0.000000;0.000000;2224.000000;2224.000000;100.090009;0.000000;0.000000;-nan;        25s 459ms 726μs 299ns;         1s  21ms 864μs 480ns
209063;90;0;115;143;7;45;46.000000;0.000000;0.000000;2224.000000;2224.000000;100.000000;0.000000;0.000000;-nan;        23s 338ms 759μs 270ns;            502ms 982μs 793ns
209070;121;0;138;183;8;45;47.000000;0.000000;0.000000;2221.000000;2221.000000;100.135257;0.000000;0.000000;-nan;        25s 747ms 498μs 642ns;            927ms 249μs 467ns
209002;159;0;150;213;9;45;48.000000;0.000000;0.000000;2221.000000;2221.000000;100.000000;0.000000;0.000000;-nan;        26s 757ms 270μs  22ns;         2s 221ms 342μs 572ns
209009;93;0;117;138;7;45;46.000000;0.000000;0.000000;2220.000000;2220.000000;100.000000;0.000000;0.000000;-nan;        19s 974ms 106μs 122ns;            437ms 124μs 767ns
209010;124;0;145;173;8;45;47.000000;0.000000;0.000000;2223.000000;2223.000000;100.180261;0.000000;0.000000;-nan;        25s 565ms 567μs  86ns;         1s 300ms 238μs 308ns
20901e;137;0;129;176;8;47;49.000000;0.000000;0.000000;2239.000000;2239.000000;100.000000;0.000000;0.000000;-nan;        26s 640ms 373μs  42ns;         1s  44ms 661μs  25ns
209031;61;0;99;100;6;46;46.000000;46.000000;100.000000;2223.000000;2223.000000;100.000000;0.000000;0.000000;-nan;        15s  90ms 855μs 156ns;                          0ns
209037;91;0;118;139;7;45;46.000000;0.000000;0.000000;2225.000000;2225.000000;100.000000;0.000000;0.000000;-nan;        20s 923ms 420μs 401ns;            206ms 689μs 927ns
20604b;96;0;119;139;7;46;47.000000;0.000000;0.000000;2223.000000;2223.000000;100.045005;0.000000;0.000000;-nan;        21s 887ms  59μs 492ns;            723ms 139μs   6ns
20605b;92;8;110;138;7;45;46.000000;0.000000;0.000000;2223.000000;2223.000000;100.000000;0.000000;0.000000;-nan;        20s 931ms 516μs 970ns;            547ms 531μs 431ns
206074;93;0;119;136;7;45;46.000000;0.000000;0.000000;2220.000000;2220.000000;100.000000;0.000000;0.000000;-nan;        24s 855ms 475μs 206ns;            210ms 242μs  70ns
206000;132;0;132;170;8;46;48.000000;0.000000;0.000000;2224.000000;2224.000000;100.000000;0.000000;0.000000;-nan;        26s 223ms 245μs 742ns;         2s  72ms 298μs 998ns
20600e;156;0;162;204;9;45;48.000000;0.000000;0.000000;2221.000000;2221.000000;100.000000;0.000000;0.000000;-nan;        26s 392ms 359μs 265ns;         1s 551ms 252μs 616ns
206017;84;19;112;133;7;45;46.000000;0.000000;0.000000;2219.000000;2219.000000;100.000000;0.000000;0.000000;-nan;         9s 541ms 482μs 801ns;            329ms 941μs 756ns
206022;91;0;119;138;7;45;46.000000;0.000000;0.000000;2218.000000;2218.000000;100.000000;0.000000;0.000000;-nan;        22s  32ms 853μs 895ns;            500ms 543μs 927ns
205fe6;135;0;126;181;8;47;49.000000;0.000000;0.000000;2239.000000;2239.000000;100.089405;0.000000;0.000000;-nan;        25s 337ms 503μs 527ns;         1s 127ms 907μs 821ns
205fed;129;0;136;177;8;45;47.000000;0.000000;0.000000;2217.000000;2217.000000;100.000000;0.000000;0.000000;-nan;        25s 100ms 239μs 102ns;            974ms  34μs 276ns
205ff4;101;0;119;144;7;50;51.000000;0.000000;0.000000;2232.000000;2232.000000;100.000000;0.000000;0.000000;-nan;        23s  25ms 390μs 785ns;            265ms 103μs 166ns
2030c2;94;0;123;131;7;45;46.000000;0.000000;0.000000;2225.000000;2225.000000;100.000000;0.000000;0.000000;-nan;        20s 619ms 915μs 830ns;            195ms 367μs 532ns
2030d3;126;0;138;178;8;45;47.000000;0.000000;0.000000;2219.000000;2219.000000;100.045086;0.000000;0.000000;-nan;        24s 987ms 784μs 745ns;            983ms 174μs  39ns
2030e4;88;0;115;145;7;45;46.000000;0.000000;0.000000;2221.000000;2221.000000;100.000000;0.000000;0.000000;-nan;        21s  82ms 314μs 655ns;            266ms 314μs 854ns
20308b;123;0;141;178;8;45;47.000000;0.000000;0.000000;2216.000000;2216.000000;100.090334;0.000000;0.000000;-nan;        24s 683ms 866μs 365ns;            553ms 169μs 418ns
20309b;127;0;138;177;8;45;47.000000;0.000000;0.000000;2222.000000;2222.000000;100.000000;0.000000;0.000000;-nan;        24s 499ms 882μs 404ns;            907ms 393μs 186ns
2030a9;89;0;119;140;7;45;46.000000;0.000000;0.000000;2223.000000;2223.000000;100.000000;0.000000;0.000000;-nan;        21s 210ms 390μs 262ns;            258ms 858μs 647ns
2030b7;93;0;118;137;7;45;46.000000;0.000000;0.000000;2224.000000;2224.000000;100.000000;0.000000;0.000000;-nan;        20s 874ms 716μs 917ns;            455ms 364μs 523ns
20306b;95;0;116;137;7;45;46.000000;0.000000;0.000000;2219.000000;2219.000000;100.000000;0.000000;0.000000;-nan;        20s 432ms 439μs 685ns;            200ms 461μs 816ns
20306f;91;0;119;138;7;45;46.000000;0.000000;0.000000;2220.000000;2220.000000;100.000000;0.000000;0.000000;-nan;        22s 146ms 721μs 857ns;            203ms 926μs 246ns
20307a;125;0;146;171;8;45;47.000000;0.000000;0.000000;2218.000000;2218.000000;100.090253;0.000000;0.000000;-nan;        24s 925ms 559μs 375ns;            824ms 588μs 473ns
501b14;334;0;135;285;11;90;111.000000;0.000000;0.000000;1148.000000;1148.000000;100.262009;0.000000;0.000000;-nan;     1m 14s 345ms  95μs 310ns;        12s 599ms  99μs 984ns
501b21;427;0;157;384;13;91;147.000000;0.000000;0.000000;783.000000;783.000000;101.162791;0.000000;0.000000;-nan;     1m 40s 817ms 975μs 851ns;                        -7015607484961572ns
501b27;48;0;124;72;10;42;114.000000;0.000000;0.000000;783.000000;783.000000;100.000000;0.000000;0.000000;-nan;        41s 905ms 907μs 833ns;                        -3006585779693975ns
501b32;806;0;289;585;28;64;161.000000;0.000000;0.000000;1151.000000;1151.000000;100.261324;0.000000;0.000000;-nan;     2m 39s 911ms  93μs 644ns;        46s 792ms 906μs 282ns
501ad7;135;0;84;97;11;35;62.000000;0.000000;0.000000;783.000000;783.000000;119.178082;0.000000;0.000000;-nan;     1m 11s 500ms 123μs  55ns;                        -6013283375206825ns
501adb;147;0;50;165;8;47;54.000000;0.000000;0.000000;812.000000;812.000000;99.509804;0.000000;0.000000;-nan;        34s 194ms 846μs 497ns;            950ms 470μs 136ns
501ae3;279;0;127;190;18;31;73.000000;0.000000;0.000000;1229.000000;1229.000000;121.562809;0.000000;0.000000;-nan;     2m  7s 516ms 513μs 834ns;                        -1002184171925837ns
501aec;66;0;221;155;8;75;149.000000;0.000000;0.000000;827.000000;827.000000;100.976801;0.000000;0.000000;-nan;     2m 45s 119ms 718μs 790ns;            810ms 966μs  95ns
501afb;390;0;103;221;16;62;167.000000;0.000000;0.000000;1022.000000;1022.000000;101.489573;0.000000;0.000000;-nan;     2m  3s  44ms 955μs  91ns;                        -18039917465358933ns
501b08;603;0;270;403;20;78;0.000000;0.000000;-nan;1148.000000;1148.000000;112.328767;0.000000;0.000000;-nan;     2m 24s 192ms 533μs 710ns;                        -2004379220854109ns
20015e;92;0;117;139;7;45;46.000000;0.000000;0.000000;2225.000000;2225.000000;100.000000;0.000000;0.000000;-nan;        20s 654ms 421μs 761ns;            264ms  94μs  98ns
200165;125;0;142;175;8;45;47.000000;0.000000;0.000000;2221.000000;2221.000000;100.000000;0.000000;0.000000;-nan;        24s 141ms 364μs 405ns;            749ms 824μs 395ns
20017a;125;0;141;176;8;45;47.000000;0.000000;0.000000;2220.000000;2220.000000;100.000000;0.000000;0.000000;-nan;        23s 738ms 737μs 997ns;         1s   1ms 848μs 755ns
20010c;93;0;117;138;7;45;46.000000;0.000000;0.000000;2214.000000;2214.000000;100.090416;0.000000;0.000000;-nan;        20s 433ms 140μs 146ns;            442ms 696μs 136ns
200118;88;19;107;134;7;45;46.000000;0.000000;0.000000;2218.000000;2218.000000;100.000000;0.000000;0.000000;-nan;         9s 549ms 423μs 469ns;            340ms 873μs 262ns
200126;124;0;141;177;8;45;47.000000;0.000000;0.000000;2219.000000;2219.000000;100.090212;0.000000;0.000000;-nan;        23s 952ms 158μs 358ns;         1s 220ms 160μs 658ns
20013f;165;0;149;208;9;45;48.000000;0.000000;0.000000;2220.000000;2220.000000;100.497963;0.000000;0.000000;-nan;        25s 239ms 929μs 698ns;         1s 390ms  52μs 843ns
2000e9;90;0;118;140;7;45;46.000000;0.000000;0.000000;2222.000000;2222.000000;100.000000;0.000000;0.000000;-nan;        19s 458ms 595μs 207ns;            274ms 644μs 590ns
2000ed;98;0;119;137;7;46;47.000000;0.000000;0.000000;2216.000000;2216.000000;100.000000;0.000000;0.000000;-nan;        18s 960ms 513μs 829ns;         1s  86ms 520μs 931ns
2000fd;75;0;109;102;7;45;47.000000;0.000000;0.000000;2220.000000;2220.000000;100.045065;0.000000;0.000000;-nan;        19s 249ms 635μs 721ns;            951ms 275μs  62ns
1fd4c4;163;0;152;207;9;45;48.000000;0.000000;0.000000;2225.000000;2225.000000;100.406137;0.000000;0.000000;-nan;        21s 967ms 257μs 837ns;         2s 163ms 363μs 953ns
1fd4d0;125;0;138;179;8;45;47.000000;0.000000;0.000000;2220.000000;2220.000000;100.000000;0.000000;0.000000;-nan;        20s 940ms 923μs 790ns;         1s  56ms 479μs 727ns
1fd489;86;20;107;135;7;45;46.000000;0.000000;0.000000;2221.000000;2221.000000;100.000000;0.000000;0.000000;-nan;        12s 798ms 376μs 238ns;            607ms 184μs  95ns
1fd496;92;0;117;139;7;45;46.000000;0.000000;0.000000;2219.000000;2219.000000;100.000000;0.000000;0.000000;-nan;        19s 868ms 569μs 148ns;            282ms 371μs 984ns
1fd442;90;0;117;141;7;45;46.000000;0.000000;0.000000;2222.000000;2222.000000;100.000000;0.000000;0.000000;-nan;        18s 109ms 548μs 888ns;            200ms 452μs 822ns
1fd45b;61;0;98;101;6;46;46.000000;46.000000;100.000000;2217.000000;2217.000000;100.000000;0.000000;0.000000;-nan;        12s 925ms 803μs 936ns;                          0ns
1fd46b;92;0;124;132;7;45;46.000000;0.000000;0.000000;2223.000000;2223.000000;100.000000;0.000000;0.000000;-nan;        17s 888ms 917μs 511ns;            255ms 898μs 345ns
1fd47a;61;0;101;98;6;46;46.000000;46.000000;100.000000;2218.000000;2218.000000;100.000000;0.000000;0.000000;-nan;        15s 327ms 262μs 594ns;                          0ns
1fd421;60;8;92;100;6;46;46.000000;46.000000;100.000000;2224.000000;2224.000000;100.000000;0.000000;0.000000;-nan;        11s  30ms  69μs 146ns;                          0ns
1fd426;92;0;122;134;7;45;46.000000;0.000000;0.000000;2225.000000;2225.000000;100.000000;0.000000;0.000000;-nan;        18s 298ms 396μs  31ns;            209ms 235μs 384ns
1fa50e;89;3;117;139;7;45;46.000000;0.000000;0.000000;2219.000000;2219.000000;100.000000;0.000000;0.000000;-nan;        19s 509ms 475μs  70ns;            227ms 268μs 432ns
1fa4c1;94;7;109;138;7;45;46.000000;0.000000;0.000000;2218.000000;2218.000000;100.000000;0.000000;0.000000;-nan;        17s  52ms 461μs 824ns;            195ms 128μs 321ns
1fa4d1;63;0;102;95;6;46;46.000000;46.000000;100.000000;2221.000000;2221.000000;100.000000;0.000000;0.000000;-nan;        16s 852ms 188μs 644ns;                          0ns
1fa4e4;170;0;166;206;9;47;50.000000;0.000000;0.000000;2226.000000;2226.000000;100.089928;0.000000;0.000000;-nan;        25s 917ms 564μs 906ns;         2s 965ms 126μs 124ns
1fa4f8;89;0;114;145;7;45;46.000000;0.000000;0.000000;2225.000000;2225.000000;100.000000;0.000000;0.000000;-nan;        21s 736ms 806μs  74ns;            536ms 363μs 749ns
1fa48d;125;0;148;169;8;45;47.000000;0.000000;0.000000;2223.000000;2223.000000;100.000000;0.000000;0.000000;-nan;        22s 999ms  58μs 899ns;            602ms 204μs 341ns
1fa490;176;0;145;221;9;47;50.000000;0.000000;0.000000;2239.000000;2239.000000;100.134168;0.000000;0.000000;-nan;        25s 688ms 339μs 172ns;         2s 596ms 745μs 578ns
1fa49d;103;0;108;133;7;47;48.000000;0.000000;0.000000;2229.000000;2229.000000;100.000000;0.000000;0.000000;-nan;        22s 847ms 482μs 920ns;            303ms 398μs 326ns
1fa4ad;97;0;117;140;7;46;47.000000;0.000000;0.000000;2220.000000;2220.000000;100.000000;0.000000;0.000000;-nan;        21s 554ms 955μs 937ns;            733ms 950μs 476ns
1fa4b3;92;0;117;139;7;45;46.000000;0.000000;0.000000;2222.000000;2222.000000;100.000000;0.000000;0.000000;-nan;        19s 735ms  26μs 234ns;            222ms  33μs 799ns
1f7643;89;0;116;143;7;45;46.000000;0.000000;0.000000;2218.000000;2218.000000;100.000000;0.000000;0.000000;-nan;        22s 988ms 728μs 372ns;            267ms 255μs 839ns
1f7607;89;0;116;143;7;45;46.000000;0.000000;0.000000;2216.000000;2216.000000;100.000000;0.000000;0.000000;-nan;        20s 792ms 483μs 358ns;            302ms 342μs 376ns
1f7616;91;0;120;143;7;46;47.000000;0.000000;0.000000;2223.000000;2223.000000;100.000000;0.000000;0.000000;-nan;        21s 716ms 127μs 475ns;            201ms 571μs 618ns
1f7625;92;0;120;136;7;45;46.000000;0.000000;0.000000;2219.000000;2219.000000;100.000000;0.000000;0.000000;-nan;        20s 577ms 890μs  66ns;            493ms 800μs  76ns
1f7634;94;0;114;140;7;45;46.000000;0.000000;0.000000;2213.000000;2213.000000;100.000000;0.000000;0.000000;-nan;        20s  37ms 482μs 924ns;            256ms 951μs 486ns
1f75cc;93;0;117;138;7;45;46.000000;0.000000;0.000000;2224.000000;2224.000000;100.000000;0.000000;0.000000;-nan;        22s 742ms 953μs 655ns;            279ms 456μs 668ns
1f75d0;123;0;149;170;8;45;47.000000;0.000000;0.000000;2219.000000;2219.000000;100.090212;0.000000;0.000000;-nan;        23s 177ms 905μs 943ns;            619ms 911μs 293ns
1f75dd;167;0;151;204;9;45;48.000000;0.000000;0.000000;2216.000000;2216.000000;100.090334;0.000000;0.000000;-nan;        24s 296ms 803μs  54ns;         3s 167ms 164μs 152ns
1f75ee;93;0;120;134;7;45;46.000000;0.000000;0.000000;2220.000000;2220.000000;100.000000;0.000000;0.000000;-nan;        20s 434ms 838μs 216ns;            221ms 704μs  14ns
1f75f8;89;0;118;141;7;45;46.000000;0.000000;0.000000;2221.000000;2221.000000;100.000000;0.000000;0.000000;-nan;        20s 193ms 329μs 634ns;            208ms 433μs 921ns
1f4808;92;0;118;138;7;45;46.000000;0.000000;0.000000;2223.000000;2223.000000;100.000000;0.000000;0.000000;-nan;        21s 615ms 260μs 356ns;            202ms 152μs 315ns
1f4816;95;0;122;137;7;46;47.000000;0.000000;0.000000;2221.000000;2221.000000;100.000000;0.000000;0.000000;-nan;        21s 745ms  47μs 926ns;            613ms 318μs 565ns
1f4829;63;0;96;101;6;46;46.000000;46.000000;100.000000;2224.000000;2224.000000;100.000000;0.000000;0.000000;-nan;        19s  48ms 784μs 708ns;                          0ns
1f483a;123;2;143;174;8;45;47.000000;0.000000;0.000000;2224.000000;2224.000000;100.225327;0.000000;0.000000;-nan;        22s 652ms 454μs 747ns;         1s   7ms  99μs 129ns
1f47cc;90;0;117;141;7;45;46.000000;0.000000;0.000000;2222.000000;2222.000000;100.000000;0.000000;0.000000;-nan;        21s 180ms 910μs 406ns;            200ms 719μs  58ns
1f47e1;156;0;157;209;9;45;48.000000;0.000000;0.000000;2225.000000;2225.000000;100.000000;0.000000;0.000000;-nan;        23s 936ms 471μs 330ns;         2s 989ms 626μs 940ns
1f47f3;93;0;117;138;7;45;46.000000;0.000000;0.000000;2220.000000;2220.000000;100.000000;0.000000;0.000000;-nan;        21s 384ms 411μs 822ns;            201ms 948μs 591ns
1f47a3;97;0;109;142;7;45;46.000000;0.000000;0.000000;2215.000000;2215.000000;100.000000;0.000000;0.000000;-nan;        20s 877ms 931μs 600ns;            453ms 283μs 705ns
1f47a8;92;0;119;137;7;45;46.000000;0.000000;0.000000;2216.000000;2216.000000;100.000000;0.000000;0.000000;-nan;        21s  47ms 868μs 527ns;            195ms 579μs 684ns
1f47b9;92;3;118;135;7;45;46.000000;0.000000;0.000000;2218.000000;2218.000000;100.000000;0.000000;0.000000;-nan;        16s 647ms 243μs 797ns;            197ms 662μs 839ns
1f13cd;90;8;118;132;7;45;46.000000;0.000000;0.000000;2223.000000;2223.000000;100.000000;0.000000;0.000000;-nan;        20s 296ms 236μs 215ns;            549ms 426μs 658ns
1f1383;91;0;121;136;7;45;46.000000;0.000000;0.000000;2222.000000;2222.000000;100.000000;0.000000;0.000000;-nan;        21s 430ms 457μs 855ns;            266ms 421μs 179ns
1f139d;91;0;119;138;7;45;46.000000;0.000000;0.000000;2220.000000;2220.000000;100.000000;0.000000;0.000000;-nan;        20s  58ms  15μs 568ns;            397ms 481μs   3ns
1f13ad;511;0;438;511;23;49;79.000000;0.000000;0.000000;2246.000000;2246.000000;101.491188;0.000000;0.000000;-nan;        39s  29ms 988μs 183ns;        23s 588ms 511μs 146ns
1f1340;90;0;122;136;7;45;46.000000;0.000000;0.000000;2219.000000;2219.000000;100.000000;0.000000;0.000000;-nan;        20s 555ms 126μs 819ns;            276ms 328μs 860ns
1f134e;93;0;119;142;7;46;47.000000;0.000000;0.000000;2224.000000;2224.000000;100.000000;0.000000;0.000000;-nan;        20s 718ms 511μs 113ns;            411ms 610μs 263ns
1f135e;75;1;108;102;7;45;47.000000;0.000000;0.000000;2220.000000;2220.000000;100.180505;0.000000;0.000000;-nan;        18s 723ms  79μs 394ns;            204ms  19μs  25ns
1f136e;90;0;117;141;7;45;46.000000;0.000000;0.000000;2225.000000;2225.000000;100.000000;0.000000;0.000000;-nan;        21s 251ms 465μs 751ns;            206ms 215μs 648ns
1f1328;119;3;145;175;8;45;47.000000;0.000000;0.000000;2218.000000;2218.000000;100.000000;0.000000;0.000000;-nan;        21s  44ms 628μs 806ns;            701ms  70μs 592ns
1f132b;90;0;119;139;7;45;46.000000;0.000000;0.000000;2214.000000;2214.000000;100.000000;0.000000;0.000000;-nan;        20s 931ms 971μs 947ns;            211ms 269μs 312ns
1ee300;94;0;119;135;7;45;46.000000;0.000000;0.000000;2216.000000;2216.000000;100.000000;0.000000;0.000000;-nan;        23s 380ms  22μs 698ns;            261ms 479μs 377ns
1ee313;129;0;139;174;8;45;47.000000;0.000000;0.000000;2216.000000;2216.000000;100.090334;0.000000;0.000000;-nan;        28s  32ms 912μs 255ns;         1s  29ms 568μs 293ns
1ee324;88;0;116;144;7;45;46.000000;0.000000;0.000000;2221.000000;2221.000000;100.000000;0.000000;0.000000;-nan;        25s 747ms  72μs 148ns;            218ms 392μs 708ns
1ee2c3;185;0;141;201;8;57;59.000000;0.000000;0.000000;2223.000000;2223.000000;100.000000;0.000000;0.000000;-nan;        28s 699ms 206μs 427ns;         2s 628ms 728μs 424ns
1ee2d2;97;0;118;139;7;46;47.000000;0.000000;0.000000;2225.000000;2225.000000;100.000000;0.000000;0.000000;-nan;        20s 817ms 265μs 303ns;            399ms  23μs 354ns
1ee2e1;127;0;135;180;8;45;47.000000;0.000000;0.000000;2222.000000;2222.000000;100.180343;0.000000;0.000000;-nan;        27s 361ms 434μs 780ns;         1s 355ms 649μs 278ns
1ee2f1;128;0;138;176;8;45;47.000000;0.000000;0.000000;2222.000000;2222.000000;100.000000;0.000000;0.000000;-nan;        27s 791ms 459μs 137ns;            865ms  18μs 227ns
1ee2a5;126;0;132;184;8;45;47.000000;0.000000;0.000000;2225.000000;2225.000000;100.225225;0.000000;0.000000;-nan;        27s 583ms 604μs 149ns;         1s 391ms  52μs 835ns
1ee2a8;86;0;121;141;7;45;46.000000;0.000000;0.000000;2219.000000;2219.000000;100.000000;0.000000;0.000000;-nan;        22s 413ms 162μs 686ns;            265ms 688μs 223ns
1ee2b6;91;0;123;134;7;45;46.000000;0.000000;0.000000;2224.000000;2224.000000;100.000000;0.000000;0.000000;-nan;        20s 674ms  64μs  49ns;            302ms 978μs 447ns
1eb4c5;129;0;136;177;8;45;47.000000;0.000000;0.000000;2216.000000;2216.000000;100.090334;0.000000;0.000000;-nan;        22s 373ms 446μs 260ns;         1s 223ms  31μs 588ns
1eb4d3;89;3;121;135;7;45;46.000000;0.000000;0.000000;2219.000000;2219.000000;100.000000;0.000000;0.000000;-nan;        17s 856ms 892μs 117ns;            210ms 183μs 178ns
1eb4e1;91;0;118;139;7;45;46.000000;0.000000;0.000000;2220.000000;2220.000000;100.000000;0.000000;0.000000;-nan;        21s 947ms 385μs 530ns;            204ms 542μs 872ns
1eb4f8;87;0;118;143;7;45;46.000000;0.000000;0.000000;2223.000000;2223.000000;100.000000;0.000000;0.000000;-nan;        22s 126ms 742μs 363ns;            261ms 259μs  68ns
1eb481;89;0;119;140;7;45;46.000000;0.000000;0.000000;2222.000000;2222.000000;100.000000;0.000000;0.000000;-nan;        21s 812ms 786μs  33ns;            261ms 133μs 723ns
1eb48e;91;0;117;140;7;45;46.000000;0.000000;0.000000;2218.000000;2218.000000;100.000000;0.000000;0.000000;-nan;        21s 243ms 368μs  36ns;            201ms 711μs 415ns
1eb49f;135;0;133;174;8;47;49.000000;0.000000;0.000000;2248.000000;2248.000000;100.807175;0.000000;0.000000;-nan;        23s 456ms 498μs   9ns;         1s 656ms 490μs 968ns
1eb4b0;91;0;121;136;7;45;46.000000;0.000000;0.000000;2216.000000;2216.000000;100.000000;0.000000;0.000000;-nan;        21s  42ms 274μs 920ns;            243ms 362μs  18ns
1eb4b7;89;0;122;137;7;45;46.000000;0.000000;0.000000;2225.000000;2225.000000;100.000000;0.000000;0.000000;-nan;        21s 471ms 332μs 852ns;            399ms 476μs 258ns
1eb47c;90;0;118;140;7;45;46.000000;0.000000;0.000000;2221.000000;2221.000000;100.000000;0.000000;0.000000;-nan;        21s 666ms 415μs 188ns;            199ms  35μs 150ns
1e86d1;119;0;140;183;8;45;47.000000;0.000000;0.000000;2223.000000;2223.000000;100.225428;0.000000;0.000000;-nan;        22s 598ms  41μs 227ns;         1s 427ms 359μs 823ns
1e86e7;89;0;120;139;7;45;46.000000;0.000000;0.000000;2208.000000;2208.000000;100.000000;0.000000;0.000000;-nan;        20s 317ms  98μs 232ns;            314ms 587μs 792ns
1e86fd;90;0;123;135;7;45;46.000000;0.000000;0.000000;2219.000000;2219.000000;100.000000;0.000000;0.000000;-nan;        21s 136ms 471μs 576ns;            430ms 869μs 120ns
1e86a9;72;0;107;91;7;45;48.000000;0.000000;0.000000;2221.000000;2221.000000;100.000000;0.000000;0.000000;-nan;        22s 165ms 941μs 443ns;            314ms 248μs 115ns
1e86b9;126;0;141;175;8;45;47.000000;0.000000;0.000000;2218.000000;2218.000000;100.543971;0.000000;0.000000;-nan;        22s 408ms 126μs 757ns;         1s 522ms 345μs 707ns
1e864e;162;0;153;207;9;45;48.000000;0.000000;0.000000;2220.000000;2220.000000;100.452489;0.000000;0.000000;-nan;        23s 637ms 646μs 748ns;         2s 615ms 837μs 907ns
1e8654;91;0;125;132;7;45;46.000000;0.000000;0.000000;2223.000000;2223.000000;100.000000;0.000000;0.000000;-nan;        18s 468ms 382μs 909ns;            205ms 459μs 542ns
1e865c;65;0;97;98;6;46;46.000000;46.000000;100.000000;2225.000000;2225.000000;100.000000;0.000000;0.000000;-nan;        13s 636ms 967μs 959ns;                          0ns
1e866b;83;19;116;130;7;45;46.000000;0.000000;0.000000;2222.000000;2222.000000;100.000000;0.000000;0.000000;-nan;         9s 426ms 399μs 441ns;            224ms 152μs 944ns
1e867c;91;0;120;137;7;45;46.000000;0.000000;0.000000;2220.000000;2220.000000;100.000000;0.000000;0.000000;-nan;        20s 110ms 305μs 492ns;            412ms 796μs 242ns
1e584b;98;0;118;128;7;47;48.000000;0.000000;0.000000;2231.000000;2231.000000;100.000000;0.000000;0.000000;-nan;        22s 131ms  40μs  31ns;            202ms  74μs 147ns
1e5859;94;0;116;138;7;45;46.000000;0.000000;0.000000;2220.000000;2220.000000;100.000000;0.000000;0.000000;-nan;        21s 115ms 811μs 685ns;            223ms 794μs 623ns
1e5862;66;0;96;98;6;46;46.000000;46.000000;100.000000;2222.000000;2222.000000;100.000000;0.000000;0.000000;-nan;        17s 255ms  34μs 772ns;                          0ns
1e586f;100;0;115;129;7;47;48.000000;0.000000;0.000000;2230.000000;2230.000000;100.000000;0.000000;0.000000;-nan;        22s 334ms 825μs 220ns;            255ms 155μs 940ns
1e5804;91;0;120;137;7;45;46.000000;0.000000;0.000000;2223.000000;2223.000000;100.000000;0.000000;0.000000;-nan;        19s 235ms 924μs 334ns;            257ms 658μs 408ns
1e580d;89;0;121;138;7;45;46.000000;0.000000;0.000000;2224.000000;2224.000000;100.000000;0.000000;0.000000;-nan;        19s 491ms 107μs 543ns;            201ms 368μs 597ns
1e581b;92;0;123;133;7;45;46.000000;0.000000;0.000000;2218.000000;2218.000000;100.000000;0.000000;0.000000;-nan;        19s 696ms 465μs 574ns;            238ms 790μs 213ns
1e582b;91;0;117;140;7;45;46.000000;0.000000;0.000000;2221.000000;2221.000000;100.000000;0.000000;0.000000;-nan;        20s  73ms  14μs 202ns;            209ms 595μs 254ns
1e583a;91;0;124;139;7;46;47.000000;0.000000;0.000000;2219.000000;2219.000000;100.000000;0.000000;0.000000;-nan;        19s 894ms 482μs 828ns;         1s  16ms  66μs 249ns
1e57ff;207;0;184;255;10;47;51.000000;0.000000;0.000000;2244.000000;2244.000000;100.312919;0.000000;0.000000;-nan;        24s 418ms 386μs 296ns;         2s 907ms 340μs 443ns
1e2ac1;93;0;116;139;7;45;46.000000;0.000000;0.000000;2225.000000;2225.000000;100.000000;0.000000;0.000000;-nan;        21s 590ms 934μs 353ns;            206ms 564μs 773ns
1e2acf;104;0;127;125;7;49;50.000000;0.000000;0.000000;2227.000000;2227.000000;100.000000;0.000000;0.000000;-nan;        23s  90ms  91μs 898ns;            331ms 284μs 231ns
1e2ae3;94;0;116;138;7;45;46.000000;0.000000;0.000000;2220.000000;2220.000000;100.000000;0.000000;0.000000;-nan;        21s 761ms  73μs 585ns;            406ms 724μs 551ns
1e2a80;93;0;125;136;7;46;47.000000;0.000000;0.000000;2219.000000;2219.000000;100.135379;0.000000;0.000000;-nan;        20s 210ms   3μs 381ns;            721ms 321μs 974ns
1e2a9d;94;0;117;137;7;45;46.000000;0.000000;0.000000;2218.000000;2218.000000;100.000000;0.000000;0.000000;-nan;        21s 241ms 666μs 262ns;            340ms 311μs 660ns
1e2ab2;90;0;124;134;7;45;46.000000;0.000000;0.000000;2223.000000;2223.000000;100.000000;0.000000;0.000000;-nan;        21s 445ms 766μs 322ns;            401ms 555μs 960ns
1e2a4e;128;0;136;178;8;45;47.000000;0.000000;0.000000;2220.000000;2220.000000;100.045065;0.000000;0.000000;-nan;        22s 740ms 904μs   4ns;         1s  27ms 141μs 316ns
1e2a52;134;0;134;166;8;46;48.000000;0.000000;0.000000;2217.000000;2217.000000;100.000000;0.000000;0.000000;-nan;        23s 277ms 629μs 787ns;            740ms 360μs  49ns
1e2a63;97;0;118;133;7;45;46.000000;0.000000;0.000000;2219.000000;2219.000000;100.180587;0.000000;0.000000;-nan;        20s  46ms 782μs 343ns;            398ms 919μs 585ns
1e2a6b;66;7;89;98;6;46;46.000000;46.000000;100.000000;2221.000000;2221.000000;100.000000;0.000000;0.000000;-nan;         9s 580ms 410μs 698ns;                          0ns
4e2790;106;58;126;52;16;28;0.000000;0.000000;-nan;783.000000;783.000000;100.000000;0.000000;0.000000;-nan;     1m 51s 883ms 916μs 117ns;                        -26047840866429709ns
4e2751;275;0;106;197;10;43;114.000000;0.000000;0.000000;1151.000000;1151.000000;139.515152;0.000000;0.000000;-nan;     1m 27s 639ms 612μs 837ns;         2s 637ms 951μs 598ns
4e275d;263;0;116;359;9;100;122.000000;0.000000;0.000000;1148.000000;1148.000000;102.226180;0.000000;0.000000;-nan;     1m 20s 207ms 474μs 947ns;         2s  76ms 711μs 337ns
4e2766;793;0;218;497;14;135;154.000000;0.000000;0.000000;1142.000000;1142.000000;100.439754;0.000000;0.000000;-nan;     2m 42s  11ms 550μs 595ns;        25s 464ms 314μs 273ns
4e2772;424;0;144;310;16;61;111.000000;0.000000;0.000000;1144.000000;1144.000000;99.651568;0.000000;0.000000;-nan;     2m 51s 435ms 525μs 241ns;        12s 264ms 869μs 624ns
4e277d;777;0;549;382;32;54;0.000000;0.000000;-nan;1007.000000;1007.000000;100.000000;0.000000;0.000000;-nan;     3m 33s 810ms 432μs 251ns;                        -233446904733595496ns
4e2783;926;0;415;521;37;45;0.000000;0.000000;-nan;783.000000;783.000000;109.817672;0.000000;0.000000;-nan;     3m 42s 868ms 653μs 659ns;                        -333642981836401033ns
4e2738;80;0;26;64;8;17;22.000000;0.000000;0.000000;656.000000;656.000000;100.000000;0.000000;0.000000;-nan;        48s 653ms 305μs 529ns;            590ms 605μs  54ns
4e273e;181;0;80;163;7;59;60.000000;0.000000;0.000000;793.000000;793.000000;100.000000;0.000000;0.000000;-nan;        47s 458ms  16μs 734ns;            540ms 969μs 320ns
4e2749;35;0;131;98;6;47;47.000000;47.000000;100.000000;1140.000000;1140.000000;100.000000;0.000000;0.000000;-nan;        26s 516ms 533μs 657ns;                          0ns
1dfcc7;97;0;118;133;7;45;46.000000;0.000000;0.000000;2223.000000;2223.000000;100.000000;0.000000;0.000000;-nan;        21s 655ms 805μs  32ns;            205ms 586μs 692ns
1dfc80;125;0;143;174;8;45;47.000000;0.000000;0.000000;2221.000000;2221.000000;100.000000;0.000000;0.000000;-nan;        23s 663ms 356μs 200ns;         1s 825ms 933μs 836ns
1dfc8c;98;0;108;138;7;47;48.000000;0.000000;0.000000;2218.000000;2218.000000;100.000000;0.000000;0.000000;-nan;        23s 544ms 141μs 439ns;            294ms 145μs 503ns
1dfc9b;89;0;124;135;7;45;46.000000;0.000000;0.000000;2219.000000;2219.000000;100.000000;0.000000;0.000000;-nan;        22s 854ms 653μs 137ns;            203ms 239μs 606ns
1dfcb3;94;0;115;139;7;45;46.000000;0.000000;0.000000;2215.000000;2215.000000;100.000000;0.000000;0.000000;-nan;        22s 654ms 986μs 337ns;            309ms 432μs 582ns
1dfc43;96;0;110;138;7;47;48.000000;0.000000;0.000000;2236.000000;2236.000000;100.000000;0.000000;0.000000;-nan;        22s 973ms 983μs 922ns;            277ms 911μs 653ns
1dfc4f;88;0;117;143;7;45;46.000000;0.000000;0.000000;2216.000000;2216.000000;100.000000;0.000000;0.000000;-nan;        21s 200ms 850μs 985ns;            193ms  62μs 261ns
1dfc5b;128;2;145;167;8;45;47.000000;0.000000;0.000000;2225.000000;2225.000000;100.000000;0.000000;0.000000;-nan;        21s 425ms 614μs 766ns;         1s 416ms 910μs 325ns
1dfc6a;102;0;108;134;7;47;48.000000;0.000000;0.000000;2226.000000;2226.000000;100.000000;0.000000;0.000000;-nan;        23s 286ms 777μs 606ns;            235ms 826μs  54ns
1dfc3f;94;0;115;139;7;45;46.000000;0.000000;0.000000;2220.000000;2220.000000;100.000000;0.000000;0.000000;-nan;        19s 657ms 515μs 777ns;            404ms 403μs  36ns
